,rule_based_threshold,poisson_regression,random_forest,xgboost
157,1.0,0.09674549102783203,0.14657935500144958,0.08346964418888092
158,0.0,0.10189539194107056,0.11560127139091492,0.09292030334472656
159,0.0,0.07345741987228394,0.07421091943979263,0.056543003767728806
160,0.0,0.07149165868759155,0.07445064187049866,0.054702721536159515
161,0.0,0.08362114429473877,0.10658439993858337,0.08775993436574936
162,0.0,0.08353418111801147,0.13953359425067902,0.07913122326135635
163,0.0,0.08011037111282349,0.09073108434677124,0.07276616245508194
164,0.0,0.1494675874710083,0.08650508522987366,0.181615948677063
165,0.0,0.17885863780975342,0.16655215620994568,0.19150078296661377
166,1.0,0.10368448495864868,0.14220412075519562,0.09756839275360107
167,0.0,0.20547574758529663,0.21333809196949005,0.22633595764636993
168,1.0,0.24376988410949707,0.2686823010444641,0.2610238790512085
169,0.0,0.2331739068031311,0.22514966130256653,0.2566124498844147
170,0.0,0.10328173637390137,0.12546470761299133,0.1074235737323761
171,0.0,0.20339351892471313,0.22546008229255676,0.24187885224819183
172,1.0,0.12194883823394775,0.15992611646652222,0.12723088264465332
173,0.0,0.1872549057006836,0.21380279958248138,0.20479674637317657
174,0.0,0.19442808628082275,0.21133793890476227,0.2538384795188904
175,1.0,0.13023287057876587,0.1543259620666504,0.1324763298034668
176,0.0,0.10303336381912231,0.11978179961442947,0.10815206170082092
177,0.0,0.13148802518844604,0.12888027727603912,0.1233084425330162
178,0.0,0.1727226972579956,0.20978856086730957,0.18218420445919037
179,1.0,0.1854945421218872,0.19429820775985718,0.14795567095279694
180,0.0,0.10925394296646118,0.1266605705022812,0.10934916138648987
181,0.0,0.13857436180114746,0.1383429765701294,0.13798955082893372
182,0.0,0.1560080647468567,0.19191426038742065,0.12783360481262207
183,1.0,0.17985433340072632,0.19706539809703827,0.17551864683628082
184,0.0,0.17476773262023926,0.20305295288562775,0.17764759063720703
185,0.0,0.09381014108657837,0.09686506539583206,0.10119817405939102
186,0.0,0.18883246183395386,0.198185533285141,0.1903572976589203
187,1.0,0.19535642862319946,0.23632416129112244,0.17616112530231476
188,1.0,0.1575472354888916,0.2354116588830948,0.13721778988838196
189,0.0,0.12400698661804199,0.1501796394586563,0.12068440765142441
190,0.0,0.09663647413253784,0.13352824747562408,0.08262027055025101
191,0.0,0.09874862432479858,0.13359160721302032,0.09156723320484161
192,0.0,0.05064672231674194,0.06679197400808334,0.034551795572042465
193,0.0,0.04497712850570679,0.06456554681062698,0.02966884709894657
194,0.0,0.08076685667037964,0.1453208476305008,0.06916335225105286
195,0.0,0.10956978797912598,0.17120929062366486,0.08013175427913666
196,0.0,0.0659821629524231,0.05645275115966797,0.04161747545003891
197,0.0,0.06139051914215088,0.06368612498044968,0.04148215800523758
198,0.0,0.055275142192840576,0.06864017248153687,0.04588058218359947
199,0.0,0.048958420753479004,0.07233286648988724,0.043181076645851135
200,0.0,0.05352550745010376,0.07981997728347778,0.06546328216791153
201,0.0,0.055400311946868896,0.10860790312290192,0.07121658325195312
202,0.0,0.09794020652770996,0.06802693754434586,0.11103954911231995
203,0.0,0.1385820508003235,0.23293034732341766,0.1456453800201416
204,1.0,0.10076546669006348,0.1438489854335785,0.08573536574840546
205,0.0,0.17982882261276245,0.24166499078273773,0.1952228844165802
206,1.0,0.20089095830917358,0.22641879320144653,0.18954411149024963
207,0.0,0.15936940908432007,0.13975168764591217,0.14227859675884247
208,0.0,0.21678006649017334,0.28551578521728516,0.28339752554893494
731,1.0,0.07436621189117432,0.08851329237222672,0.08614043891429901
732,1.0,0.12848377227783203,0.11330829560756683,0.1576472967863083
733,1.0,0.14735901355743408,0.15377146005630493,0.13138705492019653
734,1.0,0.08121848106384277,0.12176495790481567,0.07420214265584946
735,1.0,0.06751346588134766,0.08962161093950272,0.06586001813411713
736,1.0,0.06503534317016602,0.09412665665149689,0.06289524585008621
737,1.0,0.07183390855789185,0.09121949225664139,0.07676754146814346
738,1.0,0.07515734434127808,0.10895349085330963,0.08969215303659439
739,1.0,0.07141232490539551,0.09382696449756622,0.08826763927936554
740,1.0,0.06654977798461914,0.07674607634544373,0.07594466954469681
741,1.0,0.07294702529907227,0.07570955902338028,0.10782419890165329
742,1.0,0.07294702529907227,0.06796228885650635,0.10513132065534592
743,1.0,0.06725609302520752,0.10713674128055573,0.06601674109697342
744,1.0,0.0699770450592041,0.08660180866718292,0.07540860027074814
745,1.0,0.07305604219436646,0.11712722480297089,0.07473470270633698
746,1.0,0.057433903217315674,0.09008262306451797,0.07111606001853943
747,1.0,0.06069004535675049,0.1054677665233612,0.07159455865621567
748,1.0,0.04564589262008667,0.1095847561955452,0.06303003430366516
749,1.0,0.04336237907409668,0.11150658875703812,0.05837366729974747
750,1.0,0.04226404428482056,0.07617257535457611,0.05622364208102226
751,1.0,0.04761028289794922,0.09002592414617538,0.06234920769929886
752,1.0,0.04301255941390991,0.0527963861823082,0.05159913748502731
753,1.0,0.04259943962097168,0.0905533954501152,0.05088510364294052
754,1.0,0.0434306263923645,0.05150270834565163,0.059349700808525085
755,1.0,0.0416865348815918,0.05075617507100105,0.06551577150821686
756,1.0,0.03768360614776611,0.04673963412642479,0.06869492679834366
757,1.0,0.037395596504211426,0.06290658563375473,0.05946194753050804
758,1.0,0.0370139479637146,0.05181862786412239,0.06869492679834366
759,1.0,0.036590576171875,0.04729330167174339,0.06425706297159195
760,1.0,0.03740805387496948,0.04661396145820618,0.06360684335231781
761,1.0,0.03470951318740845,0.049004167318344116,0.06108896806836128
762,1.0,0.035755157470703125,0.06126280501484871,0.04907512664794922
763,1.0,0.03658413887023926,0.06287527829408646,0.04614713415503502
764,1.0,0.03583979606628418,0.042862676084041595,0.04806090146303177
765,1.0,0.03247255086898804,0.04405792057514191,0.03966078534722328
766,1.0,0.03351932764053345,0.05004468560218811,0.04839390143752098
767,1.0,0.03150540590286255,0.0453418493270874,0.040259070694446564
768,1.0,0.03229111433029175,0.058016903698444366,0.034343868494033813
769,1.0,0.03217315673828125,0.053119461983442307,0.04219783842563629
770,1.0,0.03357076644897461,0.047804445028305054,0.046613872051239014
771,1.0,0.033101797103881836,0.03977936506271362,0.03635082393884659
772,1.0,0.033501505851745605,0.04102927818894386,0.04534219577908516
773,1.0,0.0377199649810791,0.03584238514304161,0.052296243607997894
774,1.0,0.03986746072769165,0.04735882207751274,0.0614907406270504
775,1.0,0.03882932662963867,0.053934644907712936,0.05296304449439049
776,1.0,0.03956639766693115,0.05912842974066734,0.054773569107055664
777,1.0,0.03463733196258545,0.054662495851516724,0.035858154296875
778,1.0,0.04131662845611572,0.07111687958240509,0.04227545112371445
779,1.0,0.049967050552368164,0.10305017977952957,0.0596359483897686
780,1.0,0.04785698652267456,0.07395616918802261,0.0631754919886589
781,1.0,0.06255757808685303,0.07414764165878296,0.0652732327580452
782,1.0,0.0837826132774353,0.09135271608829498,0.09989721328020096
1305,1.0,0.05400431156158447,0.0550539456307888,0.04376655071973801
1306,1.0,0.059334397315979004,0.04644356295466423,0.06240610033273697
1307,1.0,0.0604744553565979,0.06767597794532776,0.06607016175985336
1308,1.0,0.06181454658508301,0.060510311275720596,0.06154283881187439
1309,1.0,0.05552750825881958,0.04771925508975983,0.03939029946923256
1310,1.0,0.04759526252746582,0.07085444778203964,0.06796342879533768
1311,1.0,0.060187578201293945,0.05164824053645134,0.0852043554186821
1312,1.0,0.05391925573348999,0.05322634056210518,0.05290273576974869
1313,1.0,0.05704522132873535,0.058006610721349716,0.06795787066221237
1314,1.0,0.05156654119491577,0.05835164338350296,0.04887525737285614
1315,1.0,0.050967633724212646,0.09160350263118744,0.07746393233537674
1316,1.0,0.055446088314056396,0.05496152117848396,0.07459034025669098
1317,1.0,0.058178842067718506,0.047487787902355194,0.0609440915286541
1318,1.0,0.06330335140228271,0.07482732832431793,0.08627282828092575
1319,1.0,0.054117798805236816,0.06542368233203888,0.06821414083242416
1320,1.0,0.05753469467163086,0.07985658198595047,0.07093295454978943
1321,1.0,0.05431234836578369,0.08646690845489502,0.07696852833032608
1322,1.0,0.048295795917510986,0.0817975401878357,0.0623643659055233
1323,1.0,0.04126244783401489,0.0687810629606247,0.057638019323349
1324,1.0,0.04651409387588501,0.0682687908411026,0.053182899951934814
1325,1.0,0.05080515146255493,0.0522259958088398,0.0640239268541336
1326,1.0,0.043036699295043945,0.06644711643457413,0.05025843158364296
1327,1.0,0.04072779417037964,0.06890187412500381,0.04379567876458168
1328,1.0,0.03833961486816406,0.07779715955257416,0.045440007001161575
1329,1.0,0.04332822561264038,0.1007872074842453,0.061960794031620026
1330,1.0,0.07967203855514526,0.10776615142822266,0.11142541468143463
1331,1.0,0.06509584188461304,0.07846702635288239,0.0720299631357193
1332,1.0,0.06266683340072632,0.07066099345684052,0.0722840428352356
1333,1.0,0.058282673358917236,0.05656587705016136,0.06157497316598892
1334,1.0,0.05729353427886963,0.050600070506334305,0.06014108285307884
1335,1.0,0.04641866683959961,0.05828512832522392,0.06325234472751617
1336,1.0,0.04728078842163086,0.04568646848201752,0.05364365875720978
1337,1.0,0.045969486236572266,0.046970024704933167,0.05030679330229759
1338,1.0,0.04581350088119507,0.05262722820043564,0.054980359971523285
1339,1.0,0.04127532243728638,0.040580615401268005,0.05164186656475067
1340,1.0,0.041052818298339844,0.0561874695122242,0.04907745122909546
1341,1.0,0.04096245765686035,0.03644395247101784,0.04623151570558548
1342,1.0,0.03964042663574219,0.0363132506608963,0.04221317544579506
1343,1.0,0.031549692153930664,0.03423965349793434,0.031375009566545486
1344,1.0,0.03384667634963989,0.028109069913625717,0.029642200097441673
1345,1.0,0.03319782018661499,0.02641618810594082,0.02940816804766655
1346,1.0,0.0373307466506958,0.052495524287223816,0.04626253992319107
1347,1.0,0.0316508412361145,0.06511708348989487,0.036747194826602936
1348,1.0,0.03995561599731445,0.04971839860081673,0.045445945113897324
1349,1.0,0.03977501392364502,0.04853994771838188,0.046740274876356125
1350,1.0,0.037711143493652344,0.050229623913764954,0.04776406288146973
1351,1.0,0.03977501392364502,0.042756762355566025,0.048172056674957275
1352,1.0,0.042729198932647705,0.1002456396818161,0.04461731016635895
1353,1.0,0.045592308044433594,0.1275538206100464,0.0549752302467823
1354,1.0,0.04890638589859009,0.0970785915851593,0.06498207151889801
1355,1.0,0.07593095302581787,0.04006718844175339,0.07808765769004822
1356,1.0,0.10916614532470703,0.100356824696064,0.13327556848526
1879,1.0,0.19302332401275635,0.2171507477760315,0.26587408781051636
1880,1.0,0.27878791093826294,0.3107319176197052,0.36233797669410706
1881,1.0,0.26285475492477417,0.30769166350364685,0.2877499759197235
1882,1.0,0.1879277229309082,0.19885651767253876,0.2023043930530548
1883,1.0,0.19203466176986694,0.18105798959732056,0.2257184535264969
1884,1.0,0.1764763593673706,0.23715725541114807,0.2479868084192276
1885,1.0,0.22198975086212158,0.19394326210021973,0.24201790988445282
1886,1.0,0.27913230657577515,0.1678730547428131,0.3387793004512787
1887,1.0,0.20481997728347778,0.21819697320461273,0.2321518212556839
1888,1.0,0.2554638981819153,0.20728956162929535,0.3208799958229065
1889,1.0,0.16233468055725098,0.1480313390493393,0.19564250111579895
1890,1.0,0.16516566276550293,0.1636553704738617,0.21552054584026337
1891,1.0,0.24743294715881348,0.21358540654182434,0.3202444911003113
1892,1.0,0.18482327461242676,0.19682416319847107,0.21010304987430573
1893,1.0,0.23102205991744995,0.27925169467926025,0.26318201422691345
1894,1.0,0.18683671951293945,0.19714513421058655,0.1970127820968628
1895,1.0,0.17745554447174072,0.2666635513305664,0.18894276022911072
1896,1.0,0.15068399906158447,0.18483200669288635,0.146407812833786
1897,1.0,0.18886709213256836,0.15207268297672272,0.22434882819652557
1898,1.0,0.17767757177352905,0.23878265917301178,0.21956294775009155
1899,1.0,0.17429471015930176,0.20128636062145233,0.17809715867042542
1900,1.0,0.14717036485671997,0.1916792243719101,0.16234993934631348
1901,1.0,0.15757304430007935,0.23288871347904205,0.1359114795923233
1902,1.0,0.18484246730804443,0.22581633925437927,0.16487716138362885
1903,1.0,0.183538019657135,0.16352340579032898,0.17749053239822388
1904,1.0,0.1627606749534607,0.18216992914676666,0.19653920829296112
1905,1.0,0.13953369855880737,0.15452466905117035,0.11187643557786942
1906,1.0,0.19816744327545166,0.17160603404045105,0.21215230226516724
1907,1.0,0.1534859538078308,0.19486944377422333,0.16666899621486664
1908,1.0,0.16135567426681519,0.18075722455978394,0.154593363404274
1909,1.0,0.21919876337051392,0.20297569036483765,0.22202910482883453
1910,1.0,0.15266799926757812,0.18544696271419525,0.1833169162273407
1911,1.0,0.12869799137115479,0.17391490936279297,0.1199679747223854
1912,1.0,0.1295284628868103,0.1330278515815735,0.18286380171775818
1913,1.0,0.16656309366226196,0.24303187429904938,0.18490545451641083
1914,1.0,0.16877037286758423,0.2264811247587204,0.20183861255645752
1915,1.0,0.1359052062034607,0.21503297984600067,0.1630547046661377
1916,1.0,0.1551380157470703,0.16763553023338318,0.17665329575538635
1917,1.0,0.1648627519607544,0.14010515809059143,0.20172397792339325
1918,1.0,0.19793188571929932,0.1989467293024063,0.2352684587240219
1919,1.0,0.18823182582855225,0.15752041339874268,0.20673197507858276
1920,1.0,0.1676269769668579,0.12980595231056213,0.21637210249900818
1921,1.0,0.18440330028533936,0.1669754832983017,0.28077876567840576
1922,1.0,0.15236318111419678,0.14855961501598358,0.23116210103034973
1923,1.0,0.1449846625328064,0.17157988250255585,0.17516158521175385
1924,1.0,0.23201102018356323,0.14252379536628723,0.37408360838890076
1925,1.0,0.2608506679534912,0.2503061890602112,0.3404691815376282
1926,1.0,0.3093317151069641,0.26051369309425354,0.40398624539375305
1927,1.0,0.2946646809577942,0.19552172720432281,0.3426152169704437
1928,1.0,0.31209951639175415,0.20504233241081238,0.3479417860507965
1929,1.0,0.1705455780029297,0.24038022756576538,0.2174496203660965
1930,1.0,0.26229506731033325,0.2355559766292572,0.3825851082801819
2453,1.0,0.24528974294662476,0.2917557656764984,0.3117067217826843
2454,1.0,0.4350510239601135,0.593063235282898,0.7536299228668213
2455,1.0,0.47159504890441895,0.6597917675971985,0.704471230506897
2456,1.0,0.4357026219367981,0.6344079375267029,0.7784618735313416
2457,1.0,0.3938560485839844,0.5036488175392151,0.6937201023101807
2458,1.0,0.29747456312179565,0.46627816557884216,0.4899439215660095
2459,1.0,0.4171740412712097,0.4943093955516815,0.6962676644325256
2460,1.0,0.3776254653930664,0.5914964079856873,0.6542909741401672
2461,1.0,0.38265061378479004,0.5387832522392273,0.7491119503974915
2462,1.0,0.3219614624977112,0.34237080812454224,0.5361043214797974
2463,1.0,0.40150368213653564,0.492039293050766,0.7420528531074524
2464,1.0,0.432590126991272,0.6222385764122009,0.8469232320785522
2465,1.0,0.4832506775856018,0.6660568118095398,0.8298347592353821
2466,1.0,0.46250391006469727,0.5844206809997559,0.8422507643699646
2467,0.0,0.3945247530937195,0.5908493995666504,0.6359441876411438
2468,1.0,0.3556986451148987,0.6300685405731201,0.6627873778343201
2469,1.0,0.47797632217407227,0.6523699164390564,0.7928849458694458
2470,1.0,0.4952298402786255,0.7647801637649536,0.8607823252677917
2471,1.0,0.5339105129241943,0.7842394113540649,0.9159529805183411
2472,1.0,0.47957587242126465,0.7963401079177856,0.870947539806366
2473,1.0,0.5110664367675781,0.6572371125221252,0.8862767815589905
2474,1.0,0.4837888479232788,0.6715366840362549,0.8376405835151672
2475,1.0,0.5209305286407471,0.7120187878608704,0.8623998165130615
2476,1.0,0.4960346817970276,0.6201534271240234,0.8141512274742126
2477,1.0,0.5494627356529236,0.6183056831359863,0.8809681534767151
2478,1.0,0.4576966166496277,0.5899983644485474,0.7363799810409546
2479,1.0,0.32747501134872437,0.39692407846450806,0.44844353199005127
2480,1.0,0.3234635591506958,0.323462575674057,0.41622817516326904
2481,1.0,0.4804743528366089,0.5707908272743225,0.7532142400741577
2482,1.0,0.4830963611602783,0.5785205960273743,0.7698335647583008
2483,1.0,0.3450179696083069,0.49833378195762634,0.6460986137390137
2484,1.0,0.3045356869697571,0.5201076865196228,0.6259484887123108
2485,1.0,0.2789268493652344,0.3942093551158905,0.728859543800354
2486,1.0,0.3317719101905823,0.5800601243972778,0.772710382938385
2487,1.0,0.2921411991119385,0.6442121267318726,0.6636062264442444
2488,1.0,0.2757056951522827,0.6537478566169739,0.6453448534011841
2489,1.0,0.21448451280593872,0.5063977241516113,0.4380197525024414
2490,1.0,0.26965630054473877,0.6058765649795532,0.44265061616897583
2491,1.0,0.24686956405639648,0.4633036255836487,0.3844166696071625
2492,1.0,0.2905910015106201,0.38153141736984253,0.5390056371688843
2493,1.0,0.2460695505142212,0.3659352660179138,0.5815805792808533
2494,1.0,0.21437454223632812,0.30660194158554077,0.3732786774635315
2495,1.0,0.23556619882583618,0.27226465940475464,0.4212181270122528
2496,1.0,0.2077130675315857,0.3045596182346344,0.3671603202819824
2497,1.0,0.21783322095870972,0.2333327978849411,0.3537670075893402
2498,1.0,0.19022607803344727,0.19524060189723969,0.2408035695552826
2499,0.0,0.20635956525802612,0.23481722176074982,0.26674091815948486
2500,1.0,0.2397996187210083,0.3853432238101959,0.2806943655014038
2501,1.0,0.2036469578742981,0.46139657497406006,0.2631485164165497
2502,1.0,0.2514576315879822,0.4115830063819885,0.2694801688194275
2503,0.0,0.2588996887207031,0.40237003564834595,0.21258467435836792
2504,0.0,0.27781474590301514,0.5379189848899841,0.5038220286369324
3027,0.0,0.05815213918685913,0.09701517224311829,0.027302954345941544
3028,0.0,0.0674135684967041,0.0996825248003006,0.030513742938637733
3029,0.0,0.029823243618011475,0.0622442364692688,0.011426523327827454
3030,0.0,0.0626189112663269,0.1577281504869461,0.03166528791189194
3031,0.0,0.07529842853546143,0.0993865579366684,0.05144063010811806
3032,0.0,0.03715980052947998,0.04796852171421051,0.018739046528935432
3033,0.0,0.07759839296340942,0.18849700689315796,0.05509217455983162
3034,0.0,0.05111187696456909,0.09576630592346191,0.03198744356632233
3035,0.0,0.05686819553375244,0.0924302488565445,0.034286387264728546
3036,0.0,0.08330386877059937,0.12668973207473755,0.0578824058175087
3037,0.0,0.09600311517715454,0.12457084655761719,0.058684058487415314
3038,0.0,0.10517072677612305,0.11601120233535767,0.06325092911720276
3039,0.0,0.07025188207626343,0.15496984124183655,0.04570121318101883
3040,0.0,0.0382499098777771,0.08562296628952026,0.017469309270381927
3041,0.0,0.04403865337371826,0.10107969492673874,0.022902876138687134
3042,0.0,0.04985642433166504,0.12778069078922272,0.025550715625286102
3043,0.0,0.0551074743270874,0.1280801147222519,0.025466153398156166
3044,0.0,0.07226800918579102,0.14663800597190857,0.04676096886396408
3045,0.0,0.09129691123962402,0.14697466790676117,0.0424184575676918
3046,0.0,0.14717936515808105,0.25500917434692383,0.14038974046707153
3047,0.0,0.10957783460617065,0.21807454526424408,0.05980224162340164
3048,0.0,0.15133053064346313,0.19268956780433655,0.12592417001724243
3049,0.0,0.10181963443756104,0.10249382257461548,0.06139242649078369
3050,0.0,0.05576294660568237,0.10746320337057114,0.02916046790778637
3051,0.0,0.06741869449615479,0.10025069117546082,0.03833123669028282
3052,0.0,0.02865445613861084,0.047235969454050064,0.015765171498060226
3053,0.0,0.03423804044723511,0.06176610291004181,0.025348978117108345
3054,0.0,0.04981786012649536,0.08593811094760895,0.027074625715613365
3055,0.0,0.07589060068130493,0.09754621237516403,0.05783450976014137
3056,0.0,0.04026609659194946,0.07236608117818832,0.02571486122906208
3057,0.0,0.06445819139480591,0.09839019924402237,0.03560939058661461
3058,0.0,0.036834776401519775,0.06633839756250381,0.01520769763737917
3059,0.0,0.04714071750640869,0.09404221177101135,0.023318788036704063
3060,0.0,0.032495737075805664,0.05236677825450897,0.016883637756109238
3061,0.0,0.02942979335784912,0.05796324461698532,0.020679296925663948
3062,0.0,0.04379594326019287,0.08307640999555588,0.030094033107161522
3063,0.0,0.05910909175872803,0.09865975379943848,0.025861620903015137
3064,0.0,0.03481888771057129,0.06114229932427406,0.014448137022554874
3065,0.0,0.03309810161590576,0.05202716961503029,0.014500417746603489
3066,0.0,0.06397628784179688,0.10420013964176178,0.033186592161655426
3067,0.0,0.04342150688171387,0.1124010980129242,0.015101778320968151
3068,0.0,0.08185523748397827,0.14937551319599152,0.05233479663729668
3069,0.0,0.05173081159591675,0.13431838154792786,0.021565191447734833
3070,0.0,0.08584767580032349,0.11763669550418854,0.0381915308535099
3071,0.0,0.043850839138031006,0.07881695032119751,0.020121971145272255
3072,0.0,0.057736337184906006,0.08923834562301636,0.021926941350102425
3073,0.0,0.05146002769470215,0.0799676850438118,0.021634360775351524
3074,0.0,0.09292149543762207,0.08754882961511612,0.04449881240725517
3075,0.0,0.0706627368927002,0.10215745121240616,0.04195167496800423
3076,0.0,0.06450468301773071,0.12603850662708282,0.021895408630371094
3077,0.0,0.035104215145111084,0.07881564646959305,0.014818709343671799
3078,0.0,0.08500587940216064,0.13536220788955688,0.04563625901937485
3601,0.0,0.09618526697158813,0.10381012409925461,0.047761671245098114
3602,0.0,0.12868726253509521,0.11397529393434525,0.06879489868879318
3603,0.0,0.12142390012741089,0.16719922423362732,0.0757310539484024
3604,0.0,0.13847732543945312,0.12090970575809479,0.08468861132860184
3605,0.0,0.11449962854385376,0.12772703170776367,0.06355205178260803
3606,0.0,0.15427500009536743,0.1318928599357605,0.08516429364681244
3607,0.0,0.22750133275985718,0.3734007775783539,0.15839506685733795
3608,0.0,0.25842148065567017,0.44939255714416504,0.18997685611248016
3609,0.0,0.1413257122039795,0.19890697300434113,0.0839998796582222
3610,0.0,0.167424738407135,0.25342100858688354,0.10081889480352402
3611,0.0,0.16237318515777588,0.1938859224319458,0.10488178580999374
3612,0.0,0.08771121501922607,0.13224086165428162,0.05157259851694107
3613,0.0,0.12274974584579468,0.19389531016349792,0.08169446885585785
3614,0.0,0.06799399852752686,0.10777387022972107,0.04311028867959976
3615,0.0,0.14088493585586548,0.18926867842674255,0.10699137300252914
3616,0.0,0.12323451042175293,0.19831687211990356,0.08078858256340027
3617,0.0,0.14135509729385376,0.1426994800567627,0.08479144424200058
3618,0.0,0.12443739175796509,0.16343823075294495,0.07429639250040054
3619,0.0,0.13826245069503784,0.16183067858219147,0.0851375162601471
3620,0.0,0.17731767892837524,0.20396476984024048,0.10786136984825134
3621,0.0,0.1584007740020752,0.21414466202259064,0.10307861864566803
3622,0.0,0.09672236442565918,0.1545110046863556,0.05120064318180084
3623,0.0,0.11822271347045898,0.16695275902748108,0.07493342459201813
3624,0.0,0.14313191175460815,0.22418442368507385,0.08087494224309921
3625,0.0,0.10259592533111572,0.10755269229412079,0.056362949311733246
3626,0.0,0.11723393201828003,0.1629268378019333,0.07522167265415192
3627,0.0,0.11464285850524902,0.2013213187456131,0.05601627379655838
3628,0.0,0.1559240221977234,0.1346447765827179,0.11500313133001328
3629,0.0,0.21338003873825073,0.14730770885944366,0.17353999614715576
3630,0.0,0.15316522121429443,0.19031751155853271,0.09962008148431778
3631,0.0,0.12226790189743042,0.22844594717025757,0.08248916268348694
3632,0.0,0.0994381308555603,0.1979820728302002,0.0596998892724514
3633,0.0,0.11286121606826782,0.15707692503929138,0.08020572364330292
3634,0.0,0.09796386957168579,0.10833855718374252,0.06199805065989494
3635,0.0,0.0963171124458313,0.11472615599632263,0.06376168876886368
3636,0.0,0.07944047451019287,0.11941643804311752,0.04789280891418457
3637,0.0,0.07146614789962769,0.10796764492988586,0.03795396909117699
3638,0.0,0.0779958963394165,0.10198420286178589,0.04716770350933075
3639,0.0,0.043688058853149414,0.08798719942569733,0.031742341816425323
3640,0.0,0.0495220422744751,0.07537956535816193,0.024847770109772682
3641,0.0,0.040270090103149414,0.05058373883366585,0.023883583024144173
3642,0.0,0.031448304653167725,0.03936614468693733,0.017953939735889435
3643,0.0,0.05754965543746948,0.090766042470932,0.0607779324054718
3644,0.0,0.06429475545883179,0.07525902986526489,0.041006091982126236
3645,0.0,0.03672754764556885,0.0393623486161232,0.023590153083205223
3646,0.0,0.0691988468170166,0.08309049904346466,0.04475998878479004
3647,0.0,0.07365834712982178,0.07883063703775406,0.04248688742518425
3648,0.0,0.038924336433410645,0.04766818508505821,0.02689039707183838
3649,0.0,0.04481637477874756,0.055276259779930115,0.029957188293337822
3650,0.0,0.03575432300567627,0.04334487393498421,0.02235693670809269
3651,0.0,0.03370070457458496,0.04794836789369583,0.017103256657719612
3652,0.0,0.08555448055267334,0.17619936168193817,0.07556450366973877
4175,0.0,0.2863033413887024,0.36196401715278625,0.19057916104793549
4176,0.0,0.33389735221862793,0.5062147378921509,0.2829982042312622
4177,0.0,0.46623045206069946,0.614931046962738,0.5954486727714539
4178,0.0,0.38319188356399536,0.5529006123542786,0.4520733654499054
4179,0.0,0.3166959285736084,0.3892872631549835,0.37635648250579834
4180,0.0,0.320631742477417,0.5400400161743164,0.40475791692733765
4181,0.0,0.3863023519515991,0.4026278555393219,0.46608948707580566
4182,0.0,0.36436545848846436,0.4304340183734894,0.49263444542884827
4183,0.0,0.34880977869033813,0.40432319045066833,0.4824647009372711
4184,0.0,0.3157176375389099,0.357258677482605,0.4130403399467468
4185,0.0,0.287833571434021,0.41852036118507385,0.32966184616088867
4186,0.0,0.25890547037124634,0.29341867566108704,0.28318682312965393
4187,0.0,0.28031355142593384,0.3818603456020355,0.28159764409065247
4188,0.0,0.24798113107681274,0.32362791895866394,0.36417171359062195
4189,0.0,0.2585504651069641,0.4158315658569336,0.31268519163131714
4190,0.0,0.23125481605529785,0.3606749475002289,0.2921443283557892
4191,0.0,0.30823808908462524,0.3432667553424835,0.3293035924434662
4192,0.0,0.3274116516113281,0.36822453141212463,0.47604900598526
4193,0.0,0.2017604112625122,0.2748548090457916,0.27515846490859985
4194,0.0,0.22005832195281982,0.2690533399581909,0.2670598328113556
4195,0.0,0.24051374197006226,0.29419249296188354,0.32469692826271057
4196,0.0,0.1908237338066101,0.21368247270584106,0.12837806344032288
4197,0.0,0.13298970460891724,0.22011631727218628,0.08612161874771118
4198,0.0,0.15495705604553223,0.18358658254146576,0.11295244842767715
4199,0.0,0.2729312777519226,0.2872493863105774,0.2677207887172699
4200,0.0,0.2584550380706787,0.2693236172199249,0.20874790847301483
4201,0.0,0.18977558612823486,0.21226190030574799,0.15544724464416504
4202,0.0,0.1572028398513794,0.17677058279514313,0.12554064393043518
4203,0.0,0.2568396329879761,0.21712371706962585,0.15350744128227234
4204,0.0,0.12117618322372437,0.16872774064540863,0.10133179277181625
4205,0.0,0.10759079456329346,0.11514024436473846,0.07213380932807922
4206,0.0,0.1786106824874878,0.2074432671070099,0.17006410658359528
4207,0.0,0.14761751890182495,0.2198435515165329,0.14269320666790009
4208,0.0,0.15288686752319336,0.1834593117237091,0.1183575838804245
4209,0.0,0.09322118759155273,0.13831080496311188,0.08993511646986008
4210,0.0,0.09290897846221924,0.09624643623828888,0.053166188299655914
4211,0.0,0.08062237501144409,0.1303424835205078,0.06418701261281967
4212,0.0,0.06693387031555176,0.10509755462408066,0.038356080651283264
4213,0.0,0.08017134666442871,0.1594758927822113,0.060967180877923965
4214,0.0,0.0900658369064331,0.10100310295820236,0.06924708187580109
4215,0.0,0.08952420949935913,0.12965027987957,0.08983547240495682
4216,0.0,0.0862494707107544,0.13196635246276855,0.10553886741399765
4217,0.0,0.06274598836898804,0.1091131865978241,0.052668679505586624
4218,0.0,0.06130439043045044,0.10833752900362015,0.05489105358719826
4219,0.0,0.09840738773345947,0.13925573229789734,0.09151025861501694
4220,0.0,0.11833178997039795,0.16749240458011627,0.08526037633419037
4221,0.0,0.06758666038513184,0.09883200377225876,0.05949101969599724
4222,0.0,0.11945831775665283,0.12828989326953888,0.09037730097770691
4223,0.0,0.15053939819335938,0.2439790666103363,0.11812135577201843
4224,0.0,0.12032240629196167,0.1595030277967453,0.09466887265443802
4225,0.0,0.1393890380859375,0.18444785475730896,0.11953918635845184
4226,0.0,0.20821422338485718,0.3041769862174988,0.2529198229312897
4749,1.0,0.06864887475967407,0.08316061645746231,0.09028342366218567
4750,1.0,0.13823789358139038,0.1486191302537918,0.13021452724933624
4751,1.0,0.07628095149993896,0.08224751800298691,0.06178777664899826
4752,1.0,0.06985592842102051,0.10744575411081314,0.07124309986829758
4753,1.0,0.08162307739257812,0.1255476176738739,0.09035500138998032
4754,1.0,0.0897936224937439,0.11160796135663986,0.09219905734062195
4755,1.0,0.15233224630355835,0.162856787443161,0.23473751544952393
4756,1.0,0.10849213600158691,0.14130711555480957,0.13396021723747253
4757,1.0,0.08611869812011719,0.09911341220140457,0.11255484074354172
4758,1.0,0.0856926441192627,0.11031697690486908,0.0842934176325798
4759,1.0,0.0815473198890686,0.10653913021087646,0.08338119089603424
4760,1.0,0.08704715967178345,0.15512877702713013,0.1456775963306427
4761,1.0,0.07980084419250488,0.14124061167240143,0.1276930570602417
4762,1.0,0.07892721891403198,0.15722279250621796,0.1122918576002121
4763,1.0,0.09165054559707642,0.1377670019865036,0.17197148501873016
4764,1.0,0.08972984552383423,0.12089628726243973,0.11616094410419464
4765,1.0,0.09026503562927246,0.11635691672563553,0.132676899433136
4766,1.0,0.08243680000305176,0.10646860301494598,0.1345708668231964
4767,1.0,0.13207077980041504,0.11745244264602661,0.19391673803329468
4768,1.0,0.08212125301361084,0.07670387625694275,0.09352622926235199
4769,1.0,0.13864004611968994,0.16347618401050568,0.16100898385047913
4770,1.0,0.08494585752487183,0.07054585963487625,0.11175894737243652
4771,1.0,0.0776638388633728,0.08715514093637466,0.11507964134216309
4772,1.0,0.07021194696426392,0.06707371026277542,0.08742251247167587
4773,1.0,0.07052654027938843,0.0740947350859642,0.10912083089351654
4774,1.0,0.059475839138031006,0.07062588632106781,0.07818274199962616
4775,1.0,0.059475839138031006,0.059712931513786316,0.08415676653385162
4776,1.0,0.05741417407989502,0.06052180007100105,0.0674344152212143
4777,1.0,0.05741417407989502,0.08234857022762299,0.07062992453575134
4778,1.0,0.0567815899848938,0.0646178275346756,0.0647493228316307
4779,1.0,0.051335275173187256,0.060698624700307846,0.07681486755609512
4780,1.0,0.055677592754364014,0.0651981383562088,0.05236174166202545
4781,1.0,0.052665889263153076,0.05564814805984497,0.06437428295612335
4782,1.0,0.04090440273284912,0.05304547771811485,0.05384087935090065
4783,1.0,0.041120171546936035,0.0592147558927536,0.04715290665626526
4784,1.0,0.044052302837371826,0.04977177456021309,0.03816325217485428
4785,1.0,0.04430598020553589,0.05873088911175728,0.03519521653652191
4786,1.0,0.049951374530792236,0.04174855351448059,0.046358607709407806
4787,1.0,0.048966288566589355,0.042868196964263916,0.038719382137060165
4788,1.0,0.04824095964431763,0.046314358711242676,0.06231929734349251
4789,1.0,0.08812683820724487,0.07372541725635529,0.142785906791687
4790,1.0,0.05615776777267456,0.04508963227272034,0.04061074182391167
4791,1.0,0.054967403411865234,0.05606226623058319,0.04772912338376045
4792,1.0,0.05178475379943848,0.055060844868421555,0.04352336749434471
4793,1.0,0.046568989753723145,0.04916975274682045,0.03857400640845299
4794,1.0,0.05892437696456909,0.04662369564175606,0.06915514916181564
4795,1.0,0.10460251569747925,0.0883103460073471,0.16606396436691284
4796,1.0,0.06548446416854858,0.05921424925327301,0.04806686192750931
4797,1.0,0.07134497165679932,0.10485708713531494,0.09997798502445221
4798,1.0,0.0746501088142395,0.09371716529130936,0.12137956917285919
4799,1.0,0.08070522546768188,0.07765688002109528,0.09500518441200256
4800,1.0,0.08645540475845337,0.15924561023712158,0.11908626556396484
5323,0.0,0.04431253671646118,0.0537438839673996,0.016965774819254875
5324,0.0,0.04360872507095337,0.044886812567710876,0.01765632815659046
5325,0.0,0.05362510681152344,0.07031386345624924,0.038774412125349045
5326,0.0,0.058740079402923584,0.05630050599575043,0.06161542609333992
5327,0.0,0.05161786079406738,0.06782590597867966,0.04405687004327774
5328,0.0,0.05411416292190552,0.05550523102283478,0.04439738765358925
5329,0.0,0.06422877311706543,0.1175333634018898,0.055357810109853745
5330,0.0,0.13689452409744263,0.12309439480304718,0.19355517625808716
5331,1.0,0.1273479461669922,0.15070338547229767,0.10565640777349472
5332,1.0,0.06177222728729248,0.07993698120117188,0.05403190478682518
5333,0.0,0.05618089437484741,0.09241537749767303,0.05005887895822525
5334,0.0,0.09961915016174316,0.15002673864364624,0.07482993602752686
5335,1.0,0.05759400129318237,0.07752445340156555,0.059832796454429626
5336,0.0,0.05361849069595337,0.06284396350383759,0.04255645349621773
5337,0.0,0.07734829187393188,0.0951111912727356,0.0768887847661972
5338,0.0,0.05095088481903076,0.06742727756500244,0.047686345875263214
5339,0.0,0.07287448644638062,0.07730143517255783,0.10764621943235397
5340,0.0,0.0684162974357605,0.07433668524026871,0.0928950235247612
5341,0.0,0.05867469310760498,0.05303332582116127,0.07298588007688522
5342,0.0,0.07048088312149048,0.06892666220664978,0.10693984478712082
5343,0.0,0.1098974347114563,0.1087939590215683,0.12375527620315552
5344,1.0,0.050251305103302,0.04199521988630295,0.03665956109762192
5345,0.0,0.04426497220993042,0.035561032593250275,0.028093582019209862
5346,0.0,0.05140030384063721,0.049410685896873474,0.03944727033376694
5347,0.0,0.04796558618545532,0.04569283127784729,0.03904782608151436
5348,0.0,0.1062018871307373,0.0837949886918068,0.1695302128791809
5349,1.0,0.12404137849807739,0.17105400562286377,0.13121777772903442
5350,1.0,0.15792155265808105,0.15690608322620392,0.16581670939922333
5351,1.0,0.11474287509918213,0.1435447633266449,0.13279514014720917
5352,0.0,0.11764329671859741,0.10772193968296051,0.10500375181436539
5353,1.0,0.06827366352081299,0.0814279317855835,0.057100072503089905
5354,0.0,0.10883629322052002,0.12463396787643433,0.11037372797727585
5355,1.0,0.10051506757736206,0.08853829652070999,0.08128419518470764
5356,1.0,0.1213001012802124,0.11840204894542694,0.09621468931436539
5357,1.0,0.10965460538864136,0.09371338039636612,0.08084078133106232
5358,1.0,0.11400151252746582,0.11198493838310242,0.09307321906089783
5359,1.0,0.10755795240402222,0.13788749277591705,0.08398021012544632
5360,1.0,0.05954056978225708,0.05412818118929863,0.03839584067463875
5361,0.0,0.052580296993255615,0.06003640592098236,0.028847642242908478
5362,0.0,0.04472076892852783,0.04224131256341934,0.029472576454281807
5363,0.0,0.10068655014038086,0.19601504504680634,0.06878618896007538
5364,1.0,0.0771220326423645,0.11668543517589569,0.03869505971670151
5365,1.0,0.050668954849243164,0.06017066165804863,0.02784399501979351
5366,0.0,0.07758593559265137,0.118456169962883,0.0405987948179245
5367,1.0,0.04492747783660889,0.056603774428367615,0.025366701185703278
5368,0.0,0.07989972829818726,0.12622329592704773,0.05139881372451782
5369,1.0,0.03684884309768677,0.04144397750496864,0.029512425884604454
5370,0.0,0.08390271663665771,0.1170225664973259,0.07203343510627747
5371,1.0,0.0439763069152832,0.05164438113570213,0.02619161829352379
5372,0.0,0.04718971252441406,0.0371832475066185,0.02289690263569355
5373,0.0,0.04388308525085449,0.0514204166829586,0.028976766392588615
5374,0.0,0.05127406120300293,0.12220283597707748,0.03161104395985603
5897,1.0,0.501316249370575,0.5353040099143982,0.6686872243881226
5898,1.0,0.4319267272949219,0.43746593594551086,0.4504500925540924
5899,1.0,0.4299202561378479,0.37259042263031006,0.6172693967819214
5900,1.0,0.40333008766174316,0.3504905104637146,0.48236438632011414
5901,1.0,0.4195590019226074,0.3458843529224396,0.4971868395805359
5902,1.0,0.36429840326309204,0.34626901149749756,0.4535132944583893
5903,1.0,0.31867319345474243,0.33127933740615845,0.374473512172699
5904,1.0,0.3225722312927246,0.23296140134334564,0.3683571517467499
5905,1.0,0.35146987438201904,0.2735927402973175,0.37613895535469055
5906,1.0,0.2942580580711365,0.23619899153709412,0.3108137547969818
5907,1.0,0.26646095514297485,0.2665446996688843,0.3734409213066101
5908,1.0,0.3197174668312073,0.29257267713546753,0.3495546281337738
5909,1.0,0.2796841263771057,0.31593212485313416,0.19282591342926025
5910,1.0,0.24842965602874756,0.2053307294845581,0.2530961334705353
5911,1.0,0.28326988220214844,0.24030271172523499,0.3142646253108978
5912,1.0,0.3030306100845337,0.26327475905418396,0.34075748920440674
5913,1.0,0.35710608959198,0.33194205164909363,0.38939908146858215
5914,1.0,0.3700646162033081,0.33963465690612793,0.4420049488544464
5915,1.0,0.3445729613304138,0.29533010721206665,0.37394267320632935
5916,1.0,0.3556077480316162,0.26598039269447327,0.4222949147224426
5917,1.0,0.2754630446434021,0.310453861951828,0.2618279755115509
5918,1.0,0.290600061416626,0.3020956814289093,0.3530934154987335
5919,1.0,0.3005516529083252,0.3304756283760071,0.3372039496898651
5920,1.0,0.2531036138534546,0.20063084363937378,0.2963732182979584
5921,1.0,0.25159627199172974,0.2167893797159195,0.28526806831359863
5922,1.0,0.23469841480255127,0.2896587550640106,0.25430306792259216
5923,1.0,0.17629867792129517,0.20713657140731812,0.12910673022270203
5924,1.0,0.1696237325668335,0.15635830163955688,0.2137451320886612
5925,1.0,0.18082374334335327,0.3099929392337799,0.15414488315582275
5926,1.0,0.15267401933670044,0.21782971918582916,0.15652327239513397
5927,1.0,0.1874244213104248,0.23252075910568237,0.16938158869743347
5928,1.0,0.1864427924156189,0.2273625135421753,0.2989647090435028
5929,1.0,0.18006807565689087,0.1729741394519806,0.23518097400665283
5930,1.0,0.14112001657485962,0.20068182051181793,0.15427683293819427
5931,1.0,0.17562860250473022,0.19649769365787506,0.20326988399028778
5932,1.0,0.22035616636276245,0.2788234055042267,0.2514020502567291
5933,1.0,0.15277349948883057,0.19441433250904083,0.16881343722343445
5934,1.0,0.16612595319747925,0.25565987825393677,0.19073405861854553
5935,1.0,0.18414819240570068,0.3081554174423218,0.24375635385513306
5936,1.0,0.18498486280441284,0.25672492384910583,0.1861988604068756
5937,1.0,0.22422564029693604,0.2548142373561859,0.33110082149505615
5938,1.0,0.3308340907096863,0.29268184304237366,0.5771761536598206
5939,1.0,0.27678370475769043,0.21297268569469452,0.38851848244667053
5940,1.0,0.2930852174758911,0.2862299680709839,0.4028348922729492
5941,1.0,0.2461237907409668,0.2415604144334793,0.3704710900783539
5942,1.0,0.274647057056427,0.21470656991004944,0.37548792362213135
5943,1.0,0.20376765727996826,0.18685132265090942,0.2506757974624634
5944,1.0,0.1926969289779663,0.21431121230125427,0.2483745813369751
5945,1.0,0.27958738803863525,0.2888694405555725,0.3499962091445923
5946,1.0,0.3394315242767334,0.3261660635471344,0.45815274119377136
5947,1.0,0.3337823748588562,0.23797866702079773,0.46243932843208313
5948,1.0,0.3330073356628418,0.2935257852077484,0.4637871980667114
6471,0.0,0.2134408950805664,0.2717508375644684,0.19343890249729156
6472,0.0,0.2461487054824829,0.26836350560188293,0.2356880158185959
6473,0.0,0.10356181859970093,0.11862670630216599,0.09529206156730652
6474,0.0,0.10659188032150269,0.14423486590385437,0.09334994852542877
6475,0.0,0.09717142581939697,0.12211654335260391,0.0928223505616188
6476,0.0,0.09457790851593018,0.15409615635871887,0.0588826909661293
6477,0.0,0.16711342334747314,0.16343866288661957,0.1614363044500351
6478,0.0,0.21026170253753662,0.294491708278656,0.18686313927173615
6479,0.0,0.11574000120162964,0.12442617118358612,0.09931083768606186
6480,0.0,0.2031722068786621,0.20306959748268127,0.20128613710403442
6481,0.0,0.11659771203994751,0.15599636733531952,0.10935812443494797
6482,0.0,0.21248281002044678,0.28310176730155945,0.21280424296855927
6483,0.0,0.12484884262084961,0.1313311755657196,0.12743178009986877
6484,0.0,0.11857080459594727,0.15727128088474274,0.11400233209133148
6485,0.0,0.09815549850463867,0.10551802068948746,0.07792532444000244
6486,0.0,0.06753343343734741,0.07133300602436066,0.05344854295253754
6487,0.0,0.07683515548706055,0.11480788886547089,0.08216490596532822
6488,0.0,0.07343924045562744,0.12771660089492798,0.0773734375834465
6489,0.0,0.0670081377029419,0.11690261960029602,0.07087257504463196
6490,0.0,0.06669950485229492,0.09435929358005524,0.06772783398628235
6491,0.0,0.06669950485229492,0.10093382745981216,0.06837687641382217
6492,0.0,0.06216442584991455,0.07511844485998154,0.051679808646440506
6493,0.0,0.054954707622528076,0.07860676199197769,0.04244687408208847
6494,0.0,0.06192338466644287,0.0754416286945343,0.05645681917667389
6495,0.0,0.05174332857131958,0.08419087529182434,0.04308818653225899
6496,0.0,0.04420280456542969,0.06158439815044403,0.03344794735312462
6497,0.0,0.04652595520019531,0.06427419930696487,0.04542084038257599
6498,0.0,0.044962286949157715,0.06769576668739319,0.041244931519031525
6499,0.0,0.047298967838287354,0.06934341788291931,0.04201555252075195
6500,0.0,0.04549098014831543,0.07236363738775253,0.04292139783501625
6501,0.0,0.045575499534606934,0.06557461619377136,0.02950490452349186
6502,0.0,0.08736056089401245,0.10588422417640686,0.08821427822113037
6503,0.0,0.04236990213394165,0.04873233661055565,0.021383091807365417
6504,0.0,0.04079091548919678,0.07606209069490433,0.0222039632499218
6505,0.0,0.03451460599899292,0.06395485997200012,0.014660672284662724
6506,0.0,0.031584858894348145,0.04949340969324112,0.014875251799821854
6507,0.0,0.03531241416931152,0.07350858300924301,0.027212178334593773
6508,0.0,0.03666871786117554,0.07596844434738159,0.0371144562959671
6509,0.0,0.03610605001449585,0.07646822929382324,0.040339697152376175
6510,0.0,0.035658419132232666,0.06175993010401726,0.03433618322014809
6511,0.0,0.035928964614868164,0.05990118533372879,0.036305442452430725
6512,0.0,0.04448235034942627,0.11999504268169403,0.05199253559112549
6513,0.0,0.03683966398239136,0.08034916967153549,0.036919739097356796
6514,0.0,0.04198580980300903,0.05447039753198624,0.04588994383811951
6515,0.0,0.03982234001159668,0.09085006266832352,0.059341032058000565
6516,0.0,0.037476301193237305,0.10531456768512726,0.06009412556886673
6517,0.0,0.032324016094207764,0.08018628507852554,0.03211662173271179
6518,0.0,0.043450891971588135,0.12089653313159943,0.03642244264483452
6519,0.0,0.046950697898864746,0.1530061662197113,0.04486984759569168
6520,0.0,0.043742835521698,0.11699280887842178,0.053513623774051666
6521,0.0,0.0566214919090271,0.12025099247694016,0.060021109879016876
6522,0.0,0.07573652267456055,0.16067105531692505,0.10315501689910889
7045,1.0,0.09458833932876587,0.07009749859571457,0.058288704603910446
7046,0.0,0.19614732265472412,0.16855968534946442,0.19476503133773804
7047,0.0,0.09554672241210938,0.14624729752540588,0.07855486869812012
7048,0.0,0.10945892333984375,0.15539751946926117,0.15856412053108215
7049,0.0,0.09249097108840942,0.12605981528759003,0.10758960992097855
7050,0.0,0.1840335726737976,0.1987583190202713,0.2147218883037567
7051,0.0,0.11264890432357788,0.12686261534690857,0.13043394684791565
7052,0.0,0.18936830759048462,0.2087659388780594,0.19403523206710815
7053,0.0,0.23255705833435059,0.29641520977020264,0.34675487875938416
7054,1.0,0.25363534688949585,0.2719751000404358,0.2807893455028534
7055,0.0,0.14665871858596802,0.1817692220211029,0.18521228432655334
7056,0.0,0.2028633952140808,0.22923170030117035,0.3023558259010315
7057,0.0,0.11957693099975586,0.1759922355413437,0.17752954363822937
7058,0.0,0.10606670379638672,0.12385101616382599,0.14056827127933502
7059,0.0,0.18708062171936035,0.22494786977767944,0.24829743802547455
7060,1.0,0.21876877546310425,0.23217855393886566,0.2788521349430084
7061,0.0,0.2528548240661621,0.2878517508506775,0.3891681134700775
7062,1.0,0.20156580209732056,0.20802050828933716,0.28368815779685974
7063,0.0,0.2490893006324768,0.23384514451026917,0.31917861104011536
7064,1.0,0.14656531810760498,0.17958956956863403,0.17870190739631653
7065,0.0,0.14502179622650146,0.16205790638923645,0.19723601639270782
7066,0.0,0.08219295740127563,0.08584362268447876,0.11371908336877823
7067,0.0,0.1470266580581665,0.10890869051218033,0.18320921063423157
7068,0.0,0.1510765552520752,0.15906982123851776,0.17018519341945648
7069,0.0,0.08799183368682861,0.09657371789216995,0.11994006484746933
7070,0.0,0.08631891012191772,0.10325543582439423,0.12625257670879364
7071,0.0,0.13492000102996826,0.10305621474981308,0.17500418424606323
7072,0.0,0.13997173309326172,0.10399400442838669,0.14337283372879028
7073,0.0,0.08235710859298706,0.08678620308637619,0.07843407988548279
7074,0.0,0.08195418119430542,0.08982352167367935,0.09242437779903412
7075,0.0,0.06451761722564697,0.07458165287971497,0.07640259712934494
7076,0.0,0.055020928382873535,0.07376724481582642,0.060350630432367325
7077,0.0,0.08830177783966064,0.0902700275182724,0.11281652003526688
7078,0.0,0.06441658735275269,0.0718451589345932,0.056691974401474
7079,0.0,0.05565553903579712,0.07272811979055405,0.0588228702545166
7080,0.0,0.047093749046325684,0.06657693535089493,0.04883285611867905
7081,0.0,0.05049365758895874,0.07060050964355469,0.05643950402736664
7082,0.0,0.047831714153289795,0.06629446893930435,0.04422198235988617
7083,0.0,0.047249555587768555,0.06459864974021912,0.06055493280291557
7084,0.0,0.047394752502441406,0.06779163330793381,0.07291392236948013
7085,0.0,0.0508345365524292,0.06747422367334366,0.0722702369093895
7086,0.0,0.040373802185058594,0.061902403831481934,0.040935590863227844
7087,0.0,0.08557748794555664,0.09116549044847488,0.13219039142131805
7088,0.0,0.0514369010925293,0.04514775052666664,0.04515913501381874
7089,0.0,0.04999685287475586,0.04527835175395012,0.0437270849943161
7090,0.0,0.04752546548843384,0.04919060692191124,0.03735947236418724
7091,0.0,0.045287489891052246,0.04923015087842941,0.03938450664281845
7092,0.0,0.10494047403335571,0.10420068353414536,0.09693984687328339
7093,0.0,0.07546710968017578,0.12562404572963715,0.07955262809991837
7094,0.0,0.07814186811447144,0.10526043176651001,0.1246999129652977
7095,0.0,0.06794428825378418,0.07515687495470047,0.062331847846508026
7096,0.0,0.1523287296295166,0.15986187756061554,0.20908260345458984
7619,0.0,0.1585121750831604,0.1766698658466339,0.23789715766906738
7620,1.0,0.11083871126174927,0.10639828443527222,0.1111355572938919
7621,0.0,0.09537631273269653,0.11567624658346176,0.067107193171978
7622,0.0,0.0774431824684143,0.10325802117586136,0.0678197517991066
7623,0.0,0.09651434421539307,0.1213487759232521,0.08922956883907318
7624,0.0,0.0748673677444458,0.1252792775630951,0.10044661909341812
7625,0.0,0.14760923385620117,0.1730426698923111,0.1559303104877472
7626,1.0,0.09930598735809326,0.11513204872608185,0.11101307719945908
7627,0.0,0.08535212278366089,0.1001984030008316,0.08754102140665054
7628,0.0,0.0899883508682251,0.10394294559955597,0.10448610782623291
7629,0.0,0.09741610288619995,0.10019244998693466,0.10121751576662064
7630,0.0,0.09107255935668945,0.14015556871891022,0.1314702033996582
7631,0.0,0.23934239149093628,0.2965027987957001,0.35284900665283203
7632,1.0,0.10904866456985474,0.1341322362422943,0.12088854610919952
7633,0.0,0.11803025007247925,0.15924344956874847,0.1449657380580902
7634,0.0,0.15046125650405884,0.16172192990779877,0.1446782797574997
7635,1.0,0.09069770574569702,0.1336037814617157,0.09154431521892548
7636,0.0,0.068386971950531,0.08940929174423218,0.05985741689801216
7637,0.0,0.06342554092407227,0.08634752035140991,0.05537284538149834
7638,0.0,0.06263625621795654,0.0872122123837471,0.05651133880019188
7639,0.0,0.06293779611587524,0.07199808955192566,0.052678994834423065
7640,0.0,0.06156885623931885,0.049638424068689346,0.06423226743936539
7641,0.0,0.059071242809295654,0.05318228900432587,0.04534434527158737
7642,0.0,0.10424596071243286,0.08860251307487488,0.11096242815256119
7643,1.0,0.06293141841888428,0.07998117804527283,0.051463134586811066
7644,0.0,0.05800652503967285,0.0807015597820282,0.05539558827877045
7645,0.0,0.05496734380722046,0.06802558898925781,0.048519156873226166
7646,0.0,0.064022958278656,0.10144787281751633,0.0526246577501297
7647,0.0,0.047375619411468506,0.05969102308154106,0.043169789016246796
7648,0.0,0.05525994300842285,0.08823603391647339,0.0518321767449379
7649,0.0,0.04906737804412842,0.05769766494631767,0.03476928919553757
7650,0.0,0.06046241521835327,0.05384166166186333,0.05675828829407692
7651,0.0,0.04766875505447388,0.05048925057053566,0.04549237713217735
7652,0.0,0.0479927659034729,0.05430638790130615,0.04394759237766266
7653,0.0,0.04818081855773926,0.05347027629613876,0.035881489515304565
7654,0.0,0.051943957805633545,0.0626620352268219,0.045167405158281326
7655,0.0,0.04841780662536621,0.0639762356877327,0.03820432350039482
7656,0.0,0.04799157381057739,0.06398387998342514,0.029301486909389496
7657,0.0,0.04173409938812256,0.05790239945054054,0.028127962723374367
7658,0.0,0.048657000064849854,0.04351998493075371,0.049215663224458694
7659,0.0,0.05250459909439087,0.0666600689291954,0.05197953060269356
7660,0.0,0.03778880834579468,0.07265042513608932,0.043865934014320374
7661,0.0,0.04115641117095947,0.09170152992010117,0.0438019260764122
7662,0.0,0.04172086715698242,0.08580449223518372,0.04650482162833214
7663,0.0,0.049839138984680176,0.10633116215467453,0.06740396469831467
7664,0.0,0.0381506085395813,0.07049814611673355,0.045644812285900116
7665,0.0,0.03933626413345337,0.04451334476470947,0.04030602052807808
7666,0.0,0.04417198896408081,0.07795113325119019,0.04493405669927597
7667,0.0,0.051404595375061035,0.08661092817783356,0.06861235201358795
7668,0.0,0.05480700731277466,0.09930425137281418,0.08165763318538666
7669,0.0,0.0659824013710022,0.06476563960313797,0.06987415999174118
7670,0.0,0.08066844940185547,0.12368231266736984,0.1010492816567421
8193,1.0,0.20417797565460205,0.26101571321487427,0.22927960753440857
8194,1.0,0.1528356671333313,0.2537449896335602,0.19179360568523407
8195,1.0,0.10201895236968994,0.12106315791606903,0.09794029593467712
8196,1.0,0.10611671209335327,0.13367901742458344,0.11000874638557434
8197,1.0,0.14171570539474487,0.14676757156848907,0.18718242645263672
8198,1.0,0.15181595087051392,0.13662567734718323,0.17611271142959595
8199,1.0,0.14367270469665527,0.1683393120765686,0.2239629626274109
8200,1.0,0.2003675103187561,0.1230255737900734,0.24768255650997162
8201,1.0,0.2086707353591919,0.3022632896900177,0.25601842999458313
8202,1.0,0.2174401879310608,0.28663507103919983,0.2088683694601059
8203,1.0,0.2258903980255127,0.22495050728321075,0.25331419706344604
8204,1.0,0.16990840435028076,0.17466634511947632,0.2105439007282257
8205,1.0,0.26478976011276245,0.24253565073013306,0.4001222550868988
8206,1.0,0.20497244596481323,0.19802817702293396,0.2734680473804474
8207,1.0,0.37104570865631104,0.39696431159973145,0.5757788419723511
8208,1.0,0.4912295937538147,0.7359805107116699,0.8314273953437805
8209,1.0,0.49118322134017944,0.48046010732650757,0.750554084777832
8210,1.0,0.4646419882774353,0.4987988770008087,0.756598711013794
8211,1.0,0.61092609167099,0.5591256022453308,0.8783808946609497
8212,1.0,0.666877806186676,0.7254071831703186,0.9281949400901794
8213,1.0,0.5280901193618774,0.6405068039894104,0.8770146369934082
8214,1.0,0.4781237244606018,0.6041608452796936,0.8607494831085205
8215,1.0,0.36749422550201416,0.516833484172821,0.6073042750358582
8216,1.0,0.436955988407135,0.550044059753418,0.7330483198165894
8217,1.0,0.36463505029678345,0.49320149421691895,0.6278820633888245
8218,1.0,0.5429009795188904,0.677929699420929,0.9177091717720032
8219,1.0,0.6550002694129944,0.7748249173164368,0.9797232747077942
8220,1.0,0.5955914258956909,0.6917133927345276,0.9648781418800354
8221,1.0,0.593762993812561,0.6709398627281189,0.9290114045143127
8222,1.0,0.556444525718689,0.7028470039367676,0.9073114395141602
8223,1.0,0.49958324432373047,0.5075402855873108,0.7824537754058838
8224,1.0,0.3285331726074219,0.4169735610485077,0.591341495513916
8225,1.0,0.24660003185272217,0.2629578709602356,0.414000928401947
8226,1.0,0.3063220977783203,0.29112890362739563,0.43640807271003723
8227,1.0,0.21814537048339844,0.2227218896150589,0.3399868905544281
8228,1.0,0.19248199462890625,0.24617184698581696,0.26304328441619873
8229,1.0,0.12210977077484131,0.1866266131401062,0.13740341365337372
8230,1.0,0.18581467866897583,0.25681743025779724,0.19350336492061615
8231,1.0,0.16788357496261597,0.21448934078216553,0.20121340453624725
8232,1.0,0.18824124336242676,0.18932907283306122,0.2868853211402893
8233,1.0,0.17975956201553345,0.2371545135974884,0.22150081396102905
8234,1.0,0.1867079734802246,0.22196774184703827,0.23330891132354736
8235,1.0,0.3227730393409729,0.34103092551231384,0.6213645339012146
8236,1.0,0.3648384213447571,0.3180581033229828,0.5371977090835571
8237,1.0,0.3641554117202759,0.5526058673858643,0.5638678073883057
8238,1.0,0.3207241892814636,0.45369231700897217,0.5936055183410645
8239,1.0,0.33104389905929565,0.37635692954063416,0.553964376449585
8240,1.0,0.24693292379379272,0.35023465752601624,0.45805567502975464
8241,1.0,0.22180622816085815,0.3296010196208954,0.36344853043556213
8242,1.0,0.12894266843795776,0.11854720860719681,0.1424686312675476
8243,1.0,0.1425573229789734,0.27047714591026306,0.1627185344696045
8244,1.0,0.4064232110977173,0.36236995458602905,0.502686083316803
8767,1.0,0.4049496650695801,0.6322619915008545,0.6749841570854187
8768,0.0,0.3565933108329773,0.510739266872406,0.4578467011451721
8769,0.0,0.335689902305603,0.5397458672523499,0.45527926087379456
8770,0.0,0.37537115812301636,0.5744213461875916,0.5329046249389648
8771,1.0,0.43532681465148926,0.5503056645393372,0.6321802735328674
8772,1.0,0.36977124214172363,0.4104250967502594,0.5320647358894348
8773,1.0,0.35392558574676514,0.616104006767273,0.50539231300354
8774,0.0,0.3466067314147949,0.4342200756072998,0.5231550335884094
8775,1.0,0.34443628787994385,0.45470112562179565,0.46536287665367126
8776,0.0,0.31760668754577637,0.4252825379371643,0.42761504650115967
8777,0.0,0.31672465801239014,0.40647393465042114,0.41527819633483887
8778,0.0,0.34706825017929077,0.4310623109340668,0.4207670986652374
8779,0.0,0.2567451596260071,0.3662758767604828,0.35908809304237366
8780,0.0,0.15790235996246338,0.359190434217453,0.19896617531776428
8781,0.0,0.18719041347503662,0.2474818378686905,0.22470885515213013
8782,0.0,0.20386701822280884,0.27337464690208435,0.23243121802806854
8783,0.0,0.24681055545806885,0.2989063262939453,0.31207239627838135
8784,0.0,0.3436698913574219,0.4089641869068146,0.5660834908485413
8785,0.0,0.2650083899497986,0.32899218797683716,0.33200788497924805
8786,0.0,0.3204208016395569,0.3511503338813782,0.44761282205581665
8787,1.0,0.2571728229522705,0.34428900480270386,0.33193835616111755
8788,0.0,0.18792206048965454,0.24709340929985046,0.2184404730796814
8789,0.0,0.15975713729858398,0.2119411677122116,0.21123971045017242
8790,0.0,0.21823924779891968,0.21651995182037354,0.2800893187522888
8791,0.0,0.11161834001541138,0.16653694212436676,0.0910358726978302
8792,0.0,0.14264506101608276,0.158430278301239,0.14153285324573517
8793,0.0,0.11259156465530396,0.11377572268247604,0.09634818881750107
8794,0.0,0.12465476989746094,0.13939429819583893,0.12119724601507187
8795,0.0,0.12366515398025513,0.1299430876970291,0.11419495940208435
8796,0.0,0.0843307375907898,0.10478778183460236,0.07339438796043396
8797,0.0,0.11736559867858887,0.16709989309310913,0.11066761612892151
8798,0.0,0.11209273338317871,0.13751105964183807,0.08906175941228867
8799,0.0,0.1041155457496643,0.1401042491197586,0.084052175283432
8800,0.0,0.17544203996658325,0.22639651596546173,0.11365210264921188
8801,0.0,0.20459026098251343,0.3119264543056488,0.2064305990934372
8802,0.0,0.18815726041793823,0.1995200663805008,0.2069505751132965
8803,0.0,0.2159438133239746,0.2079794555902481,0.2707189917564392
8804,0.0,0.15074777603149414,0.22319509088993073,0.13832847774028778
8805,0.0,0.19092482328414917,0.26594972610473633,0.21772965788841248
8806,0.0,0.20958232879638672,0.3018168807029724,0.24847513437271118
8807,0.0,0.22014683485031128,0.23500147461891174,0.16712446510791779
8808,0.0,0.21469324827194214,0.2448265105485916,0.24151460826396942
8809,0.0,0.25018310546875,0.33407407999038696,0.3134666383266449
8810,1.0,0.276361882686615,0.2770887613296509,0.35106155276298523
8811,0.0,0.2261766791343689,0.24211080372333527,0.2710963785648346
8812,0.0,0.24487149715423584,0.24644938111305237,0.33293768763542175
8813,0.0,0.23264479637145996,0.2960381507873535,0.3065004348754883
8814,1.0,0.3011735677719116,0.31920021772384644,0.5157116055488586
8815,0.0,0.2357323169708252,0.28461703658103943,0.29948410391807556
8816,0.0,0.26949381828308105,0.35707640647888184,0.36522960662841797
8817,0.0,0.3060855269432068,0.41745734214782715,0.44682401418685913
8818,0.0,0.4833565354347229,0.5593180656433105,0.7490156888961792
9341,0.0,0.2272523045539856,0.21691854298114777,0.13140375912189484
9342,0.0,0.19280624389648438,0.2576470971107483,0.1041199192404747
9343,0.0,0.15972191095352173,0.17718839645385742,0.08974570780992508
9344,0.0,0.20271098613739014,0.2744692265987396,0.18539515137672424
9345,0.0,0.1537908911705017,0.3126719295978546,0.17304112017154694
9346,0.0,0.2258356809616089,0.3486015200614929,0.3261995315551758
9347,0.0,0.2536362409591675,0.38107845187187195,0.24894596636295319
9348,0.0,0.2001708745956421,0.29355788230895996,0.13789089024066925
9349,0.0,0.26395881175994873,0.39509013295173645,0.37467294931411743
9350,0.0,0.28249192237854004,0.35999351739883423,0.2921465337276459
9351,0.0,0.211553156375885,0.34358668327331543,0.1257399618625641
9352,0.0,0.15014135837554932,0.31197765469551086,0.105950728058815
9353,0.0,0.187761127948761,0.24471578001976013,0.2168787717819214
9354,0.0,0.17683470249176025,0.26181066036224365,0.13580231368541718
9355,0.0,0.1976778507232666,0.24963922798633575,0.15953196585178375
9356,0.0,0.2170068621635437,0.2712903320789337,0.21752800047397614
9357,0.0,0.3170585632324219,0.4035525619983673,0.29683375358581543
9358,0.0,0.278165340423584,0.41284748911857605,0.222060427069664
9359,0.0,0.2546006441116333,0.339540034532547,0.2495090812444687
9360,0.0,0.4005281329154968,0.3937015235424042,0.5380103588104248
9361,0.0,0.2771615982055664,0.3689839541912079,0.21233439445495605
9362,0.0,0.28357023000717163,0.3704479932785034,0.2661314010620117
9363,0.0,0.2358730435371399,0.296540766954422,0.17095322906970978
9364,0.0,0.23532909154891968,0.25385454297065735,0.2011338770389557
9365,0.0,0.23763197660446167,0.2924235165119171,0.17672228813171387
9366,0.0,0.2042434811592102,0.2962404489517212,0.19308768212795258
9367,0.0,0.29100584983825684,0.3435524106025696,0.3396816849708557
9368,0.0,0.3724730610847473,0.38920459151268005,0.4398901164531708
9369,0.0,0.2758833169937134,0.38411423563957214,0.28404349088668823
9370,0.0,0.28883957862854004,0.4257071316242218,0.4206748306751251
9371,0.0,0.2421860694885254,0.3070647716522217,0.23517316579818726
9372,0.0,0.237082839012146,0.34394311904907227,0.2533021569252014
9373,0.0,0.17090070247650146,0.23590479791164398,0.15414199233055115
9374,0.0,0.17273902893066406,0.18386094272136688,0.16325636208057404
9375,0.0,0.13136214017868042,0.14171402156352997,0.1230810135602951
9376,0.0,0.11451029777526855,0.16115707159042358,0.081248439848423
9377,0.0,0.15765327215194702,0.2598223388195038,0.16625627875328064
9378,0.0,0.14863353967666626,0.2567744851112366,0.10694745928049088
9379,0.0,0.14952576160430908,0.1538526862859726,0.09927021712064743
9380,0.0,0.12356221675872803,0.1199098452925682,0.13900838792324066
9381,0.0,0.08241528272628784,0.09222404658794403,0.05556023120880127
9382,0.0,0.10041779279708862,0.07280555367469788,0.04935601353645325
9383,0.0,0.09378266334533691,0.06723436713218689,0.050686389207839966
9384,0.0,0.10082489252090454,0.07836867868900299,0.05771457031369209
9385,0.0,0.09355694055557251,0.1075117215514183,0.07955282181501389
9386,0.0,0.05711650848388672,0.10664298385381699,0.029400726780295372
9387,0.0,0.14842206239700317,0.2785167396068573,0.16080377995967865
9388,0.0,0.12056893110275269,0.25808995962142944,0.08264598995447159
9389,0.0,0.17483127117156982,0.17140184342861176,0.10407828539609909
9390,0.0,0.13120537996292114,0.14480608701705933,0.07226800173521042
9391,0.0,0.10328906774520874,0.07989967614412308,0.041627850383520126
9392,0.0,0.19201010465621948,0.2233567088842392,0.19813194870948792
9915,0.0,0.341804563999176,0.5143209099769592,0.42597100138664246
9916,0.0,0.2662022113800049,0.4402138292789459,0.2677972614765167
9917,0.0,0.22689944505691528,0.4092947244644165,0.2288873791694641
9918,0.0,0.29495173692703247,0.5021327137947083,0.19410768151283264
9919,0.0,0.26797157526016235,0.34020498394966125,0.2357870191335678
9920,0.0,0.21099621057510376,0.3825753629207611,0.18823371827602386
9921,0.0,0.20040935277938843,0.39239126443862915,0.15366601943969727
9922,0.0,0.28374165296554565,0.37779393792152405,0.3133664131164551
9923,0.0,0.30198508501052856,0.42459842562675476,0.30568528175354004
9924,0.0,0.3365287780761719,0.5020652413368225,0.32235074043273926
9925,0.0,0.3028436303138733,0.36570316553115845,0.3102871775627136
9926,0.0,0.27278536558151245,0.41291266679763794,0.2625817060470581
9927,0.0,0.3092525005340576,0.572833776473999,0.28941482305526733
9928,0.0,0.2785153388977051,0.4570804238319397,0.2143535315990448
9929,0.0,0.21417349576950073,0.38830921053886414,0.13828806579113007
9930,0.0,0.18445104360580444,0.3805696666240692,0.1663399040699005
9931,0.0,0.23516762256622314,0.3603453040122986,0.15094035863876343
9932,0.0,0.1968773603439331,0.3850732743740082,0.14705941081047058
9933,0.0,0.19934552907943726,0.31163331866264343,0.12699803709983826
9934,0.0,0.23704755306243896,0.44613921642303467,0.22537855803966522
9935,0.0,0.20503175258636475,0.3545527160167694,0.19474881887435913
9936,0.0,0.14596962928771973,0.23463954031467438,0.06547632813453674
9937,0.0,0.1383686661720276,0.28554651141166687,0.05590847507119179
9938,0.0,0.1598975658416748,0.26293814182281494,0.05992914363741875
9939,0.0,0.12587803602218628,0.2026262879371643,0.05494806542992592
9940,0.0,0.08401668071746826,0.18402598798274994,0.030902089551091194
9941,0.0,0.10628116130828857,0.23534101247787476,0.05983830243349075
9942,0.0,0.11291831731796265,0.23397506773471832,0.0757812112569809
9943,0.0,0.11376100778579712,0.22055618464946747,0.06665544211864471
9944,0.0,0.10853219032287598,0.22356925904750824,0.05938396975398064
9945,0.0,0.11012226343154907,0.20919057726860046,0.058310192078351974
9946,0.0,0.14965218305587769,0.3061189651489258,0.12602679431438446
9947,0.0,0.13474148511886597,0.36749032139778137,0.10461699962615967
9948,0.0,0.12339383363723755,0.2451561540365219,0.0939016342163086
9949,0.0,0.13887470960617065,0.3551924526691437,0.0985594168305397
9950,0.0,0.14556127786636353,0.3233638405799866,0.0914834514260292
9951,0.0,0.11825138330459595,0.274505615234375,0.07079232484102249
9952,0.0,0.10322922468185425,0.26866185665130615,0.06225267052650452
9953,0.0,0.11034488677978516,0.2715742588043213,0.05921620875597
9954,0.0,0.11000609397888184,0.2791646420955658,0.05181505158543587
9955,0.0,0.10512220859527588,0.31281864643096924,0.060991257429122925
9956,0.0,0.1079816222190857,0.28924646973609924,0.09407339245080948
9957,0.0,0.08636313676834106,0.17930974066257477,0.07024948298931122
9958,0.0,0.12448161840438843,0.309219092130661,0.12315865606069565
9959,0.0,0.15036535263061523,0.31434881687164307,0.1304573118686676
9960,0.0,0.12777435779571533,0.2753230929374695,0.11542285233736038
9961,0.0,0.1297900676727295,0.26782068610191345,0.07837103307247162
9962,0.0,0.15570741891860962,0.28281885385513306,0.14950236678123474
9963,0.0,0.14720183610916138,0.31042471528053284,0.13398060202598572
9964,0.0,0.22476720809936523,0.3539127707481384,0.24987268447875977
9965,0.0,0.25786536931991577,0.34556546807289124,0.19539755582809448
9966,0.0,0.3716579079627991,0.4538349509239197,0.4406161904335022
10489,0.0,0.2262052297592163,0.2698093056678772,0.18988147377967834
10490,1.0,0.3427507281303406,0.42509832978248596,0.41075387597084045
10491,1.0,0.30972743034362793,0.30832013487815857,0.24507449567317963
10492,0.0,0.35921066999435425,0.3980480432510376,0.3754149377346039
10493,1.0,0.35492098331451416,0.3266252279281616,0.46498358249664307
10494,0.0,0.29807472229003906,0.29758623242378235,0.30888277292251587
10495,1.0,0.3385646939277649,0.399898886680603,0.4674312472343445
10496,1.0,0.4787047505378723,0.570060133934021,0.6787002086639404
10497,1.0,0.44157278537750244,0.5686233639717102,0.7011760473251343
10498,1.0,0.3253432512283325,0.37392064929008484,0.5333879590034485
10499,1.0,0.34815990924835205,0.36604976654052734,0.5264915227890015
10500,1.0,0.2572777271270752,0.30681854486465454,0.381117045879364
10501,1.0,0.30452215671539307,0.3553205728530884,0.4568237066268921
10502,0.0,0.22181087732315063,0.3554552495479584,0.33098337054252625
10503,0.0,0.31728410720825195,0.3818262815475464,0.5524575114250183
10504,1.0,0.4524915814399719,0.5177017450332642,0.6571505665779114
10505,1.0,0.45264530181884766,0.5766339898109436,0.6678102016448975
10506,1.0,0.38097912073135376,0.4891188144683838,0.5624337196350098
10507,1.0,0.3334631323814392,0.4067446291446686,0.5740768313407898
10508,1.0,0.31653058528900146,0.40887096524238586,0.5003142952919006
10509,1.0,0.3211902379989624,0.3866128921508789,0.45289239287376404
10510,1.0,0.37480008602142334,0.4330892860889435,0.5890747308731079
10511,1.0,0.2880212068557739,0.35843580961227417,0.46105581521987915
10512,0.0,0.2679007053375244,0.3143620193004608,0.3594376742839813
10513,0.0,0.2485339641571045,0.3290506601333618,0.33015817403793335
10514,0.0,0.27006393671035767,0.2474050670862198,0.3313448131084442
10515,0.0,0.17530423402786255,0.13217253983020782,0.16602645814418793
10516,0.0,0.19576096534729004,0.17885535955429077,0.23098810017108917
10517,0.0,0.1935529112815857,0.15094107389450073,0.2208779752254486
10518,0.0,0.21428877115249634,0.16870823502540588,0.2168286144733429
10519,0.0,0.19401127099990845,0.19846941530704498,0.21233442425727844
10520,1.0,0.19735413789749146,0.26329201459884644,0.18712113797664642
10521,0.0,0.17159706354141235,0.197356179356575,0.16895779967308044
10522,0.0,0.12962788343429565,0.19956901669502258,0.14023235440254211
10523,0.0,0.15060842037200928,0.159419447183609,0.16789527237415314
10524,0.0,0.08196693658828735,0.13777542114257812,0.06132753565907478
10525,0.0,0.1461837887763977,0.13322456181049347,0.14184711873531342
10526,0.0,0.09211200475692749,0.1451398730278015,0.06273588538169861
10527,0.0,0.12279683351516724,0.1303553730249405,0.09653597325086594
10528,0.0,0.06214463710784912,0.07383596897125244,0.04896754026412964
10529,0.0,0.14422857761383057,0.10331862419843674,0.12871477007865906
10530,0.0,0.13615059852600098,0.1734699010848999,0.11402776092290878
10531,1.0,0.1224668025970459,0.18724693357944489,0.062151338905096054
10532,0.0,0.08870565891265869,0.17170341312885284,0.07391795516014099
10533,0.0,0.0953514575958252,0.07495886832475662,0.052578702569007874
10534,0.0,0.09397733211517334,0.11800013482570648,0.07308322936296463
10535,0.0,0.11845606565475464,0.09948007017374039,0.09467126429080963
10536,0.0,0.10251420736312866,0.13522914052009583,0.06873572617769241
10537,0.0,0.07596886157989502,0.12452708184719086,0.08188781887292862
10538,0.0,0.147402822971344,0.1379520744085312,0.20701171457767487
10539,0.0,0.09415799379348755,0.08030951023101807,0.06945743411779404
10540,0.0,0.1696568727493286,0.14938755333423615,0.1467328518629074
11063,1.0,0.17237430810928345,0.29604947566986084,0.19536642730236053
11064,1.0,0.19241267442703247,0.24948249757289886,0.21679483354091644
11065,1.0,0.1259404420852661,0.12589366734027863,0.13448767364025116
11066,0.0,0.11815214157104492,0.13306185603141785,0.11278648674488068
11067,0.0,0.13384127616882324,0.15150080621242523,0.15107938647270203
11068,0.0,0.2268654704093933,0.28916531801223755,0.28006505966186523
11069,1.0,0.15937989950180054,0.17200589179992676,0.16845574975013733
11070,1.0,0.1778179407119751,0.2604433596134186,0.21168094873428345
11071,1.0,0.14113277196884155,0.1830419898033142,0.10368366539478302
11072,0.0,0.12659704685211182,0.2868663966655731,0.08128218352794647
11073,0.0,0.09614890813827515,0.09343461692333221,0.08409444242715836
11074,0.0,0.19645673036575317,0.2519131302833557,0.20891089737415314
11075,1.0,0.2629796266555786,0.2633664906024933,0.33387306332588196
11076,1.0,0.18663227558135986,0.200775608420372,0.22267189621925354
11077,0.0,0.2547861933708191,0.2526266872882843,0.3125295341014862
11078,1.0,0.32379400730133057,0.4179939031600952,0.45403361320495605
11079,1.0,0.41775786876678467,0.3897606432437897,0.5497918128967285
11080,1.0,0.44399499893188477,0.5480738282203674,0.6668086647987366
11081,1.0,0.3626226782798767,0.372857928276062,0.5585076212882996
11082,1.0,0.33900177478790283,0.36556926369667053,0.5363547801971436
11083,1.0,0.3304877281188965,0.3396967053413391,0.5158262848854065
11084,1.0,0.2585781216621399,0.24956822395324707,0.3660021424293518
11085,1.0,0.2681783437728882,0.2178429216146469,0.2782530188560486
11086,1.0,0.2570312023162842,0.23676127195358276,0.28896233439445496
11087,1.0,0.23015952110290527,0.18512848019599915,0.27757856249809265
11088,1.0,0.2624080777168274,0.27642741799354553,0.3435995280742645
11089,1.0,0.23863869905471802,0.21058546006679535,0.26880690455436707
11090,1.0,0.220833420753479,0.21390771865844727,0.2740274667739868
11091,1.0,0.25229114294052124,0.2333669513463974,0.3255605697631836
11092,1.0,0.21596544981002808,0.2604580819606781,0.2698143422603607
11093,0.0,0.16515469551086426,0.18487511575222015,0.2157893180847168
11094,1.0,0.13497626781463623,0.17590518295764923,0.15518073737621307
11095,0.0,0.13730710744857788,0.14963656663894653,0.15794165432453156
11096,1.0,0.12342190742492676,0.12487974762916565,0.16729198396205902
11097,0.0,0.11216509342193604,0.12716710567474365,0.1161297857761383
11098,0.0,0.09875160455703735,0.11121685057878494,0.11112479120492935
11099,1.0,0.10552620887756348,0.13533246517181396,0.11740045249462128
11100,1.0,0.11713266372680664,0.127271369099617,0.1354440450668335
11101,1.0,0.09925830364227295,0.08822944760322571,0.11487774550914764
11102,0.0,0.1466130018234253,0.17858709394931793,0.1877557784318924
11103,1.0,0.13969898223876953,0.18120606243610382,0.18843644857406616
11104,0.0,0.11426472663879395,0.1437942236661911,0.09584252536296844
11105,0.0,0.10474389791488647,0.1084805279970169,0.11146868765354156
11106,0.0,0.15631103515625,0.13209529221057892,0.19939470291137695
11107,1.0,0.12156140804290771,0.2289755791425705,0.09831327199935913
11108,1.0,0.13820046186447144,0.1347721666097641,0.15875940024852753
11109,1.0,0.11824452877044678,0.10346028953790665,0.13126704096794128
11110,0.0,0.17697679996490479,0.19558154046535492,0.2216077297925949
11111,1.0,0.2128182053565979,0.2646193504333496,0.2335432916879654
11112,1.0,0.27680402994155884,0.2715475559234619,0.3908229470252991
11113,1.0,0.21948939561843872,0.24703489243984222,0.33255720138549805
11114,1.0,0.16684240102767944,0.31568095088005066,0.20211666822433472
11637,1.0,0.16986775398254395,0.23068420588970184,0.15807580947875977
11638,1.0,0.2171860933303833,0.33232706785202026,0.27395379543304443
11639,1.0,0.18370741605758667,0.26695212721824646,0.1805589199066162
11640,0.0,0.1588008999824524,0.24097906053066254,0.14116168022155762
11641,0.0,0.133092999458313,0.14845891296863556,0.09572780132293701
11642,0.0,0.13424521684646606,0.15870030224323273,0.1044018566608429
11643,0.0,0.1201249361038208,0.16858789324760437,0.10477549582719803
11644,0.0,0.12006139755249023,0.1883622705936432,0.12070198357105255
11645,0.0,0.13684654235839844,0.22185440361499786,0.14117561280727386
11646,0.0,0.15981191396713257,0.19910797476768494,0.11899473518133163
11647,1.0,0.19159936904907227,0.2824632227420807,0.22113701701164246
11648,1.0,0.17324751615524292,0.2121589183807373,0.1370951235294342
11649,1.0,0.21318155527114868,0.33812835812568665,0.25310462713241577
11650,1.0,0.15765023231506348,0.23543836176395416,0.1417514830827713
11651,0.0,0.3049120306968689,0.47212472558021545,0.400473415851593
11652,1.0,0.34109175205230713,0.5965278148651123,0.4875114858150482
11653,1.0,0.4034900665283203,0.6755520105361938,0.5803058743476868
11654,1.0,0.34848153591156006,0.5369536876678467,0.4692147970199585
11655,1.0,0.23828279972076416,0.2899543046951294,0.3211108148097992
11656,1.0,0.2333606481552124,0.3007921576499939,0.2656460404396057
11657,1.0,0.2533150911331177,0.2999258041381836,0.2900909185409546
11658,1.0,0.24629420042037964,0.31049972772598267,0.32141387462615967
11659,1.0,0.2445778250694275,0.28137949109077454,0.2638968825340271
11660,1.0,0.14529436826705933,0.220378577709198,0.10813044756650925
11661,1.0,0.22308897972106934,0.24408920109272003,0.20817314088344574
11662,1.0,0.24027615785598755,0.2412404865026474,0.29714107513427734
11663,1.0,0.26107871532440186,0.23938217759132385,0.3029485046863556
11664,1.0,0.3345889449119568,0.45410510897636414,0.5524652600288391
11665,1.0,0.3108648657798767,0.5063378214836121,0.3769981861114502
11666,1.0,0.2708701491355896,0.4250379800796509,0.4142099916934967
11667,1.0,0.2219705581665039,0.3200171887874603,0.3462611138820648
11668,1.0,0.1891688108444214,0.2501097321510315,0.24105234444141388
11669,1.0,0.1826154589653015,0.21359655261039734,0.22840164601802826
11670,1.0,0.18951982259750366,0.2190600335597992,0.25318172574043274
11671,1.0,0.17527896165847778,0.2684982419013977,0.2585950493812561
11672,1.0,0.17813438177108765,0.23233136534690857,0.23869659006595612
11673,1.0,0.15839529037475586,0.2893833816051483,0.17521433532238007
11674,1.0,0.1291673183441162,0.15370234847068787,0.12949234247207642
11675,1.0,0.12474089860916138,0.14859244227409363,0.14634937047958374
11676,1.0,0.12547415494918823,0.13892585039138794,0.138493150472641
11677,1.0,0.12242048978805542,0.1820681244134903,0.12223710119724274
11678,1.0,0.11262023448944092,0.14591674506664276,0.09114285558462143
11679,0.0,0.11489146947860718,0.1250290721654892,0.10649540275335312
11680,1.0,0.11921638250350952,0.1252279430627823,0.07709290832281113
11681,1.0,0.1168484091758728,0.11901123076677322,0.07199245691299438
11682,0.0,0.12513798475265503,0.15259291231632233,0.101639024913311
11683,1.0,0.1474165916442871,0.22367581725120544,0.1248047724366188
11684,1.0,0.1587594747543335,0.313236802816391,0.11353061348199844
11685,1.0,0.11943477392196655,0.1712719202041626,0.07385271787643433
11686,1.0,0.12886923551559448,0.15005286037921906,0.10948633402585983
11687,0.0,0.16341054439544678,0.1818191260099411,0.15226276218891144
11688,0.0,0.14170145988464355,0.2024563103914261,0.10568662732839584
12211,0.0,0.05006742477416992,0.08124386519193649,0.04326643422245979
12212,0.0,0.049797773361206055,0.08458597958087921,0.043059587478637695
12213,0.0,0.053383588790893555,0.06098053604364395,0.04523446410894394
12214,0.0,0.19806897640228271,0.1445576250553131,0.17781539261341095
12215,0.0,0.12056714296340942,0.14360715448856354,0.08569762855768204
12216,0.0,0.05793642997741699,0.05963146314024925,0.04295795410871506
12217,0.0,0.05888479948043823,0.0794951468706131,0.058726876974105835
12218,0.0,0.06774389743804932,0.12408073246479034,0.0689472034573555
12219,0.0,0.13320738077163696,0.14035238325595856,0.1742744743824005
12220,0.0,0.06752938032150269,0.06414321810007095,0.07015287131071091
12221,0.0,0.10707157850265503,0.12141899019479752,0.08873101323843002
12222,0.0,0.05733609199523926,0.08199989050626755,0.05688536539673805
12223,0.0,0.06859689950942993,0.12058930844068527,0.058884669095277786
12224,0.0,0.060290515422821045,0.07946579903364182,0.06066793575882912
12225,0.0,0.07786202430725098,0.10216294229030609,0.08226064592599869
12226,0.0,0.14907366037368774,0.11054513603448868,0.2391486018896103
12227,0.0,0.06889784336090088,0.07362495362758636,0.08619806170463562
12228,0.0,0.13389533758163452,0.11551277339458466,0.17339779436588287
12229,0.0,0.1289576292037964,0.1341014951467514,0.129421666264534
12230,0.0,0.08528000116348267,0.09474313259124756,0.0855269581079483
12231,0.0,0.06286400556564331,0.05733145400881767,0.0567479133605957
12232,0.0,0.06265389919281006,0.056252315640449524,0.05600087344646454
12233,0.0,0.22014915943145752,0.3067668080329895,0.30429521203041077
12234,1.0,0.22978949546813965,0.42558613419532776,0.35293811559677124
12235,1.0,0.1768512725830078,0.18177565932273865,0.1853499710559845
12236,0.0,0.20392662286758423,0.1870015412569046,0.22840093076229095
12237,0.0,0.18375074863433838,0.2023296058177948,0.18279685080051422
12238,0.0,0.10433471202850342,0.10670316964387894,0.08655203133821487
12239,0.0,0.15266567468643188,0.1353578269481659,0.1289663016796112
12240,0.0,0.07372027635574341,0.07202544808387756,0.07684455811977386
12241,0.0,0.061586737632751465,0.055809300392866135,0.052740681916475296
12242,0.0,0.09200632572174072,0.11529848724603653,0.0833238959312439
12243,0.0,0.11621028184890747,0.11916788667440414,0.11292479187250137
12244,0.0,0.06399279832839966,0.05884746089577675,0.05869736149907112
12245,0.0,0.05876314640045166,0.07299144566059113,0.0432792566716671
12246,0.0,0.054208457469940186,0.048662297427654266,0.048306215554475784
12247,0.0,0.046327292919158936,0.047445137053728104,0.031842272728681564
12248,0.0,0.04798465967178345,0.04284035414457321,0.05713579058647156
12249,0.0,0.04285478591918945,0.04769539460539818,0.03844306245446205
12250,0.0,0.044997572898864746,0.043484754860401154,0.05139966681599617
12251,0.0,0.045516252517700195,0.04442841187119484,0.05150667950510979
12252,0.0,0.040909409523010254,0.037635333836078644,0.04123179242014885
12253,0.0,0.07575726509094238,0.13860169053077698,0.10199053585529327
12254,0.0,0.03839391469955444,0.0430314764380455,0.022006100043654442
12255,0.0,0.03856843709945679,0.04762094467878342,0.021465959027409554
12256,0.0,0.07961171865463257,0.17155367136001587,0.07019662111997604
12257,0.0,0.04227405786514282,0.04716014862060547,0.031121524050831795
12258,0.0,0.03700411319732666,0.03759882226586342,0.026622796431183815
12259,0.0,0.03451204299926758,0.03674735873937607,0.019669177010655403
12260,0.0,0.03675872087478638,0.03524596989154816,0.02610054612159729
12261,0.0,0.06705039739608765,0.0717400386929512,0.0662732720375061
12262,0.0,0.07101237773895264,0.062265269458293915,0.0669689029455185
12785,0.0,0.04203134775161743,0.03632986545562744,0.0249340757727623
12786,0.0,0.10710996389389038,0.10680478066205978,0.08928635716438293
12787,0.0,0.10447901487350464,0.14457540214061737,0.07909531891345978
12788,0.0,0.05464315414428711,0.05906148999929428,0.042706843465566635
12789,0.0,0.047427594661712646,0.05002625286579132,0.03795880079269409
12790,0.0,0.04693025350570679,0.054024506360292435,0.04086213931441307
12791,0.0,0.0526542067527771,0.07118777930736542,0.03419831395149231
12792,0.0,0.048782944679260254,0.0811980813741684,0.043169960379600525
12793,0.0,0.04893392324447632,0.08396851271390915,0.041186053305864334
12794,0.0,0.0933372974395752,0.0959210991859436,0.1184258908033371
12795,0.0,0.046013474464416504,0.04199623689055443,0.037081144750118256
12796,0.0,0.08709150552749634,0.09803257137537003,0.0581088587641716
12797,0.0,0.10883557796478271,0.17040380835533142,0.09339426457881927
12798,0.0,0.054412245750427246,0.07611498236656189,0.04242321476340294
12799,0.0,0.13080328702926636,0.1764398217201233,0.1315150260925293
12800,1.0,0.15752553939819336,0.22240538895130157,0.11965139210224152
12801,0.0,0.19195836782455444,0.2926759123802185,0.15252116322517395
12802,1.0,0.14486277103424072,0.21809206902980804,0.14713670313358307
12803,1.0,0.2294679880142212,0.2539050877094269,0.2546358108520508
12804,1.0,0.19663304090499878,0.23225651681423187,0.1556347906589508
12805,1.0,0.1766003966331482,0.21489258110523224,0.15699979662895203
12806,1.0,0.17643308639526367,0.1506398469209671,0.13130784034729004
12807,1.0,0.13492149114608765,0.15056286752223969,0.0943584069609642
12808,0.0,0.1202428936958313,0.14431004226207733,0.07930577546358109
12809,0.0,0.11941319704055786,0.11614574491977692,0.0726231187582016
12810,0.0,0.07330060005187988,0.09823291748762131,0.061941444873809814
12811,0.0,0.05875706672668457,0.06345104426145554,0.052929021418094635
12812,0.0,0.20964813232421875,0.18768619000911713,0.2724589407444
12813,1.0,0.13655471801757812,0.2041611671447754,0.10743144154548645
12814,0.0,0.20110034942626953,0.22520551085472107,0.19420020282268524
12815,1.0,0.16262030601501465,0.19648559391498566,0.17307667434215546
12816,1.0,0.1735660433769226,0.22945088148117065,0.17130199074745178
12817,1.0,0.14769726991653442,0.19628232717514038,0.1455206722021103
12818,1.0,0.17750900983810425,0.1841653436422348,0.18171387910842896
12819,1.0,0.15243375301361084,0.20660048723220825,0.17643038928508759
12820,1.0,0.1579592227935791,0.18181215226650238,0.1718142181634903
12821,1.0,0.13643217086791992,0.15510065853595734,0.13183048367500305
12822,1.0,0.08887875080108643,0.0929948017001152,0.07854883372783661
12823,0.0,0.06241762638092041,0.11730436980724335,0.05559023842215538
12824,0.0,0.07206130027770996,0.08321443200111389,0.05993242189288139
12825,0.0,0.04580855369567871,0.04742797836661339,0.025623947381973267
12826,0.0,0.03980982303619385,0.03977210074663162,0.029942292720079422
12827,0.0,0.053702712059020996,0.06575855612754822,0.03720252588391304
12828,0.0,0.07808011770248413,0.08199957758188248,0.04226116091012955
12829,0.0,0.08398169279098511,0.07220252603292465,0.049330323934555054
12830,1.0,0.04854661226272583,0.05107548087835312,0.027472486719489098
12831,0.0,0.08122211694717407,0.08949486911296844,0.047278765588998795
12832,0.0,0.08170855045318604,0.0783134400844574,0.05991474539041519
12833,0.0,0.052273571491241455,0.053673967719078064,0.03954895958304405
12834,0.0,0.08793824911117554,0.10128176212310791,0.0649230033159256
12835,1.0,0.06839501857757568,0.05872296541929245,0.05056966096162796
12836,0.0,0.11588025093078613,0.10998301208019257,0.10211314260959625
13359,1.0,0.056616008281707764,0.06490346044301987,0.03192904219031334
13360,0.0,0.05753713846206665,0.07549924403429031,0.0326339416205883
13361,0.0,0.0882522463798523,0.09109315276145935,0.05142423138022423
13362,0.0,0.09722059965133667,0.10204151272773743,0.05628716200590134
13363,0.0,0.044367074966430664,0.046773165464401245,0.030042605474591255
13364,0.0,0.0390741229057312,0.05670356750488281,0.023952513933181763
13365,0.0,0.04039299488067627,0.04391314089298248,0.02710237354040146
13366,0.0,0.037738144397735596,0.035237014293670654,0.0197365190833807
13367,0.0,0.05088818073272705,0.05236602947115898,0.05386988818645477
13368,0.0,0.049251437187194824,0.06215731427073479,0.04222363233566284
13369,0.0,0.04989171028137207,0.06597554683685303,0.052647437900304794
13370,0.0,0.05088818073272705,0.07513870298862457,0.06521071493625641
13371,0.0,0.10813474655151367,0.10653207451105118,0.13263832032680511
13372,0.0,0.05384266376495361,0.05100362375378609,0.04057564213871956
13373,0.0,0.10272282361984253,0.11001509428024292,0.07466675341129303
13374,0.0,0.09244221448898315,0.13880784809589386,0.07637504488229752
13375,0.0,0.1040804386138916,0.14563660323619843,0.0922786295413971
13376,0.0,0.0836760401725769,0.09663894772529602,0.06611701101064682
13377,0.0,0.10174131393432617,0.14235956966876984,0.09758657217025757
13378,0.0,0.10980862379074097,0.1358935832977295,0.09164204448461533
13379,0.0,0.21215546131134033,0.3449825942516327,0.2694939076900482
13380,1.0,0.4548875689506531,0.4842345118522644,0.7490066885948181
13381,1.0,0.2436475157737732,0.3531894385814667,0.2470889687538147
13382,1.0,0.2848062515258789,0.2893434166908264,0.3791543245315552
13383,1.0,0.2923261523246765,0.26595747470855713,0.5269879698753357
13384,1.0,0.29905182123184204,0.29439058899879456,0.5136182308197021
13385,1.0,0.29648357629776,0.31623804569244385,0.4947698414325714
13386,1.0,0.3566017746925354,0.5208699703216553,0.6019711494445801
13387,1.0,0.358916699886322,0.6622377634048462,0.6265422701835632
13388,1.0,0.3889095187187195,0.6273179054260254,0.7054485082626343
13389,1.0,0.2606625556945801,0.45511505007743835,0.5077910423278809
13390,1.0,0.2453266978263855,0.2978144884109497,0.36551669239997864
13391,1.0,0.22655904293060303,0.22938857972621918,0.28462085127830505
13392,1.0,0.2111983299255371,0.21781891584396362,0.2175324708223343
13393,1.0,0.17990314960479736,0.2624685764312744,0.1960606724023819
13394,1.0,0.19571906328201294,0.23719970881938934,0.28182199597358704
13395,1.0,0.214885413646698,0.3717454671859741,0.34688204526901245
13396,1.0,0.17682534456253052,0.2830449938774109,0.17749500274658203
13397,1.0,0.14257216453552246,0.23127365112304688,0.08798031508922577
13398,1.0,0.13539081811904907,0.14132654666900635,0.09238686412572861
13399,1.0,0.12093508243560791,0.14583465456962585,0.07541904598474503
13400,1.0,0.12670665979385376,0.12515950202941895,0.10084736347198486
13401,1.0,0.09929794073104858,0.13160179555416107,0.06727500259876251
13402,1.0,0.09943056106567383,0.07597322016954422,0.05923695117235184
13403,0.0,0.0917046070098877,0.07530522346496582,0.049198150634765625
13404,1.0,0.09911704063415527,0.08226838707923889,0.06930354237556458
13405,1.0,0.0846739411354065,0.07437226921319962,0.04941868409514427
13406,1.0,0.1242484450340271,0.1509488821029663,0.08706028759479523
13407,0.0,0.09393322467803955,0.11786272376775742,0.06158996373414993
13408,0.0,0.09452182054519653,0.10726440697908401,0.07929957658052444
13409,0.0,0.11973774433135986,0.11161930114030838,0.085849829018116
13410,0.0,0.11694145202636719,0.17856132984161377,0.08894277364015579
13933,1.0,0.5170072317123413,0.7028346657752991,0.8062313795089722
13934,1.0,0.3697909116744995,0.5864750146865845,0.46793365478515625
13935,0.0,0.3755888342857361,0.48215168714523315,0.5748235583305359
13936,1.0,0.35962730646133423,0.4364776611328125,0.5689916014671326
13937,0.0,0.3162536025047302,0.36601918935775757,0.46695929765701294
13938,0.0,0.39340120553970337,0.4899946451187134,0.5469136834144592
13939,1.0,0.4310944676399231,0.4743362367153168,0.5637537240982056
13940,1.0,0.36611562967300415,0.4695323705673218,0.6035745143890381
13941,1.0,0.34666121006011963,0.4425981640815735,0.5711208581924438
13942,1.0,0.3295409083366394,0.4323628842830658,0.5316082239151001
13943,1.0,0.3309646248817444,0.35084137320518494,0.5025144219398499
13944,1.0,0.3396373987197876,0.37370702624320984,0.5286980867385864
13945,1.0,0.3065176010131836,0.3642588257789612,0.4998214840888977
13946,1.0,0.2500099539756775,0.36083221435546875,0.43502458930015564
13947,0.0,0.2731190323829651,0.4103165566921234,0.48415371775627136
13948,1.0,0.307758629322052,0.36290279030799866,0.5170089602470398
13949,1.0,0.42766273021698,0.41894832253456116,0.6381491422653198
13950,1.0,0.4582175612449646,0.5536835193634033,0.7542898654937744
13951,1.0,0.5293287038803101,0.7268191576004028,0.8766803741455078
13952,1.0,0.5403839349746704,0.8343570828437805,0.9011212587356567
13953,1.0,0.5357068777084351,0.7646012902259827,0.8874409198760986
13954,1.0,0.4945763349533081,0.6999034285545349,0.8771101832389832
13955,1.0,0.4461599588394165,0.5899704098701477,0.8118137717247009
13956,1.0,0.41037172079086304,0.5898899435997009,0.6868634223937988
13957,1.0,0.40591681003570557,0.6248285174369812,0.6377081274986267
13958,1.0,0.3791278004646301,0.5475443601608276,0.5824005603790283
13959,1.0,0.5005370378494263,0.6361734867095947,0.7504900693893433
13960,1.0,0.4283266067504883,0.6112585663795471,0.6319305896759033
13961,1.0,0.4151604175567627,0.5676745772361755,0.6631635427474976
13962,1.0,0.37160927057266235,0.5598922967910767,0.5791445970535278
13963,1.0,0.2700728178024292,0.4141174256801605,0.4696226418018341
13964,1.0,0.26435959339141846,0.4388127624988556,0.4134281575679779
13965,1.0,0.27201366424560547,0.420833945274353,0.39857017993927
13966,1.0,0.23320269584655762,0.37098371982574463,0.3681590259075165
13967,0.0,0.20022892951965332,0.303492933511734,0.2757563591003418
13968,0.0,0.19390469789505005,0.3376711308956146,0.3214196562767029
13969,0.0,0.20183181762695312,0.2979657053947449,0.326372355222702
13970,1.0,0.19547927379608154,0.28324079513549805,0.26605600118637085
13971,1.0,0.16832715272903442,0.2538180947303772,0.26712098717689514
13972,0.0,0.13190311193466187,0.2505161464214325,0.18250398337841034
13973,0.0,0.13567715883255005,0.213352769613266,0.20795504748821259
13974,0.0,0.16521579027175903,0.21935606002807617,0.19775915145874023
13975,0.0,0.16654866933822632,0.17508083581924438,0.1607477217912674
13976,0.0,0.1863204836845398,0.20146147906780243,0.2042565792798996
13977,0.0,0.12173974514007568,0.18133147060871124,0.1326862871646881
13978,0.0,0.1003904938697815,0.17261497676372528,0.1175474226474762
13979,0.0,0.17834806442260742,0.25377729535102844,0.23444879055023193
13980,1.0,0.201788067817688,0.2637054920196533,0.16099870204925537
13981,0.0,0.19710683822631836,0.2071569561958313,0.1931382715702057
13982,0.0,0.13699442148208618,0.215224027633667,0.15954788029193878
13983,0.0,0.22890126705169678,0.21722936630249023,0.28779247403144836
13984,0.0,0.240153968334198,0.23747681081295013,0.2540616989135742
14507,1.0,0.4239259362220764,0.5231236219406128,0.5840135216712952
14508,1.0,0.39902955293655396,0.49978867173194885,0.5695380568504333
14509,1.0,0.4018057584762573,0.5653178095817566,0.6267403960227966
14510,1.0,0.3983050584793091,0.5496547222137451,0.6021552681922913
14511,1.0,0.38129860162734985,0.5015669465065002,0.5675427913665771
14512,1.0,0.3575674295425415,0.5254762768745422,0.5030605792999268
14513,1.0,0.3776347041130066,0.4651906192302704,0.5424554347991943
14514,1.0,0.36154788732528687,0.49861693382263184,0.5401178598403931
14515,1.0,0.3609920144081116,0.4433646500110626,0.4811737537384033
14516,1.0,0.43166613578796387,0.5104691982269287,0.6502400040626526
14517,1.0,0.3892174959182739,0.5789127349853516,0.5542805790901184
14518,0.0,0.36070287227630615,0.5554600954055786,0.5112887024879456
14519,1.0,0.36204785108566284,0.5079483985900879,0.5228635668754578
14520,0.0,0.3207266330718994,0.36802348494529724,0.40784022212028503
14521,0.0,0.27365559339523315,0.2957249581813812,0.3701041042804718
14522,0.0,0.3489605188369751,0.4050716757774353,0.4800407290458679
14523,1.0,0.34885257482528687,0.45664623379707336,0.42170894145965576
14524,0.0,0.27908629179000854,0.3039250671863556,0.37581807374954224
14525,1.0,0.26930558681488037,0.32185399532318115,0.3863658905029297
14526,0.0,0.3157442808151245,0.3459164798259735,0.4869145154953003
14527,1.0,0.2115594744682312,0.2593441903591156,0.2850956618785858
14528,0.0,0.2705270051956177,0.2705698013305664,0.34718945622444153
14529,1.0,0.2883780598640442,0.29894179105758667,0.36256349086761475
14530,0.0,0.32132816314697266,0.33860811591148376,0.36455491185188293
14531,1.0,0.29687780141830444,0.31397244334220886,0.37596771121025085
14532,0.0,0.2858799695968628,0.3124653995037079,0.29027193784713745
14533,0.0,0.23799282312393188,0.243418350815773,0.31707948446273804
14534,1.0,0.23205041885375977,0.33923467993736267,0.3142528533935547
14535,1.0,0.31461238861083984,0.3168870806694031,0.3244476020336151
14536,0.0,0.27213871479034424,0.29140138626098633,0.3531603515148163
14537,1.0,0.249616801738739,0.30823710560798645,0.35198819637298584
14538,1.0,0.1636972427368164,0.2319774329662323,0.26933524012565613
14539,1.0,0.1909884214401245,0.28828755021095276,0.2991039454936981
14540,1.0,0.2645447850227356,0.39417508244514465,0.43922650814056396
14541,1.0,0.2486911416053772,0.3151690363883972,0.383232444524765
14542,0.0,0.20432662963867188,0.2740499675273895,0.2570187747478485
14543,1.0,0.2357361912727356,0.3136613667011261,0.39612647891044617
14544,1.0,0.2040475606918335,0.24933919310569763,0.29327231645584106
14545,1.0,0.2094631791114807,0.25827664136886597,0.3144329786300659
14546,0.0,0.21469265222549438,0.24208968877792358,0.33156874775886536
14547,0.0,0.183427631855011,0.2036609649658203,0.2727470397949219
14548,1.0,0.2429082989692688,0.2923579216003418,0.3370205760002136
14549,1.0,0.2631534934043884,0.31807655096054077,0.41197383403778076
14550,1.0,0.3153722882270813,0.4319826662540436,0.5454918146133423
14551,1.0,0.2887986898422241,0.36028334498405457,0.4720660448074341
14552,1.0,0.2820606827735901,0.33942654728889465,0.4710780680179596
14553,1.0,0.29665154218673706,0.38359999656677246,0.5100986957550049
14554,1.0,0.3755447268486023,0.5001341700553894,0.5589317083358765
14555,1.0,0.35919928550720215,0.5050839185714722,0.6019423007965088
14556,1.0,0.3750014305114746,0.4800363779067993,0.5654722452163696
14557,1.0,0.2987474799156189,0.3319465219974518,0.44872400164604187
14558,0.0,0.4359462261199951,0.4982417821884155,0.682682991027832
15081,1.0,0.5080175399780273,0.5705195069313049,0.8077959418296814
15082,1.0,0.47177308797836304,0.4667919874191284,0.7271875143051147
15083,1.0,0.4486503601074219,0.4725058972835541,0.7359387278556824
15084,1.0,0.4238273501396179,0.41566550731658936,0.6185948848724365
15085,1.0,0.5251327157020569,0.5417641401290894,0.7531595230102539
15086,1.0,0.4567720890045166,0.5232505202293396,0.6756704449653625
15087,1.0,0.43098586797714233,0.40253910422325134,0.6690710186958313
15088,1.0,0.510672390460968,0.5308791995048523,0.7756515741348267
15089,1.0,0.49093562364578247,0.5544185638427734,0.6948204040527344
15090,1.0,0.3993977904319763,0.41119879484176636,0.6226270198822021
15091,0.0,0.46034693717956543,0.4983357787132263,0.6624636054039001
15092,1.0,0.45182305574417114,0.5139639973640442,0.5997477173805237
15093,1.0,0.4741321802139282,0.4818146228790283,0.5612854957580566
15094,1.0,0.4287506937980652,0.46471115946769714,0.6482110619544983
15095,0.0,0.5187435150146484,0.6026954054832458,0.8141162395477295
15096,1.0,0.4996110200881958,0.6117397546768188,0.7459481954574585
15097,1.0,0.5562998056411743,0.5732799172401428,0.7375394701957703
15098,1.0,0.4777184724807739,0.5546668767929077,0.6562238335609436
15099,1.0,0.4231871962547302,0.46883657574653625,0.5917792916297913
15100,1.0,0.3699398636817932,0.4058073163032532,0.5173047184944153
15101,1.0,0.26801979541778564,0.2892465591430664,0.3370599150657654
15102,1.0,0.34841448068618774,0.357757568359375,0.39082711935043335
15103,0.0,0.2531301975250244,0.30873429775238037,0.2903219163417816
15104,1.0,0.3833249807357788,0.3862101435661316,0.48260703682899475
15105,1.0,0.3935730457305908,0.36931294202804565,0.4405971169471741
15106,1.0,0.39186495542526245,0.4267098903656006,0.5441519618034363
15107,1.0,0.37154197692871094,0.3385174870491028,0.4334268867969513
15108,1.0,0.31743109226226807,0.3117038607597351,0.44310301542282104
15109,1.0,0.3840174674987793,0.4027061462402344,0.4464613199234009
15110,1.0,0.3376760482788086,0.32905274629592896,0.4146428406238556
15111,1.0,0.32144612073898315,0.3381686806678772,0.48287996649742126
15112,1.0,0.24700099229812622,0.3055565059185028,0.48619717359542847
15113,1.0,0.32153135538101196,0.30910587310791016,0.5084422826766968
15114,0.0,0.28181135654449463,0.27849847078323364,0.4522867798805237
15115,0.0,0.36234116554260254,0.41501447558403015,0.572384238243103
15116,1.0,0.3150879740715027,0.38892337679862976,0.4843856394290924
15117,1.0,0.37690269947052,0.43124330043792725,0.6071580648422241
15118,0.0,0.2707951068878174,0.2991107106208801,0.5977625250816345
15119,1.0,0.3152349591255188,0.3443104028701782,0.5676590800285339
15120,1.0,0.3297165632247925,0.37269094586372375,0.5245944261550903
15121,1.0,0.31240302324295044,0.3534017503261566,0.6590335369110107
15122,1.0,0.3398923873901367,0.45175862312316895,0.6271460056304932
15123,1.0,0.33417606353759766,0.42851561307907104,0.5878718495368958
15124,1.0,0.3655080199241638,0.49822601675987244,0.6189442276954651
15125,1.0,0.414726197719574,0.45540186762809753,0.7403571009635925
15126,1.0,0.35888826847076416,0.5063720345497131,0.5958508253097534
15127,1.0,0.3935920000076294,0.46531563997268677,0.7159643769264221
15128,1.0,0.44054919481277466,0.5878109931945801,0.8253983855247498
15129,1.0,0.47185516357421875,0.6330800652503967,0.797501266002655
15130,1.0,0.4549174904823303,0.49006277322769165,0.7263437509536743
15131,1.0,0.2952846884727478,0.297707736492157,0.5709047317504883
15132,0.0,0.532926082611084,0.5189539790153503,0.7863730788230896
15655,0.0,0.13772767782211304,0.2455005943775177,0.1296650916337967
15656,0.0,0.1715782880783081,0.2990707457065582,0.14532281458377838
15657,0.0,0.22002947330474854,0.29461953043937683,0.3185168206691742
15658,1.0,0.22856175899505615,0.2823818027973175,0.23321115970611572
15659,0.0,0.28335702419281006,0.330064982175827,0.2738288640975952
15660,1.0,0.21725553274154663,0.3093501329421997,0.24231721460819244
15661,0.0,0.491769015789032,0.5497028827667236,0.655351996421814
15662,1.0,0.5367714166641235,0.7256624102592468,0.6788166165351868
15663,1.0,0.5458143949508667,0.5832387804985046,0.7370302081108093
15664,1.0,0.6780898571014404,0.7535761594772339,0.9133759140968323
15665,1.0,0.6517435312271118,0.8654031157493591,0.9732714295387268
15666,1.0,0.5914708375930786,0.8053474426269531,0.9315510392189026
15667,1.0,0.5869579315185547,0.7570375800132751,0.9094081521034241
15668,1.0,0.5275973677635193,0.7020092010498047,0.8543578386306763
15669,0.0,0.477558434009552,0.6201760172843933,0.7791314721107483
15670,1.0,0.48931777477264404,0.7199767827987671,0.7850406765937805
15671,1.0,0.5702428817749023,0.6822126507759094,0.9126594662666321
15672,1.0,0.5756747722625732,0.8134939074516296,0.916022002696991
15673,1.0,0.6008005142211914,0.7651458978652954,0.9104150533676147
15674,1.0,0.5801624059677124,0.5915971398353577,0.8547883033752441
15675,1.0,0.4672303795814514,0.6303268671035767,0.8069552183151245
15676,1.0,0.5241708755493164,0.713821530342102,0.8045546412467957
15677,1.0,0.4714723229408264,0.6138697862625122,0.6699744462966919
15678,1.0,0.5217711925506592,0.6307814121246338,0.7718213200569153
15679,1.0,0.3652522563934326,0.4998893141746521,0.3836671710014343
15680,1.0,0.30152153968811035,0.40738463401794434,0.32034265995025635
15681,1.0,0.33950579166412354,0.39829346537590027,0.36216020584106445
15682,1.0,0.27954065799713135,0.33529138565063477,0.19864614307880402
15683,1.0,0.26777881383895874,0.29910409450531006,0.2259363979101181
15684,1.0,0.2754206657409668,0.27523407340049744,0.21323414146900177
15685,1.0,0.2243748903274536,0.24957279860973358,0.19888578355312347
15686,0.0,0.1686384677886963,0.21259775757789612,0.12393885105848312
15687,1.0,0.1933581829071045,0.22760945558547974,0.1872224062681198
15688,1.0,0.1825893521308899,0.18999983370304108,0.14807051420211792
15689,0.0,0.12032502889633179,0.1559574455022812,0.09815637767314911
15690,0.0,0.10849648714065552,0.16297996044158936,0.06261330842971802
15691,0.0,0.11001569032669067,0.1617472767829895,0.07098712772130966
15692,0.0,0.10580134391784668,0.1879144012928009,0.09752188622951508
15693,1.0,0.12672483921051025,0.1655704826116562,0.09277920424938202
15694,1.0,0.16110503673553467,0.19361473619937897,0.1402687132358551
15695,0.0,0.16021382808685303,0.21220089495182037,0.17070691287517548
15696,0.0,0.12943172454833984,0.18466229736804962,0.13259382545948029
15697,0.0,0.13398617506027222,0.16637654602527618,0.11627625674009323
15698,0.0,0.11818283796310425,0.13693393766880035,0.13290542364120483
15699,0.0,0.13725817203521729,0.1767188310623169,0.11627006530761719
15700,0.0,0.14727115631103516,0.19265884160995483,0.14285509288311005
15701,0.0,0.16888171434402466,0.241020068526268,0.13266630470752716
15702,0.0,0.17730844020843506,0.31542402505874634,0.14394986629486084
15703,0.0,0.13239842653274536,0.21300959587097168,0.16570782661437988
15704,0.0,0.13954830169677734,0.16746939718723297,0.201279416680336
15705,0.0,0.16993463039398193,0.15660594403743744,0.24568653106689453
15706,0.0,0.24236345291137695,0.26371750235557556,0.3217148184776306
16229,1.0,0.0838053822517395,0.0716695711016655,0.04880298674106598
16230,0.0,0.09914684295654297,0.10143372416496277,0.07520647346973419
16231,0.0,0.07078319787979126,0.06895142793655396,0.04858266934752464
16232,0.0,0.08316880464553833,0.10057003051042557,0.07962819933891296
16233,0.0,0.08679831027984619,0.08908935636281967,0.09809055924415588
16234,0.0,0.07866436243057251,0.08717984706163406,0.08811549097299576
16235,0.0,0.09719210863113403,0.16274085640907288,0.12605004012584686
16236,0.0,0.09535253047943115,0.1757432520389557,0.11086689680814743
16237,0.0,0.09032332897186279,0.15541678667068481,0.0977063849568367
16238,0.0,0.0855904221534729,0.09203680604696274,0.09134580940008163
16239,0.0,0.08494985103607178,0.08245139569044113,0.09385256469249725
16240,0.0,0.0838160514831543,0.1188426986336708,0.10388050228357315
16241,0.0,0.07281559705734253,0.14914433658123016,0.0868171826004982
16242,0.0,0.06719225645065308,0.1430802345275879,0.10041093081235886
16243,0.0,0.07974928617477417,0.16091705858707428,0.13951805233955383
16244,0.0,0.06480300426483154,0.1346600502729416,0.06601162254810333
16245,0.0,0.06665420532226562,0.1416000872850418,0.06404763460159302
16246,0.0,0.05594247579574585,0.10835251957178116,0.05171492323279381
16247,0.0,0.060878753662109375,0.11707277595996857,0.058447547256946564
16248,0.0,0.05583906173706055,0.08975116908550262,0.056748777627944946
16249,0.0,0.0638156533241272,0.10924720764160156,0.05707896500825882
16250,0.0,0.053484201431274414,0.07965066283941269,0.03692413866519928
16251,0.0,0.048924386501312256,0.07581008970737457,0.03733951598405838
16252,0.0,0.05370521545410156,0.07466951757669449,0.05233283340930939
16253,0.0,0.054306864738464355,0.081303671002388,0.0514109767973423
16254,0.0,0.04192805290222168,0.06355424225330353,0.04142523929476738
16255,0.0,0.044648945331573486,0.063810795545578,0.05334709584712982
16256,0.0,0.04446643590927124,0.06714412569999695,0.05427355319261551
16257,0.0,0.04253661632537842,0.07573653757572174,0.04255478084087372
16258,0.0,0.043448686599731445,0.060011569410562515,0.04233686253428459
16259,0.0,0.042177677154541016,0.04990242049098015,0.043609388172626495
16260,0.0,0.049078404903411865,0.057881735265254974,0.04784601926803589
16261,0.0,0.04578644037246704,0.05270819365978241,0.057517241686582565
16262,0.0,0.044445693492889404,0.060381900519132614,0.025532590225338936
16263,0.0,0.039082109928131104,0.056857336312532425,0.024545352905988693
16264,0.0,0.03696078062057495,0.053643640130758286,0.04614974558353424
16265,0.0,0.04219543933868408,0.0649147555232048,0.03874029591679573
16266,0.0,0.04030716419219971,0.05929356813430786,0.040006350725889206
16267,0.0,0.04055607318878174,0.056262996047735214,0.04165484011173248
16268,0.0,0.03672593832015991,0.04922577366232872,0.0490131601691246
16269,0.0,0.042891621589660645,0.06777417659759521,0.047501325607299805
16270,0.0,0.033611416816711426,0.08506696671247482,0.041999440640211105
16271,0.0,0.03730058670043945,0.06622667610645294,0.0456804484128952
16272,0.0,0.0365564227104187,0.07076973468065262,0.05058695003390312
16273,0.0,0.035826265811920166,0.07719343900680542,0.043287843465805054
16274,0.0,0.03740757703781128,0.067561075091362,0.050316888839006424
16275,0.0,0.041181981563568115,0.07137744873762131,0.038003820925951004
16276,0.0,0.04323476552963257,0.11469370871782303,0.04753619059920311
16277,0.0,0.04772418737411499,0.09067680686712265,0.04460633546113968
16278,0.0,0.044042229652404785,0.11581449955701828,0.038600772619247437
16279,0.0,0.05853980779647827,0.10659994930028915,0.06139383465051651
16280,0.0,0.05305856466293335,0.14786873757839203,0.05975479632616043
16803,1.0,0.20407921075820923,0.2655089199542999,0.24448850750923157
16804,1.0,0.2976745367050171,0.29191285371780396,0.3378757834434509
16805,1.0,0.2501828670501709,0.30505383014678955,0.2769743800163269
16806,1.0,0.22655439376831055,0.29944324493408203,0.2869281470775604
16807,1.0,0.23510289192199707,0.29801252484321594,0.2833671271800995
16808,0.0,0.17957806587219238,0.19249963760375977,0.2063281238079071
16809,0.0,0.192254900932312,0.17585287988185883,0.207267165184021
16810,1.0,0.23580551147460938,0.36917731165885925,0.2986546754837036
16811,1.0,0.3000725507736206,0.40223953127861023,0.4014202654361725
16812,1.0,0.264743447303772,0.2911461591720581,0.2720320522785187
16813,1.0,0.2834516167640686,0.27369099855422974,0.372872531414032
16814,1.0,0.4615360498428345,0.5463688969612122,0.540833055973053
16815,1.0,0.6857753396034241,0.8796880841255188,0.961540699005127
16816,1.0,0.5296050310134888,0.7407968044281006,0.8176801800727844
16817,0.0,0.5552505254745483,0.6608870625495911,0.9632612466812134
16818,1.0,0.6381486654281616,0.8412279486656189,0.988559901714325
16819,1.0,0.6649570465087891,0.9035109281539917,0.9923765063285828
16820,1.0,0.679311990737915,0.8908029198646545,0.996473491191864
16821,1.0,0.6857655644416809,0.8773390650749207,0.9961369633674622
16822,1.0,0.6802834272384644,0.9003900289535522,0.9954392313957214
16823,1.0,0.6954855918884277,0.882037341594696,0.9958277344703674
16824,1.0,0.6763662099838257,0.8853517770767212,0.996538519859314
16825,1.0,0.6780387163162231,0.8534383177757263,0.9961956739425659
16826,1.0,0.6693809628486633,0.8849228024482727,0.9901684522628784
16827,1.0,0.6712734699249268,0.8924745917320251,0.99433434009552
16828,1.0,0.6568152904510498,0.8403911590576172,0.9923785924911499
16829,1.0,0.6526950597763062,0.8640995025634766,0.9909148216247559
16830,1.0,0.6388100385665894,0.8640879392623901,0.9926032423973083
16831,1.0,0.6471689939498901,0.8237730860710144,0.9872822165489197
16832,1.0,0.6234807968139648,0.7993732690811157,0.9826499223709106
16833,1.0,0.604379415512085,0.7986647486686707,0.9780017733573914
16834,1.0,0.5438889265060425,0.7798250317573547,0.9478025436401367
16835,1.0,0.5608429312705994,0.7889432907104492,0.96151202917099
16836,1.0,0.5762677192687988,0.7835032939910889,0.970511794090271
16837,1.0,0.5307071208953857,0.7858585715293884,0.9254665970802307
16838,1.0,0.5368226170539856,0.7184306979179382,0.9295312762260437
16839,1.0,0.47710371017456055,0.616961658000946,0.8151386380195618
16840,1.0,0.5217375755310059,0.5394858717918396,0.9022060632705688
16841,1.0,0.5519388318061829,0.5282293558120728,0.885590136051178
16842,1.0,0.524659276008606,0.433998703956604,0.8251243233680725
16843,1.0,0.5331746935844421,0.43750691413879395,0.824572741985321
16844,1.0,0.4614889621734619,0.5187512040138245,0.7795827388763428
16845,1.0,0.5371389389038086,0.5905800461769104,0.872604250907898
16846,1.0,0.5218839049339294,0.5283980369567871,0.8059013485908508
16847,1.0,0.47772616147994995,0.5311593413352966,0.7901629209518433
16848,1.0,0.5335723161697388,0.4493909776210785,0.8656032681465149
16849,1.0,0.5314727425575256,0.4400719106197357,0.8167127966880798
16850,1.0,0.5353294610977173,0.4452136158943176,0.8691531419754028
16851,1.0,0.5287312269210815,0.459791362285614,0.8310275077819824
16852,1.0,0.5765582323074341,0.4940003454685211,0.8804787397384644
16853,1.0,0.3420554995536804,0.40828946232795715,0.5594979524612427
16854,1.0,0.5818285942077637,0.4847608506679535,0.9243822693824768
17377,0.0,0.16828322410583496,0.21163524687290192,0.20130759477615356
17378,0.0,0.17269450426101685,0.19651542603969574,0.14288514852523804
17379,0.0,0.17657876014709473,0.2223275750875473,0.16116270422935486
17380,0.0,0.1878427267074585,0.21840663254261017,0.15791738033294678
17381,0.0,0.12467813491821289,0.12687140703201294,0.12660595774650574
17382,0.0,0.10691326856613159,0.12219288945198059,0.10514494776725769
17383,0.0,0.08477860689163208,0.10204340517520905,0.07266151160001755
17384,0.0,0.16869735717773438,0.20592182874679565,0.1529998928308487
17385,0.0,0.16305607557296753,0.19739778339862823,0.120601125061512
17386,0.0,0.17605352401733398,0.2112022340297699,0.16631096601486206
17387,0.0,0.3659939765930176,0.5479221343994141,0.5217441320419312
17388,0.0,0.4565659165382385,0.6316242218017578,0.5404183268547058
17389,0.0,0.36094778776168823,0.4252829849720001,0.40957024693489075
17390,0.0,0.28029757738113403,0.393743097782135,0.4299723207950592
17391,0.0,0.3214232921600342,0.37507200241088867,0.37533265352249146
17392,0.0,0.2673645615577698,0.3720266819000244,0.2693973183631897
17393,0.0,0.2841581702232361,0.3171938955783844,0.3146747350692749
17394,0.0,0.20520776510238647,0.2769136428833008,0.21924224495887756
17395,0.0,0.23913884162902832,0.2552793025970459,0.2313484102487564
17396,0.0,0.15611028671264648,0.18666021525859833,0.12743620574474335
17397,0.0,0.16588443517684937,0.19640129804611206,0.12998440861701965
17398,0.0,0.09345132112503052,0.13017286360263824,0.07396712899208069
17399,0.0,0.15334272384643555,0.15532729029655457,0.13235071301460266
17400,0.0,0.09964162111282349,0.12944823503494263,0.0663955956697464
17401,0.0,0.13975220918655396,0.1261429488658905,0.1158440113067627
17402,0.0,0.0743759274482727,0.09968777000904083,0.06031687185168266
17403,0.0,0.06908810138702393,0.09902019798755646,0.048378102481365204
17404,0.0,0.05620694160461426,0.06582342088222504,0.039255138486623764
17405,0.0,0.1136431097984314,0.10725687444210052,0.09908875823020935
17406,0.0,0.13269919157028198,0.10086622089147568,0.08751550316810608
17407,0.0,0.08591735363006592,0.09873645007610321,0.0668272152543068
17408,0.0,0.06622755527496338,0.08853930234909058,0.05134081467986107
17409,0.0,0.10836440324783325,0.0983276218175888,0.08349554985761642
17410,0.0,0.11511147022247314,0.1013779491186142,0.07754907011985779
17411,0.0,0.11421817541122437,0.11781937628984451,0.07574717700481415
17412,0.0,0.10745614767074585,0.10367754101753235,0.07795485854148865
17413,0.0,0.11621493101119995,0.10171045362949371,0.07314910739660263
17414,0.0,0.09435784816741943,0.08916691690683365,0.07728824764490128
17415,0.0,0.0677565336227417,0.08534260839223862,0.05292574688792229
17416,0.0,0.0984380841255188,0.0962863638997078,0.06906214356422424
17417,0.0,0.05746328830718994,0.05788027495145798,0.036292966455221176
17418,0.0,0.09625637531280518,0.11499487608671188,0.07880173623561859
17419,0.0,0.05890852212905884,0.06729304790496826,0.043463803827762604
17420,0.0,0.06576251983642578,0.08038852363824844,0.05311345309019089
17421,0.0,0.056216657161712646,0.06781093776226044,0.04361613467335701
17422,0.0,0.054615557193756104,0.06331439316272736,0.0396595224738121
17423,0.0,0.08794188499450684,0.06237134337425232,0.07661377638578415
17424,0.0,0.11708760261535645,0.12246482819318771,0.07040713727474213
17425,0.0,0.12828463315963745,0.10541467368602753,0.10748156160116196
17426,0.0,0.08473306894302368,0.0766800045967102,0.06440436094999313
17427,0.0,0.10712218284606934,0.1056629940867424,0.08823688328266144
17428,0.0,0.1626417636871338,0.12182372808456421,0.13758839666843414
17951,1.0,0.40623903274536133,0.38037171959877014,0.4742985963821411
17952,1.0,0.37221968173980713,0.33562958240509033,0.31926023960113525
17953,0.0,0.33627939224243164,0.3180559575557709,0.31683439016342163
17954,1.0,0.31662166118621826,0.34876784682273865,0.35863521695137024
17955,0.0,0.2418789267539978,0.20595790445804596,0.2953459322452545
17956,0.0,0.22647005319595337,0.22131286561489105,0.2965669631958008
17957,0.0,0.19365793466567993,0.2027866393327713,0.23824311792850494
17958,0.0,0.19959688186645508,0.22337275743484497,0.1962718367576599
17959,0.0,0.29074591398239136,0.3317064940929413,0.3632000684738159
17960,1.0,0.30442750453948975,0.32804232835769653,0.34647050499916077
17961,1.0,0.29033273458480835,0.2508395314216614,0.29139789938926697
17962,0.0,0.2997232675552368,0.26126807928085327,0.3533654510974884
17963,1.0,0.25582408905029297,0.31503790616989136,0.2168416976928711
17964,1.0,0.2904977798461914,0.253875732421875,0.3023327887058258
17965,0.0,0.25751757621765137,0.20352420210838318,0.3113566040992737
17966,1.0,0.25565361976623535,0.2513218820095062,0.28672459721565247
17967,0.0,0.19992780685424805,0.2252906858921051,0.2238597869873047
17968,0.0,0.14673864841461182,0.16384798288345337,0.13790534436702728
17969,0.0,0.13196128606796265,0.1630614697933197,0.13102364540100098
17970,0.0,0.20037680864334106,0.23153629899024963,0.2146785706281662
17971,0.0,0.20704424381256104,0.165716290473938,0.262914776802063
17972,0.0,0.13380879163742065,0.16364578902721405,0.15052594244480133
17973,0.0,0.13551747798919678,0.1504162698984146,0.13111312687397003
17974,0.0,0.15809941291809082,0.19506853818893433,0.1738600730895996
17975,0.0,0.13906806707382202,0.13775186240673065,0.1506209373474121
17976,0.0,0.15343225002288818,0.18353499472141266,0.18480932712554932
17977,0.0,0.149591326713562,0.12734352052211761,0.16356557607650757
17978,0.0,0.17545092105865479,0.21435169875621796,0.32131728529930115
17979,1.0,0.25324517488479614,0.22666692733764648,0.3169742822647095
17980,0.0,0.22990864515304565,0.22497138381004333,0.2450440526008606
17981,0.0,0.19021886587142944,0.21308574080467224,0.22310039401054382
17982,0.0,0.17172563076019287,0.20639818906784058,0.290875107049942
17983,0.0,0.18128913640975952,0.148312047123909,0.20718972384929657
17984,0.0,0.10250455141067505,0.1498180478811264,0.11261121928691864
17985,0.0,0.12179255485534668,0.15364374220371246,0.13963979482650757
17986,0.0,0.17276734113693237,0.16706271469593048,0.22597001492977142
17987,0.0,0.12640470266342163,0.1415988802909851,0.19526776671409607
17988,0.0,0.11458128690719604,0.1638338714838028,0.13401968777179718
17989,0.0,0.13602805137634277,0.12036125361919403,0.16598738729953766
17990,0.0,0.15826624631881714,0.16472578048706055,0.2052060067653656
17991,0.0,0.15866351127624512,0.23604781925678253,0.18365679681301117
17992,0.0,0.16614699363708496,0.14657434821128845,0.21769164502620697
17993,0.0,0.17298895120620728,0.19995537400245667,0.2900901138782501
17994,1.0,0.18693113327026367,0.2110523283481598,0.3629257082939148
17995,0.0,0.18752378225326538,0.1626785546541214,0.23057352006435394
17996,0.0,0.19435399770736694,0.2101505994796753,0.24690252542495728
17997,1.0,0.2532638907432556,0.2900335192680359,0.3857002556324005
17998,0.0,0.25287389755249023,0.2343798279762268,0.36945775151252747
17999,0.0,0.21151846647262573,0.21081595122814178,0.29541805386543274
18000,0.0,0.2378196120262146,0.1928907334804535,0.312119722366333
18001,0.0,0.23519963026046753,0.18385033309459686,0.4322497248649597
18002,0.0,0.24132627248764038,0.25119659304618835,0.31424450874328613
18525,1.0,0.21485179662704468,0.3042271137237549,0.3012775182723999
18526,1.0,0.6210321187973022,0.795397162437439,0.8841639757156372
18527,1.0,0.40124189853668213,0.5849812030792236,0.5827738046646118
18528,1.0,0.36821264028549194,0.4636824131011963,0.5326526165008545
18529,1.0,0.3158416748046875,0.4291378855705261,0.4715019464492798
18530,1.0,0.3621135950088501,0.4954460561275482,0.5980861783027649
18531,1.0,0.519169807434082,0.545960009098053,0.7730658054351807
18532,1.0,0.5488792061805725,0.7262250781059265,0.8286725878715515
18533,1.0,0.4445692300796509,0.573218822479248,0.7252400517463684
18534,1.0,0.363696813583374,0.300796240568161,0.5567507743835449
18535,1.0,0.3196179270744324,0.2528007924556732,0.4514944553375244
18536,1.0,0.2848988175392151,0.31701958179473877,0.4145732522010803
18537,1.0,0.3236011862754822,0.4712022542953491,0.488373726606369
18538,1.0,0.3360828757286072,0.42501094937324524,0.4880255162715912
18539,0.0,0.25739210844039917,0.42359063029289246,0.3566688895225525
18540,1.0,0.28223562240600586,0.3777528405189514,0.35486167669296265
18541,1.0,0.3712286949157715,0.3690837025642395,0.5047905445098877
18542,1.0,0.2687150835990906,0.4529888331890106,0.31383174657821655
18543,1.0,0.27315735816955566,0.3862784206867218,0.44681689143180847
18544,1.0,0.3095143437385559,0.2887136936187744,0.4051164984703064
18545,1.0,0.2867082953453064,0.2868671119213104,0.370922714471817
18546,1.0,0.2174677848815918,0.27396684885025024,0.2848851680755615
18547,1.0,0.2258281707763672,0.26686614751815796,0.37569162249565125
18548,1.0,0.22915607690811157,0.26824289560317993,0.44619694352149963
18549,1.0,0.24298334121704102,0.28310301899909973,0.3323834538459778
18550,1.0,0.21678096055984497,0.2413395643234253,0.3014253079891205
18551,1.0,0.32729852199554443,0.38892361521720886,0.549357533454895
18552,1.0,0.28580570220947266,0.2955588400363922,0.4028984010219574
18553,1.0,0.3056568503379822,0.3206210434436798,0.547454297542572
18554,1.0,0.3106815814971924,0.30387556552886963,0.5603664517402649
18555,1.0,0.39505070447921753,0.538682758808136,0.7268502116203308
18556,1.0,0.4451567530632019,0.5427062511444092,0.713259756565094
18557,1.0,0.30299991369247437,0.367690771818161,0.6375918984413147
18558,1.0,0.2685176730155945,0.2837837040424347,0.5764943957328796
18559,1.0,0.20313042402267456,0.24462682008743286,0.47827136516571045
18560,1.0,0.1745792031288147,0.19246447086334229,0.3481670320034027
18561,1.0,0.16789013147354126,0.16531191766262054,0.3020014762878418
18562,1.0,0.17081069946289062,0.1648380309343338,0.2831437885761261
18563,1.0,0.18974047899246216,0.17971158027648926,0.4468079209327698
18564,1.0,0.20334786176681519,0.1813913732767105,0.41438066959381104
18565,1.0,0.22403109073638916,0.19912445545196533,0.5277707576751709
18566,1.0,0.18288886547088623,0.17408902943134308,0.32672402262687683
18567,1.0,0.18810951709747314,0.15597723424434662,0.36798757314682007
18568,1.0,0.19933003187179565,0.17480985820293427,0.42041248083114624
18569,1.0,0.17219555377960205,0.12181330472230911,0.3033789396286011
18570,1.0,0.13903182744979858,0.08738802373409271,0.20869240164756775
18571,1.0,0.13875901699066162,0.09800691157579422,0.19528715312480927
18572,1.0,0.10210633277893066,0.15358299016952515,0.11710581183433533
18573,0.0,0.10569959878921509,0.21408012509346008,0.1126602441072464
18574,0.0,0.1397716999053955,0.21181046962738037,0.1492355912923813
18575,1.0,0.17958545684814453,0.11782998591661453,0.13402026891708374
18576,1.0,0.3247445821762085,0.44722670316696167,0.5770350694656372
19099,0.0,0.32250767946243286,0.357596755027771,0.2698783278465271
19100,0.0,0.3178151845932007,0.3663955330848694,0.2744126319885254
19101,0.0,0.2791403532028198,0.3848387598991394,0.31581637263298035
19102,0.0,0.3832651376724243,0.5140679478645325,0.5153305530548096
19103,0.0,0.32819175720214844,0.4209426939487457,0.30425772070884705
19104,0.0,0.24003350734710693,0.22602412104606628,0.1763501763343811
19105,0.0,0.3038715720176697,0.45476552844047546,0.27767953276634216
19106,0.0,0.303256630897522,0.4514399766921997,0.2573641240596771
19107,0.0,0.29210883378982544,0.32786113023757935,0.23794451355934143
19108,0.0,0.24695956707000732,0.2186470776796341,0.17427997291088104
19109,0.0,0.2458513379096985,0.23309196531772614,0.22060497105121613
19110,0.0,0.20586234331130981,0.18425844609737396,0.16677255928516388
19111,0.0,0.36066097021102905,0.345094233751297,0.33537060022354126
19112,0.0,0.24789249897003174,0.34881657361984253,0.15215986967086792
19113,0.0,0.35367894172668457,0.5664486885070801,0.435537189245224
19114,0.0,0.38067352771759033,0.6648134589195251,0.38596564531326294
19115,0.0,0.3502497673034668,0.5633338689804077,0.3236888349056244
19116,0.0,0.2660088539123535,0.49239522218704224,0.19267328083515167
19117,0.0,0.2915661931037903,0.41975095868110657,0.17503167688846588
19118,0.0,0.22128868103027344,0.2450331300497055,0.15266141295433044
19119,0.0,0.23952126502990723,0.24124933779239655,0.17072758078575134
19120,0.0,0.1726377010345459,0.19953526556491852,0.10001662373542786
19121,0.0,0.20730990171432495,0.2201874852180481,0.11987893283367157
19122,0.0,0.24969249963760376,0.2729470729827881,0.26059457659721375
19123,0.0,0.19017499685287476,0.1891690194606781,0.116896852850914
19124,0.0,0.17488908767700195,0.21384775638580322,0.08540470898151398
19125,0.0,0.1606205701828003,0.19768013060092926,0.09112217277288437
19126,0.0,0.19218933582305908,0.23638182878494263,0.1444775015115738
19127,0.0,0.2218063473701477,0.2688644528388977,0.20764563977718353
19128,0.0,0.12445122003555298,0.18648749589920044,0.06275958567857742
19129,0.0,0.12644344568252563,0.16482971608638763,0.08533237129449844
19130,0.0,0.10307556390762329,0.17608782649040222,0.06826230138540268
19131,0.0,0.10004466772079468,0.11900108307600021,0.045078862458467484
19132,0.0,0.10533022880554199,0.11631391197443008,0.05076996609568596
19133,0.0,0.07735985517501831,0.09586947411298752,0.03313806653022766
19134,0.0,0.07103562355041504,0.08482353389263153,0.032761260867118835
19135,0.0,0.06987476348876953,0.08882252871990204,0.03379741311073303
19136,0.0,0.05793112516403198,0.07766540348529816,0.030933605507016182
19137,0.0,0.04189425706863403,0.06767067313194275,0.017271121963858604
19138,0.0,0.06553196907043457,0.0748402327299118,0.028553934767842293
19139,0.0,0.07365727424621582,0.08550203591585159,0.027880162000656128
19140,0.0,0.0789874792098999,0.09596491605043411,0.032592374831438065
19141,0.0,0.05191624164581299,0.07955960929393768,0.02147355116903782
19142,0.0,0.1066429615020752,0.11631781607866287,0.07249864935874939
19143,0.0,0.08199745416641235,0.09676540642976761,0.029025977477431297
19144,0.0,0.09973675012588501,0.10838853567838669,0.03767607361078262
19145,0.0,0.08980739116668701,0.11546266824007034,0.03355314955115318
19146,0.0,0.06587910652160645,0.08767770230770111,0.023775191977620125
19147,0.0,0.08321315050125122,0.11178068816661835,0.04206497222185135
19148,0.0,0.095176100730896,0.11789637058973312,0.04364466667175293
19149,0.0,0.10696440935134888,0.13188348710536957,0.06191055104136467
19150,0.0,0.12204813957214355,0.13955579698085785,0.06858368217945099
19673,1.0,0.17121171951293945,0.18834543228149414,0.21517044305801392
19674,1.0,0.19096052646636963,0.23488253355026245,0.2311583310365677
19675,1.0,0.21682316064834595,0.1956237256526947,0.2848649024963379
19676,1.0,0.2083287239074707,0.2294752299785614,0.3253019452095032
19677,1.0,0.15255779027938843,0.16907016932964325,0.20816020667552948
19678,1.0,0.17479944229125977,0.201790913939476,0.22760169208049774
19679,1.0,0.19875186681747437,0.2030678242444992,0.23903891444206238
19680,1.0,0.17776882648468018,0.23421534895896912,0.21698173880577087
19681,1.0,0.15579211711883545,0.13686835765838623,0.2910107970237732
19682,1.0,0.15831148624420166,0.18349885940551758,0.24905385076999664
19683,1.0,0.12264502048492432,0.1619212031364441,0.1373254358768463
19684,1.0,0.11250770092010498,0.13879385590553284,0.14504164457321167
19685,1.0,0.27860474586486816,0.3162645101547241,0.46261680126190186
19686,1.0,0.15730690956115723,0.23045562207698822,0.18837016820907593
19687,1.0,0.2359033226966858,0.26482468843460083,0.33147498965263367
19688,1.0,0.21162086725234985,0.2009783387184143,0.2676399052143097
19689,1.0,0.16166281700134277,0.3544507920742035,0.17886798083782196
19690,1.0,0.13216429948806763,0.1644531488418579,0.15235461294651031
19691,1.0,0.07013440132141113,0.12376141548156738,0.05907270684838295
19692,1.0,0.14886486530303955,0.14780199527740479,0.1697579175233841
19693,1.0,0.1004839539527893,0.13884826004505157,0.09913591295480728
19694,1.0,0.072445809841156,0.09466878324747086,0.08511313050985336
19695,1.0,0.09652233123779297,0.13126890361309052,0.09619308263063431
19696,1.0,0.12930506467819214,0.09831450134515762,0.12309463322162628
19697,1.0,0.10155284404754639,0.11302507668733597,0.09074781835079193
19698,1.0,0.06986755132675171,0.06919924914836884,0.06436697393655777
19699,1.0,0.06535226106643677,0.07036828249692917,0.0504734106361866
19700,1.0,0.0890352725982666,0.13211765885353088,0.09028266370296478
19701,1.0,0.06754308938980103,0.08772341907024384,0.07420516014099121
19702,1.0,0.06238609552383423,0.10038977116346359,0.056107860058546066
19703,1.0,0.043619394302368164,0.06950078159570694,0.07104159891605377
19704,1.0,0.049796998500823975,0.0866481140255928,0.04575422778725624
19705,1.0,0.0781359076499939,0.06746906042098999,0.10554962605237961
19706,1.0,0.050235211849212646,0.09669766575098038,0.04913386330008507
19707,1.0,0.04614537954330444,0.05773727595806122,0.04260561615228653
19708,1.0,0.054126083850860596,0.09230100363492966,0.04397990182042122
19709,1.0,0.032632648944854736,0.07187004387378693,0.03473324701189995
19710,1.0,0.07916468381881714,0.1412833034992218,0.17619921267032623
19711,1.0,0.12827461957931519,0.17079362273216248,0.3883087635040283
19712,1.0,0.08831501007080078,0.10110942274332047,0.11286619305610657
19713,1.0,0.10532176494598389,0.13204452395439148,0.14072087407112122
19714,1.0,0.10120278596878052,0.13735252618789673,0.21689373254776
19715,1.0,0.12062716484069824,0.16401851177215576,0.1921103596687317
19716,1.0,0.12466740608215332,0.21591129899024963,0.31463155150413513
19717,1.0,0.17992514371871948,0.1574184149503708,0.3823469579219818
19718,1.0,0.12723875045776367,0.15449953079223633,0.13451091945171356
19719,1.0,0.19385766983032227,0.3122650682926178,0.2202298939228058
19720,1.0,0.16962909698486328,0.3030228316783905,0.19587603211402893
19721,1.0,0.1798335313796997,0.24920567870140076,0.19573284685611725
19722,1.0,0.15935903787612915,0.2064596563577652,0.22421370446681976
19723,1.0,0.32696759700775146,0.27673080563545227,0.47247305512428284
19724,1.0,0.2853314280509949,0.2937676012516022,0.30727845430374146
20247,0.0,0.05519205331802368,0.06931047141551971,0.025496702641248703
20248,0.0,0.053755879402160645,0.05986038222908974,0.030889399349689484
20249,0.0,0.05221801996231079,0.06940138339996338,0.03102041780948639
20250,0.0,0.055443525314331055,0.06991691887378693,0.037542324513196945
20251,0.0,0.05021095275878906,0.08706171065568924,0.028397565707564354
20252,0.0,0.051425397396087646,0.09245922416448593,0.04964001849293709
20253,0.0,0.05402863025665283,0.06159123033285141,0.03377009928226471
20254,0.0,0.05025738477706909,0.06283948570489883,0.02867697738111019
20255,0.0,0.054454267024993896,0.06320260465145111,0.02685992233455181
20256,0.0,0.04582184553146362,0.08907853811979294,0.026161910966038704
20257,0.0,0.051425397396087646,0.08866599947214127,0.04218655452132225
20258,0.0,0.049720704555511475,0.06509312242269516,0.03009229153394699
20259,0.0,0.0533214807510376,0.06271278858184814,0.037330176681280136
20260,0.0,0.05488097667694092,0.06480268388986588,0.03468771651387215
20261,0.0,0.05601644515991211,0.060996875166893005,0.03952335566282272
20262,0.0,0.04987996816635132,0.06808101385831833,0.026497824117541313
20263,0.0,0.04705327749252319,0.08692176640033722,0.026972457766532898
20264,0.0,0.044368624687194824,0.08312458544969559,0.024566195905208588
20265,0.0,0.040254056453704834,0.0954802855849266,0.027621634304523468
20266,0.0,0.04163646697998047,0.07192329317331314,0.02337018959224224
20267,0.0,0.04213142395019531,0.08393875509500504,0.025239819660782814
20268,0.0,0.03555798530578613,0.09908168762922287,0.023760134354233742
20269,0.0,0.03565502166748047,0.09098026901483536,0.020313555374741554
20270,0.0,0.03804624080657959,0.07052046805620193,0.0212801992893219
20271,0.0,0.03818809986114502,0.08940889686346054,0.02397249825298786
20272,0.0,0.03151339292526245,0.07248211652040482,0.02404063753783703
20273,0.0,0.03198516368865967,0.0723981037735939,0.024996578693389893
20274,0.0,0.03156280517578125,0.059407610446214676,0.025416366755962372
20275,0.0,0.031582534313201904,0.05339358001947403,0.022894907742738724
20276,0.0,0.031593382358551025,0.05129237100481987,0.02346251718699932
20277,0.0,0.029430270195007324,0.04667983204126358,0.01748877391219139
20278,0.0,0.029196083545684814,0.06042425334453583,0.017300663515925407
20279,0.0,0.028941214084625244,0.046703848987817764,0.01937475986778736
20280,0.0,0.02869337797164917,0.048852816224098206,0.017805280163884163
20281,0.0,0.026473283767700195,0.05261622741818428,0.01613643765449524
20282,0.0,0.026476383209228516,0.046617113053798676,0.01485956646502018
20283,0.0,0.02612680196762085,0.030053583905100822,0.013264941051602364
20284,0.0,0.02565521001815796,0.0398872047662735,0.012591967359185219
20285,0.0,0.026299118995666504,0.05093267932534218,0.013565958477556705
20286,0.0,0.028649210929870605,0.05368432402610779,0.012260894291102886
20287,0.0,0.02897322177886963,0.051534101366996765,0.013795202597975731
20288,0.0,0.030562281608581543,0.051202379167079926,0.019172756001353264
20289,0.0,0.02903306484222412,0.05574855953454971,0.01662653684616089
20290,0.0,0.03421050310134888,0.07922879606485367,0.026412177830934525
20291,0.0,0.03550153970718384,0.05488257110118866,0.020776880905032158
20292,0.0,0.033458411693573,0.06126147508621216,0.020430682227015495
20293,0.0,0.03550153970718384,0.05965286120772362,0.020776880905032158
20294,0.0,0.037635207176208496,0.09307096898555756,0.022607367485761642
20295,0.0,0.049050748348236084,0.1274731457233429,0.028916731476783752
20296,0.0,0.043638527393341064,0.12157002836465836,0.03701822832226753
20297,0.0,0.06039845943450928,0.05153559520840645,0.04781503975391388
20298,0.0,0.05943572521209717,0.08043768256902695,0.05385759472846985
20821,1.0,0.30615997314453125,0.2970437705516815,0.34295156598091125
20822,1.0,0.20095545053482056,0.3028944134712219,0.19444358348846436
20823,0.0,0.26723718643188477,0.2726844847202301,0.30581721663475037
20824,1.0,0.2316133975982666,0.32943835854530334,0.22246181964874268
20825,1.0,0.25037312507629395,0.32580357789993286,0.3000803589820862
20826,1.0,0.22325390577316284,0.3110562562942505,0.23542287945747375
20827,1.0,0.13302820920944214,0.17418968677520752,0.121095210313797
20828,0.0,0.09419524669647217,0.11042308807373047,0.09544995427131653
20829,0.0,0.09008461236953735,0.12317536771297455,0.08195040374994278
20830,0.0,0.0845637321472168,0.1081215888261795,0.06179921701550484
20831,0.0,0.080838143825531,0.11069351434707642,0.08500703424215317
20832,0.0,0.17688840627670288,0.23064574599266052,0.2587396204471588
20833,1.0,0.09902209043502808,0.11548443883657455,0.08683179318904877
20834,0.0,0.08846956491470337,0.08691933006048203,0.08284435421228409
20835,0.0,0.08867210149765015,0.11684953421354294,0.09469562023878098
20836,0.0,0.08266770839691162,0.11954757571220398,0.07910121977329254
20837,0.0,0.08481252193450928,0.10677195340394974,0.09517726302146912
20838,0.0,0.07796859741210938,0.10567138344049454,0.09407050907611847
20839,0.0,0.07220476865768433,0.06283387541770935,0.07863975316286087
20840,0.0,0.07101452350616455,0.07065834105014801,0.07973063737154007
20841,0.0,0.06845587491989136,0.057699304074048996,0.07034381479024887
20842,0.0,0.11461150646209717,0.10877449065446854,0.14226660132408142
20843,1.0,0.07479184865951538,0.07574807852506638,0.07519231736660004
20844,0.0,0.07067376375198364,0.0756719708442688,0.07207857817411423
20845,0.0,0.06489181518554688,0.07168478518724442,0.06059577688574791
20846,0.0,0.0617443323135376,0.06073889881372452,0.05943909287452698
20847,0.0,0.05907928943634033,0.04838542640209198,0.08085133135318756
20848,0.0,0.0599096417427063,0.05336085706949234,0.0872744619846344
20849,0.0,0.05609560012817383,0.05244847759604454,0.07700247317552567
20850,0.0,0.060034751892089844,0.06540574133396149,0.07554075121879578
20851,0.0,0.050912320613861084,0.06308465451002121,0.06635849177837372
20852,0.0,0.05069255828857422,0.04589318111538887,0.05600227788090706
20853,0.0,0.05039852857589722,0.04168757051229477,0.056125931441783905
20854,0.0,0.05045193433761597,0.05158602446317673,0.06178421527147293
20855,0.0,0.03230959177017212,0.031224733218550682,0.03367828205227852
20856,0.0,0.03275173902511597,0.03080194815993309,0.03467438742518425
20857,0.0,0.03121238946914673,0.03204667195677757,0.02921764925122261
20858,0.0,0.03332716226577759,0.061350442469120026,0.03624967858195305
20859,0.0,0.03268963098526001,0.037383414804935455,0.03250882774591446
20860,0.0,0.03651493787765503,0.03666788712143898,0.029087861999869347
20861,0.0,0.037018656730651855,0.040181126445531845,0.030230574309825897
20862,0.0,0.036682188510894775,0.08605572581291199,0.049845293164253235
20863,0.0,0.03602635860443115,0.08488137274980545,0.04672699794173241
20864,0.0,0.04017353057861328,0.07545390725135803,0.055949896574020386
20865,0.0,0.043511033058166504,0.10471266508102417,0.06242863088846207
20866,0.0,0.04014706611633301,0.04674217104911804,0.052711162716150284
20867,0.0,0.04100239276885986,0.08842448890209198,0.05759287625551224
20868,0.0,0.04991781711578369,0.054251376539468765,0.05416024476289749
20869,0.0,0.05630737543106079,0.1139000803232193,0.07621937245130539
20870,0.0,0.05730772018432617,0.09895268827676773,0.08320882171392441
20871,0.0,0.09069609642028809,0.07582437992095947,0.1337413638830185
20872,0.0,0.11970680952072144,0.1494230031967163,0.1574370414018631
21395,1.0,0.6265535354614258,0.8268953561782837,0.9787059426307678
21396,1.0,0.6704229116439819,0.8949969410896301,0.9910547137260437
21397,1.0,0.6413069367408752,0.8913582563400269,0.9801986813545227
21398,1.0,0.6423394680023193,0.8577479124069214,0.9846142530441284
21399,1.0,0.6357525587081909,0.9100884795188904,0.9771999716758728
21400,1.0,0.6184191703796387,0.8174394965171814,0.9503092765808105
21401,1.0,0.6602776050567627,0.8886056542396545,0.9843950271606445
21402,1.0,0.6641545295715332,0.9195964336395264,0.982992947101593
21403,1.0,0.6748409867286682,0.9077643752098083,0.9944473505020142
21404,1.0,0.6482698917388916,0.9007056951522827,0.9895598888397217
21405,1.0,0.6520598530769348,0.9219616651535034,0.9921255707740784
21406,1.0,0.6571131944656372,0.9216858744621277,0.9886481165885925
21407,1.0,0.6733550429344177,0.8936852812767029,0.9968731999397278
21408,1.0,0.5502128601074219,0.763646125793457,0.966358482837677
21409,0.0,0.410658061504364,0.639297604560852,0.8851941823959351
21410,1.0,0.5490373969078064,0.7536070346832275,0.951848566532135
21411,1.0,0.6282870769500732,0.7559942603111267,0.9844328165054321
21412,1.0,0.6193164587020874,0.8321549296379089,0.976610541343689
21413,1.0,0.6289989948272705,0.8787310719490051,0.9893814325332642
21414,1.0,0.633604109287262,0.8604127168655396,0.9893143177032471
21415,1.0,0.6345421075820923,0.8166013360023499,0.977527379989624
21416,1.0,0.6027971506118774,0.815076470375061,0.9746228456497192
21417,1.0,0.6241821050643921,0.8205006718635559,0.968024730682373
21418,1.0,0.6218612194061279,0.8735129833221436,0.9590200781822205
21419,1.0,0.5992499589920044,0.8173691034317017,0.9049879908561707
21420,1.0,0.564328670501709,0.7981708645820618,0.8496795892715454
21421,1.0,0.5383965969085693,0.6795616745948792,0.7636594176292419
21422,1.0,0.5275782942771912,0.6415542364120483,0.7311402559280396
21423,1.0,0.39459657669067383,0.35204270482063293,0.5128650665283203
21424,1.0,0.35832470655441284,0.3239520192146301,0.46481215953826904
21425,1.0,0.34626495838165283,0.4225827157497406,0.5131523609161377
21426,1.0,0.34451591968536377,0.4707255959510803,0.5094071626663208
21427,0.0,0.2659723162651062,0.3033742606639862,0.3824506998062134
21428,1.0,0.33353090286254883,0.38213321566581726,0.5541115403175354
21429,1.0,0.2987445592880249,0.3823237717151642,0.38644322752952576
21430,1.0,0.2903233766555786,0.400259405374527,0.5364652872085571
21431,1.0,0.25234031677246094,0.38600462675094604,0.36099836230278015
21432,0.0,0.23119348287582397,0.3593803942203522,0.3765937089920044
21433,0.0,0.24832099676132202,0.2977224290370941,0.3872082531452179
21434,1.0,0.32056665420532227,0.31180718541145325,0.47078609466552734
21435,1.0,0.2738683223724365,0.3410521447658539,0.33270853757858276
21436,0.0,0.25731486082077026,0.34044113755226135,0.47656914591789246
21437,1.0,0.30092132091522217,0.39298051595687866,0.5055028796195984
21438,1.0,0.2766190767288208,0.3154139816761017,0.42989516258239746
21439,1.0,0.27486711740493774,0.30214831233024597,0.40417206287384033
21440,1.0,0.42475807666778564,0.45886510610580444,0.7010664343833923
21441,1.0,0.34577232599258423,0.46461373567581177,0.5708571076393127
21442,1.0,0.409792959690094,0.5213853716850281,0.7432158589363098
21443,1.0,0.3814782500267029,0.4751202464103699,0.6307464241981506
21444,1.0,0.37590330839157104,0.5633102655410767,0.5762382745742798
21445,1.0,0.28064072132110596,0.3671403229236603,0.4118637144565582
21446,0.0,0.3545491695404053,0.4943923354148865,0.4627589285373688
21969,1.0,0.22777539491653442,0.3152135908603668,0.3105044364929199
21970,1.0,0.2889253497123718,0.30777034163475037,0.25901544094085693
21971,1.0,0.28916698694229126,0.2417163848876953,0.3334307372570038
21972,1.0,0.3075910806655884,0.3261570930480957,0.39745163917541504
21973,1.0,0.2549217939376831,0.3816010057926178,0.30450257658958435
21974,1.0,0.2300848364830017,0.2519613206386566,0.2575557827949524
21975,1.0,0.24623048305511475,0.30408549308776855,0.27903053164482117
21976,1.0,0.28980451822280884,0.24145685136318207,0.3478924334049225
21977,1.0,0.2375737428665161,0.257971853017807,0.26252225041389465
21978,1.0,0.24403411149978638,0.2830178439617157,0.25840264558792114
21979,1.0,0.2218618392944336,0.3077280819416046,0.29506367444992065
21980,1.0,0.23961806297302246,0.2801571786403656,0.3054237365722656
21981,1.0,0.26565951108932495,0.20073893666267395,0.3222771883010864
21982,1.0,0.23455119132995605,0.21260155737400055,0.25228989124298096
21983,0.0,0.20979201793670654,0.18765874207019806,0.22737017273902893
21984,1.0,0.2906630039215088,0.19913522899150848,0.31022128462791443
21985,1.0,0.2701449394226074,0.24519066512584686,0.2717357873916626
21986,0.0,0.18719696998596191,0.17885400354862213,0.19295094907283783
21987,0.0,0.1425963044166565,0.16548781096935272,0.1594434529542923
21988,0.0,0.16005253791809082,0.16349910199642181,0.16451908648014069
21989,0.0,0.1822848916053772,0.14759229123592377,0.22490194439888
21990,1.0,0.19639480113983154,0.14170052111148834,0.16547368466854095
21991,1.0,0.14489257335662842,0.19787853956222534,0.12165394425392151
21992,0.0,0.14917176961898804,0.23479163646697998,0.1572139859199524
21993,0.0,0.13896745443344116,0.17972446978092194,0.10428415238857269
21994,0.0,0.12962454557418823,0.16066040098667145,0.12602464854717255
21995,0.0,0.15388262271881104,0.16139858961105347,0.16340939700603485
21996,0.0,0.1698097586631775,0.17696958780288696,0.16283297538757324
21997,0.0,0.17260527610778809,0.12988980114459991,0.204428032040596
21998,1.0,0.15556621551513672,0.22432896494865417,0.12268085777759552
21999,0.0,0.17156368494033813,0.1945033073425293,0.19379623234272003
22000,0.0,0.16595345735549927,0.19750112295150757,0.1986306607723236
22001,0.0,0.15904420614242554,0.16084995865821838,0.1697217971086502
22002,0.0,0.1850048303604126,0.18429683148860931,0.1838625967502594
22003,0.0,0.18163293600082397,0.1733422577381134,0.250516414642334
22004,0.0,0.1832209825515747,0.21748636662960052,0.22150208055973053
22005,0.0,0.19202125072479248,0.31795015931129456,0.2520735561847687
22006,0.0,0.16192317008972168,0.22258153557777405,0.2562345862388611
22007,0.0,0.15216374397277832,0.2667117118835449,0.2081313580274582
22008,0.0,0.17904341220855713,0.22145044803619385,0.28931936621665955
22009,0.0,0.16643387079238892,0.26099705696105957,0.22976762056350708
22010,0.0,0.13225454092025757,0.23965777456760406,0.2484082579612732
22011,0.0,0.17422080039978027,0.25310373306274414,0.2700884938240051
22012,0.0,0.12977463006973267,0.23461414873600006,0.2830737233161926
22013,0.0,0.14552217721939087,0.24629704654216766,0.2616676390171051
22014,0.0,0.12338078022003174,0.234893336892128,0.27416321635246277
22015,0.0,0.15949541330337524,0.2640414237976074,0.24872805178165436
22016,0.0,0.18645727634429932,0.2467363476753235,0.28245043754577637
22017,0.0,0.1714942455291748,0.2555062472820282,0.19812902808189392
22018,0.0,0.14031648635864258,0.313987672328949,0.16702672839164734
22019,0.0,0.1374543309211731,0.33571815490722656,0.20296871662139893
22020,0.0,0.17633932828903198,0.3452284634113312,0.34467613697052
22543,1.0,0.6064051389694214,0.7427399754524231,0.9366586208343506
22544,1.0,0.6298635005950928,0.8163545727729797,0.9829422235488892
22545,1.0,0.677704930305481,0.7414627075195312,0.9851744771003723
22546,1.0,0.6748877763748169,0.7162489891052246,0.9866440892219543
22547,1.0,0.5857521891593933,0.7527723908424377,0.9537605047225952
22548,1.0,0.6484977006912231,0.7017062902450562,0.984717071056366
22549,1.0,0.6483332514762878,0.7108043432235718,0.9840893745422363
22550,1.0,0.615215539932251,0.7974621057510376,0.9721115231513977
22551,1.0,0.6809600591659546,0.7312402129173279,0.9917746186256409
22552,1.0,0.6658840179443359,0.7306604981422424,0.9865880608558655
22553,1.0,0.658519983291626,0.7165513038635254,0.9880004525184631
22554,1.0,0.6462141275405884,0.710018515586853,0.9865028858184814
22555,1.0,0.5864520072937012,0.749516487121582,0.9570028781890869
22556,1.0,0.6010040640830994,0.6715068817138672,0.9522264003753662
22557,0.0,0.42617267370224,0.5901860594749451,0.8620051145553589
22558,1.0,0.5286651849746704,0.6214510798454285,0.8586800694465637
22559,1.0,0.6099274158477783,0.6683632135391235,0.923014223575592
22560,1.0,0.6340717673301697,0.7083324193954468,0.9740287065505981
22561,1.0,0.6095242500305176,0.6872778534889221,0.943234384059906
22562,1.0,0.6286958456039429,0.6567913293838501,0.9585598111152649
22563,1.0,0.5613818168640137,0.6294040679931641,0.8833153247833252
22564,1.0,0.5803748369216919,0.7724375128746033,0.8641375303268433
22565,1.0,0.5724102258682251,0.683422327041626,0.7801810503005981
22566,1.0,0.5343770384788513,0.6981315016746521,0.7735300660133362
22567,1.0,0.5188314914703369,0.6570585370063782,0.746969997882843
22568,1.0,0.3726311922073364,0.31968364119529724,0.5391489863395691
22569,1.0,0.3638800382614136,0.3432960510253906,0.44117075204849243
22570,1.0,0.320803701877594,0.3279634714126587,0.4327433109283447
22571,1.0,0.34564656019210815,0.33293417096138,0.3932949900627136
22572,1.0,0.31538182497024536,0.38880473375320435,0.3778682351112366
22573,1.0,0.30159664154052734,0.391444593667984,0.34707391262054443
22574,1.0,0.33088284730911255,0.5453622341156006,0.49254658818244934
22575,1.0,0.33310163021087646,0.4836258888244629,0.5771241784095764
22576,1.0,0.3126780390739441,0.49304330348968506,0.36906957626342773
22577,0.0,0.27740412950515747,0.35687580704689026,0.3595455288887024
22578,1.0,0.2721383571624756,0.4087636470794678,0.32197684049606323
22579,0.0,0.2364547848701477,0.3510569632053375,0.3033469617366791
22580,1.0,0.18164271116256714,0.3118375241756439,0.27388429641723633
22581,0.0,0.15333950519561768,0.21406644582748413,0.13279156386852264
22582,0.0,0.17423784732818604,0.292803555727005,0.25770318508148193
22583,0.0,0.21083343029022217,0.3491016626358032,0.36898186802864075
22584,1.0,0.1988281011581421,0.41996023058891296,0.2993541657924652
22585,1.0,0.21899527311325073,0.35424986481666565,0.26404550671577454
22586,0.0,0.22608917951583862,0.3050727844238281,0.36739370226860046
22587,1.0,0.30560362339019775,0.38457605242729187,0.40847253799438477
22588,1.0,0.2077386975288391,0.39630481600761414,0.21821656823158264
22589,0.0,0.22383350133895874,0.37479647994041443,0.2859122157096863
22590,1.0,0.27867358922958374,0.41545259952545166,0.3461233079433441
22591,1.0,0.33885657787323,0.44650885462760925,0.48306527733802795
22592,0.0,0.2646150588989258,0.370989590883255,0.44142669439315796
22593,0.0,0.28987884521484375,0.3426353335380554,0.41200560331344604
22594,0.0,0.30055880546569824,0.3505629003047943,0.48924097418785095
23117,0.0,0.04151028394699097,0.07881774753332138,0.03939560055732727
23118,0.0,0.04012483358383179,0.0613679364323616,0.038472238928079605
23119,0.0,0.08859521150588989,0.0773581936955452,0.09755129367113113
23120,0.0,0.10332870483398438,0.119838647544384,0.07573545724153519
23121,0.0,0.052132487297058105,0.06122128665447235,0.03937710076570511
23122,0.0,0.05570387840270996,0.06253141909837723,0.032990556210279465
23123,0.0,0.04522746801376343,0.05900537967681885,0.03176639974117279
23124,0.0,0.04340088367462158,0.05373476818203926,0.03326498344540596
23125,0.0,0.04869109392166138,0.07767704129219055,0.04929245263338089
23126,0.0,0.051031529903411865,0.06830829381942749,0.050116050988435745
23127,0.0,0.050183773040771484,0.05751766264438629,0.05168425664305687
23128,0.0,0.04757952690124512,0.0708269402384758,0.05366130918264389
23129,0.0,0.051390886306762695,0.08084295690059662,0.05138484388589859
23130,0.0,0.04621696472167969,0.04536926746368408,0.04610930383205414
23131,0.0,0.047208309173583984,0.07104118168354034,0.038283929228782654
23132,0.0,0.047208309173583984,0.06666209548711777,0.03528670221567154
23133,0.0,0.038137614727020264,0.07464653253555298,0.029510650783777237
23134,0.0,0.07250458002090454,0.07005997747182846,0.061738308519124985
23135,0.0,0.057491958141326904,0.0718689113855362,0.03981335833668709
23136,0.0,0.052327871322631836,0.059664834290742874,0.0473199337720871
23137,0.0,0.05078780651092529,0.07255944609642029,0.03906639292836189
23138,0.0,0.052973031997680664,0.07083936780691147,0.04277142509818077
23139,0.0,0.04547947645187378,0.09139817953109741,0.03811090067028999
23140,0.0,0.04998469352722168,0.09365465492010117,0.050722166895866394
23141,0.0,0.056439220905303955,0.10521635413169861,0.05485193803906441
23142,0.0,0.0394020676612854,0.037673093378543854,0.039203062653541565
23143,0.0,0.042591869831085205,0.07792948186397552,0.04891780763864517
23144,0.0,0.041916072368621826,0.043980859220027924,0.04763318970799446
23145,0.0,0.04259145259857178,0.07877741754055023,0.04997808113694191
23146,0.0,0.038490891456604004,0.07245355099439621,0.0397685244679451
23147,0.0,0.02740955352783203,0.03980065509676933,0.031290289014577866
23148,0.0,0.026139557361602783,0.03358763828873634,0.027185771614313126
23149,0.0,0.024621129035949707,0.04045015946030617,0.023196177557110786
23150,0.0,0.046326398849487305,0.0810016393661499,0.04525488242506981
23151,0.0,0.0415879487991333,0.06570538133382797,0.03306432068347931
23152,0.0,0.043707191944122314,0.04664946347475052,0.034788813441991806
23153,0.0,0.03718161582946777,0.0467398501932621,0.027821186929941177
23154,0.0,0.03226107358932495,0.03420856595039368,0.02338612638413906
23155,0.0,0.027849137783050537,0.026406854391098022,0.02409856952726841
23156,0.0,0.030371487140655518,0.031858693808317184,0.023139752447605133
23157,0.0,0.029997706413269043,0.031232254579663277,0.02364390157163143
23158,0.0,0.03729790449142456,0.02949724905192852,0.03768995776772499
23159,0.0,0.029568791389465332,0.02887805923819542,0.023405496031045914
23160,0.0,0.03609263896942139,0.04246145486831665,0.0408419594168663
23161,0.0,0.03416860103607178,0.03221343830227852,0.031159359961748123
23162,0.0,0.03180605173110962,0.04878363385796547,0.03460795432329178
23163,0.0,0.02619248628616333,0.03517123684287071,0.02462173067033291
23164,0.0,0.031465113162994385,0.06566818058490753,0.022264419123530388
23165,0.0,0.03698611259460449,0.052261557430028915,0.039254073053598404
23166,0.0,0.03570520877838135,0.09357771277427673,0.04419365152716637
23167,0.0,0.039350271224975586,0.09178677946329117,0.04381880909204483
23168,0.0,0.04347485303878784,0.09966754913330078,0.04850495606660843
23691,0.0,0.2846822738647461,0.2863823473453522,0.24735400080680847
23692,0.0,0.3490726351737976,0.42773184180259705,0.4049295485019684
23693,0.0,0.258749783039093,0.35581064224243164,0.18195264041423798
23694,0.0,0.23835861682891846,0.26600325107574463,0.14329874515533447
23695,0.0,0.2293054461479187,0.28675755858421326,0.1594673991203308
23696,0.0,0.25100892782211304,0.2733956277370453,0.186712384223938
23697,0.0,0.45149534940719604,0.6051486134529114,0.5739332437515259
23698,0.0,0.2590019702911377,0.33629652857780457,0.1865527331829071
23699,0.0,0.2645225524902344,0.2664986550807953,0.22736288607120514
23700,0.0,0.1719493269920349,0.24956408143043518,0.09683191031217575
23701,0.0,0.24783241748809814,0.24889478087425232,0.1924320012331009
23702,0.0,0.22859156131744385,0.25804662704467773,0.1768428385257721
23703,0.0,0.2807254195213318,0.33515283465385437,0.2943713665008545
23704,0.0,0.18573474884033203,0.22939056158065796,0.12782618403434753
23705,0.0,0.23574894666671753,0.311639666557312,0.1884652078151703
23706,0.0,0.2592906951904297,0.34097820520401,0.25905561447143555
23707,0.0,0.2827812433242798,0.31678301095962524,0.2071305364370346
23708,0.0,0.24290823936462402,0.26604247093200684,0.1862841099500656
23709,0.0,0.23352676630020142,0.2801266014575958,0.2000872790813446
23710,0.0,0.2532126307487488,0.3249666392803192,0.22858388721942902
23711,0.0,0.22583884000778198,0.2761327624320984,0.20046088099479675
23712,0.0,0.19166243076324463,0.23857660591602325,0.10459960252046585
23713,0.0,0.2252204418182373,0.27116358280181885,0.14284873008728027
23714,0.0,0.23444890975952148,0.235652893781662,0.15068969130516052
23715,0.0,0.21749275922775269,0.2558397352695465,0.21182827651500702
23716,0.0,0.21357649564743042,0.25003477931022644,0.185601145029068
23717,0.0,0.21753424406051636,0.24728120863437653,0.14280365407466888
23718,0.0,0.2034393548965454,0.25190985202789307,0.15435437858104706
23719,0.0,0.2378612756729126,0.3210885524749756,0.21451790630817413
23720,0.0,0.2446710467338562,0.3157968521118164,0.22165565192699432
23721,0.0,0.17482852935791016,0.20263221859931946,0.14943231642246246
23722,0.0,0.1741676926612854,0.297811895608902,0.1617734134197235
23723,0.0,0.1778116226196289,0.26284322142601013,0.12992633879184723
23724,0.0,0.1800892949104309,0.16707603633403778,0.11296311020851135
23725,0.0,0.16711509227752686,0.20846356451511383,0.13816441595554352
23726,0.0,0.15319138765335083,0.2762294113636017,0.13013045489788055
23727,0.0,0.15649884939193726,0.2382432371377945,0.12199822813272476
23728,0.0,0.19501954317092896,0.31226107478141785,0.1495077908039093
23729,0.0,0.1810409426689148,0.22457915544509888,0.11210215836763382
23730,0.0,0.16328096389770508,0.21419216692447662,0.0944167748093605
23731,0.0,0.18679016828536987,0.2240077257156372,0.11685798317193985
23732,0.0,0.1280556321144104,0.13338689506053925,0.059343013912439346
23733,0.0,0.15795761346817017,0.21423782408237457,0.11177001893520355
23734,0.0,0.12855982780456543,0.14813470840454102,0.061419568955898285
23735,0.0,0.15008801221847534,0.13716506958007812,0.06790191680192947
23736,0.0,0.13470256328582764,0.16717004776000977,0.07535920292139053
23737,0.0,0.18541312217712402,0.19393831491470337,0.11882968991994858
23738,0.0,0.19536131620407104,0.19194994866847992,0.1294681429862976
23739,0.0,0.17096543312072754,0.17596882581710815,0.13098758459091187
23740,0.0,0.18755322694778442,0.21396373212337494,0.1529327929019928
23741,0.0,0.2779276967048645,0.2977825403213501,0.26495596766471863
23742,0.0,0.2864192724227905,0.35765063762664795,0.39125195145606995
24265,0.0,0.4150471091270447,0.3917451500892639,0.4668635427951813
24266,1.0,0.270419716835022,0.39937931299209595,0.23817047476768494
24267,0.0,0.2792208790779114,0.36780619621276855,0.37839362025260925
24268,1.0,0.30085182189941406,0.3674013018608093,0.3217780888080597
24269,0.0,0.35537928342819214,0.3576251268386841,0.3647116720676422
24270,1.0,0.34839004278182983,0.4070185422897339,0.4168877899646759
24271,1.0,0.36349743604660034,0.370459645986557,0.3400581181049347
24272,1.0,0.33330047130584717,0.30090996623039246,0.40056827664375305
24273,0.0,0.3331441879272461,0.33097484707832336,0.4362472891807556
24274,0.0,0.339229941368103,0.36693400144577026,0.3902439773082733
24275,1.0,0.2612621784210205,0.2784090042114258,0.28206372261047363
24276,0.0,0.26107990741729736,0.28372547030448914,0.24908727407455444
24277,0.0,0.22084951400756836,0.28319114446640015,0.16732965409755707
24278,0.0,0.2498294711112976,0.32389476895332336,0.26452964544296265
24279,0.0,0.22586679458618164,0.253048300743103,0.2381429672241211
24280,0.0,0.20977282524108887,0.21084600687026978,0.21480856835842133
24281,0.0,0.18508684635162354,0.2005731165409088,0.16594409942626953
24282,0.0,0.17969483137130737,0.20220495760440826,0.20506472885608673
24283,0.0,0.19414997100830078,0.29486221075057983,0.21950438618659973
24284,1.0,0.2620449662208557,0.26597774028778076,0.3147253394126892
24285,0.0,0.21545475721359253,0.23347513377666473,0.24894097447395325
24286,0.0,0.22944509983062744,0.1986726075410843,0.20502018928527832
24287,0.0,0.22815686464309692,0.19647976756095886,0.25434908270835876
24288,0.0,0.1664770245552063,0.19255027174949646,0.11447213590145111
24289,0.0,0.18787795305252075,0.17836585640907288,0.21569129824638367
24290,0.0,0.14602261781692505,0.17709945142269135,0.11728106439113617
24291,0.0,0.14535373449325562,0.1634836047887802,0.14130710065364838
24292,0.0,0.15155142545700073,0.17166022956371307,0.13432729244232178
24293,0.0,0.14974719285964966,0.21156112849712372,0.13302043080329895
24294,0.0,0.14689874649047852,0.25621336698532104,0.1504751443862915
24295,0.0,0.10978466272354126,0.19659143686294556,0.13739050924777985
24296,0.0,0.16069930791854858,0.27266448736190796,0.1606479287147522
24297,0.0,0.18601274490356445,0.22638799250125885,0.1515764594078064
24298,0.0,0.14894133806228638,0.21193845570087433,0.12671320140361786
24299,0.0,0.12132000923156738,0.15583914518356323,0.15312740206718445
24300,0.0,0.11123192310333252,0.18480657041072845,0.1363254338502884
24301,0.0,0.12579721212387085,0.24030278623104095,0.10824275016784668
24302,0.0,0.12618911266326904,0.2245284467935562,0.1239938735961914
24303,0.0,0.12087851762771606,0.21385793387889862,0.1384086012840271
24304,0.0,0.117917001247406,0.2099013775587082,0.11547588557004929
24305,0.0,0.16547465324401855,0.22800622880458832,0.1711430698633194
24306,0.0,0.14902442693710327,0.16326209902763367,0.1527368426322937
24307,0.0,0.11665672063827515,0.15544383227825165,0.11073876172304153
24308,0.0,0.16506427526474,0.22629287838935852,0.16994595527648926
24309,0.0,0.12608927488327026,0.2632233798503876,0.11479564011096954
24310,0.0,0.20765787363052368,0.2235030084848404,0.2662748098373413
24311,0.0,0.19904714822769165,0.236003577709198,0.23873370885849
24312,0.0,0.22329449653625488,0.2345113605260849,0.28659698367118835
24313,0.0,0.18110549449920654,0.23746979236602783,0.21270546317100525
24314,0.0,0.1683385968208313,0.1658276915550232,0.2217206358909607
24315,0.0,0.19253045320510864,0.18784476816654205,0.23615337908267975
24316,0.0,0.21595162153244019,0.23264287412166595,0.1689939945936203
24839,0.0,0.4373934864997864,0.4350602328777313,0.5158447623252869
24840,0.0,0.4318363666534424,0.524312436580658,0.49063900113105774
24841,0.0,0.4982166886329651,0.6072229743003845,0.7319986820220947
24842,0.0,0.45998919010162354,0.7005449533462524,0.5441458821296692
24843,0.0,0.45846033096313477,0.6536778807640076,0.5570207238197327
24844,0.0,0.43120789527893066,0.6701146364212036,0.5037186145782471
24845,0.0,0.459033727645874,0.6675634980201721,0.7168540358543396
24846,0.0,0.39633870124816895,0.7405586838722229,0.5057533383369446
24847,0.0,0.34752804040908813,0.719780445098877,0.4562069773674011
24848,0.0,0.46330028772354126,0.7701932787895203,0.6149511933326721
24849,0.0,0.3566817045211792,0.7027134299278259,0.4304703176021576
24850,0.0,0.35142046213150024,0.7019808292388916,0.3752762973308563
24851,0.0,0.3961177468299866,0.7343026995658875,0.4682364761829376
24852,0.0,0.4222179651260376,0.7070662975311279,0.6483041048049927
24853,0.0,0.27456527948379517,0.6147920489311218,0.2816978693008423
24854,0.0,0.374395489692688,0.7125658392906189,0.5489147305488586
24855,0.0,0.4476935863494873,0.7177366614341736,0.6656786203384399
24856,0.0,0.4464786648750305,0.7865244150161743,0.6030683517456055
24857,0.0,0.4468562602996826,0.6858910322189331,0.5450732111930847
24858,0.0,0.4419269561767578,0.5663149952888489,0.4618474245071411
24859,0.0,0.431898295879364,0.5705065727233887,0.44536176323890686
24860,0.0,0.2933847904205322,0.5501536726951599,0.15583550930023193
24861,0.0,0.2652720808982849,0.3469090759754181,0.14587876200675964
24862,0.0,0.3334028124809265,0.4755948483943939,0.3202019929885864
24863,0.0,0.2743905186653137,0.46389323472976685,0.15991462767124176
24864,0.0,0.38807058334350586,0.6403051018714905,0.3543514609336853
24865,0.0,0.38210171461105347,0.5527693629264832,0.27885702252388
24866,0.0,0.44009125232696533,0.5165389776229858,0.4100177586078644
24867,0.0,0.3072534203529358,0.4822933077812195,0.2455207109451294
24868,0.0,0.22957730293273926,0.32967206835746765,0.11610985547304153
24869,0.0,0.1931171417236328,0.24825826287269592,0.16269370913505554
24870,0.0,0.17697805166244507,0.2229907214641571,0.14700369536876678
24871,0.0,0.15967202186584473,0.20877192914485931,0.10211294889450073
24872,0.0,0.14288097620010376,0.14337538182735443,0.04721173271536827
24873,0.0,0.10231977701187134,0.12434756010770798,0.03107498772442341
24874,0.0,0.12608414888381958,0.12257423251867294,0.07021552324295044
24875,0.0,0.10697734355926514,0.09739422053098679,0.05590623617172241
24876,0.0,0.1075901985168457,0.07399803400039673,0.0643603503704071
24877,0.0,0.09717905521392822,0.09848356992006302,0.05748222395777702
24878,0.0,0.08982771635055542,0.05166804790496826,0.042195748537778854
24879,0.0,0.12444627285003662,0.07474879920482635,0.07618508487939835
24880,0.0,0.10247546434402466,0.09520697593688965,0.036787763237953186
24881,0.0,0.11945503950119019,0.12720555067062378,0.07163034379482269
24882,0.0,0.15723395347595215,0.12791816890239716,0.08403302729129791
24883,0.0,0.1341170072555542,0.1531102955341339,0.07022270560264587
24884,0.0,0.174530029296875,0.175168976187706,0.13089992105960846
24885,0.0,0.12041306495666504,0.09990943968296051,0.04995069280266762
24886,0.0,0.10297292470932007,0.07489984482526779,0.03102712705731392
24887,0.0,0.11434870958328247,0.16508126258850098,0.050820667296648026
24888,0.0,0.12330025434494019,0.14965668320655823,0.06469123810529709
24889,0.0,0.11485177278518677,0.1607789397239685,0.0625576600432396
24890,0.0,0.1370079517364502,0.2164497822523117,0.09767874330282211
25413,1.0,0.30544352531433105,0.219793900847435,0.3558717668056488
25414,1.0,0.3452085256576538,0.2754393517971039,0.3996218144893646
25415,1.0,0.29967600107192993,0.32157543301582336,0.3416095972061157
25416,1.0,0.29878348112106323,0.20926342904567719,0.3142560124397278
25417,1.0,0.34288060665130615,0.25568196177482605,0.4004823863506317
25418,1.0,0.3155602812767029,0.2496252954006195,0.35503068566322327
25419,1.0,0.2955760955810547,0.22678180038928986,0.4067186415195465
25420,1.0,0.2648370862007141,0.24447591602802277,0.3508424460887909
25421,1.0,0.18726223707199097,0.17708450555801392,0.2830141484737396
25422,1.0,0.26962757110595703,0.20622585713863373,0.2805057168006897
25423,1.0,0.31003475189208984,0.16342498362064362,0.36658450961112976
25424,1.0,0.19179284572601318,0.2010781168937683,0.24024473130702972
25425,1.0,0.27451956272125244,0.22534722089767456,0.2420719712972641
25426,1.0,0.24309521913528442,0.22181247174739838,0.25716879963874817
25427,1.0,0.21507364511489868,0.22027134895324707,0.27779117226600647
25428,1.0,0.30428779125213623,0.20852875709533691,0.2994842827320099
25429,1.0,0.2283416986465454,0.2072378396987915,0.2639584243297577
25430,1.0,0.2111208438873291,0.20355229079723358,0.25576251745224
25431,1.0,0.1915685534477234,0.23676131665706635,0.22908344864845276
25432,1.0,0.21907508373260498,0.1821281760931015,0.28920599818229675
25433,1.0,0.20137298107147217,0.24792876839637756,0.30223003029823303
25434,1.0,0.20554494857788086,0.20169886946678162,0.26512959599494934
25435,1.0,0.2177039384841919,0.24759241938591003,0.25421053171157837
25436,1.0,0.24087387323379517,0.23487220704555511,0.31996870040893555
25437,1.0,0.18244141340255737,0.23326756060123444,0.21529170870780945
25438,1.0,0.21194618940353394,0.2702046036720276,0.31576067209243774
25439,1.0,0.2629380226135254,0.19179141521453857,0.32523608207702637
25440,1.0,0.2658534646034241,0.1961490660905838,0.382944792509079
25441,1.0,0.23488718271255493,0.2556445002555847,0.31777751445770264
25442,1.0,0.2135363221168518,0.1954614520072937,0.22501938045024872
25443,1.0,0.1643974781036377,0.19709128141403198,0.23571696877479553
25444,1.0,0.19788676500320435,0.17012600600719452,0.28325095772743225
25445,1.0,0.2028765082359314,0.17584414780139923,0.2895617187023163
25446,1.0,0.1586439609527588,0.19900158047676086,0.2357824593782425
25447,1.0,0.2385234832763672,0.21824538707733154,0.2876918911933899
25448,1.0,0.23970919847488403,0.2459353655576706,0.40444010496139526
25449,1.0,0.1777370572090149,0.17238682508468628,0.24620580673217773
25450,1.0,0.1790400743484497,0.2082851380109787,0.19536909461021423
25451,1.0,0.16679519414901733,0.1402580887079239,0.20469149947166443
25452,1.0,0.20531344413757324,0.16627617180347443,0.3339729905128479
25453,1.0,0.21669822931289673,0.2734493613243103,0.31776660680770874
25454,1.0,0.24110156297683716,0.20064182579517365,0.3519372344017029
25455,1.0,0.2231348752975464,0.23375490307807922,0.2686309516429901
25456,1.0,0.2349497675895691,0.19441765546798706,0.3538225591182709
25457,1.0,0.23205947875976562,0.14809168875217438,0.25266584753990173
25458,1.0,0.23566961288452148,0.16319304704666138,0.28926947712898254
25459,1.0,0.27598267793655396,0.20760853588581085,0.4098711311817169
25460,1.0,0.27205556631088257,0.19288158416748047,0.4121420085430145
25461,1.0,0.22480791807174683,0.18325258791446686,0.27312201261520386
25462,1.0,0.24578958749771118,0.2240416705608368,0.3377341628074646
25463,1.0,0.16216474771499634,0.18213164806365967,0.25580278038978577
25464,1.0,0.2538089156150818,0.21647445857524872,0.3479684293270111
25987,0.0,0.09940588474273682,0.13297729194164276,0.0778883621096611
25988,0.0,0.08421468734741211,0.11332596093416214,0.0839870423078537
25989,0.0,0.08399474620819092,0.11268506199121475,0.07365144044160843
25990,0.0,0.07475334405899048,0.1363879144191742,0.0724419429898262
25991,0.0,0.07667887210845947,0.11749182641506195,0.07310231029987335
25992,0.0,0.07619547843933105,0.09969153255224228,0.07101812213659286
25993,0.0,0.1377660036087036,0.1913583129644394,0.16227123141288757
25994,0.0,0.08737897872924805,0.11009486019611359,0.06894692778587341
25995,0.0,0.08310765027999878,0.09935641288757324,0.07077924907207489
25996,0.0,0.07826411724090576,0.11579373478889465,0.06934990733861923
25997,0.0,0.07651692628860474,0.11428800225257874,0.06712516397237778
25998,0.0,0.14403611421585083,0.17198480665683746,0.16112877428531647
25999,0.0,0.08952963352203369,0.12911008298397064,0.05603997781872749
26000,0.0,0.07767534255981445,0.09211217612028122,0.06338351964950562
26001,0.0,0.07751661539077759,0.10769083350896835,0.049786847084760666
26002,0.0,0.1431557536125183,0.16196630895137787,0.11388365179300308
26003,0.0,0.18430054187774658,0.22340522706508636,0.13107329607009888
26004,0.0,0.20613843202590942,0.2518150210380554,0.14747214317321777
26005,0.0,0.208648681640625,0.2141844481229782,0.19685223698616028
26006,0.0,0.13925498723983765,0.26126012206077576,0.1401621252298355
26007,0.0,0.14521640539169312,0.13995498418807983,0.12222196906805038
26008,0.0,0.13858312368392944,0.13915568590164185,0.09476516395807266
26009,0.0,0.13078242540359497,0.11746899783611298,0.09229693561792374
26010,0.0,0.07495063543319702,0.08660360425710678,0.0501023605465889
26011,0.0,0.06904184818267822,0.08766519278287888,0.05313701182603836
26012,0.0,0.061072468757629395,0.0763087198138237,0.045490361750125885
26013,0.0,0.05608868598937988,0.08007940649986267,0.034364212304353714
26014,0.0,0.04884612560272217,0.1086198166012764,0.05297539383172989
26015,0.0,0.05257076025009155,0.10914868861436844,0.05701707303524017
26016,0.0,0.04708397388458252,0.08756870776414871,0.04743216186761856
26017,0.0,0.06623494625091553,0.07685360312461853,0.07236523181200027
26018,0.0,0.08606588840484619,0.09947588294744492,0.06530477851629257
26019,0.0,0.11026644706726074,0.10058782249689102,0.08908583968877792
26020,0.0,0.18077272176742554,0.2643043100833893,0.1813296228647232
26021,1.0,0.1978573203086853,0.28945422172546387,0.1668991893529892
26022,0.0,0.13849937915802002,0.2721652388572693,0.14307339489459991
26023,0.0,0.09206092357635498,0.16421735286712646,0.08097229152917862
26024,0.0,0.09237480163574219,0.16803735494613647,0.07707232236862183
26025,0.0,0.04045724868774414,0.07036826014518738,0.039145879447460175
26026,0.0,0.042857229709625244,0.06383474916219711,0.04543235898017883
26027,0.0,0.07086384296417236,0.07072514295578003,0.07406315207481384
26028,0.0,0.06838637590408325,0.07284057885408401,0.041643764823675156
26029,0.0,0.13469457626342773,0.13757507503032684,0.11370653659105301
26030,0.0,0.14244085550308228,0.11112380027770996,0.10274648666381836
26031,0.0,0.16414493322372437,0.12419142574071884,0.1271020919084549
26032,0.0,0.14190149307250977,0.12596972286701202,0.12326924502849579
26033,0.0,0.15186935663223267,0.10899177193641663,0.11792575567960739
26034,0.0,0.12015348672866821,0.14700929820537567,0.12292300164699554
26035,0.0,0.0821295976638794,0.09506206214427948,0.07103750109672546
26036,0.0,0.07545793056488037,0.08133447915315628,0.07071969658136368
26037,0.0,0.09129297733306885,0.09745518118143082,0.0757642313838005
26038,0.0,0.11208438873291016,0.1353296935558319,0.08290530741214752
26561,1.0,0.3270111083984375,0.4770757555961609,0.5058591365814209
26562,1.0,0.34014660120010376,0.3409974277019501,0.45592352747917175
26563,1.0,0.3935626149177551,0.43088215589523315,0.4702710807323456
26564,1.0,0.4265184998512268,0.5240207314491272,0.6066567301750183
26565,1.0,0.3500555753707886,0.4781065285205841,0.33099421858787537
26566,1.0,0.3422616124153137,0.40051719546318054,0.47571301460266113
26567,0.0,0.35139864683151245,0.5000369548797607,0.4778178334236145
26568,0.0,0.31593936681747437,0.38117483258247375,0.3291429281234741
26569,0.0,0.18479090929031372,0.2704446315765381,0.18585644662380219
26570,0.0,0.1618247628211975,0.2456415295600891,0.13530196249485016
26571,0.0,0.2002260684967041,0.304182767868042,0.2843359112739563
26572,1.0,0.20707780122756958,0.23684264719486237,0.17155437171459198
26573,0.0,0.18631196022033691,0.23035934567451477,0.24161915481090546
26574,0.0,0.15686732530593872,0.24965715408325195,0.12810386717319489
26575,0.0,0.16026610136032104,0.2538028955459595,0.15483395755290985
26576,0.0,0.12591010332107544,0.19839704036712646,0.16117581725120544
26577,0.0,0.13778626918792725,0.22796936333179474,0.17854921519756317
26578,0.0,0.1411699652671814,0.20474980771541595,0.1398840695619583
26579,0.0,0.1773160696029663,0.19830599427223206,0.1211218386888504
26580,0.0,0.2188096046447754,0.2993185520172119,0.17850589752197266
26581,1.0,0.2222367525100708,0.2536333203315735,0.21097929775714874
26582,1.0,0.1599835753440857,0.23190750181674957,0.09844420850276947
26583,0.0,0.1371515989303589,0.16067543625831604,0.10910586267709732
26584,0.0,0.10243260860443115,0.1661536693572998,0.06603473424911499
26585,0.0,0.09620261192321777,0.17792266607284546,0.07101941108703613
26586,0.0,0.07215738296508789,0.20727211236953735,0.041764069348573685
26587,0.0,0.10376483201980591,0.18316714465618134,0.08679799735546112
26588,1.0,0.1049354076385498,0.2317264825105667,0.083052858710289
26589,1.0,0.10447806119918823,0.1589440405368805,0.05642251670360565
26590,0.0,0.10894876718521118,0.14756803214550018,0.05499039590358734
26591,0.0,0.09403795003890991,0.16879703104496002,0.03964613750576973
26592,0.0,0.11807650327682495,0.24257130920886993,0.11756352335214615
26593,1.0,0.12670207023620605,0.1870354264974594,0.0811605378985405
26594,0.0,0.11355715990066528,0.17424730956554413,0.07033473998308182
26595,0.0,0.09424251317977905,0.17367100715637207,0.08067499101161957
26596,0.0,0.13072490692138672,0.22285544872283936,0.11309757083654404
26597,0.0,0.0929747223854065,0.17222297191619873,0.0551929697394371
26598,0.0,0.07652169466018677,0.16671504080295563,0.0661727786064148
26599,0.0,0.0750044584274292,0.1570703387260437,0.05644030123949051
26600,0.0,0.12857931852340698,0.26855844259262085,0.1087578535079956
26601,1.0,0.1693231463432312,0.3498767912387848,0.17521384358406067
26602,1.0,0.15890949964523315,0.22675557434558868,0.24657268822193146
26603,1.0,0.1777043342590332,0.22940587997436523,0.2581027150154114
26604,1.0,0.18819278478622437,0.28978368639945984,0.2639685273170471
26605,1.0,0.18615823984146118,0.29982027411460876,0.20278777182102203
26606,0.0,0.18520218133926392,0.2614147961139679,0.28437182307243347
26607,1.0,0.1875287890434265,0.2800936996936798,0.2757938802242279
26608,1.0,0.3689039349555969,0.41332510113716125,0.48482707142829895
26609,1.0,0.3049958348274231,0.41815853118896484,0.40469497442245483
26610,0.0,0.22990739345550537,0.36181512475013733,0.440717488527298
26611,1.0,0.2051098346710205,0.36333227157592773,0.339999258518219
26612,0.0,0.32786571979522705,0.3585866689682007,0.4413967430591583
27135,1.0,0.4762205481529236,0.5488718748092651,0.6875912547111511
27136,1.0,0.5178248286247253,0.6522944569587708,0.7853569984436035
27137,1.0,0.45159900188446045,0.6157404780387878,0.5860316157341003
27138,0.0,0.4477301239967346,0.5481390357017517,0.5478346347808838
27139,0.0,0.46302783489227295,0.5277583003044128,0.6256896257400513
27140,0.0,0.5743049383163452,0.6194080710411072,0.845658004283905
27141,1.0,0.4527778625488281,0.608818769454956,0.5986673831939697
27142,0.0,0.4060094356536865,0.45418354868888855,0.5787883996963501
27143,0.0,0.4357113838195801,0.4799448549747467,0.5207976698875427
27144,0.0,0.3364638090133667,0.4317760765552521,0.4474850296974182
27145,0.0,0.3273417353630066,0.426785945892334,0.42997461557388306
27146,0.0,0.4118937849998474,0.5498054027557373,0.6236333250999451
27147,0.0,0.4046285152435303,0.5788506865501404,0.5826181769371033
27148,0.0,0.28323060274124146,0.4303637742996216,0.34942248463630676
27149,0.0,0.3184126615524292,0.4372008144855499,0.4809747636318207
27150,0.0,0.35695260763168335,0.47865498065948486,0.5384423136711121
27151,0.0,0.391487181186676,0.4092999994754791,0.5198026299476624
27152,0.0,0.3445151448249817,0.48072245717048645,0.4630904793739319
27153,0.0,0.29837948083877563,0.34384647011756897,0.4053587317466736
27154,0.0,0.34925293922424316,0.4258418381214142,0.5051239132881165
27155,0.0,0.31904006004333496,0.33479195833206177,0.3666595220565796
27156,0.0,0.34375858306884766,0.3720856308937073,0.5198888182640076
27157,0.0,0.4073977470397949,0.4954379200935364,0.6221050024032593
27158,0.0,0.3097996711730957,0.3382432460784912,0.41104668378829956
27159,0.0,0.30282992124557495,0.3450954258441925,0.3687913119792938
27160,0.0,0.26887208223342896,0.30762720108032227,0.422719269990921
27161,0.0,0.22013568878173828,0.2599254846572876,0.2775764465332031
27162,0.0,0.19952893257141113,0.16309453547000885,0.2713634669780731
27163,0.0,0.12637609243392944,0.1580045372247696,0.12603217363357544
27164,0.0,0.19538289308547974,0.170548677444458,0.26224273443222046
27165,0.0,0.176399827003479,0.22853876650333405,0.23116403818130493
27166,0.0,0.18565189838409424,0.20587490499019623,0.14942212402820587
27167,0.0,0.16933411359786987,0.17216552793979645,0.200364887714386
27168,0.0,0.18155163526535034,0.20478788018226624,0.23142458498477936
27169,0.0,0.18730580806732178,0.19049063324928284,0.17921312153339386
27170,0.0,0.2530922293663025,0.3143056631088257,0.32347822189331055
27171,0.0,0.3058547377586365,0.4304763674736023,0.4498327374458313
27172,0.0,0.27147841453552246,0.27403390407562256,0.3128308653831482
27173,0.0,0.25533443689346313,0.2664238214492798,0.3491688668727875
27174,0.0,0.23790603876113892,0.22620341181755066,0.3131360709667206
27175,0.0,0.19527536630630493,0.21237608790397644,0.2197224199771881
27176,0.0,0.15065443515777588,0.17301155626773834,0.17683109641075134
27177,0.0,0.15776294469833374,0.17510028183460236,0.16281923651695251
27178,0.0,0.17102938890457153,0.20357196033000946,0.18829074501991272
27179,0.0,0.159889817237854,0.1703989952802658,0.19549939036369324
27180,0.0,0.1771695613861084,0.2035219967365265,0.15916042029857635
27181,0.0,0.22438955307006836,0.24502553045749664,0.24384677410125732
27182,0.0,0.25561368465423584,0.24841348826885223,0.24324558675289154
27183,0.0,0.25599563121795654,0.2515825629234314,0.31971484422683716
27184,0.0,0.2612927556037903,0.33035704493522644,0.3381234109401703
27185,0.0,0.13906407356262207,0.16292981803417206,0.09504852443933487
27186,0.0,0.2067774534225464,0.21298126876354218,0.285128653049469
27709,1.0,0.10145413875579834,0.10012000054121017,0.08130278438329697
27710,0.0,0.09993565082550049,0.10998428612947464,0.0930815115571022
27711,0.0,0.08231717348098755,0.10798078030347824,0.0797390341758728
27712,0.0,0.07657718658447266,0.09842073917388916,0.07881926745176315
27713,0.0,0.07376539707183838,0.07175556570291519,0.07223037630319595
27714,0.0,0.07403099536895752,0.0776769369840622,0.07301156967878342
27715,0.0,0.06638801097869873,0.12638483941555023,0.0775923952460289
27716,0.0,0.07381123304367065,0.11347252875566483,0.09151404350996017
27717,0.0,0.07342803478240967,0.12578845024108887,0.09110821038484573
27718,0.0,0.071949303150177,0.08719155192375183,0.07641121745109558
27719,0.0,0.07344502210617065,0.07616464793682098,0.07685568928718567
27720,0.0,0.07135283946990967,0.0722041055560112,0.07924044877290726
27721,0.0,0.12085980176925659,0.19103629887104034,0.14046795666217804
27722,1.0,0.07914078235626221,0.11098748445510864,0.06122681871056557
27723,0.0,0.1478288173675537,0.1600261926651001,0.13254952430725098
27724,1.0,0.15677130222320557,0.1979988068342209,0.12730592489242554
27725,1.0,0.10964769124984741,0.13930580019950867,0.10378032922744751
27726,0.0,0.09478873014450073,0.15926147997379303,0.08367521315813065
27727,0.0,0.06835585832595825,0.08913921564817429,0.06654341518878937
27728,0.0,0.06885254383087158,0.08701740950345993,0.05920945480465889
27729,0.0,0.06293702125549316,0.1037294864654541,0.06979062408208847
27730,0.0,0.05626082420349121,0.08191919326782227,0.05935279652476311
27731,0.0,0.05627739429473877,0.08838445693254471,0.06225363165140152
27732,0.0,0.054629623889923096,0.09022880345582962,0.05443911626935005
27733,0.0,0.05568122863769531,0.055948030203580856,0.057007141411304474
27734,0.0,0.04428356885910034,0.07447854429483414,0.05043872818350792
27735,0.0,0.047211408615112305,0.07491741329431534,0.050316933542490005
27736,0.0,0.04973113536834717,0.053754717111587524,0.0624675489962101
27737,0.0,0.03377348184585571,0.05379580333828926,0.043785374611616135
27738,0.0,0.03079509735107422,0.043301112949848175,0.035629913210868835
27739,0.0,0.03208702802658081,0.08260653913021088,0.03953827917575836
27740,0.0,0.03314197063446045,0.07506745308637619,0.03899642080068588
27741,0.0,0.03281724452972412,0.07541127502918243,0.03988821431994438
27742,0.0,0.03142750263214111,0.04564908891916275,0.0371258407831192
27743,0.0,0.02953815460205078,0.040214501321315765,0.028971534222364426
27744,0.0,0.030379116535186768,0.06304348260164261,0.03462008386850357
27745,0.0,0.029258310794830322,0.04492825269699097,0.03280284255743027
27746,0.0,0.033116936683654785,0.0533776730298996,0.03509635478258133
27747,0.0,0.032006144523620605,0.05584140121936798,0.03509635478258133
27748,0.0,0.03394174575805664,0.06639669090509415,0.03833436593413353
27749,0.0,0.033138155937194824,0.05608256161212921,0.03933945670723915
27750,0.0,0.03394174575805664,0.05901428312063217,0.03869151324033737
27751,0.0,0.03408706188201904,0.051592208445072174,0.03948664292693138
27752,0.0,0.03761023283004761,0.06374191492795944,0.04447576031088829
27753,0.0,0.03736722469329834,0.056790757924318314,0.043086063116788864
27754,0.0,0.03668367862701416,0.051554858684539795,0.044250406324863434
27755,0.0,0.035327255725860596,0.06018063798546791,0.0452716201543808
27756,0.0,0.04330557584762573,0.11512831598520279,0.05347548797726631
27757,0.0,0.045244812965393066,0.05913135036826134,0.05380955711007118
27758,0.0,0.04762446880340576,0.07537297159433365,0.06433622539043427
27759,0.0,0.08255350589752197,0.09721025079488754,0.10146916657686234
27760,0.0,0.08084845542907715,0.10820739716291428,0.09656817466020584
28283,1.0,0.06357645988464355,0.08853662014007568,0.06387743353843689
28284,1.0,0.0638420581817627,0.055771421641111374,0.058174166828393936
28285,1.0,0.0689018964767456,0.07636158168315887,0.08393154293298721
28286,1.0,0.06458890438079834,0.06224263459444046,0.07527045905590057
28287,1.0,0.05608510971069336,0.07583334296941757,0.05243190750479698
28288,1.0,0.0669867992401123,0.1123042032122612,0.06631748378276825
28289,1.0,0.06922990083694458,0.06589159369468689,0.05933324247598648
28290,1.0,0.05970168113708496,0.04602782055735588,0.05149858444929123
28291,1.0,0.19372522830963135,0.15196917951107025,0.2518632709980011
28292,1.0,0.08031773567199707,0.10879777371883392,0.061613086611032486
28293,1.0,0.17423325777053833,0.21003100275993347,0.15981024503707886
28294,1.0,0.08594971895217896,0.10249358415603638,0.07494072616100311
28295,1.0,0.07984286546707153,0.13656270503997803,0.08241207152605057
28296,1.0,0.06340008974075317,0.06771239638328552,0.05711761862039566
28297,1.0,0.06990998983383179,0.11623267829418182,0.07319465279579163
28298,1.0,0.07503384351730347,0.09322738647460938,0.08232826739549637
28299,1.0,0.07503384351730347,0.09116968512535095,0.070527583360672
28300,1.0,0.06786984205245972,0.09230994433164597,0.06180957704782486
28301,1.0,0.06485247611999512,0.08150529116392136,0.07569032162427902
28302,1.0,0.06276088953018188,0.08150474727153778,0.06374944001436234
28303,1.0,0.06276088953018188,0.07511739432811737,0.06576330214738846
28304,1.0,0.05963337421417236,0.05073610693216324,0.06369781494140625
28305,1.0,0.05930274724960327,0.05953088775277138,0.05418934300541878
28306,1.0,0.04666495323181152,0.04200522229075432,0.039227649569511414
28307,1.0,0.04637974500656128,0.04632546007633209,0.046449918299913406
28308,1.0,0.0371587872505188,0.0507844053208828,0.03325255215167999
28309,1.0,0.036118268966674805,0.042407792061567307,0.029918909072875977
28310,1.0,0.0388830304145813,0.06342270225286484,0.037932150065898895
28311,1.0,0.037693798542022705,0.0497247576713562,0.04114837199449539
28312,1.0,0.037539005279541016,0.05693012848496437,0.03872252628207207
28313,1.0,0.0404244065284729,0.07240397483110428,0.04094242304563522
28314,1.0,0.03918337821960449,0.05529596284031868,0.035221587866544724
28315,1.0,0.03983485698699951,0.046519529074430466,0.0399150587618351
28316,1.0,0.033521056175231934,0.04142370447516441,0.029503479599952698
28317,1.0,0.037603139877319336,0.04612462967634201,0.03471504524350166
28318,1.0,0.04274040460586548,0.053643494844436646,0.040645401924848557
28319,1.0,0.04080301523208618,0.050988081842660904,0.029546696692705154
28320,1.0,0.05105471611022949,0.04540058970451355,0.04245579615235329
28321,1.0,0.0495990514755249,0.050847411155700684,0.04698258265852928
28322,1.0,0.04909849166870117,0.04592080041766167,0.05752070993185043
28323,1.0,0.05386990308761597,0.061181142926216125,0.06959202140569687
28324,1.0,0.03736168146133423,0.0451391339302063,0.04130876064300537
28325,1.0,0.04238569736480713,0.05386729538440704,0.0522010512650013
28326,1.0,0.03950214385986328,0.09903550148010254,0.050931114703416824
28327,1.0,0.03673189878463745,0.07227133959531784,0.034097786992788315
28328,1.0,0.03746885061264038,0.07564893364906311,0.03820017725229263
28329,1.0,0.03908205032348633,0.04519125074148178,0.03432149812579155
28330,1.0,0.043944597244262695,0.0838327556848526,0.03709881380200386
28331,1.0,0.05150991678237915,0.0904131755232811,0.04097406193614006
28332,1.0,0.05103105306625366,0.09794839471578598,0.07047224044799805
28333,1.0,0.06464272737503052,0.08016456663608551,0.07158450782299042
28334,1.0,0.06647443771362305,0.09523839503526688,0.07655900716781616
28857,0.0,0.15262091159820557,0.19112448394298553,0.20372934639453888
28858,0.0,0.1626545786857605,0.1913291960954666,0.17806801199913025
28859,0.0,0.19072771072387695,0.13834157586097717,0.21854236721992493
28860,1.0,0.16728287935256958,0.2480890452861786,0.17939038574695587
28861,1.0,0.19148629903793335,0.25816234946250916,0.20439620316028595
28862,1.0,0.2236664891242981,0.2726347744464874,0.23911413550376892
28863,1.0,0.23104530572891235,0.3707183003425598,0.22790421545505524
28864,1.0,0.22626715898513794,0.2687559425830841,0.25586968660354614
28865,0.0,0.18927067518234253,0.26977431774139404,0.2070838212966919
28866,1.0,0.14293581247329712,0.3028465807437897,0.13150866329669952
28867,1.0,0.16567426919937134,0.2156694084405899,0.15386360883712769
28868,1.0,0.20525014400482178,0.27229467034339905,0.20561446249485016
28869,1.0,0.18393945693969727,0.17097815871238708,0.2345752716064453
28870,0.0,0.17413395643234253,0.20316912233829498,0.19223734736442566
28871,0.0,0.1368435025215149,0.16492706537246704,0.14810724556446075
28872,0.0,0.22076845169067383,0.3015931248664856,0.28314805030822754
28873,1.0,0.15687155723571777,0.18886207044124603,0.12103214114904404
28874,0.0,0.17512041330337524,0.20212142169475555,0.18255698680877686
28875,1.0,0.1305200457572937,0.12483716011047363,0.11037702858448029
28876,0.0,0.15362173318862915,0.16704736649990082,0.15628927946090698
28877,1.0,0.11728698015213013,0.12711277604103088,0.11519145965576172
28878,0.0,0.11558914184570312,0.120689757168293,0.13544918596744537
28879,0.0,0.1081506609916687,0.20676252245903015,0.07213469594717026
28880,0.0,0.13638657331466675,0.17233878374099731,0.1384810358285904
28881,0.0,0.13480144739151,0.1856064796447754,0.11454713344573975
28882,0.0,0.12427443265914917,0.18838852643966675,0.13769319653511047
28883,0.0,0.1318502426147461,0.1324816644191742,0.14231760799884796
28884,1.0,0.11341732740402222,0.14960457384586334,0.12438293546438217
28885,0.0,0.148723304271698,0.1339869499206543,0.194390669465065
28886,1.0,0.10316121578216553,0.2125818431377411,0.11367155611515045
28887,0.0,0.1220288872718811,0.2008943259716034,0.15157070755958557
28888,0.0,0.11113375425338745,0.157464861869812,0.11230679601430893
28889,0.0,0.10212606191635132,0.16312609612941742,0.09494960308074951
28890,0.0,0.11784744262695312,0.2030755877494812,0.12156196683645248
28891,0.0,0.11834698915481567,0.22253616154193878,0.1447695791721344
28892,0.0,0.1387355923652649,0.24157701432704926,0.17405834794044495
28893,0.0,0.0880771279335022,0.14691992104053497,0.0936518982052803
28894,1.0,0.10470914840698242,0.17107902467250824,0.10906198620796204
28895,0.0,0.10189419984817505,0.23389369249343872,0.08994441479444504
28896,0.0,0.10987281799316406,0.13935665786266327,0.10843660682439804
28897,0.0,0.11206769943237305,0.20372536778450012,0.11237381398677826
28898,0.0,0.11529421806335449,0.2055470049381256,0.12222988903522491
28899,0.0,0.11248719692230225,0.19146645069122314,0.11618470400571823
28900,0.0,0.12405222654342651,0.23369354009628296,0.15426503121852875
28901,0.0,0.13389724493026733,0.1661224663257599,0.09348486363887787
28902,1.0,0.11519986391067505,0.16237929463386536,0.12199793010950089
28903,0.0,0.1463717222213745,0.15673881769180298,0.15206478536128998
28904,1.0,0.12913388013839722,0.16425205767154694,0.1264243721961975
28905,1.0,0.15161240100860596,0.2615397572517395,0.16551274061203003
28906,1.0,0.15085971355438232,0.1344604194164276,0.23582413792610168
28907,0.0,0.1444111466407776,0.19800199568271637,0.216163769364357
28908,0.0,0.17634952068328857,0.20427635312080383,0.23062945902347565
29431,0.0,0.045586466789245605,0.0663469135761261,0.04480475187301636
29432,0.0,0.04899996519088745,0.08226828277111053,0.04544832557439804
29433,0.0,0.04964393377304077,0.053718846291303635,0.0547553151845932
29434,0.0,0.0550537109375,0.09398023784160614,0.0764019638299942
29435,0.0,0.04902857542037964,0.06748033314943314,0.05874539166688919
29436,0.0,0.14626920223236084,0.1482321172952652,0.205654114484787
29437,0.0,0.08861488103866577,0.2011450231075287,0.09914445132017136
29438,0.0,0.14450007677078247,0.3319372832775116,0.13831862807273865
29439,0.0,0.07740294933319092,0.13071201741695404,0.10159801691770554
29440,0.0,0.052221059799194336,0.112605020403862,0.06305655092000961
29441,0.0,0.0447542667388916,0.06497877836227417,0.05307924374938011
29442,0.0,0.04397141933441162,0.05159120634198189,0.05370879918336868
29443,0.0,0.06359362602233887,0.1491364985704422,0.09946324676275253
29444,0.0,0.06555181741714478,0.14109598100185394,0.09745502471923828
29445,0.0,0.09357321262359619,0.17415647208690643,0.137693390250206
29446,0.0,0.13369327783584595,0.1630508154630661,0.14670804142951965
29447,0.0,0.13121163845062256,0.1360883265733719,0.15788191556930542
29448,0.0,0.15132397413253784,0.1699194759130478,0.15505464375019073
29449,0.0,0.09168654680252075,0.16592270135879517,0.09596043825149536
29450,0.0,0.12823015451431274,0.14682011306285858,0.15110580623149872
29451,0.0,0.059151411056518555,0.06575334817171097,0.0637011006474495
29452,0.0,0.04931575059890747,0.05244521424174309,0.05031798407435417
29453,0.0,0.08400797843933105,0.10545983910560608,0.08736857771873474
29454,0.0,0.0479426383972168,0.04859192669391632,0.0516897588968277
29455,0.0,0.042753636837005615,0.04874734580516815,0.049700625240802765
29456,0.0,0.03955209255218506,0.04276305437088013,0.04278251901268959
29457,0.0,0.04660975933074951,0.0729190856218338,0.05006019026041031
29458,0.0,0.0863579511642456,0.11800998449325562,0.14979924261569977
29459,0.0,0.10684287548065186,0.09574028104543686,0.13783784210681915
29460,0.0,0.11959165334701538,0.15226662158966064,0.1478988230228424
29461,0.0,0.09858959913253784,0.15141525864601135,0.12408208101987839
29462,0.0,0.0619279146194458,0.06563344597816467,0.06358645856380463
29463,0.0,0.04771316051483154,0.0539771132171154,0.052927032113075256
29464,0.0,0.04713582992553711,0.049685101956129074,0.04173363000154495
29465,0.0,0.059471309185028076,0.07692893594503403,0.05636962130665779
29466,0.0,0.03385215997695923,0.040791917592287064,0.024448508396744728
29467,0.0,0.02918076515197754,0.04835600033402443,0.021410159766674042
29468,0.0,0.027950525283813477,0.03969666361808777,0.022042613476514816
29469,0.0,0.0491865873336792,0.0664859488606453,0.0422588475048542
29470,0.0,0.03177201747894287,0.03336969017982483,0.021535389125347137
29471,0.0,0.03117269277572632,0.04227098450064659,0.019899560138583183
29472,0.0,0.030292272567749023,0.04355354979634285,0.0218819510191679
29473,0.0,0.05702507495880127,0.06576944142580032,0.04459808021783829
29474,0.0,0.03250020742416382,0.037435658276081085,0.023994578048586845
29475,0.0,0.03233116865158081,0.045094408094882965,0.021344657987356186
29476,0.0,0.03155183792114258,0.049648016691207886,0.022567376494407654
29477,0.0,0.06959891319274902,0.11991520971059799,0.07309174537658691
29478,0.0,0.03921538591384888,0.06204376742243767,0.02801184169948101
29479,0.0,0.05270111560821533,0.06758422404527664,0.03935098275542259
29480,0.0,0.03798794746398926,0.04464834928512573,0.029502978548407555
29481,0.0,0.03463172912597656,0.043267372995615005,0.022294802591204643
29482,0.0,0.04447287321090698,0.14068636298179626,0.04946225509047508
30005,0.0,0.14916139841079712,0.1526138335466385,0.15741202235221863
30006,0.0,0.07596909999847412,0.0924181267619133,0.06338416785001755
30007,0.0,0.0663379430770874,0.07054989784955978,0.05134492740035057
30008,0.0,0.05443209409713745,0.07067049294710159,0.04939288645982742
30009,0.0,0.19602805376052856,0.20081740617752075,0.2158627063035965
30010,0.0,0.14295446872711182,0.14613167941570282,0.13797707855701447
30011,0.0,0.12716281414031982,0.2233133465051651,0.16507895290851593
30012,0.0,0.09294748306274414,0.12346482276916504,0.13491106033325195
30013,0.0,0.09228205680847168,0.12259811162948608,0.1611485481262207
30014,0.0,0.06475913524627686,0.06962882727384567,0.08428235352039337
30015,0.0,0.15378665924072266,0.14294171333312988,0.3212936520576477
30016,0.0,0.15369129180908203,0.17714744806289673,0.2072756439447403
30017,0.0,0.2153988480567932,0.2500089108943939,0.3313547968864441
30018,0.0,0.11581987142562866,0.1283397227525711,0.2201780080795288
30019,0.0,0.2305917739868164,0.26434218883514404,0.40144994854927063
30020,0.0,0.11865180730819702,0.11410887539386749,0.1867477297782898
30021,0.0,0.26588720083236694,0.25661593675613403,0.5325109958648682
30022,1.0,0.2606508731842041,0.3383367955684662,0.45965689420700073
30023,0.0,0.4269416928291321,0.47223636507987976,0.6536080241203308
30024,1.0,0.2792275547981262,0.36050042510032654,0.4785223603248596
30025,0.0,0.2317752242088318,0.26767733693122864,0.34418049454689026
30026,0.0,0.24289405345916748,0.2727071940898895,0.38012343645095825
30027,0.0,0.28518980741500854,0.35672175884246826,0.3747784495353699
30028,1.0,0.17802435159683228,0.22690510749816895,0.26280832290649414
30029,0.0,0.13459372520446777,0.14336498081684113,0.20249129831790924
30030,0.0,0.18525183200836182,0.1728045642375946,0.2883371114730835
30031,0.0,0.21851247549057007,0.22305873036384583,0.26488009095191956
30032,0.0,0.08921372890472412,0.07925137877464294,0.12759579718112946
30033,0.0,0.14941495656967163,0.12370798736810684,0.25733304023742676
30034,0.0,0.10967332124710083,0.12340621650218964,0.1496765911579132
30035,0.0,0.07446533441543579,0.06513374298810959,0.09930567443370819
30036,0.0,0.059641897678375244,0.05138033628463745,0.0615847222507
30037,0.0,0.060195982456207275,0.061983413994312286,0.058118414133787155
30038,0.0,0.05914360284805298,0.06074552610516548,0.06639546900987625
30039,0.0,0.05324959754943848,0.05873584747314453,0.07448000460863113
30040,0.0,0.04608631134033203,0.05406651273369789,0.059353187680244446
30041,0.0,0.04796147346496582,0.059559810906648636,0.05985521525144577
30042,0.0,0.042809247970581055,0.05628292262554169,0.045183222740888596
30043,0.0,0.03629499673843384,0.05829004943370819,0.029622184112668037
30044,0.0,0.03423589468002319,0.05800691619515419,0.0418403185904026
30045,0.0,0.039736926555633545,0.06078309193253517,0.03916103020310402
30046,0.0,0.03134644031524658,0.0549810416996479,0.033313166350126266
30047,0.0,0.032660722732543945,0.061676278710365295,0.038460295647382736
30048,0.0,0.02945655584335327,0.06187576800584793,0.03620366379618645
30049,0.0,0.027384281158447266,0.061202894896268845,0.040706489235162735
30050,0.0,0.032138824462890625,0.07006264477968216,0.03559369593858719
30051,0.0,0.035510361194610596,0.08413154631853104,0.0566055104136467
30052,0.0,0.03582483530044556,0.0991007387638092,0.04165273904800415
30053,0.0,0.0471917986869812,0.12020672857761383,0.04908293858170509
30054,0.0,0.04655897617340088,0.09862533211708069,0.06270340085029602
30055,0.0,0.04692929983139038,0.06756440550088882,0.05266956239938736
30056,0.0,0.07257550954818726,0.1298164576292038,0.10248742252588272
30579,0.0,0.04510551691055298,0.04547886550426483,0.02419237606227398
30580,0.0,0.04739934206008911,0.05055328458547592,0.030889922752976418
30581,0.0,0.04800766706466675,0.07490271329879761,0.02988048829138279
30582,0.0,0.04471057653427124,0.05383148789405823,0.029915450140833855
30583,0.0,0.04807865619659424,0.051457226276397705,0.047947511076927185
30584,0.0,0.048970162868499756,0.07815514504909515,0.05522691085934639
30585,0.0,0.04946666955947876,0.10685229301452637,0.03621658682823181
30586,0.0,0.048782944679260254,0.09425383061170578,0.03868088871240616
30587,0.0,0.04893392324447632,0.08482711762189865,0.0396062508225441
30588,0.0,0.09709781408309937,0.08933231234550476,0.09467198699712753
30589,0.0,0.04709881544113159,0.04515616595745087,0.03372831642627716
30590,0.0,0.04169565439224243,0.038977622985839844,0.026225240901112556
30591,0.0,0.05926311016082764,0.07915675640106201,0.03566800430417061
30592,0.0,0.044175922870635986,0.06006249040365219,0.027908621355891228
30593,0.0,0.11000567674636841,0.17268434166908264,0.09455348551273346
30594,0.0,0.058403193950653076,0.09632652252912521,0.04298114404082298
30595,0.0,0.06555718183517456,0.088216632604599,0.03882477805018425
30596,0.0,0.04951244592666626,0.06529854238033295,0.0337454155087471
30597,0.0,0.04975724220275879,0.07046390324831009,0.034757062792778015
30598,0.0,0.0816602110862732,0.0958084836602211,0.05824359133839607
30599,0.0,0.053626179695129395,0.057761263102293015,0.03755394369363785
30600,0.0,0.10020828247070312,0.1333782821893692,0.08263558149337769
30601,0.0,0.12617111206054688,0.14604917168617249,0.09667177498340607
30602,0.0,0.1175033450126648,0.1144639179110527,0.0731828585267067
30603,0.0,0.18033188581466675,0.15646567940711975,0.12555548548698425
30604,1.0,0.13421684503555298,0.183429554104805,0.13516828417778015
30605,0.0,0.1750923991203308,0.15827588737010956,0.16343724727630615
30606,0.0,0.0989537239074707,0.1517719328403473,0.08824151009321213
30607,0.0,0.0897289514541626,0.09712667763233185,0.0823812410235405
30608,0.0,0.09184145927429199,0.08566710352897644,0.07104135304689407
30609,0.0,0.08931213617324829,0.09242425113916397,0.0699114203453064
30610,0.0,0.05664151906967163,0.05371842533349991,0.04217467084527016
30611,0.0,0.08645159006118774,0.1372082382440567,0.07016537338495255
30612,0.0,0.100269615650177,0.10542295128107071,0.06613951921463013
30613,0.0,0.10890144109725952,0.13332298398017883,0.08004459738731384
30614,0.0,0.10170751810073853,0.10901451110839844,0.0774240717291832
30615,0.0,0.09349977970123291,0.14000897109508514,0.05821290984749794
30616,0.0,0.07618087530136108,0.10139787942171097,0.051493845880031586
30617,0.0,0.06137275695800781,0.0693979263305664,0.05111246928572655
30618,0.0,0.04252934455871582,0.042890142649412155,0.025445865467190742
30619,0.0,0.03665071725845337,0.03559230640530586,0.0225320216268301
30620,0.0,0.052508771419525146,0.05637257918715477,0.04243716225028038
30621,0.0,0.03437149524688721,0.0325714536011219,0.02158999629318714
30622,0.0,0.036814987659454346,0.035615190863609314,0.025769079104065895
30623,0.0,0.03516960144042969,0.03243645280599594,0.025260675698518753
30624,0.0,0.032950639724731445,0.030986296012997627,0.021191615611314774
30625,0.0,0.03304797410964966,0.03667450696229935,0.03005448915064335
30626,0.0,0.07833611965179443,0.08249169588088989,0.07192554324865341
30627,0.0,0.042901575565338135,0.050389353185892105,0.027540601789951324
30628,0.0,0.03969603776931763,0.04159029945731163,0.0331125482916832
30629,0.0,0.04911446571350098,0.043038833886384964,0.04176947847008705
30630,0.0,0.048365116119384766,0.06532753258943558,0.04209330305457115
31153,1.0,0.3486972451210022,0.4742477536201477,0.4967236816883087
31154,1.0,0.546411395072937,0.6364336013793945,0.7567294239997864
31155,1.0,0.585552453994751,0.7755099534988403,0.8642402291297913
31156,1.0,0.6260634660720825,0.8462604880332947,0.9547147750854492
31157,1.0,0.591650128364563,0.7964168787002563,0.9240334033966064
31158,1.0,0.5790395736694336,0.7449617385864258,0.9351099133491516
31159,1.0,0.6218245029449463,0.8461850881576538,0.9510078430175781
31160,1.0,0.6373322010040283,0.8665379881858826,0.9817710518836975
31161,1.0,0.660230278968811,0.9084751605987549,0.9896907806396484
31162,1.0,0.6385455131530762,0.8737055659294128,0.9861131310462952
31163,1.0,0.6472150683403015,0.9211340546607971,0.9938925504684448
31164,1.0,0.6667940616607666,0.9216176271438599,0.9950928688049316
31165,1.0,0.68043452501297,0.8971771001815796,0.995020866394043
31166,1.0,0.5488336086273193,0.8019590973854065,0.9579746127128601
31167,0.0,0.4135587215423584,0.6495844721794128,0.872196614742279
31168,1.0,0.5605478286743164,0.7846683263778687,0.9625966548919678
31169,1.0,0.6351902484893799,0.7636696696281433,0.9817392230033875
31170,1.0,0.6538272500038147,0.8557265400886536,0.9865013957023621
31171,1.0,0.6361255049705505,0.8941451907157898,0.9881235957145691
31172,1.0,0.6318014860153198,0.8922257423400879,0.9898421168327332
31173,1.0,0.6366860866546631,0.8492403030395508,0.9845104813575745
31174,1.0,0.6394983530044556,0.8105573654174805,0.9839791059494019
31175,1.0,0.6482751369476318,0.8438720703125,0.9718887805938721
31176,1.0,0.6303627490997314,0.9002404808998108,0.9700478315353394
31177,1.0,0.5286175012588501,0.8452436327934265,0.8984972834587097
31178,1.0,0.5904875993728638,0.8674096465110779,0.9393346905708313
31179,1.0,0.6078900098800659,0.8937087059020996,0.940634548664093
31180,1.0,0.6137847900390625,0.8648293018341064,0.9363681077957153
31181,1.0,0.5739955902099609,0.8654175996780396,0.9212805032730103
31182,1.0,0.5536495447158813,0.7350743412971497,0.8574115037918091
31183,1.0,0.5501447916030884,0.7318266034126282,0.7959843873977661
31184,1.0,0.5259383916854858,0.673999011516571,0.8079414963722229
31185,1.0,0.5048336982727051,0.7627841830253601,0.7740609049797058
31186,1.0,0.5205575227737427,0.7487558722496033,0.7687855958938599
31187,1.0,0.4439160227775574,0.6877411007881165,0.6945837736129761
31188,1.0,0.254504919052124,0.38924455642700195,0.36632615327835083
31189,1.0,0.23905861377716064,0.3652779459953308,0.359621524810791
31190,0.0,0.24496954679489136,0.33848392963409424,0.334481418132782
31191,1.0,0.37648850679397583,0.42243722081184387,0.5785815715789795
31192,1.0,0.3150268793106079,0.4273822605609894,0.4117821753025055
31193,1.0,0.3032911419868469,0.3367749750614166,0.4475533664226532
31194,1.0,0.3125936985015869,0.45524922013282776,0.5461857914924622
31195,1.0,0.3045545220375061,0.44863036274909973,0.4771674871444702
31196,1.0,0.31264758110046387,0.34803715348243713,0.5075506567955017
31197,1.0,0.2660122513771057,0.2948770523071289,0.37995946407318115
31198,1.0,0.2770143151283264,0.3337279260158539,0.37944185733795166
31199,1.0,0.26267391443252563,0.3089161217212677,0.33785587549209595
31200,0.0,0.3205125331878662,0.4282603859901428,0.49587416648864746
31201,1.0,0.29377031326293945,0.40511834621429443,0.36470383405685425
31202,0.0,0.2996785044670105,0.3631100356578827,0.3624194264411926
31203,0.0,0.2022264003753662,0.29794842004776,0.22382304072380066
31204,0.0,0.326179563999176,0.3798389136791229,0.4757794737815857
31727,1.0,0.08661329746246338,0.1602022498846054,0.050821781158447266
31728,0.0,0.20886743068695068,0.34669893980026245,0.19414889812469482
31729,1.0,0.12833136320114136,0.2373497486114502,0.09829458594322205
31730,0.0,0.09925788640975952,0.20602744817733765,0.06597535312175751
31731,0.0,0.11213439702987671,0.1756705790758133,0.08218113332986832
31732,0.0,0.14012813568115234,0.19054529070854187,0.08595497906208038
31733,0.0,0.13322687149047852,0.2334337681531906,0.11963372677564621
31734,0.0,0.15916895866394043,0.2128763049840927,0.10341385751962662
31735,0.0,0.15286177396774292,0.2213425636291504,0.11394003033638
31736,0.0,0.12745654582977295,0.1492527574300766,0.08614128828048706
31737,0.0,0.11873763799667358,0.14064623415470123,0.07252389937639236
31738,0.0,0.060211241245269775,0.06754379719495773,0.036064475774765015
31739,0.0,0.13218730688095093,0.24963320791721344,0.09554509818553925
31740,0.0,0.056334614753723145,0.09554407745599747,0.038734205067157745
31741,0.0,0.11050331592559814,0.20214496552944183,0.09199509769678116
31742,0.0,0.19510382413864136,0.3486504852771759,0.17009294033050537
31743,1.0,0.2404741644859314,0.5039085149765015,0.155541330575943
31744,1.0,0.23502248525619507,0.3092396557331085,0.2424948811531067
31745,1.0,0.20443212985992432,0.2521163821220398,0.2368152141571045
31746,0.0,0.19661974906921387,0.25717946887016296,0.26180681586265564
31747,1.0,0.22731280326843262,0.2426334172487259,0.27364692091941833
31748,1.0,0.2676656246185303,0.24599061906337738,0.28692618012428284
31749,1.0,0.23243463039398193,0.23270568251609802,0.28499606251716614
31750,1.0,0.14576822519302368,0.2247893512248993,0.1093454658985138
31751,1.0,0.2068769335746765,0.2520529329776764,0.20119154453277588
31752,0.0,0.23285025358200073,0.2179824858903885,0.32955849170684814
31753,1.0,0.30447685718536377,0.26963886618614197,0.4464907646179199
31754,1.0,0.37708407640457153,0.5653038620948792,0.6353369355201721
31755,1.0,0.390003502368927,0.6075518131256104,0.5022581219673157
31756,1.0,0.25804829597473145,0.3451448082923889,0.34890276193618774
31757,1.0,0.22858881950378418,0.26154211163520813,0.3258715271949768
31758,1.0,0.20248329639434814,0.214210644364357,0.2473844289779663
31759,1.0,0.14556962251663208,0.1739502102136612,0.20403319597244263
31760,1.0,0.18836045265197754,0.21368016302585602,0.22828325629234314
31761,1.0,0.16931933164596558,0.22500228881835938,0.2161015123128891
31762,1.0,0.16938084363937378,0.1875561773777008,0.27109116315841675
31763,1.0,0.1536197066307068,0.18912793695926666,0.18885990977287292
31764,0.0,0.1025734543800354,0.12582732737064362,0.11041776090860367
31765,1.0,0.10145550966262817,0.10031634569168091,0.06879382580518723
31766,0.0,0.09850943088531494,0.09356730431318283,0.07927834242582321
31767,1.0,0.097317636013031,0.10313164442777634,0.07890339195728302
31768,1.0,0.08244150876998901,0.07541264593601227,0.06073092296719551
31769,1.0,0.1010555624961853,0.1019994392991066,0.08272680640220642
31770,1.0,0.1075018048286438,0.1161118820309639,0.07789141684770584
31771,1.0,0.11100757122039795,0.1265014410018921,0.07667229324579239
31772,1.0,0.1032719612121582,0.12187466770410538,0.09017445147037506
31773,1.0,0.19857221841812134,0.39453577995300293,0.35312700271606445
31774,1.0,0.19226759672164917,0.397185355424881,0.11885948479175568
31775,0.0,0.15260964632034302,0.33250871300697327,0.13132928311824799
31776,1.0,0.1411091685295105,0.21631039679050446,0.0745537057518959
31777,1.0,0.20369482040405273,0.2547358572483063,0.13035234808921814
31778,1.0,0.1574690341949463,0.18378755450248718,0.10346422344446182
32301,0.0,0.061620235443115234,0.05926762893795967,0.06869909167289734
32302,0.0,0.05961501598358154,0.06755702942609787,0.08682971447706223
32303,0.0,0.05558830499649048,0.05855520814657211,0.055707111954689026
32304,0.0,0.060311079025268555,0.10204368829727173,0.09227084368467331
32305,0.0,0.13198471069335938,0.09586096554994583,0.21888965368270874
32306,1.0,0.08841687440872192,0.14997945725917816,0.10838858783245087
32307,0.0,0.10186344385147095,0.12050959467887878,0.10030738264322281
32308,0.0,0.09383481740951538,0.10902059078216553,0.10290463268756866
32309,0.0,0.17825043201446533,0.22978317737579346,0.2863708436489105
32310,1.0,0.0812913179397583,0.11369399726390839,0.13678821921348572
32311,0.0,0.07223397493362427,0.08078200370073318,0.11453205347061157
32312,0.0,0.06730979681015015,0.07980938255786896,0.10928355902433395
32313,0.0,0.09582358598709106,0.09902212768793106,0.1252334862947464
32314,0.0,0.08617347478866577,0.11438193172216415,0.11299791187047958
32315,0.0,0.1599617600440979,0.19436025619506836,0.2604587972164154
32316,1.0,0.21966099739074707,0.24326616525650024,0.3246055543422699
32317,1.0,0.10647368431091309,0.12095993012189865,0.1646091789007187
32318,0.0,0.07561397552490234,0.0791303738951683,0.12058915197849274
32319,0.0,0.13431590795516968,0.1353219598531723,0.1912444680929184
32320,1.0,0.17916148900985718,0.18065376579761505,0.3189285099506378
32321,1.0,0.10928952693939209,0.09989632666110992,0.15706375241279602
32322,0.0,0.08715015649795532,0.08175845444202423,0.13936954736709595
32323,0.0,0.07300829887390137,0.059245336800813675,0.11346495151519775
32324,0.0,0.14728057384490967,0.15387699007987976,0.25624600052833557
32325,1.0,0.12871521711349487,0.12105725705623627,0.18906235694885254
32326,1.0,0.06281095743179321,0.04367542639374733,0.08034214377403259
32327,0.0,0.0640188455581665,0.06028570234775543,0.1208825409412384
32328,0.0,0.0710296630859375,0.0628259927034378,0.11876045912504196
32329,0.0,0.05474209785461426,0.05236046388745308,0.07418560236692429
32330,0.0,0.05145770311355591,0.05412193387746811,0.09036139398813248
32331,0.0,0.04991042613983154,0.04553808644413948,0.09753777086734772
32332,0.0,0.051444828510284424,0.04043996334075928,0.10270016640424728
32333,0.0,0.05178767442703247,0.05023350566625595,0.10339438170194626
32334,0.0,0.04797273874282837,0.040666915476322174,0.07453504949808121
32335,0.0,0.04603695869445801,0.04071344807744026,0.0787106305360794
32336,0.0,0.04244726896286011,0.040053531527519226,0.055816154927015305
32337,0.0,0.03944450616836548,0.041084837168455124,0.04566122591495514
32338,0.0,0.03350013494491577,0.03692938759922981,0.03697172924876213
32339,0.0,0.026862263679504395,0.04676997661590576,0.02816755138337612
32340,0.0,0.03060370683670044,0.04305307939648628,0.029662959277629852
32341,0.0,0.030963003635406494,0.04834282398223877,0.028579939156770706
32342,0.0,0.030838966369628906,0.042737849056720734,0.029949398711323738
32343,0.0,0.029686689376831055,0.04465673491358757,0.028315136209130287
32344,0.0,0.03258174657821655,0.048537034541368484,0.030559353530406952
32345,0.0,0.03131061792373657,0.04316292330622673,0.029928475618362427
32346,0.0,0.030567407608032227,0.05196044594049454,0.029773328453302383
32347,0.0,0.02996540069580078,0.056821051985025406,0.028938952833414078
32348,0.0,0.03815978765487671,0.05246778950095177,0.034368641674518585
32349,0.0,0.04870045185089111,0.12519294023513794,0.06473884731531143
32350,0.0,0.050607919692993164,0.12786608934402466,0.09407465904951096
32351,0.0,0.07702982425689697,0.15438097715377808,0.14578638970851898
32352,0.0,0.09102755784988403,0.163187175989151,0.14829781651496887
32875,0.0,0.06048774719238281,0.06950777769088745,0.048037804663181305
32876,0.0,0.058196842670440674,0.05780419707298279,0.04381095618009567
32877,0.0,0.061664581298828125,0.050684958696365356,0.06471773982048035
32878,0.0,0.060949623584747314,0.053042370826005936,0.05713696777820587
32879,0.0,0.05792891979217529,0.05382285267114639,0.04648217931389809
32880,0.0,0.05834406614303589,0.08858795464038849,0.05447167158126831
32881,0.0,0.05976450443267822,0.06979012489318848,0.06385024636983871
32882,0.0,0.06180161237716675,0.06786622107028961,0.06828885525465012
32883,0.0,0.05930161476135254,0.054590366780757904,0.058377087116241455
32884,0.0,0.05227106809616089,0.08952255547046661,0.048893798142671585
32885,0.0,0.053642868995666504,0.09293850511312485,0.07436102628707886
32886,0.0,0.056712329387664795,0.0719895288348198,0.0505477674305439
32887,0.0,0.05528813600540161,0.06948734074831009,0.04013511911034584
32888,0.0,0.06334793567657471,0.06699074804782867,0.05986561253666878
32889,0.0,0.05490833520889282,0.06189596652984619,0.034040667116642
32890,0.0,0.05383020639419556,0.06818602234125137,0.033419348299503326
32891,0.0,0.055126965045928955,0.07819316536188126,0.04059276357293129
32892,0.0,0.04878300428390503,0.05450014770030975,0.03324257209897041
32893,0.0,0.046987831592559814,0.05435134842991829,0.03629330173134804
32894,0.0,0.04439955949783325,0.049220580607652664,0.034109584987163544
32895,0.0,0.04420655965805054,0.049021512269973755,0.03394516929984093
32896,0.0,0.03740805387496948,0.05517897382378578,0.025415532290935516
32897,0.0,0.03961074352264404,0.06078304350376129,0.03190212324261665
32898,0.0,0.040802597999572754,0.05375037342309952,0.03396040201187134
32899,0.0,0.040802597999572754,0.05257163196802139,0.033057309687137604
32900,0.0,0.032711803913116455,0.046893782913684845,0.03335811197757721
32901,0.0,0.03353697061538696,0.051390692591667175,0.033717311918735504
32902,0.0,0.03366905450820923,0.04837584123015404,0.03668348118662834
32903,0.0,0.03366905450820923,0.046511389315128326,0.032439954578876495
32904,0.0,0.033391475677490234,0.04524167627096176,0.03125665709376335
32905,0.0,0.032298505306243896,0.0667470395565033,0.030499007552862167
32906,0.0,0.032041847705841064,0.054600123316049576,0.028288884088397026
32907,0.0,0.0313185453414917,0.0463193841278553,0.02471400611102581
32908,0.0,0.030568242073059082,0.05133514106273651,0.024481067433953285
32909,0.0,0.028465330600738525,0.059387728571891785,0.02537810429930687
32910,0.0,0.02895212173461914,0.04965166375041008,0.02585848607122898
32911,0.0,0.02869582176208496,0.03907131031155586,0.022283153608441353
32912,0.0,0.030697941780090332,0.03760063648223877,0.02186562865972519
32913,0.0,0.028652548789978027,0.04030090197920799,0.019916744902729988
32914,0.0,0.031416118144989014,0.038290657103061676,0.02270253747701645
32915,0.0,0.031569063663482666,0.04162568971514702,0.023419922217726707
32916,0.0,0.03485441207885742,0.04880984500050545,0.036341965198516846
32917,0.0,0.030683577060699463,0.046978291124105453,0.018628058955073357
32918,0.0,0.03712308406829834,0.06211350858211517,0.03792717307806015
32919,0.0,0.033919334411621094,0.03268046677112579,0.02596314437687397
32920,0.0,0.03316992521286011,0.05889471620321274,0.026285257190465927
32921,0.0,0.033919334411621094,0.04329333081841469,0.0258097555488348
32922,0.0,0.03984802961349487,0.08770633488893509,0.032041408121585846
32923,0.0,0.052958667278289795,0.1269044280052185,0.04479152336716652
32924,0.0,0.04681754112243652,0.10573847591876984,0.052339550107717514
32925,0.0,0.07641845941543579,0.08210952579975128,0.0937514677643776
32926,0.0,0.0788162350654602,0.07611541450023651,0.09255865216255188
33449,1.0,0.5638718605041504,0.6814203858375549,0.8447814583778381
33450,1.0,0.6008671522140503,0.794940710067749,0.958755373954773
33451,1.0,0.5733774900436401,0.7924806475639343,0.9223275780677795
33452,1.0,0.5533226728439331,0.7579717040061951,0.9746298789978027
33453,1.0,0.6718401908874512,0.883542001247406,0.990712583065033
33454,1.0,0.6787100434303284,0.8896471261978149,0.993229866027832
33455,1.0,0.6372117400169373,0.8931443095207214,0.99160236120224
33456,1.0,0.6321617364883423,0.8978743553161621,0.9891223311424255
33457,1.0,0.6105778813362122,0.8952490091323853,0.9869721531867981
33458,1.0,0.5360490083694458,0.877237856388092,0.9688504934310913
33459,1.0,0.6146828532218933,0.8624649047851562,0.9940873384475708
33460,1.0,0.6364187002182007,0.9040781855583191,0.9924901127815247
33461,1.0,0.6886016130447388,0.8942613005638123,0.9963659048080444
33462,1.0,0.597766637802124,0.7745100855827332,0.9739381074905396
33463,0.0,0.44011926651000977,0.6646402478218079,0.9084135890007019
33464,1.0,0.556781530380249,0.7050189971923828,0.9579029679298401
33465,1.0,0.6497882604598999,0.8106663227081299,0.9855269193649292
33466,1.0,0.6656759977340698,0.8728859424591064,0.9885159730911255
33467,1.0,0.6615806818008423,0.8831457495689392,0.9921539425849915
33468,1.0,0.6628093123435974,0.9186120629310608,0.9905416369438171
33469,1.0,0.6401755809783936,0.8956359624862671,0.9921866655349731
33470,1.0,0.6599592566490173,0.8540129661560059,0.9915626645088196
33471,1.0,0.5835007429122925,0.8843790888786316,0.9783862233161926
33472,1.0,0.6669378280639648,0.898895263671875,0.9831647276878357
33473,1.0,0.662655234336853,0.8900294899940491,0.9732922315597534
33474,1.0,0.6532055139541626,0.875387966632843,0.9581822752952576
33475,1.0,0.6478927135467529,0.841063916683197,0.9579824805259705
33476,1.0,0.6101313829421997,0.7832805514335632,0.9384814500808716
33477,1.0,0.6311970353126526,0.8191847205162048,0.944937527179718
33478,1.0,0.6041140556335449,0.7156766057014465,0.8919360637664795
33479,1.0,0.5651329755783081,0.6383838057518005,0.8402519822120667
33480,1.0,0.4465242624282837,0.5751385688781738,0.8025429844856262
33481,1.0,0.4691992402076721,0.5335439443588257,0.7994720339775085
33482,1.0,0.5642513632774353,0.650683581829071,0.8882573246955872
33483,1.0,0.5097678899765015,0.6686371564865112,0.8428462147712708
33484,1.0,0.46903103590011597,0.5935930609703064,0.8463602066040039
33485,1.0,0.4198216199874878,0.4529159665107727,0.7817784547805786
33486,1.0,0.3173505663871765,0.39097991585731506,0.560193657875061
33487,1.0,0.371761679649353,0.34545689821243286,0.7013447880744934
33488,1.0,0.34855973720550537,0.33289486169815063,0.701411247253418
33489,1.0,0.3474120497703552,0.4737750291824341,0.6933223009109497
33490,1.0,0.33975571393966675,0.4145529568195343,0.6531752943992615
33491,1.0,0.4529573917388916,0.504742443561554,0.7678327560424805
33492,0.0,0.4099200963973999,0.5247297286987305,0.6944113373756409
33493,1.0,0.2605665922164917,0.465659499168396,0.38971370458602905
33494,1.0,0.35622531175613403,0.3376932442188263,0.617631196975708
33495,1.0,0.32528066635131836,0.42682820558547974,0.558071494102478
33496,0.0,0.27762067317962646,0.42976370453834534,0.4654638469219208
33497,0.0,0.23320680856704712,0.3089767098426819,0.37885889410972595
33498,1.0,0.3714711666107178,0.4232577979564667,0.47580254077911377
33499,1.0,0.2561976909637451,0.3931981325149536,0.4590849280357361
33500,1.0,0.43320590257644653,0.580824077129364,0.7284301519393921
34023,0.0,0.08291792869567871,0.10939585417509079,0.05773845687508583
34024,0.0,0.07577866315841675,0.09373762458562851,0.06887781620025635
34025,0.0,0.12956422567367554,0.1519981175661087,0.10860864818096161
34026,0.0,0.0786367654800415,0.12978243827819824,0.05732148513197899
34027,0.0,0.05888456106185913,0.06614963710308075,0.0429672934114933
34028,0.0,0.12325513362884521,0.22872406244277954,0.0795484408736229
34029,0.0,0.08225119113922119,0.1283981204032898,0.0550607368350029
34030,0.0,0.06544947624206543,0.08278930932283401,0.04825950413942337
34031,0.0,0.14607584476470947,0.18761596083641052,0.15548737347126007
34032,0.0,0.15130209922790527,0.20266251266002655,0.1221022754907608
34033,0.0,0.09433567523956299,0.1778247356414795,0.05348755419254303
34034,0.0,0.1683858036994934,0.24897456169128418,0.12579254806041718
34035,0.0,0.17836999893188477,0.22148777544498444,0.1239645853638649
34036,0.0,0.09267169237136841,0.15587331354618073,0.07207619398832321
34037,0.0,0.1363205909729004,0.18232816457748413,0.10067261755466461
34038,0.0,0.0775877833366394,0.13205426931381226,0.05353710427880287
34039,0.0,0.07795119285583496,0.12754279375076294,0.07150848954916
34040,0.0,0.0617637038230896,0.10852839052677155,0.038858313113451004
34041,0.0,0.2533224821090698,0.3523470163345337,0.49165064096450806
34042,0.0,0.21503371000289917,0.306910902261734,0.17828014492988586
34043,0.0,0.2304365038871765,0.2696775794029236,0.20597711205482483
34044,0.0,0.16840195655822754,0.18664327263832092,0.12674540281295776
34045,0.0,0.1983414888381958,0.19144007563591003,0.12328533083200455
34046,0.0,0.11741191148757935,0.18743456900119781,0.0985909178853035
34047,0.0,0.07507634162902832,0.15673451125621796,0.059764545410871506
34048,0.0,0.10701262950897217,0.20144933462142944,0.059019360691308975
34049,0.0,0.0650145411491394,0.12186525762081146,0.0400783009827137
34050,0.0,0.0961574912071228,0.11498527228832245,0.06781089305877686
34051,0.0,0.06140822172164917,0.07246767729520798,0.04118458554148674
34052,0.0,0.06613194942474365,0.07826834917068481,0.056279245764017105
34053,0.0,0.04979652166366577,0.06537263095378876,0.03103039041161537
34054,0.0,0.050832927227020264,0.07433074712753296,0.039820410311222076
34055,0.0,0.03794306516647339,0.07199705392122269,0.03172004595398903
34056,0.0,0.037659645080566406,0.059445228427648544,0.031186604872345924
34057,0.0,0.039159297943115234,0.06550294905900955,0.03539581596851349
34058,0.0,0.05558997392654419,0.069375179708004,0.0535014346241951
34059,0.0,0.04367262125015259,0.06837504357099533,0.03178773447871208
34060,0.0,0.07699060440063477,0.10917375236749649,0.06198706850409508
34061,0.0,0.055799663066864014,0.07148482650518417,0.03635043278336525
34062,0.0,0.05861318111419678,0.07220394909381866,0.04551580175757408
34063,0.0,0.08827412128448486,0.11153525114059448,0.07496387511491776
34064,0.0,0.06879293918609619,0.07305192202329636,0.04181648790836334
34065,0.0,0.07156485319137573,0.0840771347284317,0.04868905991315842
34066,0.0,0.057272255420684814,0.06942044943571091,0.04085010662674904
34067,0.0,0.057055532932281494,0.06467676907777786,0.03678003326058388
34068,0.0,0.04224306344985962,0.09366177767515182,0.03900131583213806
34069,0.0,0.03968167304992676,0.08148746192455292,0.044098298996686935
34070,0.0,0.09674662351608276,0.12860272824764252,0.07079333066940308
34071,0.0,0.061418890953063965,0.17994451522827148,0.03350631520152092
34072,0.0,0.06187021732330322,0.10168234258890152,0.048644740134477615
34073,0.0,0.09076780080795288,0.08075109869241714,0.087580606341362
34074,0.0,0.08175194263458252,0.08835603296756744,0.07849052548408508
34597,1.0,0.5009739995002747,0.6381744146347046,0.7339718341827393
34598,0.0,0.44203072786331177,0.4862341284751892,0.716910719871521
34599,1.0,0.445077121257782,0.45747095346450806,0.7072793841362
34600,1.0,0.3743829131126404,0.42781952023506165,0.5344345569610596
34601,1.0,0.36028867959976196,0.3746468722820282,0.5291038751602173
34602,1.0,0.3810720443725586,0.428903192281723,0.4821116626262665
34603,1.0,0.5642299652099609,0.5362681150436401,0.758181631565094
34604,1.0,0.431257426738739,0.5932526588439941,0.5922207832336426
34605,1.0,0.4185524582862854,0.4518089294433594,0.6021762490272522
34606,1.0,0.38498157262802124,0.5231732130050659,0.5090181827545166
34607,1.0,0.42370152473449707,0.4619174301624298,0.6719186902046204
34608,1.0,0.426202654838562,0.5486906170845032,0.6899052858352661
34609,1.0,0.39883166551589966,0.5519981980323792,0.5844212174415588
34610,0.0,0.3504112958908081,0.4507575035095215,0.460888534784317
34611,0.0,0.49090176820755005,0.5344958305358887,0.7686336636543274
34612,1.0,0.4170534014701843,0.6152820587158203,0.7318920493125916
34613,1.0,0.4475674033164978,0.4816376864910126,0.7149815559387207
34614,1.0,0.5179010629653931,0.5924167633056641,0.8465197682380676
34615,1.0,0.4895510673522949,0.633987545967102,0.7393880486488342
34616,1.0,0.4497458338737488,0.5473952293395996,0.7126114368438721
34617,1.0,0.39710259437561035,0.455757200717926,0.649956226348877
34618,1.0,0.42255133390426636,0.45310476422309875,0.7310519218444824
34619,1.0,0.4032895565032959,0.5311954617500305,0.6202733516693115
34620,1.0,0.4058799147605896,0.5175046920776367,0.5726343989372253
34621,1.0,0.37408608198165894,0.4295826256275177,0.5952924489974976
34622,1.0,0.4783822298049927,0.5267170071601868,0.7736050486564636
34623,1.0,0.423264741897583,0.5440188646316528,0.6624284982681274
34624,1.0,0.34821951389312744,0.45627349615097046,0.5936240553855896
34625,1.0,0.37848442792892456,0.47479578852653503,0.6007193922996521
34626,1.0,0.34573453664779663,0.44828593730926514,0.554952085018158
34627,0.0,0.240209698677063,0.27385371923446655,0.3569478392601013
34628,0.0,0.19663596153259277,0.2247771918773651,0.28067687153816223
34629,0.0,0.21774649620056152,0.2237280011177063,0.27395549416542053
34630,1.0,0.2199491262435913,0.19876739382743835,0.2868676781654358
34631,0.0,0.2030772566795349,0.21484917402267456,0.275191068649292
34632,1.0,0.20451921224594116,0.2646658420562744,0.2692282795906067
34633,1.0,0.21332621574401855,0.26285943388938904,0.26446080207824707
34634,1.0,0.20568716526031494,0.23794153332710266,0.2989109754562378
34635,0.0,0.3271704912185669,0.38871467113494873,0.4992630183696747
34636,1.0,0.3987775444984436,0.44993770122528076,0.6503899097442627
34637,1.0,0.3761640787124634,0.37410175800323486,0.5732933878898621
34638,1.0,0.29230087995529175,0.2535540461540222,0.5402213335037231
34639,0.0,0.3252580165863037,0.34058165550231934,0.5897475481033325
34640,1.0,0.3352130055427551,0.32452070713043213,0.5139297246932983
34641,1.0,0.22020161151885986,0.32933324575424194,0.266960471868515
34642,0.0,0.3611535429954529,0.47150924801826477,0.6608812212944031
34643,1.0,0.5446979999542236,0.5466338396072388,0.9194657802581787
34644,1.0,0.6243740320205688,0.791871964931488,0.9682697653770447
34645,1.0,0.5591652393341064,0.6446252465248108,0.8897734880447388
34646,1.0,0.6061156392097473,0.602772057056427,0.9346923828125
34647,1.0,0.33760493993759155,0.48251524567604065,0.6957314610481262
34648,1.0,0.6112149357795715,0.6800947785377502,0.9616658091545105
35171,0.0,0.0803939700126648,0.11551780998706818,0.04550929740071297
35172,0.0,0.0928182601928711,0.14772486686706543,0.06009342893958092
35173,0.0,0.15825867652893066,0.28667232394218445,0.12014470249414444
35174,0.0,0.1439996361732483,0.2186492383480072,0.10197119414806366
35175,0.0,0.11513185501098633,0.14611779153347015,0.07395200431346893
35176,0.0,0.12261134386062622,0.1267816722393036,0.07328584045171738
35177,0.0,0.11142045259475708,0.20293399691581726,0.08060893416404724
35178,0.0,0.08678710460662842,0.13216136395931244,0.06574422866106033
35179,0.0,0.06479161977767944,0.09677774459123611,0.04660525172948837
35180,0.0,0.04946035146713257,0.05331970378756523,0.034397076815366745
35181,0.0,0.08812838792800903,0.10439899563789368,0.06085323542356491
35182,0.0,0.03988051414489746,0.03484685346484184,0.024858668446540833
35183,0.0,0.15208864212036133,0.25907444953918457,0.12591594457626343
35184,0.0,0.09621816873550415,0.18809953331947327,0.06547202169895172
35185,0.0,0.3214256763458252,0.5183842778205872,0.32794472575187683
35186,0.0,0.218123197555542,0.45214492082595825,0.21044372022151947
35187,0.0,0.224759042263031,0.34349390864372253,0.24368248879909515
35188,0.0,0.19436949491500854,0.21603307127952576,0.1861955225467682
35189,0.0,0.12361276149749756,0.17898577451705933,0.12920531630516052
35190,0.0,0.07790398597717285,0.12890039384365082,0.059935491532087326
35191,0.0,0.06218588352203369,0.07082559913396835,0.04391701892018318
35192,0.0,0.04419487714767456,0.04361431673169136,0.0412040613591671
35193,0.0,0.08078330755233765,0.07808094471693039,0.06706908345222473
35194,0.0,0.02809232473373413,0.05211181566119194,0.015418490394949913
35195,0.0,0.08917850255966187,0.09351258724927902,0.06416342407464981
35196,0.0,0.10059034824371338,0.08634644001722336,0.08108732104301453
35197,0.0,0.12680697441101074,0.1092173233628273,0.10681140422821045
35198,0.0,0.12312239408493042,0.10206141322851181,0.08888842910528183
35199,0.0,0.16166657209396362,0.12788595259189606,0.13396818935871124
35200,0.0,0.07984614372253418,0.13029490411281586,0.06379101425409317
35201,0.0,0.1154332160949707,0.13375835120677948,0.10681553930044174
35202,0.0,0.09086740016937256,0.0931992456316948,0.07829257845878601
35203,0.0,0.05367928743362427,0.06400567293167114,0.04233638197183609
35204,0.0,0.05042070150375366,0.05139702558517456,0.046057697385549545
35205,0.0,0.06965363025665283,0.0851426050066948,0.05355602130293846
35206,0.0,0.07835131883621216,0.10165663063526154,0.05646047741174698
35207,0.0,0.05511826276779175,0.09165295213460922,0.038022253662347794
35208,0.0,0.05917078256607056,0.06416333466768265,0.04811405390501022
35209,0.0,0.06138110160827637,0.08130451291799545,0.0446300245821476
35210,0.0,0.07621592283248901,0.10028667002916336,0.04208945855498314
35211,0.0,0.0471767783164978,0.057062290608882904,0.030188091099262238
35212,0.0,0.0751768946647644,0.08200456947088242,0.049819644540548325
35213,0.0,0.0672423243522644,0.07416350394487381,0.044995326548814774
35214,0.0,0.08221036195755005,0.08042468875646591,0.04883788526058197
35215,0.0,0.09090185165405273,0.08419722318649292,0.05005403608083725
35216,0.0,0.055561184883117676,0.07041521370410919,0.028093844652175903
35217,0.0,0.05542856454849243,0.06018697842955589,0.032222069799900055
35218,0.0,0.045854270458221436,0.06535577774047852,0.02855343371629715
35219,0.0,0.08294099569320679,0.11097267270088196,0.05842632055282593
35220,0.0,0.0733116865158081,0.07772400230169296,0.046724237501621246
35221,0.0,0.059280216693878174,0.06776892393827438,0.04246125742793083
35222,0.0,0.12607252597808838,0.17589616775512695,0.08861127495765686
35745,1.0,0.3641839027404785,0.42382535338401794,0.6230889558792114
35746,1.0,0.3573724627494812,0.4981304407119751,0.5069363117218018
35747,1.0,0.4944004416465759,0.4930153489112854,0.7020323276519775
35748,1.0,0.3797023296356201,0.40664321184158325,0.522529661655426
35749,1.0,0.3002784252166748,0.3914242386817932,0.4583626091480255
35750,1.0,0.3367372751235962,0.49539414048194885,0.4638000726699829
35751,1.0,0.40164393186569214,0.45919132232666016,0.5212421417236328
35752,1.0,0.24258911609649658,0.3467094302177429,0.25258511304855347
35753,1.0,0.29211652278900146,0.29153120517730713,0.4487607777118683
35754,1.0,0.22314661741256714,0.25674107670783997,0.2960655391216278
35755,1.0,0.3091897964477539,0.4148833155632019,0.5681896209716797
35756,1.0,0.3178671598434448,0.32493841648101807,0.3565008044242859
35757,1.0,0.34326064586639404,0.4092053472995758,0.4421299695968628
35758,1.0,0.31444036960601807,0.4562588930130005,0.4336434006690979
35759,0.0,0.3813726305961609,0.493371844291687,0.45526379346847534
35760,1.0,0.313842236995697,0.37233981490135193,0.4074401259422302
35761,1.0,0.4103185534477234,0.40507420897483826,0.38547641038894653
35762,1.0,0.36483943462371826,0.4600834250450134,0.36231932044029236
35763,1.0,0.1999933123588562,0.30044180154800415,0.24770618975162506
35764,1.0,0.23689889907836914,0.3514021337032318,0.2876989543437958
35765,1.0,0.20446789264678955,0.30346450209617615,0.1683824360370636
35766,1.0,0.12237781286239624,0.14691385626792908,0.11129160970449448
35767,1.0,0.17468565702438354,0.14411801099777222,0.16445568203926086
35768,1.0,0.19310897588729858,0.14311596751213074,0.17220933735370636
35769,1.0,0.13119393587112427,0.12975578010082245,0.10405048727989197
35770,1.0,0.1220514178276062,0.17628563940525055,0.08498109132051468
35771,1.0,0.08558875322341919,0.10063669830560684,0.06021995469927788
35772,0.0,0.18334507942199707,0.21016164124011993,0.24128741025924683
35773,1.0,0.09726172685623169,0.1945975124835968,0.08776596933603287
35774,0.0,0.14880448579788208,0.20270681381225586,0.15179741382598877
35775,0.0,0.05571264028549194,0.09540702402591705,0.03332318365573883
35776,0.0,0.19683343172073364,0.27819183468818665,0.19967283308506012
35777,1.0,0.10771840810775757,0.17687726020812988,0.08699247241020203
35778,0.0,0.2451724410057068,0.21377970278263092,0.32397210597991943
35779,1.0,0.07063955068588257,0.11861038208007812,0.03618456795811653
35780,0.0,0.18364089727401733,0.21024076640605927,0.12401866912841797
35781,1.0,0.10176748037338257,0.1201835349202156,0.06271166354417801
35782,1.0,0.14449787139892578,0.15705040097236633,0.14517845213413239
35783,1.0,0.1501762866973877,0.1875504106283188,0.32262447476387024
35784,0.0,0.18237948417663574,0.15947650372982025,0.3168219327926636
35785,1.0,0.11360490322113037,0.18363456428050995,0.17745520174503326
35786,0.0,0.18630313873291016,0.18718624114990234,0.2628648281097412
35787,1.0,0.1544448733329773,0.15683577954769135,0.1562417447566986
35788,1.0,0.2500149607658386,0.19886082410812378,0.360541969537735
35789,1.0,0.15444552898406982,0.1819264441728592,0.12292182445526123
35790,1.0,0.19331294298171997,0.15456458926200867,0.19203829765319824
35791,1.0,0.15704041719436646,0.1590070277452469,0.22358645498752594
35792,1.0,0.21515589952468872,0.2921053171157837,0.26858535408973694
35793,1.0,0.2022719383239746,0.23104530572891235,0.24116283655166626
35794,1.0,0.3949725031852722,0.3557475209236145,0.5338707566261292
35795,1.0,0.25883543491363525,0.3057234585285187,0.1720699518918991
35796,1.0,0.3330947756767273,0.3222965896129608,0.4389737844467163
36319,0.0,0.29934507608413696,0.4296424984931946,0.3255842924118042
36320,0.0,0.3207271695137024,0.36892464756965637,0.2962098717689514
36321,0.0,0.2720450758934021,0.3166293501853943,0.21924567222595215
36322,0.0,0.2498655915260315,0.2114274650812149,0.17217573523521423
36323,0.0,0.23331838846206665,0.208920419216156,0.15481598675251007
36324,0.0,0.1547364592552185,0.1057552918791771,0.09609812498092651
36325,0.0,0.18578320741653442,0.1996331810951233,0.15424101054668427
36326,0.0,0.23513871431350708,0.22865724563598633,0.18432310223579407
36327,0.0,0.16867035627365112,0.20741406083106995,0.10474500060081482
36328,0.0,0.1778523325920105,0.13579727709293365,0.15766362845897675
36329,0.0,0.1508803367614746,0.1514744609594345,0.09316108375787735
36330,0.0,0.13904613256454468,0.17072448134422302,0.08201470971107483
36331,0.0,0.15813469886779785,0.20358654856681824,0.13416029512882233
36332,0.0,0.11974430084228516,0.1854095160961151,0.07854005694389343
36333,0.0,0.14801102876663208,0.34158968925476074,0.14600105583667755
36334,0.0,0.16376912593841553,0.2408788502216339,0.12691546976566315
36335,0.0,0.2193760871887207,0.3435318171977997,0.25107720494270325
36336,0.0,0.22550106048583984,0.37786349654197693,0.2256409376859665
36337,0.0,0.24404579401016235,0.26673623919487,0.30337944626808167
36338,0.0,0.20710837841033936,0.3123643398284912,0.2269142121076584
36339,0.0,0.16316980123519897,0.1983024626970291,0.13019877672195435
36340,0.0,0.29559916257858276,0.3572898209095001,0.39953696727752686
36341,0.0,0.2948073148727417,0.43402618169784546,0.34265968203544617
36342,0.0,0.20746451616287231,0.43446213006973267,0.19264401495456696
36343,0.0,0.3527142405509949,0.41843801736831665,0.40263858437538147
36344,0.0,0.301819384098053,0.343199223279953,0.31450241804122925
36345,0.0,0.3527616262435913,0.4819504916667938,0.37364089488983154
36346,1.0,0.39243173599243164,0.4338096082210541,0.4649137556552887
36347,0.0,0.39560139179229736,0.5484493970870972,0.5257866382598877
36348,0.0,0.31341028213500977,0.38846665620803833,0.3112269341945648
36349,0.0,0.28383415937423706,0.2996399402618408,0.25322845578193665
36350,0.0,0.13477396965026855,0.1523587554693222,0.13381487131118774
36351,0.0,0.12581950426101685,0.14952977001667023,0.10864751040935516
36352,0.0,0.14317268133163452,0.16510441899299622,0.17457184195518494
36353,0.0,0.16351479291915894,0.2492847740650177,0.16432929039001465
36354,0.0,0.14005017280578613,0.162090003490448,0.12257956713438034
36355,0.0,0.1149488091468811,0.16822901368141174,0.09601865708827972
36356,0.0,0.09054040908813477,0.09524309635162354,0.06820489466190338
36357,0.0,0.08680576086044312,0.09513124823570251,0.07057437300682068
36358,0.0,0.09222716093063354,0.09774526953697205,0.052869413048028946
36359,0.0,0.09560734033584595,0.12149857729673386,0.07647325843572617
36360,0.0,0.08542555570602417,0.12766556441783905,0.04885274916887283
36361,0.0,0.11803567409515381,0.09399937838315964,0.1304091513156891
36362,0.0,0.088437020778656,0.14468103647232056,0.046709880232810974
36363,0.0,0.09665197134017944,0.11628019064664841,0.04742729291319847
36364,0.0,0.07934260368347168,0.10616189986467361,0.044815681874752045
36365,0.0,0.09603554010391235,0.09116759151220322,0.04382610693573952
36366,0.0,0.10625404119491577,0.10862965881824493,0.05505653843283653
36367,0.0,0.10411924123764038,0.13072052597999573,0.07579722255468369
36368,0.0,0.09609216451644897,0.10887695103883743,0.0705823004245758
36369,0.0,0.0975460410118103,0.10987121611833572,0.06467128545045853
36370,0.0,0.1774105429649353,0.23339185118675232,0.17905789613723755
36893,0.0,0.055425286293029785,0.07804503291845322,0.0393337719142437
36894,0.0,0.13639217615127563,0.124846912920475,0.1475432813167572
36895,1.0,0.1414075493812561,0.16144420206546783,0.10550591349601746
36896,1.0,0.05599677562713623,0.06751052290201187,0.04375731199979782
36897,0.0,0.04727458953857422,0.05964356288313866,0.02921430952847004
36898,0.0,0.14880245923995972,0.19528910517692566,0.15528345108032227
36899,1.0,0.16699552536010742,0.1689172238111496,0.12288454174995422
36900,1.0,0.08301609754562378,0.11218594759702682,0.06473711878061295
36901,0.0,0.13698619604110718,0.12705396115779877,0.10921720415353775
36902,1.0,0.06540590524673462,0.07323875278234482,0.048186175525188446
36903,0.0,0.053872883319854736,0.042162030935287476,0.03645238280296326
36904,0.0,0.09281706809997559,0.12012123316526413,0.0715925469994545
36905,1.0,0.16625815629959106,0.15222743153572083,0.12323789298534393
36906,1.0,0.06222987174987793,0.08678628504276276,0.044078707695007324
36907,0.0,0.06739926338195801,0.06338758021593094,0.05339308828115463
36908,0.0,0.06547337770462036,0.0663442462682724,0.04700658470392227
36909,0.0,0.1257113218307495,0.1649290919303894,0.11977037787437439
36910,1.0,0.06172138452529907,0.052888888865709305,0.037134312093257904
36911,0.0,0.06059640645980835,0.07546009868383408,0.04642128571867943
36912,0.0,0.055275559425354004,0.06548716127872467,0.03609985113143921
36913,0.0,0.056753456592559814,0.06444215029478073,0.040190864354372025
36914,0.0,0.10348719358444214,0.06430535018444061,0.09438679367303848
36915,1.0,0.058116912841796875,0.05290060490369797,0.040240466594696045
36916,0.0,0.05785602331161499,0.062198296189308167,0.050635337829589844
36917,0.0,0.10225379467010498,0.0951870009303093,0.08288538455963135
36918,1.0,0.0628892183303833,0.07005416601896286,0.0499083548784256
36919,0.0,0.054899752140045166,0.0649230107665062,0.04684842750430107
36920,0.0,0.05367094278335571,0.06554767489433289,0.05085524544119835
36921,0.0,0.10453206300735474,0.09571759402751923,0.1074141338467598
36922,1.0,0.1061859130859375,0.10455459356307983,0.09029755741357803
36923,1.0,0.06525951623916626,0.07278072088956833,0.05191618576645851
36924,0.0,0.10110020637512207,0.13885048031806946,0.08304896205663681
36925,1.0,0.07029056549072266,0.07712869346141815,0.04499397426843643
36926,0.0,0.05786240100860596,0.06615415960550308,0.04599402844905853
36927,0.0,0.050198495388031006,0.054490089416503906,0.042054180055856705
36928,0.0,0.09335458278656006,0.09636903554201126,0.07046369463205338
36929,1.0,0.06130647659301758,0.0821288675069809,0.052644118666648865
36930,0.0,0.05394601821899414,0.055246517062187195,0.03098132647573948
36931,0.0,0.04874902963638306,0.05258212611079216,0.030980853363871574
36932,0.0,0.04917341470718384,0.049443963915109634,0.036253802478313446
36933,0.0,0.05434006452560425,0.0519414059817791,0.06324377655982971
36934,0.0,0.04377007484436035,0.04631173983216286,0.04843451827764511
36935,0.0,0.04629427194595337,0.04502514377236366,0.05337380990386009
36936,0.0,0.045670270919799805,0.051533956080675125,0.04654340073466301
36937,0.0,0.05031633377075195,0.04728841409087181,0.062452808022499084
36938,0.0,0.04550379514694214,0.04953087493777275,0.05365367978811264
36939,0.0,0.05542600154876709,0.04523773118853569,0.06613725423812866
36940,0.0,0.06142479181289673,0.07599979639053345,0.05094167962670326
36941,0.0,0.045639634132385254,0.07617448270320892,0.04151717200875282
36942,0.0,0.04982084035873413,0.08076964318752289,0.05610067397356033
36943,0.0,0.08242446184158325,0.07381095737218857,0.1200975850224495
36944,0.0,0.09800499677658081,0.09705548733472824,0.1420777440071106
37467,0.0,0.034480512142181396,0.04216570779681206,0.014770488254725933
37468,0.0,0.029305219650268555,0.08697390556335449,0.01727299951016903
37469,0.0,0.03658944368362427,0.04919109493494034,0.021964801475405693
37470,0.0,0.03957897424697876,0.05199510604143143,0.028582653030753136
37471,0.0,0.04080134630203247,0.06773067265748978,0.035964373499155045
37472,0.0,0.03958630561828613,0.054854705929756165,0.03072276897728443
37473,0.0,0.029206812381744385,0.07031192630529404,0.016776898875832558
37474,0.0,0.08144837617874146,0.13420680165290833,0.06979195773601532
37475,0.0,0.03855407238006592,0.05700349062681198,0.02227652445435524
37476,0.0,0.037036120891571045,0.06219221651554108,0.02090667188167572
37477,0.0,0.0357356071472168,0.05626116320490837,0.018963580951094627
37478,0.0,0.03587174415588379,0.04866805672645569,0.02206592820584774
37479,0.0,0.07559281587600708,0.1822284609079361,0.04077195003628731
37480,0.0,0.03836715221405029,0.04610153287649155,0.01984117552638054
37481,0.0,0.0306432843208313,0.07356088608503342,0.015671180561184883
37482,0.0,0.0416865348815918,0.10063276439905167,0.023033903911709785
37483,0.0,0.03912752866744995,0.09916478395462036,0.01737961545586586
37484,0.0,0.030054569244384766,0.12359991669654846,0.020026547834277153
37485,0.0,0.03537631034851074,0.1090041846036911,0.023219095543026924
37486,0.0,0.027956485748291016,0.0994715690612793,0.01823224313557148
37487,0.0,0.06126493215560913,0.08596596121788025,0.043571993708610535
37488,0.0,0.042909324169158936,0.1069721207022667,0.022362733259797096
37489,0.0,0.0354500412940979,0.09448359161615372,0.017539547756314278
37490,0.0,0.029211580753326416,0.04527023434638977,0.016768768429756165
37491,0.0,0.02507227659225464,0.04859820380806923,0.013268829323351383
37492,0.0,0.023565232753753662,0.07021140307188034,0.020484985783696175
37493,0.0,0.0238153338432312,0.0702797919511795,0.020390458405017853
37494,0.0,0.025381386280059814,0.0416073352098465,0.021680815145373344
37495,0.0,0.02544301748275757,0.06815510988235474,0.026612915098667145
37496,0.0,0.02475285530090332,0.03829538822174072,0.02061033621430397
37497,0.0,0.024365663528442383,0.044224146753549576,0.0199419017881155
37498,0.0,0.028732657432556152,0.03441913053393364,0.02149217575788498
37499,0.0,0.03051900863647461,0.03455179184675217,0.02336076647043228
37500,0.0,0.020590007305145264,0.07858715206384659,0.015276283957064152
37501,0.0,0.02199113368988037,0.0803786888718605,0.01276175957173109
37502,0.0,0.022580623626708984,0.04720368981361389,0.015889888629317284
37503,0.0,0.02069270610809326,0.0494486428797245,0.01230384036898613
37504,0.0,0.02049124240875244,0.04151361435651779,0.012281075119972229
37505,0.0,0.018905460834503174,0.028551051393151283,0.009998776949942112
37506,0.0,0.02199012041091919,0.03074185736477375,0.012627226300537586
37507,0.0,0.02238363027572632,0.03184253349900246,0.012328892946243286
37508,0.0,0.024859905242919922,0.05758160725235939,0.026359109207987785
37509,0.0,0.024447143077850342,0.09249544143676758,0.016990644857287407
37510,0.0,0.026213526725769043,0.05733481049537659,0.026412639766931534
37511,0.0,0.025591492652893066,0.03517058864235878,0.021133149042725563
37512,0.0,0.02537435293197632,0.046382613480091095,0.02198978140950203
37513,0.0,0.025591492652893066,0.04568919166922569,0.021133149042725563
37514,0.0,0.03365987539291382,0.10801808536052704,0.02100970968604088
37515,0.0,0.06748539209365845,0.11352460086345673,0.060902513563632965
37516,0.0,0.028134644031524658,0.06451959162950516,0.013015705160796642
37517,0.0,0.039230406284332275,0.052249725908041,0.02349080704152584
37518,0.0,0.036187827587127686,0.07972230762243271,0.021484604105353355
38041,0.0,0.13993561267852783,0.20417658984661102,0.16281037032604218
38042,1.0,0.1783391833305359,0.20463699102401733,0.14956586062908173
38043,1.0,0.19932347536087036,0.2135954350233078,0.183338925242424
38044,1.0,0.15735137462615967,0.17905639111995697,0.148844376206398
38045,1.0,0.17405098676681519,0.23757535219192505,0.1617538034915924
38046,1.0,0.10133802890777588,0.1746956706047058,0.09849434345960617
38047,0.0,0.09943526983261108,0.196998730301857,0.07786399871110916
38048,0.0,0.193281888961792,0.28569620847702026,0.19726374745368958
38049,1.0,0.3804548978805542,0.6390733122825623,0.5274874567985535
38050,1.0,0.23140555620193481,0.39942196011543274,0.3308393657207489
38051,1.0,0.20780432224273682,0.2789299488067627,0.30071061849594116
38052,1.0,0.2234112024307251,0.34538009762763977,0.3515976369380951
38053,1.0,0.27082186937332153,0.42316657304763794,0.4512650668621063
38054,1.0,0.18246829509735107,0.244896799325943,0.17296600341796875
38055,0.0,0.22756004333496094,0.4165096879005432,0.4798625707626343
38056,1.0,0.18833297491073608,0.33269739151000977,0.23188887536525726
38057,1.0,0.18788105249404907,0.2638934850692749,0.24127447605133057
38058,1.0,0.17129456996917725,0.2446286529302597,0.22184136509895325
38059,1.0,0.1902046799659729,0.23174990713596344,0.2545628845691681
38060,1.0,0.17035001516342163,0.19791612029075623,0.1955537647008896
38061,1.0,0.1472504734992981,0.15421819686889648,0.14368663728237152
38062,0.0,0.1401968002319336,0.1803162395954132,0.11729945987462997
38063,0.0,0.14238351583480835,0.17338691651821136,0.16935741901397705
38064,1.0,0.17312902212142944,0.20303860306739807,0.20202013850212097
38065,1.0,0.1625276803970337,0.18638195097446442,0.1544371247291565
38066,0.0,0.18214458227157593,0.23623530566692352,0.23099079728126526
38067,1.0,0.18826550245285034,0.22501032054424286,0.2792570888996124
38068,1.0,0.25226253271102905,0.2678104043006897,0.33247971534729004
38069,1.0,0.24785935878753662,0.29039132595062256,0.2602365016937256
38070,1.0,0.21544289588928223,0.23014302551746368,0.22479069232940674
38071,1.0,0.18584388494491577,0.2133956402540207,0.2182711660861969
38072,0.0,0.16523057222366333,0.21351447701454163,0.24210000038146973
38073,1.0,0.09982776641845703,0.13080783188343048,0.1075534075498581
38074,1.0,0.10755407810211182,0.12514306604862213,0.09773090481758118
38075,0.0,0.11711394786834717,0.1432703733444214,0.11793811619281769
38076,0.0,0.08578956127166748,0.12083155661821365,0.07310815155506134
38077,0.0,0.07361859083175659,0.08339466154575348,0.060215454548597336
38078,0.0,0.03967940807342529,0.04955574870109558,0.027329446747899055
38079,0.0,0.04045921564102173,0.04763306677341461,0.026355989277362823
38080,0.0,0.058790743350982666,0.07187121361494064,0.04337095469236374
38081,0.0,0.061958909034729004,0.07575730979442596,0.043414484709501266
38082,0.0,0.035536110401153564,0.03573139011859894,0.02302365191280842
38083,0.0,0.06913250684738159,0.08871793001890182,0.046743251383304596
38084,1.0,0.04762768745422363,0.05619320645928383,0.02894160896539688
38085,0.0,0.09811568260192871,0.1029241606593132,0.06781326979398727
38086,1.0,0.07906639575958252,0.07898573577404022,0.052678029984235764
38087,0.0,0.08754056692123413,0.08212149143218994,0.057615913450717926
38088,0.0,0.0460737943649292,0.05528097227215767,0.031041638925671577
38089,0.0,0.05162233114242554,0.058952365070581436,0.03971840441226959
38090,0.0,0.08272069692611694,0.09146136790513992,0.07938661426305771
38091,0.0,0.09434372186660767,0.09101822972297668,0.06274177879095078
38092,1.0,0.10872793197631836,0.1404786854982376,0.0682617574930191
38615,1.0,0.057344257831573486,0.06743273884057999,0.03816864266991615
38616,1.0,0.07095420360565186,0.07313179969787598,0.06529906392097473
38617,1.0,0.07477951049804688,0.08261876553297043,0.08084520697593689
38618,1.0,0.07264894247055054,0.09768107533454895,0.07438421994447708
38619,1.0,0.06610369682312012,0.08252618461847305,0.053384117782115936
38620,1.0,0.08383119106292725,0.12445903569459915,0.0929657444357872
38621,1.0,0.07225579023361206,0.08342516422271729,0.05738454684615135
38622,1.0,0.06774663925170898,0.06528093665838242,0.05120938643813133
38623,1.0,0.06587213277816772,0.06151355057954788,0.053457390516996384
38624,1.0,0.069419264793396,0.09428512305021286,0.059483859688043594
38625,1.0,0.0666695237159729,0.10076585412025452,0.08359543234109879
38626,1.0,0.05735445022583008,0.052330661565065384,0.04354432597756386
38627,1.0,0.061145663261413574,0.06857499480247498,0.05986397713422775
38628,1.0,0.06477528810501099,0.07261984795331955,0.04341733828186989
38629,1.0,0.06351900100708008,0.08395101875066757,0.05571674555540085
38630,1.0,0.06804817914962769,0.08621659874916077,0.05903725326061249
38631,1.0,0.06861364841461182,0.09617950767278671,0.05891356244683266
38632,1.0,0.05948376655578613,0.10761741548776627,0.050830598920583725
38633,1.0,0.05080389976501465,0.08532141149044037,0.05013987794518471
38634,1.0,0.05186295509338379,0.09241925925016403,0.05512559786438942
38635,1.0,0.05301797389984131,0.07652964442968369,0.04734246805310249
38636,1.0,0.04622471332550049,0.04604778438806534,0.03394262120127678
38637,1.0,0.10950863361358643,0.19422189891338348,0.10003012418746948
38638,1.0,0.060176074504852295,0.09071630239486694,0.04766691476106644
38639,1.0,0.10692954063415527,0.15534523129463196,0.10715877264738083
38640,1.0,0.06715250015258789,0.08318473398685455,0.06968170404434204
38641,1.0,0.06157708168029785,0.07496095448732376,0.05795770511031151
38642,1.0,0.05881541967391968,0.07355422526597977,0.06403065472841263
38643,1.0,0.05540359020233154,0.07115277647972107,0.054150644689798355
38644,1.0,0.055094778537750244,0.07374725490808487,0.05152333900332451
38645,1.0,0.05118560791015625,0.07071390748023987,0.04036497697234154
38646,1.0,0.049031078815460205,0.0549340695142746,0.040501270443201065
38647,1.0,0.08029580116271973,0.06673135608434677,0.0820155069231987
38648,1.0,0.05681753158569336,0.08030083030462265,0.04033207520842552
38649,1.0,0.10293471813201904,0.14707499742507935,0.09896878153085709
38650,1.0,0.07306861877441406,0.08934158086776733,0.0608406662940979
38651,1.0,0.06342881917953491,0.08009778708219528,0.046013928949832916
38652,1.0,0.054944515228271484,0.05752681568264961,0.03362765163183212
38653,1.0,0.05585765838623047,0.060732677578926086,0.03137999400496483
38654,1.0,0.056263506412506104,0.04719100520014763,0.0536930114030838
38655,1.0,0.06050902605056763,0.06930873543024063,0.06462676078081131
38656,1.0,0.04629427194595337,0.05443403869867325,0.04998617619276047
38657,1.0,0.049996018409729004,0.054991938173770905,0.05721665546298027
38658,1.0,0.047247231006622314,0.08433150500059128,0.0553438737988472
38659,1.0,0.045968592166900635,0.06918000429868698,0.04040435329079628
38660,1.0,0.04554027318954468,0.07457985728979111,0.04105532914400101
38661,1.0,0.053578078746795654,0.05186481773853302,0.06392484903335571
38662,1.0,0.043420374393463135,0.08249412477016449,0.03439154848456383
38663,1.0,0.051492512226104736,0.09185461699962616,0.059831295162439346
38664,1.0,0.04949688911437988,0.09568125754594803,0.059611860662698746
38665,1.0,0.06459945440292358,0.07265521585941315,0.08252467960119247
38666,1.0,0.05757325887680054,0.06491595506668091,0.054228827357292175
39189,0.0,0.267846941947937,0.36027997732162476,0.20915091037750244
39190,0.0,0.23870646953582764,0.31544893980026245,0.18102781474590302
39191,0.0,0.21621841192245483,0.3315896987915039,0.283031702041626
39192,0.0,0.21742260456085205,0.2638562321662903,0.26983368396759033
39193,0.0,0.12845110893249512,0.1458940953016281,0.12007324397563934
39194,0.0,0.13164979219436646,0.187785342335701,0.1126231700181961
39195,0.0,0.14688700437545776,0.22329427301883698,0.1288880556821823
39196,0.0,0.1908213496208191,0.250240683555603,0.19271709024906158
39197,0.0,0.1493968963623047,0.24013905227184296,0.12487097084522247
39198,0.0,0.13743042945861816,0.1696908324956894,0.10734345763921738
39199,0.0,0.11671853065490723,0.13993744552135468,0.11080590635538101
39200,0.0,0.14165252447128296,0.20207102596759796,0.1407727301120758
39201,0.0,0.1540738344192505,0.2375040203332901,0.16413529217243195
39202,0.0,0.10567796230316162,0.19956184923648834,0.06721160560846329
39203,0.0,0.18767321109771729,0.2844753563404083,0.21351975202560425
39204,0.0,0.18384689092636108,0.33191555738449097,0.1436489075422287
39205,0.0,0.18058347702026367,0.28431281447410583,0.15858139097690582
39206,0.0,0.15392851829528809,0.2449522167444229,0.1799047291278839
39207,0.0,0.1937231421470642,0.194510817527771,0.17080186307430267
39208,0.0,0.13249307870864868,0.15992434322834015,0.1040283590555191
39209,0.0,0.13959723711013794,0.1684449464082718,0.10575736314058304
39210,0.0,0.16909468173980713,0.1523459404706955,0.12645341455936432
39211,0.0,0.24394875764846802,0.295152485370636,0.16939303278923035
39212,0.0,0.1583659052848816,0.2047806978225708,0.09956923127174377
39213,0.0,0.21662169694900513,0.19034086167812347,0.2254946380853653
39214,0.0,0.23521238565444946,0.18754293024539948,0.29511600732803345
39215,0.0,0.2137606143951416,0.19153323769569397,0.2622375786304474
39216,0.0,0.2120087742805481,0.22292140126228333,0.22486348450183868
39217,0.0,0.2083987593650818,0.2098316252231598,0.22367756068706512
39218,0.0,0.14413225650787354,0.16216783225536346,0.12491181492805481
39219,0.0,0.13785839080810547,0.1365298181772232,0.14276699721813202
39220,0.0,0.1494603157043457,0.14717724919319153,0.15593519806861877
39221,0.0,0.11793893575668335,0.1358790397644043,0.12187155336141586
39222,0.0,0.1379362940788269,0.1462705433368683,0.13768181204795837
39223,0.0,0.13100159168243408,0.16250935196876526,0.11630440503358841
39224,0.0,0.13375639915466309,0.12558706104755402,0.12420789897441864
39225,0.0,0.12387871742248535,0.148431196808815,0.14362961053848267
39226,0.0,0.08301681280136108,0.09697409719228745,0.07420778274536133
39227,0.0,0.08020263910293579,0.094657763838768,0.06504044681787491
39228,0.0,0.08566659688949585,0.12265566736459732,0.07472479343414307
39229,0.0,0.09907138347625732,0.13767960667610168,0.07055401802062988
39230,0.0,0.10245084762573242,0.11393211036920547,0.08312350511550903
39231,0.0,0.09112948179244995,0.10381387174129486,0.07186341285705566
39232,0.0,0.08329999446868896,0.09339532256126404,0.05574848875403404
39233,0.0,0.10703897476196289,0.10256718099117279,0.07366383820772171
39234,0.0,0.08478152751922607,0.10183148086071014,0.05646831914782524
39235,0.0,0.07591867446899414,0.08156949281692505,0.04057243838906288
39236,0.0,0.09236669540405273,0.10188553482294083,0.061438050121068954
39237,0.0,0.07701468467712402,0.103084996342659,0.06429276615381241
39238,0.0,0.10418456792831421,0.11929645389318466,0.06764987856149673
39239,0.0,0.11685901880264282,0.1368376463651657,0.07083415240049362
39240,0.0,0.07143700122833252,0.151713564991951,0.04075660556554794
39763,0.0,0.17992407083511353,0.30135151743888855,0.12959331274032593
39764,0.0,0.1547873616218567,0.28657037019729614,0.13546834886074066
39765,0.0,0.1845131516456604,0.339815616607666,0.1186489537358284
39766,0.0,0.3599461317062378,0.6323524117469788,0.38249513506889343
39767,0.0,0.21250128746032715,0.3300520181655884,0.1607935130596161
39768,0.0,0.23709112405776978,0.25026437640190125,0.16028645634651184
39769,0.0,0.23519223928451538,0.49843424558639526,0.30482643842697144
39770,0.0,0.27551573514938354,0.3763096034526825,0.25211402773857117
39771,0.0,0.22975468635559082,0.26576852798461914,0.2087751030921936
39772,0.0,0.19132810831069946,0.2367457002401352,0.20179490745067596
39773,0.0,0.20336419343948364,0.23415374755859375,0.2170855849981308
39774,0.0,0.2631748914718628,0.3865910768508911,0.30845198035240173
39775,0.0,0.22237026691436768,0.3403383791446686,0.2077057659626007
39776,0.0,0.2544407844543457,0.38379770517349243,0.2325289398431778
39777,0.0,0.18802767992019653,0.3568666875362396,0.15080960094928741
39778,0.0,0.19079720973968506,0.32249096035957336,0.1534131020307541
39779,0.0,0.16111302375793457,0.25530701875686646,0.09755959361791611
39780,0.0,0.1297980546951294,0.19599589705467224,0.07721302658319473
39781,0.0,0.15286093950271606,0.22984735667705536,0.08251366764307022
39782,0.0,0.1595320701599121,0.27608829736709595,0.1272403597831726
39783,0.0,0.15532439947128296,0.2715891897678375,0.10550766438245773
39784,0.0,0.22780954837799072,0.2644869387149811,0.2175215482711792
39785,0.0,0.19600337743759155,0.2920387089252472,0.1884409338235855
39786,0.0,0.22809761762619019,0.22339482605457306,0.19649779796600342
39787,0.0,0.21365278959274292,0.2643013596534729,0.20259971916675568
39788,0.0,0.1702175736427307,0.20891344547271729,0.13663287460803986
39789,0.0,0.1062779426574707,0.16124729812145233,0.09332846105098724
39790,0.0,0.0969972014427185,0.14951905608177185,0.051062460988759995
39791,0.0,0.17669469118118286,0.27542024850845337,0.15280479192733765
39792,0.0,0.1531773805618286,0.23615103960037231,0.11956413090229034
39793,0.0,0.16470760107040405,0.24166081845760345,0.14165683090686798
39794,0.0,0.11047899723052979,0.20321939885616302,0.07723524421453476
39795,0.0,0.16687220335006714,0.15919457376003265,0.11200769990682602
39796,0.0,0.12930577993392944,0.17875900864601135,0.11011046171188354
39797,0.0,0.12365710735321045,0.11544199287891388,0.08550532907247543
39798,0.0,0.08768582344055176,0.13408520817756653,0.06758448481559753
39799,0.0,0.10789316892623901,0.15401999652385712,0.05573049932718277
39800,0.0,0.09378230571746826,0.1616448014974594,0.050850916653871536
39801,0.0,0.08628714084625244,0.10895688086748123,0.05681801959872246
39802,0.0,0.08296537399291992,0.13235294818878174,0.04277736321091652
39803,0.0,0.09147787094116211,0.15326689183712006,0.058511361479759216
39804,0.0,0.1088976263999939,0.16163483262062073,0.08948412537574768
39805,0.0,0.08436805009841919,0.18576543033123016,0.043707139790058136
39806,0.0,0.10399025678634644,0.14714415371418,0.0745135098695755
39807,0.0,0.1484370231628418,0.17420712113380432,0.10367265343666077
39808,0.0,0.10549616813659668,0.15515200793743134,0.06220477819442749
39809,0.0,0.11957496404647827,0.1588572859764099,0.0670180469751358
39810,0.0,0.10292577743530273,0.13668937981128693,0.07183214277029037
39811,0.0,0.11606442928314209,0.18919610977172852,0.07421109080314636
39812,0.0,0.08188503980636597,0.16480395197868347,0.060378290712833405
39813,0.0,0.10873687267303467,0.16063250601291656,0.06698085367679596
39814,0.0,0.13524013757705688,0.23872171342372894,0.11283399164676666
40337,1.0,0.11726522445678711,0.1644388884305954,0.1363758146762848
40338,1.0,0.12083208560943604,0.1615944653749466,0.1842813640832901
40339,1.0,0.10087156295776367,0.14975039660930634,0.13502420485019684
40340,1.0,0.12193810939788818,0.1522471308708191,0.15814433991909027
40341,1.0,0.11984026432037354,0.14468877017498016,0.1394929438829422
40342,1.0,0.11005556583404541,0.1382753551006317,0.1515066772699356
40343,1.0,0.10813939571380615,0.13482384383678436,0.12808221578598022
40344,1.0,0.12257522344589233,0.15606623888015747,0.13322217762470245
40345,1.0,0.11530721187591553,0.14848513901233673,0.13228359818458557
40346,1.0,0.18938571214675903,0.30466893315315247,0.23988813161849976
40347,1.0,0.13662183284759521,0.14420095086097717,0.177559494972229
40348,1.0,0.2599872350692749,0.36199361085891724,0.40417540073394775
40349,1.0,0.2044113278388977,0.1788739114999771,0.31594815850257874
40350,1.0,0.18349313735961914,0.1930648535490036,0.23715926706790924
40351,1.0,0.20537841320037842,0.2420051097869873,0.25568312406539917
40352,1.0,0.22837001085281372,0.3272470235824585,0.2588570713996887
40353,1.0,0.2709500193595886,0.3371962606906891,0.3234267234802246
40354,1.0,0.3450787663459778,0.3419955372810364,0.522354245185852
40355,1.0,0.34092235565185547,0.283333420753479,0.44792354106903076
40356,1.0,0.3640482425689697,0.35546794533729553,0.457906037569046
40357,1.0,0.29424554109573364,0.2872731387615204,0.37634074687957764
40358,1.0,0.2804427146911621,0.2737392783164978,0.3419473171234131
40359,1.0,0.22597277164459229,0.18779197335243225,0.23527728021144867
40360,1.0,0.2426896095275879,0.18054087460041046,0.29728415608406067
40361,1.0,0.17536944150924683,0.14190982282161713,0.22345364093780518
40362,1.0,0.15030533075332642,0.12996797263622284,0.171979159116745
40363,1.0,0.15259438753128052,0.1559380292892456,0.19942085444927216
40364,1.0,0.11262202262878418,0.13287602365016937,0.11518990248441696
40365,1.0,0.10583668947219849,0.10561352968215942,0.13233113288879395
40366,1.0,0.11559504270553589,0.15761378407478333,0.12278424948453903
40367,1.0,0.10382813215255737,0.141069695353508,0.10661570727825165
40368,1.0,0.09867876768112183,0.13204693794250488,0.098249651491642
40369,1.0,0.11141765117645264,0.15803281962871552,0.09524934738874435
40370,1.0,0.11153674125671387,0.17373913526535034,0.14852464199066162
40371,1.0,0.1039322018623352,0.17292140424251556,0.13114717602729797
40372,1.0,0.10237687826156616,0.18579019606113434,0.12378078699111938
40373,1.0,0.10082191228866577,0.17638826370239258,0.12160497903823853
40374,1.0,0.0634278655052185,0.11147589236497879,0.06546691805124283
40375,1.0,0.08622485399246216,0.12160664796829224,0.08472800254821777
40376,1.0,0.1043747067451477,0.13053470849990845,0.12228339910507202
40377,1.0,0.11497169733047485,0.1338581144809723,0.12021098285913467
40378,1.0,0.09087890386581421,0.09510502964258194,0.09682852774858475
40379,1.0,0.0960882306098938,0.09762026369571686,0.1065768301486969
40380,1.0,0.10887664556503296,0.16188779473304749,0.15070734918117523
40381,1.0,0.112082839012146,0.2200833112001419,0.12787280976772308
40382,1.0,0.10857874155044556,0.14147663116455078,0.1295018494129181
40383,1.0,0.11437404155731201,0.1720862239599228,0.162760928273201
40384,1.0,0.1285252571105957,0.17931601405143738,0.15003563463687897
40385,1.0,0.12049895524978638,0.15982988476753235,0.11759127676486969
40386,1.0,0.14392244815826416,0.19730328023433685,0.17868345975875854
40387,1.0,0.26270347833633423,0.3814517855644226,0.3231865465641022
40388,1.0,0.19063884019851685,0.19823193550109863,0.23934446275234222
40911,0.0,0.31698083877563477,0.3813555836677551,0.43359294533729553
40912,0.0,0.34320616722106934,0.3555253744125366,0.5647616982460022
40913,0.0,0.3066788911819458,0.2652975022792816,0.4365074038505554
40914,0.0,0.46523749828338623,0.4684755504131317,0.7364336252212524
40915,1.0,0.5229197144508362,0.7243657112121582,0.8563650846481323
40916,1.0,0.3336988687515259,0.4957597851753235,0.5544515252113342
40917,1.0,0.36878299713134766,0.5567415356636047,0.7205809950828552
40918,1.0,0.34434688091278076,0.4612651467323303,0.5860852599143982
40919,1.0,0.35803282260894775,0.4446239173412323,0.6757543683052063
40920,1.0,0.30464357137680054,0.33244243264198303,0.5977480411529541
40921,1.0,0.25993502140045166,0.29521697759628296,0.4856587052345276
40922,0.0,0.499225914478302,0.6595813035964966,0.928859293460846
40923,1.0,0.5281472206115723,0.691051721572876,0.9059851765632629
40924,1.0,0.428371787071228,0.549238920211792,0.8425740003585815
40925,0.0,0.35065317153930664,0.526278018951416,0.791408896446228
40926,1.0,0.4304177165031433,0.6043053865432739,0.7589648962020874
40927,1.0,0.4148976802825928,0.46609604358673096,0.7822790741920471
40928,0.0,0.34902137517929077,0.39127209782600403,0.6880201101303101
40929,0.0,0.30241167545318604,0.3750937283039093,0.599704384803772
40930,0.0,0.28186899423599243,0.2930166721343994,0.5250177383422852
40931,0.0,0.25652194023132324,0.32971251010894775,0.4829351007938385
40932,0.0,0.25688469409942627,0.2896847426891327,0.44567522406578064
40933,0.0,0.2484680414199829,0.27926158905029297,0.42307019233703613
40934,0.0,0.29137665033340454,0.3069118559360504,0.545634388923645
40935,0.0,0.26072317361831665,0.27968525886535645,0.4717373549938202
40936,0.0,0.24682307243347168,0.24383677542209625,0.3927616477012634
40937,0.0,0.12306791543960571,0.16934834420681,0.20010560750961304
40938,0.0,0.19223982095718384,0.24265404045581818,0.3436926305294037
40939,0.0,0.1616939902305603,0.21914568543434143,0.2455005645751953
40940,0.0,0.1531517505645752,0.17344099283218384,0.2063283622264862
40941,0.0,0.14672213792800903,0.2536071836948395,0.29710498452186584
40942,0.0,0.13036304712295532,0.15455274283885956,0.17940504848957062
40943,0.0,0.12034499645233154,0.1309019923210144,0.14977909624576569
40944,0.0,0.11465573310852051,0.1162424311041832,0.1296437531709671
40945,0.0,0.06520110368728638,0.07427041232585907,0.06368635594844818
40946,0.0,0.08733320236206055,0.09488014876842499,0.11370278894901276
40947,0.0,0.0796668529510498,0.08617407083511353,0.09013967216014862
40948,0.0,0.0822567343711853,0.0969654992222786,0.08818349987268448
40949,0.0,0.10168445110321045,0.11113479733467102,0.10193587094545364
40950,0.0,0.07851028442382812,0.09764508903026581,0.05694686621427536
40951,0.0,0.1361256241798401,0.1383669078350067,0.1414305567741394
40952,0.0,0.08756130933761597,0.09652933478355408,0.07454892992973328
40953,0.0,0.10757726430892944,0.11185019463300705,0.06875579804182053
40954,0.0,0.0717383623123169,0.09019219875335693,0.05218600481748581
40955,0.0,0.11355245113372803,0.0957380011677742,0.08046421408653259
40956,0.0,0.10020279884338379,0.0923994779586792,0.08421207219362259
40957,0.0,0.12362563610076904,0.1418680101633072,0.1108994111418724
40958,0.0,0.09508883953094482,0.13138271868228912,0.058342065662145615
40959,0.0,0.11260378360748291,0.13015536963939667,0.13144128024578094
40960,0.0,0.08237814903259277,0.13850060105323792,0.08859752863645554
40961,0.0,0.10294640064239502,0.10017809271812439,0.10423803329467773
40962,0.0,0.14798617362976074,0.16618774831295013,0.1865517944097519
41485,1.0,0.5051107406616211,0.659301221370697,0.8376743197441101
41486,1.0,0.5604330897331238,0.7602081298828125,0.8768638372421265
41487,1.0,0.5418614149093628,0.8823710083961487,0.9685426354408264
41488,1.0,0.501396656036377,0.7189444899559021,0.8749047517776489
41489,1.0,0.6167711615562439,0.7370853424072266,0.9283948540687561
41490,1.0,0.6767174005508423,0.7746292352676392,0.9619684219360352
41491,1.0,0.5614118576049805,0.7337783575057983,0.9294264316558838
41492,1.0,0.5591827630996704,0.8286893963813782,0.9630559086799622
41493,1.0,0.5516825914382935,0.8762996196746826,0.9440221190452576
41494,1.0,0.550261378288269,0.8545807003974915,0.9446076154708862
41495,1.0,0.5631488561630249,0.847481369972229,0.9534063935279846
41496,1.0,0.533795177936554,0.8197401165962219,0.9096670746803284
41497,1.0,0.6802470684051514,0.8761118650436401,0.973501980304718
41498,1.0,0.5853551030158997,0.7853484153747559,0.9326725602149963
41499,0.0,0.4498107433319092,0.6716521978378296,0.8434957265853882
41500,1.0,0.5841494202613831,0.6756229400634766,0.9053186178207397
41501,1.0,0.6652470827102661,0.8000258207321167,0.9642128944396973
41502,1.0,0.7000044584274292,0.8953714966773987,0.9833996891975403
41503,1.0,0.6558641195297241,0.83451247215271,0.968454122543335
41504,1.0,0.6550991535186768,0.7913945913314819,0.944523811340332
41505,1.0,0.6392693519592285,0.7939878106117249,0.9608347415924072
41506,1.0,0.6612898111343384,0.7815755009651184,0.9125952124595642
41507,1.0,0.5464819073677063,0.6041002869606018,0.8389118313789368
41508,1.0,0.528105616569519,0.5030027031898499,0.7901309728622437
41509,1.0,0.4986746907234192,0.42568883299827576,0.803580641746521
41510,1.0,0.4736484885215759,0.41864013671875,0.7099117636680603
41511,1.0,0.4637356400489807,0.45010679960250854,0.7389637231826782
41512,1.0,0.4416365623474121,0.40597179532051086,0.7137904167175293
41513,1.0,0.48375827074050903,0.5143541693687439,0.7067081928253174
41514,1.0,0.3869006037712097,0.46427735686302185,0.6457916498184204
41515,1.0,0.3589399456977844,0.3629729747772217,0.6118631362915039
41516,1.0,0.34284335374832153,0.394794762134552,0.5832351446151733
41517,1.0,0.2756692171096802,0.34849050641059875,0.44879716634750366
41518,1.0,0.3775455951690674,0.4009232521057129,0.5912190079689026
41519,1.0,0.3608512878417969,0.43688100576400757,0.6667011976242065
41520,1.0,0.32673513889312744,0.46145516633987427,0.6223993301391602
41521,1.0,0.26855844259262085,0.3437013626098633,0.5078520178794861
41522,1.0,0.29886049032211304,0.35532039403915405,0.5764147043228149
41523,1.0,0.32882726192474365,0.3134693503379822,0.5337198972702026
41524,1.0,0.27386873960494995,0.2620925307273865,0.4750167727470398
41525,1.0,0.27781128883361816,0.2775285840034485,0.38249748945236206
41526,1.0,0.2161252498626709,0.2791709005832672,0.2813696265220642
41527,1.0,0.2742537260055542,0.2724306881427765,0.46259719133377075
41528,1.0,0.3665386438369751,0.33997076749801636,0.5096921324729919
41529,1.0,0.2580559253692627,0.3248167932033539,0.32750335335731506
41530,1.0,0.38869190216064453,0.36451461911201477,0.5635309219360352
41531,1.0,0.38527095317840576,0.3931041955947876,0.5500024557113647
41532,1.0,0.37380850315093994,0.37028366327285767,0.5946853756904602
41533,1.0,0.3536342978477478,0.39698588848114014,0.4987300932407379
41534,1.0,0.3491886258125305,0.37511199712753296,0.5506380200386047
41535,0.0,0.1885114312171936,0.2780265808105469,0.24491605162620544
41536,1.0,0.2971910238265991,0.38546571135520935,0.32027313113212585
42059,1.0,0.5929381847381592,0.6996414661407471,0.945040762424469
42060,1.0,0.64079749584198,0.7874742150306702,0.9686930775642395
42061,1.0,0.578341007232666,0.7602607011795044,0.935877799987793
42062,1.0,0.6446602940559387,0.8425526022911072,0.9790462255477905
42063,1.0,0.5885164737701416,0.8738889694213867,0.9522469639778137
42064,1.0,0.5923503637313843,0.8727447390556335,0.9760361313819885
42065,1.0,0.669830322265625,0.8967758417129517,0.9878742098808289
42066,1.0,0.6022621393203735,0.8744272589683533,0.9496026039123535
42067,1.0,0.6179678440093994,0.9080277681350708,0.9563078284263611
42068,1.0,0.6170415878295898,0.8524914383888245,0.9686527252197266
42069,1.0,0.5448628664016724,0.9328531622886658,0.9649574756622314
42070,1.0,0.5829381942749023,0.8997418284416199,0.9696569442749023
42071,1.0,0.5884551405906677,0.8489964008331299,0.9455206394195557
42072,1.0,0.5796221494674683,0.7507950663566589,0.9494694471359253
42073,0.0,0.37487202882766724,0.6588518619537354,0.7916370630264282
42074,1.0,0.45664089918136597,0.7623308300971985,0.8464574813842773
42075,1.0,0.6472877264022827,0.8102545738220215,0.9618671536445618
42076,1.0,0.5674933195114136,0.8608060479164124,0.9482443928718567
42077,1.0,0.6156774163246155,0.8279765844345093,0.9501269459724426
42078,1.0,0.6037169694900513,0.8375776410102844,0.9447103142738342
42079,1.0,0.6113811731338501,0.8073501586914062,0.9114540219306946
42080,1.0,0.5484302639961243,0.66116863489151,0.7947567105293274
42081,1.0,0.48148268461227417,0.5716037750244141,0.7743285894393921
42082,1.0,0.5659288167953491,0.6401711702346802,0.867234468460083
42083,1.0,0.59478360414505,0.6819369196891785,0.8879193067550659
42084,1.0,0.5743173360824585,0.6294114589691162,0.8822406530380249
42085,1.0,0.6020287871360779,0.6015985012054443,0.901983916759491
42086,1.0,0.5381214618682861,0.6163071990013123,0.8944807052612305
42087,1.0,0.4715039134025574,0.5408050417900085,0.8264731168746948
42088,1.0,0.4378463625907898,0.55084228515625,0.832883358001709
42089,1.0,0.3844618797302246,0.6254318952560425,0.7535831332206726
42090,1.0,0.3865765333175659,0.6540941596031189,0.773917555809021
42091,1.0,0.3962738513946533,0.5022591948509216,0.6874867677688599
42092,1.0,0.3548853397369385,0.5037918090820312,0.6973951458930969
42093,1.0,0.3383062481880188,0.5796759128570557,0.7080004215240479
42094,1.0,0.33101022243499756,0.5506305694580078,0.7624140977859497
42095,1.0,0.2896214723587036,0.4773763418197632,0.7449773550033569
42096,1.0,0.36821746826171875,0.7027022838592529,0.9123773574829102
42097,1.0,0.38219672441482544,0.762209951877594,0.8294085264205933
42098,1.0,0.3829038143157959,0.7875718474388123,0.7715440988540649
42099,1.0,0.34625381231307983,0.7436601519584656,0.7691542506217957
42100,1.0,0.33916234970092773,0.6835216283798218,0.6724359393119812
42101,1.0,0.3677632808685303,0.7051357626914978,0.7854355573654175
42102,1.0,0.4511622190475464,0.8340365886688232,0.8888176083564758
42103,1.0,0.42517608404159546,0.7636616230010986,0.8406850695610046
42104,1.0,0.432583212852478,0.749667763710022,0.8578541874885559
42105,1.0,0.2927975058555603,0.541180431842804,0.6193385720252991
42106,1.0,0.32242316007614136,0.7311922311782837,0.6726466417312622
42107,1.0,0.3099702000617981,0.5969926714897156,0.5408576726913452
42108,1.0,0.3467385768890381,0.6059303879737854,0.6323809623718262
42109,1.0,0.296337366104126,0.3751378357410431,0.6175714135169983
42110,1.0,0.380786657333374,0.5171055197715759,0.6025378108024597
42633,1.0,0.1470993161201477,0.1445407122373581,0.15145952999591827
42634,0.0,0.11188852787017822,0.15256111323833466,0.13044799864292145
42635,0.0,0.07456141710281372,0.0756264328956604,0.07817395031452179
42636,0.0,0.07203644514083862,0.10361973941326141,0.09324902296066284
42637,0.0,0.06601816415786743,0.09441553801298141,0.08912353962659836
42638,0.0,0.07263004779815674,0.12461712956428528,0.08279049396514893
42639,0.0,0.14687693119049072,0.19949544966220856,0.21293607354164124
42640,1.0,0.2236500382423401,0.3404279947280884,0.24803218245506287
42641,1.0,0.1527271866798401,0.19611935317516327,0.23127645254135132
42642,0.0,0.24294281005859375,0.2958300709724426,0.4596013128757477
42643,1.0,0.25269532203674316,0.28426650166511536,0.37740224599838257
42644,1.0,0.25517237186431885,0.25329703092575073,0.34066492319107056
42645,0.0,0.27136778831481934,0.32654961943626404,0.4272080659866333
42646,0.0,0.16288113594055176,0.3241720497608185,0.19976168870925903
42647,0.0,0.18600833415985107,0.21017704904079437,0.3044210970401764
42648,1.0,0.18203258514404297,0.2169072926044464,0.25368762016296387
42649,0.0,0.1951640248298645,0.18421615660190582,0.3423299789428711
42650,0.0,0.19214677810668945,0.22846700251102448,0.3567901849746704
42651,1.0,0.2317987084388733,0.2748572826385498,0.34058526158332825
42652,1.0,0.24876904487609863,0.2962287962436676,0.37315019965171814
42653,1.0,0.24540317058563232,0.29905498027801514,0.4031403958797455
42654,1.0,0.20196962356567383,0.2751917243003845,0.3058171570301056
42655,0.0,0.2060471773147583,0.2520669996738434,0.3544641137123108
42656,0.0,0.16916537284851074,0.17784762382507324,0.2935350239276886
42657,0.0,0.10091686248779297,0.09439156204462051,0.16421546041965485
42658,0.0,0.07722902297973633,0.06904251128435135,0.11320298910140991
42659,0.0,0.14100486040115356,0.12053210288286209,0.24780021607875824
42660,1.0,0.09568119049072266,0.08400227874517441,0.1479145586490631
42661,0.0,0.1782214641571045,0.1389537900686264,0.3176358938217163
42662,1.0,0.08348900079727173,0.11024785041809082,0.1172102838754654
42663,0.0,0.08804738521575928,0.07926522940397263,0.1196293905377388
42664,0.0,0.0557369589805603,0.060323357582092285,0.06289573013782501
42665,0.0,0.10896182060241699,0.12039744108915329,0.1423652023077011
42666,0.0,0.09544658660888672,0.1004251092672348,0.12813802063465118
42667,0.0,0.050700366497039795,0.03637409210205078,0.05596170574426651
42668,0.0,0.07802045345306396,0.09156046062707901,0.0783538967370987
42669,0.0,0.04102063179016113,0.04041631519794464,0.028570817783474922
42670,0.0,0.03398323059082031,0.03984712064266205,0.028575293719768524
42671,0.0,0.050881147384643555,0.07636349648237228,0.04182259738445282
42672,0.0,0.036435484886169434,0.030054816976189613,0.024621089920401573
42673,0.0,0.033071041107177734,0.03558218106627464,0.020252211019396782
42674,0.0,0.033435165882110596,0.03791157528758049,0.024008696898818016
42675,0.0,0.02910512685775757,0.03324234113097191,0.016511350870132446
42676,0.0,0.03691744804382324,0.04323475435376167,0.038422372192144394
42677,0.0,0.03771662712097168,0.043215591460466385,0.03697897866368294
42678,0.0,0.0362706184387207,0.055393021553754807,0.037121281027793884
42679,0.0,0.03562784194946289,0.06360212713479996,0.03427261859178543
42680,0.0,0.08924740552902222,0.09251601248979568,0.0925714373588562
42681,0.0,0.05367988348007202,0.0654410570859909,0.04021032899618149
42682,0.0,0.06067013740539551,0.0863238126039505,0.06807021051645279
42683,0.0,0.08043926954269409,0.08234056085348129,0.08075020462274551
42684,0.0,0.08944237232208252,0.09648360311985016,0.0916280522942543
43207,1.0,0.05003345012664795,0.05687933787703514,0.0418769009411335
43208,1.0,0.059592247009277344,0.05784933641552925,0.057438626885414124
43209,1.0,0.06355607509613037,0.09373042732477188,0.07783159613609314
43210,1.0,0.07541441917419434,0.09789606928825378,0.1401827186346054
43211,1.0,0.08052492141723633,0.09724363684654236,0.16794033348560333
43212,1.0,0.08345967531204224,0.10166921466588974,0.17169833183288574
43213,1.0,0.17239981889724731,0.10995671898126602,0.28642791509628296
43214,1.0,0.20560139417648315,0.2401961237192154,0.2792620062828064
43215,1.0,0.10151928663253784,0.11850268393754959,0.1864854246377945
43216,1.0,0.07719099521636963,0.08262389153242111,0.13917532563209534
43217,1.0,0.07737189531326294,0.09225013852119446,0.14776627719402313
43218,1.0,0.07234776020050049,0.08157894015312195,0.11825824528932571
43219,1.0,0.09096556901931763,0.10568451136350632,0.16902276873588562
43220,1.0,0.08657616376876831,0.11069722473621368,0.15393339097499847
43221,1.0,0.09573471546173096,0.14566943049430847,0.1887224018573761
43222,1.0,0.08574563264846802,0.0763440951704979,0.15383227169513702
43223,1.0,0.08786964416503906,0.08314035087823868,0.1581840068101883
43224,1.0,0.14460831880569458,0.10908158868551254,0.28213074803352356
43225,1.0,0.0945780873298645,0.0929274782538414,0.14379817247390747
43226,1.0,0.09591168165206909,0.12048280984163284,0.1581728607416153
43227,1.0,0.13347017765045166,0.12041066586971283,0.19579516351222992
43228,1.0,0.1542930006980896,0.11787958443164825,0.2153552621603012
43229,1.0,0.074299156665802,0.047558363527059555,0.09310360997915268
43230,1.0,0.07856041193008423,0.08502224087715149,0.1219678595662117
43231,1.0,0.07343554496765137,0.0848056823015213,0.12497887015342712
43232,1.0,0.06259948015213013,0.07594896852970123,0.09812479466199875
43233,1.0,0.05799400806427002,0.05618409439921379,0.10497928410768509
43234,1.0,0.058404386043548584,0.05689552426338196,0.10753582417964935
43235,1.0,0.05970263481140137,0.06269238889217377,0.11224281787872314
43236,1.0,0.059448957443237305,0.06118511036038399,0.10394984483718872
43237,1.0,0.06147599220275879,0.05632972717285156,0.14149098098278046
43238,1.0,0.10746371746063232,0.09004797786474228,0.20904333889484406
43239,1.0,0.11187374591827393,0.12593680620193481,0.13848531246185303
43240,1.0,0.07172602415084839,0.07237137109041214,0.09264720976352692
43241,1.0,0.07549726963043213,0.09030049294233322,0.0855674296617508
43242,1.0,0.056750357151031494,0.0527607798576355,0.06806996464729309
43243,1.0,0.04814726114273071,0.06452999264001846,0.05416122078895569
43244,1.0,0.05132496356964111,0.0534348301589489,0.04975982755422592
43245,1.0,0.04280215501785278,0.05541437119245529,0.05835229158401489
43246,1.0,0.044055044651031494,0.06387937813997269,0.056195590645074844
43247,1.0,0.04406404495239258,0.05730881914496422,0.058317314833402634
43248,1.0,0.0383906364440918,0.04919395595788956,0.04682658612728119
43249,1.0,0.04124730825424194,0.07998952269554138,0.06331250816583633
43250,1.0,0.04315251111984253,0.07163877040147781,0.07501885294914246
43251,1.0,0.037155866622924805,0.058648668229579926,0.052589286118745804
43252,1.0,0.037886083126068115,0.05591315031051636,0.059975918382406235
43253,1.0,0.03965926170349121,0.06591222435235977,0.06619482487440109
43254,1.0,0.03960543870925903,0.06076117977499962,0.04939873889088631
43255,1.0,0.05421477556228638,0.12606686353683472,0.09704915434122086
43256,1.0,0.04625546932220459,0.09240363538265228,0.060557540506124496
43257,1.0,0.05986601114273071,0.07334389537572861,0.07271241396665573
43258,1.0,0.06023061275482178,0.10435657203197479,0.07830303907394409
43781,0.0,0.1787901520729065,0.14080041646957397,0.25207364559173584
43782,1.0,0.0937766432762146,0.10985038429498672,0.08239404112100601
43783,0.0,0.1875513195991516,0.22971946001052856,0.19364628195762634
43784,1.0,0.21047592163085938,0.2444911003112793,0.2436528503894806
43785,1.0,0.1557331085205078,0.21861493587493896,0.18581894040107727
43786,0.0,0.13716071844100952,0.2024192065000534,0.18328943848609924
43787,0.0,0.22139084339141846,0.30468282103538513,0.2723601758480072
43788,1.0,0.28224217891693115,0.2874719202518463,0.3204157054424286
43789,1.0,0.2362392544746399,0.286026269197464,0.21248464286327362
43790,1.0,0.1359541416168213,0.20569752156734467,0.14733025431632996
43791,0.0,0.12484204769134521,0.15299160778522491,0.15672069787979126
43792,0.0,0.19343191385269165,0.25872620940208435,0.20147952437400818
43793,1.0,0.23366868495941162,0.22851739823818207,0.26351088285446167
43794,1.0,0.09549850225448608,0.11390917748212814,0.07511333376169205
43795,0.0,0.09327548742294312,0.1246599555015564,0.10844195634126663
43796,0.0,0.0846295952796936,0.12572379410266876,0.08743073791265488
43797,0.0,0.08343648910522461,0.13235639035701752,0.09132960438728333
43798,0.0,0.13797438144683838,0.13281992077827454,0.14222127199172974
43799,1.0,0.09646725654602051,0.10784289240837097,0.08389092981815338
43800,0.0,0.09592652320861816,0.10320921242237091,0.08936499804258347
43801,0.0,0.07601386308670044,0.08281989395618439,0.07158195227384567
43802,0.0,0.13463187217712402,0.11580757051706314,0.1456349939107895
43803,1.0,0.06940573453903198,0.06503412872552872,0.05906141549348831
43804,0.0,0.06587815284729004,0.06630116701126099,0.059196338057518005
43805,0.0,0.06370055675506592,0.06644909828901291,0.06196755915880203
43806,0.0,0.05852162837982178,0.06612616032361984,0.05995563790202141
43807,0.0,0.05894196033477783,0.07216493040323257,0.05364293232560158
43808,0.0,0.05771142244338989,0.07273450493812561,0.04639396071434021
43809,0.0,0.05600005388259888,0.06661924719810486,0.06356621533632278
43810,0.0,0.05807316303253174,0.07786735892295837,0.06779415905475616
43811,0.0,0.05403554439544678,0.059454865753650665,0.05815901607275009
43812,0.0,0.05234825611114502,0.0593021884560585,0.058142200112342834
43813,0.0,0.05282795429229736,0.06280414760112762,0.055979255586862564
43814,0.0,0.05070453882217407,0.057762909680604935,0.0473673976957798
43815,0.0,0.06234318017959595,0.0670955553650856,0.06771860271692276
43816,1.0,0.07394486665725708,0.07622460275888443,0.0620313361287117
43817,0.0,0.07235288619995117,0.06559727340936661,0.07222942262887955
43818,0.0,0.052993834018707275,0.05218667909502983,0.043402787297964096
43819,0.0,0.05953329801559448,0.0685260146856308,0.04305402562022209
43820,0.0,0.06559187173843384,0.055733822286129,0.08436764776706696
43821,0.0,0.06783819198608398,0.055778224021196365,0.07594645768404007
43822,0.0,0.05303436517715454,0.06709121912717819,0.07911065220832825
43823,0.0,0.0583229660987854,0.12440474331378937,0.0865907147526741
43824,0.0,0.05749231576919556,0.10188755393028259,0.06983958184719086
43825,0.0,0.0591740608215332,0.1112632229924202,0.08069145679473877
43826,0.0,0.06561446189880371,0.11529049277305603,0.09647924453020096
43827,0.0,0.05314767360687256,0.05105798318982124,0.05349816381931305
43828,0.0,0.04825025796890259,0.08617255091667175,0.05402234196662903
43829,0.0,0.0607680082321167,0.09046817570924759,0.08894335478544235
43830,0.0,0.05421692132949829,0.10125741362571716,0.09208766371011734
43831,0.0,0.0758810043334961,0.07499201595783234,0.08447405695915222
43832,0.0,0.12343358993530273,0.17476776242256165,0.17481237649917603
44355,0.0,0.26250404119491577,0.46951425075531006,0.33446210622787476
44356,0.0,0.2203781008720398,0.4313599765300751,0.2335708737373352
44357,0.0,0.20576989650726318,0.33962228894233704,0.14121970534324646
44358,0.0,0.21180319786071777,0.3013770580291748,0.2290174812078476
44359,0.0,0.19997644424438477,0.3378380239009857,0.11535634100437164
44360,0.0,0.20655328035354614,0.2761911153793335,0.14028964936733246
44361,0.0,0.3438935875892639,0.3579864501953125,0.4617931842803955
44362,0.0,0.49534541368484497,0.7857806086540222,0.7785674929618835
44363,1.0,0.42249399423599243,0.6135650873184204,0.5443297624588013
44364,0.0,0.36070871353149414,0.4151386618614197,0.4180387854576111
44365,0.0,0.28219014406204224,0.3729739487171173,0.2098754197359085
44366,0.0,0.26703208684921265,0.4321979880332947,0.15400005877017975
44367,0.0,0.2097700834274292,0.21122407913208008,0.13761810958385468
44368,0.0,0.16688889265060425,0.21896710991859436,0.1495857983827591
44369,0.0,0.3107200264930725,0.5048966407775879,0.35527607798576355
44370,0.0,0.45656681060791016,0.8144356608390808,0.8671411275863647
44371,1.0,0.5025439262390137,0.8573726415634155,0.9137709140777588
44372,1.0,0.5433807373046875,0.9124507904052734,0.9568825960159302
44373,1.0,0.4761101007461548,0.8640909790992737,0.8102887868881226
44374,1.0,0.490483820438385,0.8402562737464905,0.7601948976516724
44375,1.0,0.47771990299224854,0.835810124874115,0.6529829502105713
44376,1.0,0.4738728404045105,0.8104516267776489,0.6815255284309387
44377,1.0,0.44790685176849365,0.7111924290657043,0.4207518994808197
44378,0.0,0.49280786514282227,0.782394528388977,0.7187780737876892
44379,1.0,0.47504550218582153,0.8039628863334656,0.7814169526100159
44380,1.0,0.5375151634216309,0.7942844033241272,0.9519199728965759
44381,1.0,0.5049606561660767,0.8117359280586243,0.924820065498352
44382,1.0,0.6010822653770447,0.8372594118118286,0.9751037359237671
44383,1.0,0.5665785074234009,0.8037132024765015,0.9502681493759155
44384,1.0,0.47415244579315186,0.6879620552062988,0.863004744052887
44385,1.0,0.3781747817993164,0.5527822971343994,0.6608956456184387
44386,1.0,0.30328500270843506,0.5384370684623718,0.5182281732559204
44387,1.0,0.30386656522750854,0.4935266077518463,0.42625102400779724
44388,1.0,0.2978057861328125,0.5062225461006165,0.34597358107566833
44389,1.0,0.2732415199279785,0.442364901304245,0.28287315368652344
44390,1.0,0.25445860624313354,0.3485482931137085,0.21804006397724152
44391,1.0,0.2572582960128784,0.2996377646923065,0.199851855635643
44392,1.0,0.155350923538208,0.2125491052865982,0.06400759518146515
44393,0.0,0.1252351999282837,0.14941979944705963,0.05403303727507591
44394,0.0,0.12370473146438599,0.11571703851222992,0.036772456020116806
44395,0.0,0.12827378511428833,0.09628906100988388,0.06592875719070435
44396,0.0,0.1074332594871521,0.07390165328979492,0.04966581612825394
44397,0.0,0.09428298473358154,0.06395658850669861,0.04597983509302139
44398,0.0,0.1104656457901001,0.06392674893140793,0.041870273649692535
44399,0.0,0.1237456202507019,0.05621335282921791,0.06578870117664337
44400,0.0,0.11366719007492065,0.1189810186624527,0.04021783173084259
44401,0.0,0.09360337257385254,0.05997183546423912,0.040261443704366684
44402,0.0,0.11151546239852905,0.05569101497530937,0.046032823622226715
44403,0.0,0.1239311695098877,0.11803311854600906,0.0771474614739418
44404,0.0,0.1352105736732483,0.1887177973985672,0.16621895134449005
44405,0.0,0.10445553064346313,0.10137873142957687,0.05747225508093834
44406,0.0,0.12150275707244873,0.1296394169330597,0.06270202249288559
44929,0.0,0.22674542665481567,0.29093557596206665,0.10311512649059296
44930,0.0,0.16791880130767822,0.1638437956571579,0.055197082459926605
44931,0.0,0.17413944005966187,0.1114114373922348,0.10584323108196259
44932,0.0,0.23517048358917236,0.2804560363292694,0.2165350317955017
44933,0.0,0.20583981275558472,0.2484118938446045,0.10856730490922928
44934,0.0,0.18892943859100342,0.19186073541641235,0.12544792890548706
44935,0.0,0.20171993970870972,0.20569540560245514,0.11500391364097595
44936,0.0,0.2248954176902771,0.19988709688186646,0.19040986895561218
44937,0.0,0.2974543571472168,0.4104880690574646,0.29504117369651794
44938,0.0,0.33219999074935913,0.6947332620620728,0.5177042484283447
44939,0.0,0.3027254343032837,0.5800199508666992,0.305192768573761
44940,0.0,0.29921531677246094,0.4153417646884918,0.26885226368904114
44941,0.0,0.3129904270172119,0.36479833722114563,0.274909108877182
44942,0.0,0.2803536057472229,0.36283421516418457,0.25183209776878357
44943,0.0,0.16124814748764038,0.35397976636886597,0.12155849486589432
44944,0.0,0.2401641607284546,0.35767391324043274,0.18622305989265442
44945,0.0,0.2613816261291504,0.2385307252407074,0.15842384099960327
44946,0.0,0.27999818325042725,0.3342456817626953,0.20731519162654877
44947,0.0,0.16534000635147095,0.15358544886112213,0.09325426071882248
44948,0.0,0.1865147352218628,0.2070864588022232,0.12231545150279999
44949,0.0,0.19237029552459717,0.18860583007335663,0.09957118332386017
44950,0.0,0.18978112936019897,0.23040282726287842,0.10518450289964676
44951,0.0,0.24982166290283203,0.3467564284801483,0.22760270535945892
44952,0.0,0.16054892539978027,0.29951125383377075,0.0612337552011013
44953,0.0,0.23644733428955078,0.2998533248901367,0.1546178162097931
44954,0.0,0.22266066074371338,0.36066940426826477,0.15509745478630066
44955,0.0,0.31554609537124634,0.3627018332481384,0.2923262119293213
44956,0.0,0.2959933280944824,0.3877103626728058,0.2557295262813568
44957,0.0,0.3849859833717346,0.43936461210250854,0.3253459334373474
44958,0.0,0.32138216495513916,0.3473418056964874,0.235020250082016
44959,0.0,0.23690295219421387,0.23749318718910217,0.14110615849494934
44960,0.0,0.12288975715637207,0.1457669585943222,0.08710673451423645
44961,0.0,0.1055801510810852,0.13398651778697968,0.05928197503089905
44962,0.0,0.12414383888244629,0.15415352582931519,0.07158446311950684
44963,0.0,0.14115136861801147,0.2072642743587494,0.13171592354774475
44964,0.0,0.13714134693145752,0.19109871983528137,0.09265287220478058
44965,0.0,0.12131547927856445,0.1403558850288391,0.05283678323030472
44966,0.0,0.08705353736877441,0.10061430186033249,0.029176712036132812
44967,0.0,0.0958828330039978,0.1377250999212265,0.03318220376968384
44968,0.0,0.10366296768188477,0.19446322321891785,0.05064070224761963
44969,0.0,0.1211656928062439,0.23059722781181335,0.05379287526011467
44970,0.0,0.08219742774963379,0.10111860930919647,0.022380264475941658
44971,0.0,0.09075576066970825,0.11983545869588852,0.025199754163622856
44972,0.0,0.12624776363372803,0.1921340972185135,0.04350222274661064
44973,0.0,0.15217125415802002,0.4768422544002533,0.11703784763813019
44974,0.0,0.1603730320930481,0.3650575578212738,0.04839249700307846
44975,0.0,0.11838245391845703,0.14119897782802582,0.03509772941470146
44976,0.0,0.11472386121749878,0.10774701088666916,0.04261210188269615
44977,0.0,0.13456344604492188,0.22168968617916107,0.06301864981651306
44978,0.0,0.1010172963142395,0.16447436809539795,0.045270130038261414
44979,0.0,0.08732455968856812,0.09543683379888535,0.03130141645669937
44980,0.0,0.14650166034698486,0.3489706814289093,0.11629652976989746
45503,1.0,0.5053213834762573,0.781141996383667,0.8563883304595947
45504,1.0,0.551297128200531,0.8501569628715515,0.9269140958786011
45505,1.0,0.5083536505699158,0.8154992461204529,0.9665709137916565
45506,1.0,0.5022268295288086,0.8169146180152893,0.9649297595024109
45507,1.0,0.6088589429855347,0.8770828247070312,0.9782971143722534
45508,1.0,0.6156988143920898,0.8962613940238953,0.9788416028022766
45509,1.0,0.561894416809082,0.8459855914115906,0.9696387052536011
45510,1.0,0.5640183687210083,0.8903390765190125,0.982190728187561
45511,1.0,0.5640183687210083,0.894760012626648,0.9825239777565002
45512,1.0,0.4883245825767517,0.8686336278915405,0.9525516629219055
45513,1.0,0.5034761428833008,0.8747390508651733,0.9622071981430054
45514,1.0,0.5496554374694824,0.8526371121406555,0.974065899848938
45515,1.0,0.6313966512680054,0.8888228535652161,0.9876244068145752
45516,1.0,0.5487474203109741,0.8112457394599915,0.9572809338569641
45517,0.0,0.37325137853622437,0.6563668847084045,0.8541153073310852
45518,1.0,0.48470085859298706,0.6979157328605652,0.9215673208236694
45519,1.0,0.5872327089309692,0.8276811242103577,0.976593017578125
45520,1.0,0.6000866889953613,0.8997799754142761,0.9777592420578003
45521,1.0,0.604404628276825,0.925901472568512,0.9889150261878967
45522,1.0,0.6037974953651428,0.9328588843345642,0.9847970008850098
45523,1.0,0.5926045775413513,0.8493824005126953,0.9697499871253967
45524,1.0,0.5859612226486206,0.7718475461006165,0.9472076296806335
45525,1.0,0.5197521448135376,0.748370885848999,0.8394773006439209
45526,1.0,0.5571242570877075,0.7709456086158752,0.8779148459434509
45527,1.0,0.4268594980239868,0.44452422857284546,0.6219016909599304
45528,1.0,0.36562031507492065,0.43630263209342957,0.6093227863311768
45529,1.0,0.3741002082824707,0.40497899055480957,0.5884659290313721
45530,1.0,0.487210214138031,0.5375413298606873,0.7597004771232605
45531,1.0,0.43721091747283936,0.5539357662200928,0.7134039402008057
45532,1.0,0.3930084705352783,0.5150772333145142,0.6134700775146484
45533,0.0,0.4388035535812378,0.4866182506084442,0.7430497407913208
45534,0.0,0.38348978757858276,0.38475462794303894,0.51096111536026
45535,0.0,0.36510205268859863,0.3877560794353485,0.4823139011859894
45536,0.0,0.2526923418045044,0.3163660168647766,0.35487326979637146
45537,0.0,0.24487364292144775,0.3369377553462982,0.3568022549152374
45538,0.0,0.20229482650756836,0.30171138048171997,0.2537085711956024
45539,0.0,0.24026203155517578,0.3552818298339844,0.420166015625
45540,0.0,0.25051945447921753,0.3077842593193054,0.35031938552856445
45541,0.0,0.24919825792312622,0.34884750843048096,0.4192899465560913
45542,0.0,0.24133902788162231,0.36978012323379517,0.4112285375595093
45543,0.0,0.233875572681427,0.3589637875556946,0.3710682690143585
45544,0.0,0.1997731328010559,0.25855541229248047,0.2651185095310211
45545,0.0,0.2222256064414978,0.2446390986442566,0.37048032879829407
45546,0.0,0.2518538236618042,0.2710863947868347,0.3843449056148529
45547,0.0,0.15582406520843506,0.24937960505485535,0.14012548327445984
45548,0.0,0.15991073846817017,0.17213605344295502,0.18775133788585663
45549,0.0,0.211151123046875,0.2407483458518982,0.27382999658584595
45550,0.0,0.22347402572631836,0.20764273405075073,0.2459951788187027
45551,0.0,0.20247364044189453,0.21000659465789795,0.22787274420261383
45552,0.0,0.23530322313308716,0.2715749740600586,0.36071476340293884
45553,0.0,0.15331846475601196,0.30215322971343994,0.1726749837398529
45554,0.0,0.29038214683532715,0.35743585228919983,0.3243449926376343
46077,0.0,0.041213810443878174,0.07765849679708481,0.03919313848018646
46078,0.0,0.03800922632217407,0.07122666388750076,0.03952502831816673
46079,0.0,0.03766632080078125,0.07136867195367813,0.04092390462756157
46080,0.0,0.03766632080078125,0.043541617691516876,0.03222228214144707
46081,0.0,0.03860074281692505,0.04701428487896919,0.03960537910461426
46082,0.0,0.037487030029296875,0.04646288603544235,0.03599652647972107
46083,0.0,0.03836703300476074,0.06986191123723984,0.043147679418325424
46084,0.0,0.039180636405944824,0.07170441746711731,0.051367927342653275
46085,0.0,0.038750410079956055,0.07535616308450699,0.04387113079428673
46086,0.0,0.04223835468292236,0.05947668105363846,0.04995378106832504
46087,0.0,0.03812730312347412,0.06648803502321243,0.03922669589519501
46088,0.0,0.03977811336517334,0.0702199935913086,0.05664527788758278
46089,0.0,0.041135191917419434,0.09175436943769455,0.032819878309965134
46090,0.0,0.03878378868103027,0.04843435809016228,0.0374460332095623
46091,0.0,0.037536025047302246,0.09040004014968872,0.029011815786361694
46092,0.0,0.0370219349861145,0.10172267258167267,0.026078665629029274
46093,0.0,0.03785675764083862,0.11248865723609924,0.029609575867652893
46094,0.0,0.035748958587646484,0.10413233190774918,0.024669747799634933
46095,0.0,0.04206186532974243,0.10799258202314377,0.03192273527383804
46096,0.0,0.03466153144836426,0.08826209604740143,0.027240151539444923
46097,0.0,0.03476840257644653,0.10089610517024994,0.030758671462535858
46098,0.0,0.03930521011352539,0.11015182733535767,0.032219234853982925
46099,0.0,0.033537089824676514,0.10134157538414001,0.029367227107286453
46100,0.0,0.02662712335586548,0.09823726862668991,0.018664313480257988
46101,0.0,0.03485727310180664,0.09322147071361542,0.02985449880361557
46102,0.0,0.02451634407043457,0.07993066310882568,0.01914602518081665
46103,0.0,0.022730469703674316,0.10383471101522446,0.020625818520784378
46104,0.0,0.0218278169631958,0.07462725043296814,0.01713278703391552
46105,0.0,0.027442216873168945,0.09625759720802307,0.029211418703198433
46106,0.0,0.05096399784088135,0.08140871673822403,0.0426858626306057
46107,0.0,0.04542255401611328,0.051827024668455124,0.04374716058373451
46108,0.0,0.0460810661315918,0.049051519483327866,0.03645019233226776
46109,0.0,0.03563410043716431,0.043698083609342575,0.02615148015320301
46110,0.0,0.03760337829589844,0.04235045611858368,0.03375405818223953
46111,0.0,0.029776811599731445,0.069675013422966,0.03440525010228157
46112,0.0,0.029547572135925293,0.03955766186118126,0.024402661249041557
46113,0.0,0.029596388339996338,0.04113292694091797,0.023390168324112892
46114,0.0,0.02515655755996704,0.02979729324579239,0.01784663274884224
46115,0.0,0.024103224277496338,0.02974754385650158,0.015421866439282894
46116,0.0,0.029095888137817383,0.028118327260017395,0.020596306771039963
46117,0.0,0.027318835258483887,0.034729499369859695,0.02113271690905094
46118,0.0,0.032781898975372314,0.028227752074599266,0.03486379608511925
46119,0.0,0.02489405870437622,0.02521742880344391,0.0274602472782135
46120,0.0,0.02698385715484619,0.04403747618198395,0.029451139271259308
46121,0.0,0.02619248628616333,0.032281480729579926,0.02377915568649769
46122,0.0,0.026052355766296387,0.040080904960632324,0.023228419944643974
46123,0.0,0.02619248628616333,0.033526141196489334,0.02416844479739666
46124,0.0,0.057540714740753174,0.06916972994804382,0.0552557148039341
46125,0.0,0.03937810659408569,0.051503587514162064,0.026266787201166153
46126,0.0,0.037587523460388184,0.048948731273412704,0.03016834519803524
46127,0.0,0.03866779804229736,0.04783045873045921,0.025715170428156853
46128,0.0,0.0779828429222107,0.10858011990785599,0.05549135059118271
46651,1.0,0.2590676546096802,0.35149139165878296,0.31487032771110535
46652,1.0,0.32698386907577515,0.3937499523162842,0.49108660221099854
46653,1.0,0.2576032876968384,0.2843643128871918,0.30335739254951477
46654,0.0,0.2824243903160095,0.26777103543281555,0.3046334981918335
46655,0.0,0.31060606241226196,0.3819015920162201,0.46780750155448914
46656,1.0,0.30873703956604004,0.39954113960266113,0.4358710050582886
46657,0.0,0.23253971338272095,0.25016888976097107,0.3005950450897217
46658,0.0,0.31873995065689087,0.3697783946990967,0.413307249546051
46659,1.0,0.4925571084022522,0.6839969158172607,0.6450852751731873
46660,1.0,0.37758517265319824,0.6642545461654663,0.37679797410964966
46661,1.0,0.38139116764068604,0.4382939040660858,0.629423975944519
46662,1.0,0.44812268018722534,0.4517049193382263,0.6842385530471802
46663,1.0,0.4258165955543518,0.6250352263450623,0.6740325689315796
46664,1.0,0.39476853609085083,0.49334514141082764,0.5617066621780396
46665,0.0,0.34488552808761597,0.5318074822425842,0.5682429075241089
46666,1.0,0.4460046887397766,0.5995081663131714,0.7273569107055664
46667,1.0,0.5615191459655762,0.7497049570083618,0.8409315943717957
46668,1.0,0.5999199151992798,0.807296872138977,0.9464336037635803
46669,1.0,0.5421273708343506,0.8043037056922913,0.8789856433868408
46670,1.0,0.43456411361694336,0.609137773513794,0.7667070627212524
46671,1.0,0.44579291343688965,0.5940426588058472,0.7236521244049072
46672,1.0,0.49759429693222046,0.6715596318244934,0.7681793570518494
46673,1.0,0.3847549557685852,0.5086703300476074,0.4977661967277527
46674,1.0,0.35492759943008423,0.4998011887073517,0.49521002173423767
46675,1.0,0.31070297956466675,0.4107765257358551,0.42393529415130615
46676,1.0,0.3819459080696106,0.5380463004112244,0.5167487263679504
46677,1.0,0.518427312374115,0.7073162794113159,0.9149233102798462
46678,1.0,0.47056883573532104,0.6335412263870239,0.7218244671821594
46679,1.0,0.4907186031341553,0.6731758713722229,0.7556320428848267
46680,1.0,0.360127329826355,0.415336549282074,0.48582252860069275
46681,1.0,0.3354414105415344,0.4628562331199646,0.5174251198768616
46682,1.0,0.21726876497268677,0.28801411390304565,0.30424964427948
46683,1.0,0.20723485946655273,0.2885047495365143,0.27228763699531555
46684,1.0,0.2994728684425354,0.42785099148750305,0.4157082438468933
46685,1.0,0.22102320194244385,0.27112096548080444,0.324553906917572
46686,1.0,0.2199133038520813,0.2826211452484131,0.3257506787776947
46687,1.0,0.19815760850906372,0.2515506446361542,0.31270354986190796
46688,1.0,0.1792231798171997,0.2518051266670227,0.28510987758636475
46689,0.0,0.1809975504875183,0.2653123438358307,0.2609831690788269
46690,1.0,0.20761960744857788,0.2538982033729553,0.29704174399375916
46691,1.0,0.271425724029541,0.3951609432697296,0.3620852530002594
46692,1.0,0.25347983837127686,0.3964797854423523,0.2863939702510834
46693,1.0,0.32743245363235474,0.3952653706073761,0.6192110776901245
46694,1.0,0.35917484760284424,0.5732981562614441,0.5870480537414551
46695,1.0,0.3002292513847351,0.37929707765579224,0.5180607438087463
46696,1.0,0.3262785077095032,0.5008605122566223,0.5345233678817749
46697,1.0,0.32078319787979126,0.42581894993782043,0.6081655621528625
46698,1.0,0.3213593363761902,0.4240126609802246,0.526361882686615
46699,1.0,0.3306136727333069,0.4131172001361847,0.4943539500236511
46700,1.0,0.35752981901168823,0.43668892979621887,0.5468018054962158
46701,1.0,0.1643810272216797,0.29109644889831543,0.17063087224960327
46702,1.0,0.43634623289108276,0.5828365087509155,0.7019917368888855
47225,0.0,0.06386399269104004,0.07924143970012665,0.08735572546720505
47226,0.0,0.07497042417526245,0.09727372229099274,0.1179237887263298
47227,0.0,0.12889689207077026,0.10660357028245926,0.18347597122192383
47228,0.0,0.33635926246643066,0.5428692698478699,0.6207787990570068
47229,1.0,0.18671470880508423,0.35805124044418335,0.24394242465496063
47230,0.0,0.22791695594787598,0.35885921120643616,0.3088126480579376
47231,0.0,0.28634148836135864,0.4573103189468384,0.42153164744377136
47232,0.0,0.38251298666000366,0.5829951167106628,0.5266600251197815
47233,1.0,0.6140668988227844,0.7584226727485657,0.9169911742210388
47234,1.0,0.39395618438720703,0.6302950978279114,0.7122607231140137
47235,1.0,0.33191341161727905,0.3849673569202423,0.6600124835968018
47236,1.0,0.5545594692230225,0.7043570280075073,0.9414669275283813
47237,1.0,0.5692981481552124,0.8558765649795532,0.9634501338005066
47238,1.0,0.4192143678665161,0.6258605122566223,0.8401016592979431
47239,0.0,0.3020336627960205,0.5043691992759705,0.7111930847167969
47240,1.0,0.3574950098991394,0.47537118196487427,0.6765657663345337
47241,1.0,0.37198328971862793,0.45002248883247375,0.6569628715515137
47242,1.0,0.19930601119995117,0.22559259831905365,0.3697298467159271
47243,0.0,0.31413495540618896,0.4098621904850006,0.6699740290641785
47244,1.0,0.2481290102005005,0.27443867921829224,0.4505465030670166
47245,0.0,0.19910168647766113,0.22953303158283234,0.32607966661453247
47246,0.0,0.09225928783416748,0.17321981489658356,0.1251906007528305
47247,0.0,0.1635148525238037,0.21768119931221008,0.25441208481788635
47248,0.0,0.18439877033233643,0.1758812665939331,0.27863427996635437
47249,0.0,0.07808679342269897,0.08477113395929337,0.10174088180065155
47250,0.0,0.06300079822540283,0.05262048542499542,0.07579327374696732
47251,0.0,0.05318552255630493,0.058288492262363434,0.056308429688215256
47252,0.0,0.06795603036880493,0.06275859475135803,0.10154800117015839
47253,0.0,0.05335050821304321,0.04352043941617012,0.08789398521184921
47254,0.0,0.05253332853317261,0.06531527638435364,0.10802923142910004
47255,0.0,0.04674732685089111,0.06320393830537796,0.10278715938329697
47256,0.0,0.05007755756378174,0.04595286771655083,0.10327945649623871
47257,0.0,0.04751253128051758,0.0403570681810379,0.08986137807369232
47258,0.0,0.04980069398880005,0.03826596960425377,0.07909660041332245
47259,0.0,0.045293331146240234,0.03788294270634651,0.06660478562116623
47260,0.0,0.04119884967803955,0.047142911702394485,0.07036226242780685
47261,0.0,0.03261220455169678,0.03519514203071594,0.036214396357536316
47262,0.0,0.03170788288116455,0.04404529184103012,0.043454837054014206
47263,0.0,0.027187228202819824,0.03705347329378128,0.031122727319598198
47264,0.0,0.029278039932250977,0.04047175869345665,0.029953237622976303
47265,0.0,0.029088318347930908,0.038832053542137146,0.029441967606544495
47266,0.0,0.028159618377685547,0.035798557102680206,0.036253511905670166
47267,0.0,0.02855128049850464,0.040367886424064636,0.03009183146059513
47268,0.0,0.03101480007171631,0.03495228290557861,0.04313429072499275
47269,0.0,0.030469894409179688,0.03474599868059158,0.03419075533747673
47270,0.0,0.03200787305831909,0.03415177762508392,0.04273438826203346
47271,0.0,0.028859615325927734,0.043149325996637344,0.03110966458916664
47272,0.0,0.036569058895111084,0.058143120259046555,0.033886298537254333
47273,0.0,0.04695618152618408,0.12587831914424896,0.06722652167081833
47274,0.0,0.04790341854095459,0.13541020452976227,0.0900908038020134
47275,0.0,0.05163997411727905,0.07884044945240021,0.08035708963871002
47276,0.0,0.0816870927810669,0.20519790053367615,0.15956705808639526
47799,0.0,0.12976986169815063,0.20736978948116302,0.09416458010673523
47800,0.0,0.08763116598129272,0.11237986385822296,0.04769400879740715
47801,0.0,0.12936806678771973,0.19724345207214355,0.0880248099565506
47802,0.0,0.13046503067016602,0.16764549911022186,0.10352353006601334
47803,0.0,0.08302229642868042,0.11194414645433426,0.04536280408501625
47804,0.0,0.07231271266937256,0.10559548437595367,0.04490763694047928
47805,0.0,0.17180389165878296,0.2504780888557434,0.11574414372444153
47806,0.0,0.17283695936203003,0.3138195872306824,0.09740368276834488
47807,0.0,0.10524678230285645,0.160898357629776,0.05854155868291855
47808,0.0,0.08608222007751465,0.1768254190683365,0.051593538373708725
47809,0.0,0.11032015085220337,0.1424270123243332,0.07782882452011108
47810,0.0,0.11403161287307739,0.1503181755542755,0.06737682223320007
47811,0.0,0.05386561155319214,0.09337238222360611,0.03796951100230217
47812,0.0,0.04800504446029663,0.05670294538140297,0.032022956758737564
47813,0.0,0.11209630966186523,0.16949328780174255,0.0787426009774208
47814,0.0,0.09996610879898071,0.16259266436100006,0.07691887021064758
47815,0.0,0.10629695653915405,0.15332873165607452,0.07947535812854767
47816,0.0,0.14208167791366577,0.16771300137043,0.13144519925117493
47817,0.0,0.1289718747138977,0.15726959705352783,0.09461494535207748
47818,0.0,0.160383403301239,0.19452252984046936,0.10879676043987274
47819,0.0,0.1297149658203125,0.15214744210243225,0.08206615597009659
47820,0.0,0.17748016119003296,0.17648857831954956,0.129573255777359
47821,0.0,0.17792445421218872,0.18732473254203796,0.13365840911865234
47822,0.0,0.10149163007736206,0.16420091688632965,0.04891876131296158
47823,0.0,0.16721290349960327,0.1479177325963974,0.09966282546520233
47824,0.0,0.13239091634750366,0.1308557689189911,0.11494860798120499
47825,0.0,0.1490456461906433,0.12857675552368164,0.09906962513923645
47826,0.0,0.13703644275665283,0.12147080898284912,0.08648506551980972
47827,0.0,0.1358465552330017,0.13747140765190125,0.10181379318237305
47828,0.0,0.12466031312942505,0.14128395915031433,0.07919580489397049
47829,0.0,0.11246460676193237,0.12675775587558746,0.09174878895282745
47830,0.0,0.09970313310623169,0.13853345811367035,0.07920081168413162
47831,0.0,0.07722866535186768,0.14369258284568787,0.04978799447417259
47832,0.0,0.07258415222167969,0.11704390496015549,0.04967718943953514
47833,0.0,0.06087601184844971,0.09631318598985672,0.03893982991576195
47834,0.0,0.04579418897628784,0.06202332302927971,0.029647400602698326
47835,0.0,0.027498602867126465,0.035770855844020844,0.021004119887948036
47836,0.0,0.0401763916015625,0.0577830895781517,0.022784674540162086
47837,0.0,0.05867570638656616,0.0811917632818222,0.029478373005986214
47838,0.0,0.07439923286437988,0.08569827675819397,0.04102311655879021
47839,0.0,0.05459785461425781,0.06460104882717133,0.031645335257053375
47840,0.0,0.04573124647140503,0.05671003833413124,0.03085639886558056
47841,0.0,0.03605175018310547,0.03546019643545151,0.020147521048784256
47842,0.0,0.06356269121170044,0.07231578975915909,0.04103235527873039
47843,0.0,0.06014811992645264,0.06915564090013504,0.035375889390707016
47844,0.0,0.03866267204284668,0.03522924333810806,0.022651905193924904
47845,0.0,0.038630664348602295,0.040619030594825745,0.026250828057527542
47846,0.0,0.04004371166229248,0.04259422793984413,0.027534356340765953
47847,0.0,0.03808695077896118,0.0373576320707798,0.02387094683945179
47848,0.0,0.04405021667480469,0.08755186945199966,0.0408569797873497
47849,0.0,0.08295780420303345,0.09622107446193695,0.06866339594125748
47850,0.0,0.04295980930328369,0.11812382936477661,0.03623390570282936
48373,1.0,0.30619537830352783,0.3640126585960388,0.3394511342048645
48374,1.0,0.2901903986930847,0.3726043105125427,0.3673523962497711
48375,1.0,0.24491220712661743,0.3749553859233856,0.3019525706768036
48376,1.0,0.14569950103759766,0.2571636736392975,0.20723368227481842
48377,0.0,0.12468421459197998,0.12834125757217407,0.11401589214801788
48378,0.0,0.1460776925086975,0.14072617888450623,0.1291685253381729
48379,1.0,0.21185827255249023,0.3782143294811249,0.3614037334918976
48380,1.0,0.17817556858062744,0.25974804162979126,0.26690685749053955
48381,0.0,0.3048005700111389,0.4852968454360962,0.5557672381401062
48382,1.0,0.3963373303413391,0.5853484272956848,0.5729023218154907
48383,1.0,0.3146694302558899,0.3825310468673706,0.3068165183067322
48384,1.0,0.2857378125190735,0.35437020659446716,0.45018795132637024
48385,1.0,0.33392399549484253,0.4199821650981903,0.5319373607635498
48386,1.0,0.29294610023498535,0.328330397605896,0.4998432993888855
48387,0.0,0.26901596784591675,0.3914217948913574,0.3861052691936493
48388,1.0,0.23323458433151245,0.300818532705307,0.28251782059669495
48389,1.0,0.1687731146812439,0.3261125087738037,0.2260742485523224
48390,0.0,0.07499170303344727,0.1469702124595642,0.07723817974328995
48391,0.0,0.06699568033218384,0.10772455483675003,0.05826256051659584
48392,0.0,0.11458516120910645,0.16135601699352264,0.10597100853919983
48393,1.0,0.13264286518096924,0.13653887808322906,0.10957295447587967
48394,1.0,0.15053170919418335,0.13794474303722382,0.2106560915708542
48395,1.0,0.20052897930145264,0.21027156710624695,0.22313393652439117
48396,1.0,0.2648160457611084,0.19613686203956604,0.2857178747653961
48397,1.0,0.46083080768585205,0.563729465007782,0.7445497512817383
48398,1.0,0.3218820095062256,0.4974898397922516,0.41965484619140625
48399,1.0,0.2902347445487976,0.34210941195487976,0.4670528769493103
48400,1.0,0.3227469325065613,0.4042775630950928,0.5333410501480103
48401,1.0,0.2998782992362976,0.2986323833465576,0.4978756308555603
48402,1.0,0.17956483364105225,0.2024393379688263,0.3217979967594147
48403,0.0,0.18285870552062988,0.18240299820899963,0.3389193117618561
48404,1.0,0.14886856079101562,0.16375890374183655,0.1848343014717102
48405,1.0,0.19254851341247559,0.25901103019714355,0.30325955152511597
48406,1.0,0.189008891582489,0.2129521369934082,0.2715531587600708
48407,1.0,0.1464705467224121,0.1637628823518753,0.26011064648628235
48408,1.0,0.12553071975708008,0.16557016968727112,0.1994234323501587
48409,0.0,0.11946088075637817,0.12408506870269775,0.17063522338867188
48410,1.0,0.0683513879776001,0.1270134001970291,0.08848143368959427
48411,0.0,0.0945749282836914,0.11962580680847168,0.12747114896774292
48412,1.0,0.10210764408111572,0.09597466140985489,0.0960693284869194
48413,1.0,0.12878453731536865,0.12059812992811203,0.19120553135871887
48414,1.0,0.12236589193344116,0.09836538881063461,0.13240505754947662
48415,1.0,0.11764448881149292,0.12639585137367249,0.09956067055463791
48416,0.0,0.1484876275062561,0.1174808144569397,0.13963022828102112
48417,1.0,0.23149901628494263,0.18151555955410004,0.295485258102417
48418,1.0,0.22261184453964233,0.25236964225769043,0.23410294950008392
48419,1.0,0.18055623769760132,0.18218833208084106,0.26147085428237915
48420,0.0,0.21545624732971191,0.21337293088436127,0.2667314112186432
48421,1.0,0.11806225776672363,0.11407598108053207,0.09961523115634918
48422,0.0,0.16392523050308228,0.12438715249300003,0.23825646936893463
48423,1.0,0.11844557523727417,0.09367316961288452,0.12855499982833862
48424,0.0,0.21417641639709473,0.19883102178573608,0.23005889356136322
48947,1.0,0.5675452947616577,0.6372607350349426,0.7912872433662415
48948,0.0,0.5208477973937988,0.5679976940155029,0.7455835342407227
48949,0.0,0.37941688299179077,0.45772019028663635,0.4359671473503113
48950,0.0,0.35287660360336304,0.35664480924606323,0.3677345812320709
48951,0.0,0.35157501697540283,0.39884069561958313,0.37371331453323364
48952,0.0,0.4038945436477661,0.5069682002067566,0.46987053751945496
48953,0.0,0.48564696311950684,0.495008647441864,0.7000070810317993
48954,0.0,0.4449290633201599,0.5486904978752136,0.700361430644989
48955,0.0,0.4261767268180847,0.4124006927013397,0.6371327638626099
48956,0.0,0.35003167390823364,0.32995545864105225,0.41657817363739014
48957,0.0,0.35400766134262085,0.42010676860809326,0.41505521535873413
48958,0.0,0.3746861219406128,0.46309375762939453,0.48745203018188477
48959,0.0,0.4289523959159851,0.4665723741054535,0.5137765407562256
48960,0.0,0.34175366163253784,0.3936893939971924,0.5309009552001953
48961,0.0,0.3259814977645874,0.5001930594444275,0.5036481618881226
48962,0.0,0.44640231132507324,0.557254433631897,0.6514045596122742
48963,0.0,0.555100679397583,0.6370930671691895,0.8123051524162292
48964,1.0,0.47868335247039795,0.6919612884521484,0.6359999775886536
48965,0.0,0.4003363847732544,0.5451824069023132,0.43466389179229736
48966,0.0,0.43967533111572266,0.5649038553237915,0.542148768901825
48967,0.0,0.44384706020355225,0.5464221239089966,0.4729304611682892
48968,0.0,0.3444657325744629,0.3519638180732727,0.4113331437110901
48969,0.0,0.24445414543151855,0.2838190793991089,0.17666271328926086
48970,0.0,0.3339688181877136,0.32527440786361694,0.25466835498809814
48971,0.0,0.2726278305053711,0.30470311641693115,0.2716849744319916
48972,0.0,0.29450488090515137,0.2871973514556885,0.3524523973464966
48973,0.0,0.30484670400619507,0.2519693374633789,0.32601097226142883
48974,0.0,0.321274995803833,0.3145577609539032,0.27507418394088745
48975,0.0,0.33604198694229126,0.27648723125457764,0.3267424702644348
48976,0.0,0.30662596225738525,0.27646714448928833,0.37606576085090637
48977,0.0,0.2901553511619568,0.33027419447898865,0.3051387667655945
48978,0.0,0.10029536485671997,0.14068078994750977,0.04233584180474281
48979,0.0,0.10955613851547241,0.09624916315078735,0.06866472214460373
48980,0.0,0.10637891292572021,0.09057070314884186,0.05076980963349342
48981,0.0,0.126265287399292,0.1665579229593277,0.10199829190969467
48982,0.0,0.09550797939300537,0.13743776082992554,0.0683252215385437
48983,0.0,0.08369624614715576,0.1118389144539833,0.05333720147609711
48984,0.0,0.08995425701141357,0.12130739539861679,0.055476296693086624
48985,0.0,0.16309982538223267,0.3045099973678589,0.27825281023979187
48986,0.0,0.1445692777633667,0.24278028309345245,0.17506888508796692
48987,0.0,0.1476077437400818,0.1679011583328247,0.17870427668094635
48988,0.0,0.1408531665802002,0.15662118792533875,0.19714845716953278
48989,0.0,0.19096308946609497,0.24453522264957428,0.30436402559280396
48990,0.0,0.20940762758255005,0.2820337116718292,0.3953571021556854
48991,0.0,0.25496959686279297,0.3386308252811432,0.5770763754844666
48992,1.0,0.22684109210968018,0.3299955129623413,0.4194847643375397
48993,0.0,0.18697834014892578,0.2835933566093445,0.3485046923160553
48994,1.0,0.3011370301246643,0.42850106954574585,0.6504643559455872
48995,1.0,0.3010677099227905,0.5099992156028748,0.425717830657959
48996,1.0,0.42879152297973633,0.5635219216346741,0.8081569671630859
48997,1.0,0.33925962448120117,0.550492525100708,0.6917843818664551
48998,1.0,0.45811891555786133,0.6325896978378296,0.828669011592865
49521,0.0,0.3027181029319763,0.4241730570793152,0.36280545592308044
49522,0.0,0.49016809463500977,0.5424622893333435,0.6127315759658813
49523,1.0,0.4108041524887085,0.5025840401649475,0.520319402217865
49524,0.0,0.560609757900238,0.6586196422576904,0.7516886591911316
49525,1.0,0.39580202102661133,0.5556839108467102,0.547425389289856
49526,0.0,0.2792057394981384,0.511686384677887,0.4974192678928375
49527,0.0,0.30357664823532104,0.42725473642349243,0.41918686032295227
49528,0.0,0.29879844188690186,0.4648420214653015,0.35847529768943787
49529,0.0,0.28569120168685913,0.3854648470878601,0.3553077280521393
49530,0.0,0.3725445866584778,0.5696815848350525,0.5325655937194824
49531,0.0,0.3829938769340515,0.5510305762290955,0.5445297956466675
49532,0.0,0.2896054983139038,0.4239090383052826,0.5351328253746033
49533,0.0,0.35307514667510986,0.4805859923362732,0.5007396936416626
49534,1.0,0.325203537940979,0.4433412551879883,0.5138627886772156
49535,0.0,0.2927411198616028,0.4611508250236511,0.38752269744873047
49536,0.0,0.2707045078277588,0.35180893540382385,0.3666408360004425
49537,0.0,0.2882402539253235,0.347385436296463,0.3752323091030121
49538,0.0,0.1403692364692688,0.2339361011981964,0.16092614829540253
49539,0.0,0.12034296989440918,0.15409144759178162,0.1659124493598938
49540,0.0,0.3189287781715393,0.47514161467552185,0.5499337911605835
49541,1.0,0.3771122097969055,0.5715627074241638,0.5692280530929565
49542,0.0,0.3726193308830261,0.41600239276885986,0.5117748975753784
49543,0.0,0.3350640535354614,0.360487163066864,0.5643810629844666
49544,0.0,0.33615410327911377,0.3533686697483063,0.5162457227706909
49545,0.0,0.2665773034095764,0.26965752243995667,0.3093193471431732
49546,0.0,0.1893882155418396,0.20624439418315887,0.20200693607330322
49547,0.0,0.10935103893280029,0.14538100361824036,0.09074713289737701
49548,0.0,0.06904071569442749,0.08201596140861511,0.06956112384796143
49549,0.0,0.12718713283538818,0.10661018639802933,0.1691891849040985
49550,0.0,0.06459552049636841,0.09613215178251266,0.05783361196517944
49551,0.0,0.12195491790771484,0.12974365055561066,0.12437979131937027
49552,0.0,0.07118779420852661,0.0612531341612339,0.06317179650068283
49553,0.0,0.12690144777297974,0.10199493914842606,0.1408940553665161
49554,0.0,0.10259747505187988,0.08483278006315231,0.10938529670238495
49555,0.0,0.06237560510635376,0.050296563655138016,0.051646701991558075
49556,0.0,0.04928004741668701,0.062480200082063675,0.056654077023267746
49557,0.0,0.09249132871627808,0.10084753483533859,0.13301530480384827
49558,0.0,0.11001533269882202,0.14508898556232452,0.12461166083812714
49559,0.0,0.14454114437103271,0.1480935513973236,0.15216940641403198
49560,0.0,0.17470288276672363,0.11987300962209702,0.1886397898197174
49561,0.0,0.17150229215621948,0.21384836733341217,0.22562731802463531
49562,0.0,0.13951104879379272,0.1995365172624588,0.18060949444770813
49563,0.0,0.1618676781654358,0.15988501906394958,0.2601448595523834
49564,0.0,0.17374491691589355,0.1703178435564041,0.22244827449321747
49565,0.0,0.19774079322814941,0.16425737738609314,0.20853887498378754
49566,0.0,0.13384544849395752,0.1269194334745407,0.18102170526981354
49567,0.0,0.18902307748794556,0.1300903558731079,0.25683480501174927
49568,0.0,0.21786892414093018,0.2952151596546173,0.22098644077777863
49569,1.0,0.34927237033843994,0.4481385350227356,0.523262619972229
49570,1.0,0.3654434084892273,0.5171180963516235,0.5539242625236511
49571,1.0,0.3868481516838074,0.3934408724308014,0.5985801219940186
49572,0.0,0.39806365966796875,0.45810842514038086,0.7071929574012756
50095,0.0,0.03914827108383179,0.05925688520073891,0.04169289022684097
50096,0.0,0.03941333293914795,0.0780930444598198,0.04031384363770485
50097,0.0,0.041247546672821045,0.09054595232009888,0.040925558656454086
50098,0.0,0.03937983512878418,0.08384495973587036,0.04811675101518631
50099,0.0,0.03929853439331055,0.04664703458547592,0.04629268869757652
50100,0.0,0.041155099868774414,0.08521780371665955,0.06205054372549057
50101,0.0,0.046764254570007324,0.10222746431827545,0.04729180410504341
50102,0.0,0.042455434799194336,0.10079114139080048,0.05400478467345238
50103,0.0,0.05172872543334961,0.09385693818330765,0.06378529220819473
50104,0.0,0.03948301076889038,0.09564964473247528,0.05298350006341934
50105,0.0,0.03869980573654175,0.05145922303199768,0.05168046057224274
50106,0.0,0.0386427640914917,0.04998194798827171,0.05523161217570305
50107,0.0,0.05750828981399536,0.11922523379325867,0.09072355180978775
50108,0.0,0.043417274951934814,0.10977070778608322,0.05294309929013252
50109,0.0,0.09144771099090576,0.18936267495155334,0.08793657273054123
50110,1.0,0.055747032165527344,0.07760734111070633,0.04992537572979927
50111,0.0,0.04172253608703613,0.09163833409547806,0.03545171394944191
50112,0.0,0.04735004901885986,0.07519550621509552,0.04188713803887367
50113,0.0,0.08106046915054321,0.11060178279876709,0.07753797620534897
50114,1.0,0.04623579978942871,0.062499694526195526,0.0404256246984005
50115,0.0,0.08289939165115356,0.07914742827415466,0.07250984013080597
50116,1.0,0.044174790382385254,0.040860507637262344,0.030001917853951454
50117,0.0,0.05493032932281494,0.07389462739229202,0.049948159605264664
50118,0.0,0.02815455198287964,0.04002595320343971,0.018880469724535942
50119,0.0,0.041531383991241455,0.03776617720723152,0.03914891928434372
50120,0.0,0.16499876976013184,0.2405383288860321,0.34813177585601807
50121,1.0,0.13282161951065063,0.16493815183639526,0.15121857821941376
50122,1.0,0.12647384405136108,0.1779058277606964,0.11306479573249817
50123,1.0,0.1296752691268921,0.14569778740406036,0.12394043803215027
50124,1.0,0.08089148998260498,0.15198303759098053,0.0736435204744339
50125,0.0,0.05532187223434448,0.05216335877776146,0.05638188496232033
50126,0.0,0.042499840259552,0.042884405702352524,0.04257862642407417
50127,0.0,0.035208165645599365,0.034153640270233154,0.0309994388371706
50128,0.0,0.031364262104034424,0.032076675444841385,0.03362639620900154
50129,0.0,0.029897332191467285,0.03364228084683418,0.028061518445611
50130,0.0,0.04426109790802002,0.06448814272880554,0.044734228402376175
50131,1.0,0.030910074710845947,0.03831091523170471,0.021355697885155678
50132,0.0,0.027886390686035156,0.03381424769759178,0.018737783655524254
50133,0.0,0.04313021898269653,0.06325937807559967,0.029424656182527542
50134,1.0,0.032110393047332764,0.03278364986181259,0.01995934545993805
50135,0.0,0.031078338623046875,0.03511561080813408,0.02124411053955555
50136,0.0,0.04617792367935181,0.06878118962049484,0.036408986896276474
50137,1.0,0.03238797187805176,0.03326796367764473,0.020610999315977097
50138,0.0,0.03354668617248535,0.03776843473315239,0.02107754908502102
50139,0.0,0.03206157684326172,0.03898194804787636,0.019184065982699394
50140,0.0,0.03080892562866211,0.030882345512509346,0.01801956817507744
50141,0.0,0.031843364238739014,0.04335740581154823,0.0325455442070961
50142,0.0,0.038168132305145264,0.055506084114313126,0.030889056622982025
50143,0.0,0.041468799114227295,0.05488457903265953,0.04169178381562233
50144,0.0,0.046206891536712646,0.09636333584785461,0.056545693427324295
50145,0.0,0.04748636484146118,0.0973430648446083,0.05439301207661629
50146,0.0,0.14527744054794312,0.16019834578037262,0.18577063083648682
50669,0.0,0.047077834606170654,0.048880383372306824,0.02663438953459263
50670,0.0,0.12948542833328247,0.185675710439682,0.10718948394060135
50671,1.0,0.1273571252822876,0.19207419455051422,0.10724717378616333
50672,1.0,0.07430911064147949,0.07998751103878021,0.06391315162181854
50673,0.0,0.11004722118377686,0.12060165405273438,0.08434008806943893
50674,1.0,0.11797207593917847,0.1512565314769745,0.09346522390842438
50675,1.0,0.06234019994735718,0.10231681913137436,0.04750765860080719
50676,0.0,0.05384403467178345,0.07366681843996048,0.04860556498169899
50677,0.0,0.051695287227630615,0.06224463880062103,0.04538744315505028
50678,0.0,0.045540571212768555,0.05334489047527313,0.03651590272784233
50679,0.0,0.04643511772155762,0.0427110530436039,0.04271586239337921
50680,0.0,0.044131577014923096,0.04742211848497391,0.045216843485832214
50681,0.0,0.05113118886947632,0.09020838141441345,0.047335363924503326
50682,0.0,0.05168330669403076,0.08404122292995453,0.058654721826314926
50683,0.0,0.11002933979034424,0.16236624121665955,0.09753460437059402
50684,1.0,0.056977927684783936,0.09575940668582916,0.043987538665533066
50685,0.0,0.06057816743850708,0.08391999453306198,0.04757058247923851
50686,0.0,0.04991042613983154,0.07035180181264877,0.04472506046295166
50687,0.0,0.04710531234741211,0.06333686411380768,0.04259536415338516
50688,0.0,0.04832613468170166,0.08136636018753052,0.04340088739991188
50689,0.0,0.04408019781112671,0.051912568509578705,0.038046739995479584
50690,0.0,0.044581472873687744,0.07693894952535629,0.04317101091146469
50691,0.0,0.047065019607543945,0.08050870150327682,0.04394258186221123
50692,0.0,0.029117107391357422,0.05369457229971886,0.020859580487012863
50693,0.0,0.04621326923370361,0.03713865950703621,0.040567897260189056
50694,0.0,0.04094332456588745,0.07429034262895584,0.05588948726654053
50695,0.0,0.044381022453308105,0.07863304018974304,0.06146935746073723
50696,0.0,0.02878749370574951,0.07694853842258453,0.0354183204472065
50697,0.0,0.030699551105499268,0.044620808213949203,0.035345934331417084
50698,0.0,0.02938544750213623,0.039402320981025696,0.031009970232844353
50699,0.0,0.04718887805938721,0.07287900894880295,0.05735669285058975
50700,1.0,0.046341121196746826,0.044032275676727295,0.04629869759082794
50701,0.0,0.042891621589660645,0.04329092800617218,0.048292290419340134
50702,0.0,0.03876066207885742,0.03859534114599228,0.03663749247789383
50703,0.0,0.06922483444213867,0.13962715864181519,0.06141432374715805
50704,1.0,0.03957092761993408,0.04544219374656677,0.030585823580622673
50705,0.0,0.03737223148345947,0.04925166070461273,0.03566460683941841
50706,0.0,0.030375540256500244,0.03366272151470184,0.021616332232952118
50707,0.0,0.030134737491607666,0.03207637742161751,0.02060503140091896
50708,0.0,0.02884042263031006,0.033992551267147064,0.023150403052568436
50709,0.0,0.028294622898101807,0.0305616594851017,0.022980956360697746
50710,0.0,0.033486902713775635,0.028284791857004166,0.037542011588811874
50711,0.0,0.03413337469100952,0.052013099193573,0.03655598685145378
50712,0.0,0.03402411937713623,0.05090350657701492,0.037743959575891495
50713,0.0,0.033802330493927,0.04292513430118561,0.038147591054439545
50714,0.0,0.03386503458023071,0.04286927357316017,0.03753205016255379
50715,0.0,0.033802330493927,0.0632324367761612,0.04062545672059059
50716,0.0,0.03443032503128052,0.08483555167913437,0.03851442039012909
50717,0.0,0.13443291187286377,0.1445770412683487,0.18383535742759705
50718,1.0,0.04778337478637695,0.0976010113954544,0.04529517889022827
50719,0.0,0.06317484378814697,0.06672658771276474,0.05078725516796112
50720,0.0,0.10014957189559937,0.17632931470870972,0.07507750391960144
51243,0.0,0.05393862724304199,0.059033941477537155,0.03032655268907547
51244,0.0,0.07356083393096924,0.061834074556827545,0.06079607829451561
51245,0.0,0.07516878843307495,0.06103425472974777,0.06788338720798492
51246,0.0,0.07061433792114258,0.06291698664426804,0.06129526346921921
51247,0.0,0.06867408752441406,0.06776466220617294,0.06737641990184784
51248,0.0,0.05666303634643555,0.06091611087322235,0.03892380744218826
51249,0.0,0.06600242853164673,0.05321618542075157,0.0525117963552475
51250,0.0,0.07275599241256714,0.09658787399530411,0.08792460709810257
51251,0.0,0.07449418306350708,0.06715207546949387,0.08257906138896942
51252,0.0,0.048464417457580566,0.06291212886571884,0.03619537875056267
51253,0.0,0.058404505252838135,0.054679907858371735,0.04354051128029823
51254,0.0,0.06091892719268799,0.059027187526226044,0.06124318391084671
51255,0.0,0.1294042468070984,0.11897069215774536,0.1287853866815567
51256,1.0,0.06184077262878418,0.055645205080509186,0.03819918632507324
51257,0.0,0.07287406921386719,0.09379293024539948,0.05791996046900749
51258,0.0,0.07205355167388916,0.1027129590511322,0.05635790899395943
51259,0.0,0.07076865434646606,0.10354776680469513,0.059829194098711014
51260,0.0,0.06521683931350708,0.05759347975254059,0.05776762589812279
51261,0.0,0.06200826168060303,0.047402523458004,0.05299362912774086
51262,0.0,0.062188029289245605,0.06182187423110008,0.061241865158081055
51263,0.0,0.06319588422775269,0.06881938874721527,0.062494270503520966
51264,0.0,0.05742073059082031,0.04115988314151764,0.058399759232997894
51265,0.0,0.0595126748085022,0.04761592671275139,0.05704068765044212
51266,0.0,0.059643447399139404,0.0521840825676918,0.058881402015686035
51267,0.0,0.05996352434158325,0.044624969363212585,0.061504632234573364
51268,0.0,0.03489500284194946,0.04464958235621452,0.04670718312263489
51269,0.0,0.034840524196624756,0.04402311146259308,0.045472681522369385
51270,0.0,0.03489500284194946,0.042431365698575974,0.04608874395489693
51271,0.0,0.03489500284194946,0.041096046566963196,0.0475335419178009
51272,0.0,0.035311996936798096,0.034830380231142044,0.046602774411439896
51273,0.0,0.033371150493621826,0.042598139494657516,0.03941023349761963
51274,0.0,0.033106088638305664,0.050406213849782944,0.030617045238614082
51275,0.0,0.034710466861724854,0.05451686307787895,0.03503970429301262
51276,0.0,0.032557666301727295,0.03090798109769821,0.03162844851613045
51277,0.0,0.02924412488937378,0.026157405227422714,0.026107721030712128
51278,0.0,0.030099213123321533,0.033211641013622284,0.030253145843744278
51279,0.0,0.028316974639892578,0.025726277381181717,0.024733250960707664
51280,0.0,0.03188449144363403,0.04817260056734085,0.0326315313577652
51281,0.0,0.029769182205200195,0.03874242305755615,0.026475152000784874
51282,0.0,0.03241097927093506,0.0397510826587677,0.029228879138827324
51283,0.0,0.03271728754043579,0.04981616139411926,0.031078031286597252
51284,0.0,0.03548753261566162,0.04692080244421959,0.030977247282862663
51285,0.0,0.037697017192840576,0.048018477857112885,0.03858587518334389
51286,0.0,0.04363363981246948,0.038479529321193695,0.04651671648025513
51287,0.0,0.03996807336807251,0.045325469225645065,0.04056344926357269
51288,0.0,0.044025957584381104,0.03889781981706619,0.04548560455441475
51289,0.0,0.0399397611618042,0.05337648466229439,0.04994893819093704
51290,0.0,0.044611990451812744,0.08013393729925156,0.046542610973119736
51291,0.0,0.04972642660140991,0.10604797303676605,0.057987794280052185
51292,0.0,0.049306273460388184,0.04881115257740021,0.049647845327854156
51293,0.0,0.06576353311538696,0.04656374827027321,0.07948604971170425
51294,0.0,0.06963449716567993,0.0759846493601799,0.09474724531173706
51817,0.0,0.04679596424102783,0.05709890276193619,0.03808971866965294
51818,0.0,0.10961854457855225,0.12836581468582153,0.10640521347522736
51819,1.0,0.08057987689971924,0.07060087472200394,0.07401413470506668
51820,0.0,0.054940879344940186,0.046021632850170135,0.03407831862568855
51821,0.0,0.12833458185195923,0.1570148915052414,0.11383480578660965
51822,1.0,0.19023984670639038,0.2469654530286789,0.1867208629846573
51823,1.0,0.21335411071777344,0.19279198348522186,0.19941793382167816
51824,0.0,0.23446404933929443,0.1863298863172531,0.2897000014781952
51825,1.0,0.16896480321884155,0.16968180239200592,0.13303923606872559
51826,0.0,0.1788368821144104,0.163679301738739,0.1554187834262848
51827,0.0,0.06521564722061157,0.08188972622156143,0.04216573387384415
51828,0.0,0.05041170120239258,0.06423468887805939,0.037976235151290894
51829,0.0,0.14598912000656128,0.15346956253051758,0.15837462246418
51830,1.0,0.059277355670928955,0.08040521293878555,0.04844067618250847
51831,0.0,0.10670733451843262,0.1575382500886917,0.10536883026361465
51832,0.0,0.06769979000091553,0.08621377497911453,0.0571659654378891
51833,0.0,0.06178683042526245,0.060352299362421036,0.05066833272576332
51834,0.0,0.12731266021728516,0.13244248926639557,0.16455018520355225
51835,1.0,0.08054578304290771,0.08413257449865341,0.07137296348810196
51836,0.0,0.07744216918945312,0.06145665422081947,0.06302552670240402
51837,0.0,0.06366527080535889,0.06555642187595367,0.06298883259296417
51838,0.0,0.1226453185081482,0.10634719580411911,0.13633644580841064
51839,0.0,0.05615949630737305,0.04527315869927406,0.04492000490427017
51840,0.0,0.11587518453598022,0.1323014348745346,0.12180666625499725
51841,0.0,0.12269556522369385,0.10095061361789703,0.11601978540420532
51842,0.0,0.16257774829864502,0.14769938588142395,0.20795944333076477
51843,1.0,0.15351110696792603,0.1624624878168106,0.14479102194309235
51844,0.0,0.17501449584960938,0.166419118642807,0.18534937500953674
51845,0.0,0.14511877298355103,0.14363828301429749,0.1513536274433136
51846,0.0,0.14531666040420532,0.14861880242824554,0.1487589180469513
51847,0.0,0.07662111520767212,0.11517900973558426,0.05715881660580635
51848,0.0,0.12571769952774048,0.16288134455680847,0.12042003870010376
51849,0.0,0.11494547128677368,0.12999700009822845,0.08823587745428085
51850,0.0,0.06840097904205322,0.09764572978019714,0.059024665504693985
51851,0.0,0.060415804386138916,0.06751703470945358,0.07178623229265213
51852,0.0,0.09618598222732544,0.10624290257692337,0.08855991065502167
51853,0.0,0.12606656551361084,0.1442454308271408,0.1520184576511383
51854,0.0,0.11768007278442383,0.1261395961046219,0.11812172830104828
51855,0.0,0.13161659240722656,0.14283636212348938,0.10604579746723175
51856,0.0,0.07607787847518921,0.08703137934207916,0.05556528642773628
51857,0.0,0.07401174306869507,0.06578215211629868,0.05547532066702843
51858,0.0,0.07584106922149658,0.1119958758354187,0.06966022402048111
51859,1.0,0.09954690933227539,0.14910133183002472,0.07882551848888397
51860,0.0,0.05104893445968628,0.07065083831548691,0.04355567693710327
51861,0.0,0.09218406677246094,0.14781509339809418,0.08662867546081543
51862,0.0,0.0487591028213501,0.06682584434747696,0.03944985568523407
51863,0.0,0.05599302053451538,0.0540945939719677,0.05788654461503029
51864,0.0,0.08557748794555664,0.0952116996049881,0.06280028074979782
51865,0.0,0.11063534021377563,0.09685474634170532,0.12210995703935623
51866,0.0,0.07081764936447144,0.06752319633960724,0.07414289563894272
51867,0.0,0.0907202959060669,0.06888671964406967,0.10914850234985352
51868,0.0,0.1547134518623352,0.17137236893177032,0.14666837453842163
52391,0.0,0.10970515012741089,0.14627715945243835,0.08920402824878693
52392,0.0,0.048686861991882324,0.05391659960150719,0.021938389167189598
52393,0.0,0.04887664318084717,0.06557164341211319,0.02129308506846428
52394,0.0,0.1173861026763916,0.1331724226474762,0.07016114890575409
52395,1.0,0.06595438718795776,0.05639289692044258,0.04173462837934494
52396,0.0,0.09073799848556519,0.13264377415180206,0.06809625774621964
52397,0.0,0.09047442674636841,0.10645851492881775,0.07999435812234879
52398,0.0,0.09414947032928467,0.11559402197599411,0.07318683713674545
52399,0.0,0.08004438877105713,0.10162818431854248,0.08224163204431534
52400,0.0,0.07354205846786499,0.0787675753235817,0.08509451895952225
52401,0.0,0.07199668884277344,0.07205774635076523,0.07282239943742752
52402,0.0,0.06984061002731323,0.09858901053667068,0.06160371005535126
52403,0.0,0.13599014282226562,0.11995010077953339,0.1461377590894699
52404,0.0,0.08160591125488281,0.09439448267221451,0.06437643617391586
52405,0.0,0.08970361948013306,0.10763558745384216,0.07613502442836761
52406,0.0,0.06514358520507812,0.0806211531162262,0.048653677105903625
52407,0.0,0.057802438735961914,0.07698354870080948,0.04300892353057861
52408,0.0,0.1321466565132141,0.1821736842393875,0.1473800390958786
52409,1.0,0.14274293184280396,0.2021757960319519,0.1472843438386917
52410,1.0,0.07779198884963989,0.09594286233186722,0.05794926732778549
52411,0.0,0.1390221118927002,0.16354823112487793,0.13563832640647888
52412,1.0,0.16568315029144287,0.16227760910987854,0.12816500663757324
52413,1.0,0.16644161939620972,0.15419888496398926,0.11269640177488327
52414,1.0,0.1173449158668518,0.12710267305374146,0.071816086769104
52415,0.0,0.11709082126617432,0.11972562223672867,0.09024472534656525
52416,0.0,0.14888513088226318,0.1339891105890274,0.15070007741451263
52417,1.0,0.08474177122116089,0.11638004332780838,0.06413210928440094
52418,0.0,0.1185869574546814,0.11275746673345566,0.06076857075095177
52419,0.0,0.13797396421432495,0.13527224957942963,0.09369546920061111
52420,0.0,0.14268118143081665,0.13032397627830505,0.10667850822210312
52421,0.0,0.10565584897994995,0.10200604051351547,0.06513211876153946
52422,0.0,0.12044012546539307,0.1557634472846985,0.0625130757689476
52423,1.0,0.11156964302062988,0.1061960831284523,0.060768287628889084
52424,1.0,0.12594503164291382,0.10314436256885529,0.05988185107707977
52425,0.0,0.0791165828704834,0.09868049621582031,0.05636550113558769
52426,0.0,0.07893484830856323,0.13052482903003693,0.05663304030895233
52427,1.0,0.15389156341552734,0.21185268461704254,0.12994150817394257
52428,1.0,0.08409512042999268,0.17085611820220947,0.045082077383995056
52429,0.0,0.07434040307998657,0.16426992416381836,0.05044521391391754
52430,0.0,0.05930924415588379,0.1518525928258896,0.04309162497520447
52431,0.0,0.05523914098739624,0.1250174641609192,0.0338510200381279
52432,0.0,0.03371471166610718,0.04278091341257095,0.01744845323264599
52433,0.0,0.039636850357055664,0.07319965213537216,0.024395577609539032
52434,0.0,0.046304166316986084,0.08074100315570831,0.04980114847421646
52435,0.0,0.043957412242889404,0.08104546368122101,0.04099486395716667
52436,0.0,0.04802900552749634,0.08123169094324112,0.05240660160779953
52437,0.0,0.04802900552749634,0.07459501922130585,0.05571574345231056
52438,0.0,0.04511743783950806,0.07931102812290192,0.0405571386218071
52439,0.0,0.06003439426422119,0.11763430386781693,0.05680568516254425
52440,0.0,0.06823998689651489,0.14889073371887207,0.06396598368883133
52441,0.0,0.07341516017913818,0.11890528351068497,0.05695444718003273
52442,0.0,0.05649620294570923,0.14257150888442993,0.05793227255344391
52965,1.0,0.16579604148864746,0.22537633776664734,0.19902828335762024
52966,1.0,0.22378355264663696,0.19874699413776398,0.3164314329624176
52967,1.0,0.20351719856262207,0.2338106781244278,0.25351443886756897
52968,1.0,0.2908153533935547,0.28800755739212036,0.41617995500564575
52969,1.0,0.2975286841392517,0.38060346245765686,0.4274759590625763
52970,1.0,0.265267014503479,0.3465625047683716,0.35294538736343384
52971,1.0,0.18634241819381714,0.273377925157547,0.23815663158893585
52972,1.0,0.15545248985290527,0.1815042346715927,0.22854353487491608
52973,1.0,0.13441753387451172,0.15315645933151245,0.20065011084079742
52974,1.0,0.20551156997680664,0.33227768540382385,0.24283955991268158
52975,1.0,0.14556884765625,0.1515212059020996,0.15144506096839905
52976,1.0,0.21265172958374023,0.2890370786190033,0.28844842314720154
52977,1.0,0.2194564938545227,0.24695169925689697,0.307524174451828
52978,1.0,0.13441860675811768,0.17982317507266998,0.1808401346206665
52979,1.0,0.1195375919342041,0.14776329696178436,0.14258497953414917
52980,1.0,0.1517469882965088,0.18846921622753143,0.16382017731666565
52981,1.0,0.12095373868942261,0.16190770268440247,0.12815897166728973
52982,1.0,0.14344823360443115,0.22106166183948517,0.18139241635799408
52983,1.0,0.12915217876434326,0.1656225621700287,0.14298716187477112
52984,1.0,0.12691718339920044,0.16814488172531128,0.14696094393730164
52985,1.0,0.13804680109024048,0.2022085338830948,0.14246173202991486
52986,1.0,0.13499820232391357,0.1737772822380066,0.13465292751789093
52987,1.0,0.1311160922050476,0.17213691771030426,0.1365591287612915
52988,1.0,0.1313406229019165,0.1800544261932373,0.15209338068962097
52989,1.0,0.13565999269485474,0.16865330934524536,0.1336963027715683
52990,1.0,0.12979084253311157,0.12273793667554855,0.19401022791862488
52991,1.0,0.14731502532958984,0.13410675525665283,0.2026107758283615
52992,1.0,0.09936302900314331,0.11720716208219528,0.1352453976869583
52993,1.0,0.1404469609260559,0.1479531079530716,0.2152523249387741
52994,1.0,0.10515278577804565,0.11169962584972382,0.1369248330593109
52995,1.0,0.1348203420639038,0.15716753900051117,0.26806125044822693
52996,1.0,0.10958778858184814,0.12715277075767517,0.13755589723587036
52997,1.0,0.12416958808898926,0.13648046553134918,0.15227799117565155
52998,1.0,0.10198700428009033,0.12196820229291916,0.1470017284154892
52999,1.0,0.08332234621047974,0.1134747713804245,0.10767083615064621
53000,1.0,0.18042898178100586,0.21190334856510162,0.3321816027164459
53001,1.0,0.17090409994125366,0.23622466623783112,0.21651071310043335
53002,1.0,0.19849520921707153,0.2517749071121216,0.2869095206260681
53003,1.0,0.1647019386291504,0.2443077564239502,0.2025560736656189
53004,1.0,0.16485297679901123,0.17696920037269592,0.1960894912481308
53005,1.0,0.08665204048156738,0.10191193222999573,0.10035871714353561
53006,1.0,0.0965414047241211,0.10703340917825699,0.10744167864322662
53007,1.0,0.10743051767349243,0.19553327560424805,0.14542366564273834
53008,1.0,0.11415630578994751,0.1619415432214737,0.1619994342327118
53009,1.0,0.11677569150924683,0.19944186508655548,0.1304342895746231
53010,1.0,0.18025505542755127,0.16544555127620697,0.22642889618873596
53011,1.0,0.16986477375030518,0.25426387786865234,0.2315395176410675
53012,1.0,0.1438155174255371,0.171578049659729,0.19859576225280762
53013,1.0,0.1802545189857483,0.20232179760932922,0.2828496992588043
53014,1.0,0.23846715688705444,0.2968858480453491,0.3668998181819916
53015,1.0,0.2098655104637146,0.16003036499023438,0.3281196355819702
53016,1.0,0.22862648963928223,0.28307247161865234,0.31997987627983093
53539,1.0,0.17390018701553345,0.3199993968009949,0.1243140697479248
53540,1.0,0.20080602169036865,0.28586477041244507,0.16886644065380096
53541,1.0,0.0814814567565918,0.10442040860652924,0.06088566035032272
53542,0.0,0.08150213956832886,0.1433948576450348,0.06348873674869537
53543,0.0,0.144733726978302,0.19295264780521393,0.13934847712516785
53544,1.0,0.19222044944763184,0.2209559828042984,0.11448922008275986
53545,1.0,0.08284986019134521,0.11857795715332031,0.05647531896829605
53546,0.0,0.16901040077209473,0.18947124481201172,0.16855154931545258
53547,1.0,0.17478293180465698,0.20790159702301025,0.14016439020633698
53548,1.0,0.16655349731445312,0.23440515995025635,0.15017931163311005
53549,1.0,0.09864604473114014,0.14724913239479065,0.06353338062763214
53550,0.0,0.09210783243179321,0.12536217272281647,0.0696084201335907
53551,0.0,0.18073499202728271,0.2208484709262848,0.1883365511894226
53552,1.0,0.09103584289550781,0.09112730622291565,0.08081097155809402
53553,0.0,0.19059157371520996,0.21339182555675507,0.1620902717113495
53554,1.0,0.07620066404342651,0.07779539376497269,0.0661744624376297
53555,0.0,0.06179344654083252,0.062218740582466125,0.05880499631166458
53556,0.0,0.10067838430404663,0.12931276857852936,0.08989454805850983
53557,1.0,0.14540070295333862,0.20567846298217773,0.11392398923635483
53558,1.0,0.12293922901153564,0.18309259414672852,0.10128364711999893
53559,1.0,0.08047091960906982,0.08712878078222275,0.062004122883081436
53560,0.0,0.0798829197883606,0.08346903324127197,0.05181438848376274
53561,0.0,0.08691972494125366,0.10241756588220596,0.051412951201200485
53562,1.0,0.11193197965621948,0.10643146187067032,0.0710848793387413
53563,1.0,0.06624656915664673,0.07518292963504791,0.03222290799021721
53564,0.0,0.14001238346099854,0.11815788596868515,0.11642870306968689
53565,1.0,0.09628963470458984,0.1031375527381897,0.06525184214115143
53566,0.0,0.157667875289917,0.14034736156463623,0.12036094069480896
53567,1.0,0.13540560007095337,0.1177658811211586,0.08242227137088776
53568,1.0,0.1459650993347168,0.13612177968025208,0.10466322302818298
53569,1.0,0.07102841138839722,0.05279269814491272,0.033080440014600754
53570,0.0,0.10027456283569336,0.20484909415245056,0.067290298640728
53571,1.0,0.09651768207550049,0.12034551054239273,0.0656924769282341
53572,1.0,0.053602516651153564,0.07797307521104813,0.044280000030994415
53573,0.0,0.038720905780792236,0.08392099291086197,0.028490595519542694
53574,0.0,0.042550086975097656,0.06911534070968628,0.02897406928241253
53575,0.0,0.03316384553909302,0.07427573949098587,0.023291252553462982
53576,0.0,0.03738528490066528,0.0710219293832779,0.04922414571046829
53577,0.0,0.028701961040496826,0.07130424678325653,0.038648832589387894
53578,0.0,0.06498640775680542,0.11048982292413712,0.11244737356901169
53579,1.0,0.040320396423339844,0.045151397585868835,0.033258914947509766
53580,0.0,0.045839786529541016,0.08678989112377167,0.03821106627583504
53581,0.0,0.03452420234680176,0.058739401400089264,0.029739035293459892
53582,0.0,0.04661297798156738,0.09241543710231781,0.03394865617156029
53583,0.0,0.10191261768341064,0.10682197660207748,0.14122609794139862
53584,1.0,0.05225461721420288,0.0686795562505722,0.03800686448812485
53585,0.0,0.09065985679626465,0.16272535920143127,0.0836549773812294
53586,1.0,0.14970260858535767,0.21405719220638275,0.12384818494319916
53587,1.0,0.15188366174697876,0.24059458076953888,0.08755562454462051
53588,1.0,0.109660804271698,0.09134222567081451,0.10319584608078003
53589,0.0,0.1254950761795044,0.14669382572174072,0.11363639682531357
53590,1.0,0.19247722625732422,0.218888059258461,0.2045304775238037
54113,0.0,0.05395394563674927,0.0658462643623352,0.033348165452480316
54114,0.0,0.12689942121505737,0.16043545305728912,0.09715784341096878
54115,0.0,0.12195241451263428,0.15438909828662872,0.08493456989526749
54116,0.0,0.1416008472442627,0.16270731389522552,0.11217457801103592
54117,0.0,0.16891229152679443,0.17935849726200104,0.1153171956539154
54118,0.0,0.14594370126724243,0.23259912431240082,0.09052814543247223
54119,0.0,0.20723313093185425,0.3255886435508728,0.1563882976770401
54120,0.0,0.10004794597625732,0.14787447452545166,0.07156230509281158
54121,0.0,0.20691943168640137,0.21201609075069427,0.18641072511672974
54122,0.0,0.10976099967956543,0.13144463300704956,0.08068409562110901
54123,0.0,0.07451343536376953,0.1293422132730484,0.053374938666820526
54124,0.0,0.058864593505859375,0.07159782946109772,0.0391346774995327
54125,0.0,0.06958311796188354,0.09565769881010056,0.050377581268548965
54126,0.0,0.05273079872131348,0.05828486755490303,0.03829950466752052
54127,0.0,0.11155951023101807,0.19009047746658325,0.10229161381721497
54128,0.0,0.0875357985496521,0.12409230321645737,0.07449468225240707
54129,0.0,0.10004472732543945,0.17265930771827698,0.06555773317813873
54130,0.0,0.06484711170196533,0.08599624782800674,0.050928566604852676
54131,0.0,0.05981391668319702,0.08997546881437302,0.04950544238090515
54132,0.0,0.05166661739349365,0.07371558248996735,0.042942117899656296
54133,0.0,0.08279085159301758,0.10622725635766983,0.06279877573251724
54134,0.0,0.05796021223068237,0.09205853193998337,0.03513395041227341
54135,0.0,0.1112784743309021,0.14888368546962738,0.10984485596418381
54136,0.0,0.13048911094665527,0.11365272849798203,0.08011992275714874
54137,0.0,0.1808130145072937,0.19778099656105042,0.16512644290924072
54138,0.0,0.13637614250183105,0.1614430546760559,0.09893812239170074
54139,0.0,0.17804640531539917,0.1727876514196396,0.13997381925582886
54140,0.0,0.10233539342880249,0.12139241397380829,0.0800146609544754
54141,0.0,0.16162443161010742,0.1752534955739975,0.13356533646583557
54142,0.0,0.12127959728240967,0.11785255372524261,0.089991495013237
54143,0.0,0.08481192588806152,0.12640096247196198,0.07138342410326004
54144,0.0,0.09332442283630371,0.11591756343841553,0.07741525024175644
54145,0.0,0.05853450298309326,0.07691673189401627,0.03885417804121971
54146,0.0,0.09098583459854126,0.09680317342281342,0.06841657310724258
54147,0.0,0.04862159490585327,0.06820874661207199,0.02987617254257202
54148,0.0,0.04985290765762329,0.05160507559776306,0.032845329493284225
54149,0.0,0.03804636001586914,0.050019118934869766,0.026419557631015778
54150,0.0,0.03727155923843384,0.04440711811184883,0.028327537700533867
54151,0.0,0.03549391031265259,0.039320118725299835,0.035100795328617096
54152,0.0,0.03326821327209473,0.031224047765135765,0.029000431299209595
54153,0.0,0.060307860374450684,0.05931907519698143,0.0497719831764698
54154,0.0,0.03852909803390503,0.043140772730112076,0.024185094982385635
54155,0.0,0.047692298889160156,0.04964834451675415,0.037790801376104355
54156,0.0,0.04398101568222046,0.05040549114346504,0.03483128920197487
54157,0.0,0.04989498853683472,0.057518213987350464,0.03331189230084419
54158,0.0,0.07577872276306152,0.14388449490070343,0.06612756848335266
54159,0.0,0.09929883480072021,0.10333090275526047,0.0650472566485405
54160,0.0,0.08969128131866455,0.11784665286540985,0.053780071437358856
54161,0.0,0.057594358921051025,0.13452021777629852,0.03841164708137512
54162,0.0,0.06818193197250366,0.09661506861448288,0.049237869679927826
54163,0.0,0.07045572996139526,0.06066301837563515,0.06419052183628082
54164,0.0,0.06786668300628662,0.09653224050998688,0.07810135185718536
54687,0.0,0.20851194858551025,0.34910687804222107,0.12221108376979828
54688,0.0,0.3409152030944824,0.6313804984092712,0.31646275520324707
54689,0.0,0.39852315187454224,0.6358266472816467,0.5386496782302856
54690,0.0,0.28391170501708984,0.3456762731075287,0.17288364470005035
54691,0.0,0.23148226737976074,0.3992094397544861,0.26289209723472595
54692,0.0,0.228834867477417,0.37353846430778503,0.2006726711988449
54693,0.0,0.2570230960845947,0.3780888319015503,0.2318863421678543
54694,0.0,0.22253328561782837,0.4328358471393585,0.18614482879638672
54695,0.0,0.22057867050170898,0.29836559295654297,0.19993896782398224
54696,0.0,0.23418515920639038,0.34152498841285706,0.22473101317882538
54697,0.0,0.21848034858703613,0.3846188187599182,0.2376810908317566
54698,0.0,0.2091282606124878,0.2998763620853424,0.16481010615825653
54699,0.0,0.3678957223892212,0.5665233135223389,0.472685307264328
54700,0.0,0.24537837505340576,0.4745037853717804,0.25417789816856384
54701,0.0,0.2595548629760742,0.4993162155151367,0.2777594029903412
54702,0.0,0.27009451389312744,0.49523934721946716,0.27936092019081116
54703,0.0,0.2149646282196045,0.3074864149093628,0.12420068681240082
54704,0.0,0.15818238258361816,0.3455013930797577,0.14515511691570282
54705,0.0,0.16733092069625854,0.29238489270210266,0.13736289739608765
54706,0.0,0.12793374061584473,0.2757244408130646,0.09676440060138702
54707,0.0,0.1561301350593567,0.17440856993198395,0.10835142433643341
54708,0.0,0.10346353054046631,0.24555239081382751,0.0644516870379448
54709,0.0,0.16068905591964722,0.17146115005016327,0.15432208776474
54710,0.0,0.15797042846679688,0.17998512089252472,0.09386985003948212
54711,0.0,0.1771586537361145,0.1664426475763321,0.14090418815612793
54712,0.0,0.15613090991973877,0.1693277209997177,0.09080132842063904
54713,0.0,0.16464370489120483,0.1766117811203003,0.0834374949336052
54714,0.0,0.18083304166793823,0.17921346426010132,0.09953847527503967
54715,0.0,0.1668451428413391,0.1589856892824173,0.10440311580896378
54716,0.0,0.20678985118865967,0.23297877609729767,0.112284354865551
54717,0.0,0.12629938125610352,0.15075241029262543,0.08006154000759125
54718,0.0,0.12229222059249878,0.15236900746822357,0.06717252731323242
54719,0.0,0.12131327390670776,0.15643174946308136,0.11189811676740646
54720,0.0,0.1432114839553833,0.188987135887146,0.10889000445604324
54721,0.0,0.08623403310775757,0.1274442821741104,0.06124990060925484
54722,0.0,0.06927239894866943,0.0866357833147049,0.031394027173519135
54723,0.0,0.0486757755279541,0.11084678769111633,0.023370753973722458
54724,0.0,0.07192277908325195,0.19374297559261322,0.06316214799880981
54725,0.0,0.08490663766860962,0.21322603523731232,0.036424968391656876
54726,0.0,0.07086515426635742,0.15935033559799194,0.036329641938209534
54727,0.0,0.09316402673721313,0.14675834774971008,0.06162259727716446
54728,0.0,0.0995602011680603,0.1631999909877777,0.05593027547001839
54729,0.0,0.09734994173049927,0.15481150150299072,0.046231310814619064
54730,0.0,0.10870105028152466,0.16732710599899292,0.049908824265003204
54731,0.0,0.0793766975402832,0.14937713742256165,0.054416779428720474
54732,0.0,0.10032767057418823,0.2476191222667694,0.06651109457015991
54733,0.0,0.0980791449546814,0.17484289407730103,0.053652819246053696
54734,0.0,0.08607399463653564,0.26323843002319336,0.052674226462841034
54735,0.0,0.08149993419647217,0.29471322894096375,0.07383441179990768
54736,0.0,0.11846548318862915,0.21111305058002472,0.07263140380382538
54737,0.0,0.12909197807312012,0.16535265743732452,0.06702182441949844
54738,0.0,0.1153748631477356,0.36575981974601746,0.09483828395605087
55261,1.0,0.08321261405944824,0.061172936111688614,0.09329281747341156
55262,1.0,0.08152157068252563,0.07440171390771866,0.0827590748667717
55263,1.0,0.07805675268173218,0.10202506929636002,0.08510284870862961
55264,1.0,0.08106452226638794,0.07576817274093628,0.08256100863218307
55265,1.0,0.14738190174102783,0.14124348759651184,0.18105465173721313
55266,1.0,0.07982397079467773,0.06558806449174881,0.06764517724514008
55267,1.0,0.16732484102249146,0.17681348323822021,0.19133257865905762
55268,1.0,0.19910693168640137,0.19784985482692719,0.18704792857170105
55269,1.0,0.2410358190536499,0.26124829053878784,0.2831181585788727
55270,1.0,0.23111575841903687,0.23352162539958954,0.23807407915592194
55271,1.0,0.2514016032218933,0.2382967323064804,0.26369354128837585
55272,1.0,0.2271195650100708,0.229336217045784,0.2462226301431656
55273,1.0,0.2288113236427307,0.2735990881919861,0.30985376238822937
55274,1.0,0.14233505725860596,0.19312135875225067,0.15221849083900452
55275,1.0,0.19198942184448242,0.29553595185279846,0.24958880245685577
55276,1.0,0.11121833324432373,0.1329658329486847,0.12574616074562073
55277,1.0,0.16425436735153198,0.1987413465976715,0.21242493391036987
55278,1.0,0.16439712047576904,0.15307755768299103,0.1701357066631317
55279,1.0,0.17228102684020996,0.176334410905838,0.18834905326366425
55280,1.0,0.168895423412323,0.19741187989711761,0.17757897078990936
55281,1.0,0.13093167543411255,0.13330034911632538,0.19999027252197266
55282,1.0,0.08687418699264526,0.09236988425254822,0.12078400701284409
55283,1.0,0.07641386985778809,0.08035362511873245,0.09294277429580688
55284,1.0,0.1578303575515747,0.17445287108421326,0.23018373548984528
55285,1.0,0.18566644191741943,0.15698032081127167,0.21838434040546417
55286,1.0,0.19379758834838867,0.19793088734149933,0.26018378138542175
55287,1.0,0.0947921872138977,0.10139589756727219,0.14936856925487518
55288,1.0,0.17395591735839844,0.15087279677391052,0.2454652488231659
55289,1.0,0.11396723985671997,0.09738337248563766,0.1809290647506714
55290,1.0,0.1833314299583435,0.1638026237487793,0.2700572907924652
55291,1.0,0.08462631702423096,0.09197688102722168,0.11445722728967667
55292,1.0,0.0777430534362793,0.08789026737213135,0.10108740627765656
55293,1.0,0.05848473310470581,0.07776577025651932,0.0674189031124115
55294,1.0,0.057510316371917725,0.0702126994729042,0.07433569431304932
55295,1.0,0.0448993444442749,0.05009880289435387,0.05017964914441109
55296,1.0,0.04762178659439087,0.05538121610879898,0.06571310013532639
55297,1.0,0.046851933002471924,0.05303768813610077,0.0669761449098587
55298,1.0,0.046461284160614014,0.07296750694513321,0.07491088658571243
55299,1.0,0.04550451040267944,0.05862943083047867,0.06416941434144974
55300,1.0,0.09100860357284546,0.09828081727027893,0.12095247954130173
55301,1.0,0.06325960159301758,0.055003635585308075,0.07419084757566452
55302,1.0,0.05986553430557251,0.076308473944664,0.05458987504243851
55303,1.0,0.05731147527694702,0.06283462047576904,0.0485541895031929
55304,1.0,0.05888235569000244,0.056605610996484756,0.04537978768348694
55305,1.0,0.054228365421295166,0.044165682047605515,0.0579020120203495
55306,1.0,0.055111467838287354,0.04806004837155342,0.059467948973178864
55307,1.0,0.05594134330749512,0.04605851322412491,0.06278115510940552
55308,1.0,0.06575411558151245,0.06074068695306778,0.07104618847370148
55309,1.0,0.0709872841835022,0.10225193947553635,0.0944266989827156
55310,1.0,0.07566452026367188,0.07091491669416428,0.08162249624729156
55311,1.0,0.1020200252532959,0.06648929417133331,0.08692193776369095
55312,1.0,0.13277596235275269,0.07420385628938675,0.11571338772773743
55835,1.0,0.13293129205703735,0.2533194124698639,0.14678657054901123
55836,1.0,0.12781423330307007,0.14999349415302277,0.1631835252046585
55837,1.0,0.08700668811798096,0.12591296434402466,0.07803411781787872
55838,1.0,0.09849601984024048,0.13977523148059845,0.08750869333744049
55839,1.0,0.15793192386627197,0.16384339332580566,0.19874632358551025
55840,1.0,0.14759284257888794,0.1469135582447052,0.1792857050895691
55841,1.0,0.12708330154418945,0.1467331498861313,0.14682406187057495
55842,1.0,0.15306776762008667,0.17266342043876648,0.14536908268928528
55843,1.0,0.13468384742736816,0.14537735283374786,0.13646385073661804
55844,1.0,0.12606918811798096,0.1744859516620636,0.13515906035900116
55845,1.0,0.14989322423934937,0.20076799392700195,0.19136953353881836
55846,1.0,0.1414441466331482,0.1358686089515686,0.15589842200279236
55847,1.0,0.11532807350158691,0.18811212480068207,0.17265285551548004
55848,1.0,0.12726980447769165,0.131405770778656,0.14276722073554993
55849,1.0,0.20806747674942017,0.23583127558231354,0.26760727167129517
55850,1.0,0.1873674988746643,0.2829441428184509,0.2932545244693756
55851,1.0,0.28688520193099976,0.3821448087692261,0.44974663853645325
55852,1.0,0.427362322807312,0.5617343783378601,0.6542801260948181
55853,1.0,0.35805606842041016,0.353926420211792,0.5066253542900085
55854,1.0,0.4115679860115051,0.4475308656692505,0.6111440062522888
55855,1.0,0.36388593912124634,0.398291677236557,0.5529959201812744
55856,1.0,0.29710274934768677,0.4141905605792999,0.4658837616443634
55857,1.0,0.22704142332077026,0.27067604660987854,0.2841145098209381
55858,1.0,0.23339354991912842,0.2452770471572876,0.2853580713272095
55859,1.0,0.17702823877334595,0.18132942914962769,0.17751950025558472
55860,1.0,0.16265535354614258,0.1555057018995285,0.2047354131937027
55861,1.0,0.12035882472991943,0.12121360749006271,0.15569278597831726
55862,1.0,0.10599684715270996,0.1376543492078781,0.12024129182100296
55863,1.0,0.1359744668006897,0.12872616946697235,0.15800915658473969
55864,1.0,0.1334325075149536,0.12599100172519684,0.1354266107082367
55865,1.0,0.1195228099822998,0.12982803583145142,0.14768625795841217
55866,1.0,0.10941052436828613,0.12275238335132599,0.11493238806724548
55867,1.0,0.1312759518623352,0.16960017383098602,0.13262109458446503
55868,1.0,0.1281055212020874,0.1282539665699005,0.16824112832546234
55869,1.0,0.08777159452438354,0.1032005026936531,0.09973812848329544
55870,1.0,0.08508610725402832,0.12380170077085495,0.10334659367799759
55871,1.0,0.08553910255432129,0.12443020194768906,0.10406554490327835
55872,1.0,0.08306771516799927,0.09465310722589493,0.10150361806154251
55873,1.0,0.1336497664451599,0.207085520029068,0.1661362200975418
55874,1.0,0.12378960847854614,0.1571662873029709,0.16251680254936218
55875,1.0,0.15518110990524292,0.20264586806297302,0.1550322026014328
55876,1.0,0.11903315782546997,0.16885444521903992,0.11610828340053558
55877,1.0,0.14260149002075195,0.128736212849617,0.18238891661167145
55878,1.0,0.3080211877822876,0.23261326551437378,0.5766028761863708
55879,1.0,0.23718750476837158,0.38373246788978577,0.2917344868183136
55880,1.0,0.361472487449646,0.373546302318573,0.5780379176139832
55881,1.0,0.4930766820907593,0.5867455005645752,0.8501882553100586
55882,1.0,0.5204830169677734,0.7079126238822937,0.8282305598258972
55883,1.0,0.4778156876564026,0.6798101663589478,0.731564998626709
55884,1.0,0.4697067141532898,0.5240955948829651,0.6727489233016968
55885,1.0,0.21391963958740234,0.35879236459732056,0.2580256164073944
55886,1.0,0.40394139289855957,0.5610313415527344,0.5259997248649597
56409,1.0,0.15192526578903198,0.168147474527359,0.23206599056720734
56410,1.0,0.0898432731628418,0.1211244985461235,0.11814025044441223
56411,1.0,0.08198052644729614,0.09023535251617432,0.11553110182285309
56412,1.0,0.07847064733505249,0.1144019216299057,0.11074256151914597
56413,1.0,0.08044880628585815,0.10303947329521179,0.08586698770523071
56414,1.0,0.07785969972610474,0.09047865867614746,0.09286462515592575
56415,1.0,0.07717657089233398,0.12245647609233856,0.11354698985815048
56416,1.0,0.07489794492721558,0.11570356041193008,0.10867376625537872
56417,1.0,0.0751265287399292,0.09760579466819763,0.11323125660419464
56418,1.0,0.07472747564315796,0.07442472875118256,0.08113252371549606
56419,1.0,0.07555359601974487,0.08476480841636658,0.07772427052259445
56420,1.0,0.07450926303863525,0.10854046046733856,0.12892115116119385
56421,1.0,0.0677560567855835,0.10020007938146591,0.0934557393193245
56422,1.0,0.05597734451293945,0.10744864493608475,0.07839444279670715
56423,1.0,0.05440711975097656,0.09333927184343338,0.06966254115104675
56424,1.0,0.05364865064620972,0.08376706391572952,0.07346561551094055
56425,1.0,0.05440711975097656,0.0983785018324852,0.07203841954469681
56426,1.0,0.09645193815231323,0.13787239789962769,0.12659861147403717
56427,1.0,0.12230372428894043,0.16318389773368835,0.11657939106225967
56428,1.0,0.07491350173950195,0.14363041520118713,0.08561687916517258
56429,1.0,0.07346463203430176,0.09967666864395142,0.10794580727815628
56430,1.0,0.0666201114654541,0.09212688356637955,0.07353081554174423
56431,1.0,0.05931335687637329,0.0838484838604927,0.06357967108488083
56432,1.0,0.05371999740600586,0.08597800880670547,0.06484151631593704
56433,1.0,0.054189324378967285,0.07875460386276245,0.07643985748291016
56434,1.0,0.04571890830993652,0.0740450844168663,0.070132777094841
56435,1.0,0.04433530569076538,0.08041977137327194,0.07512982189655304
56436,1.0,0.048600852489471436,0.06807891279459,0.07889684289693832
56437,1.0,0.053874850273132324,0.09694651514291763,0.08659592270851135
56438,1.0,0.04571890830993652,0.07387019693851471,0.07152514159679413
56439,1.0,0.04269909858703613,0.07353175431489944,0.06330401450395584
56440,1.0,0.03188753128051758,0.04923060163855553,0.042318541556596756
56441,1.0,0.03170126676559448,0.06032801419496536,0.044511567801237106
56442,1.0,0.029237031936645508,0.061133358627557755,0.04157986864447594
56443,1.0,0.02957749366760254,0.07991193979978561,0.04842693731188774
56444,1.0,0.030283033847808838,0.06864430010318756,0.041984036564826965
56445,1.0,0.027545511722564697,0.0573544055223465,0.03956419229507446
56446,1.0,0.031186461448669434,0.07800142467021942,0.043853502720594406
56447,1.0,0.03069359064102173,0.07299139350652695,0.043512992560863495
56448,1.0,0.03261083364486694,0.07531161606311798,0.054056666791439056
56449,1.0,0.03169983625411987,0.08290866017341614,0.04921186342835426
56450,1.0,0.03388714790344238,0.05793789029121399,0.039542511105537415
56451,1.0,0.03426170349121094,0.04239024221897125,0.04232604429125786
56452,1.0,0.0374220609664917,0.050701070576906204,0.051486626267433167
56453,1.0,0.03801929950714111,0.050224050879478455,0.05245494470000267
56454,1.0,0.03805166482925415,0.0533256009221077,0.05362585186958313
56455,1.0,0.036529541015625,0.08587462455034256,0.06924817711114883
56456,1.0,0.041153013706207275,0.07880043983459473,0.05444702133536339
56457,1.0,0.04561877250671387,0.04481305927038193,0.04634949564933777
56458,1.0,0.05076789855957031,0.08388569205999374,0.09590582549571991
56459,1.0,0.08281588554382324,0.08862748742103577,0.12227392941713333
56460,1.0,0.08529198169708252,0.08452919870615005,0.10825487971305847
56983,0.0,0.11477404832839966,0.1259690672159195,0.07018987834453583
56984,0.0,0.07560908794403076,0.07684245705604553,0.05718289315700531
56985,0.0,0.05204993486404419,0.050796061754226685,0.03039512410759926
56986,0.0,0.14873093366622925,0.13472440838813782,0.1431729942560196
56987,0.0,0.07851409912109375,0.0834878534078598,0.0715513527393341
56988,0.0,0.14588171243667603,0.14358411729335785,0.13418525457382202
56989,0.0,0.11694574356079102,0.15933527052402496,0.12214036285877228
56990,0.0,0.21107876300811768,0.2574708163738251,0.3006627857685089
56991,0.0,0.1927362084388733,0.2140963226556778,0.21395264565944672
56992,0.0,0.25071072578430176,0.24942632019519806,0.2732456624507904
56993,0.0,0.18422365188598633,0.2014271318912506,0.1984597146511078
56994,0.0,0.2742817997932434,0.2800576686859131,0.3277849555015564
56995,0.0,0.3779395818710327,0.48402324318885803,0.5716678500175476
56996,0.0,0.31190305948257446,0.45081421732902527,0.4764947295188904
56997,0.0,0.33952414989471436,0.46513426303863525,0.5327929854393005
56998,0.0,0.3311305642127991,0.45601633191108704,0.6442441940307617
56999,0.0,0.2710452079772949,0.3019793629646301,0.4020768404006958
57000,0.0,0.14847224950790405,0.1876131147146225,0.22423791885375977
57001,0.0,0.1334470510482788,0.1528199315071106,0.1528007537126541
57002,0.0,0.06680858135223389,0.06863068789243698,0.06136004999279976
57003,0.0,0.1487436294555664,0.18526725471019745,0.19661971926689148
57004,0.0,0.06903195381164551,0.06251882016658783,0.05352294445037842
57005,0.0,0.0783655047416687,0.0677688866853714,0.08229978382587433
57006,0.0,0.0684664249420166,0.07767244428396225,0.06474747508764267
57007,0.0,0.05925840139389038,0.05985816940665245,0.04981955513358116
57008,0.0,0.10945618152618408,0.12305247038602829,0.16857928037643433
57009,0.0,0.12237298488616943,0.1705271154642105,0.11990097910165787
57010,0.0,0.07961803674697876,0.0650787353515625,0.09621091932058334
57011,0.0,0.13056719303131104,0.1076495349407196,0.13576407730579376
57012,0.0,0.06459647417068481,0.05098223313689232,0.06093774363398552
57013,0.0,0.05362141132354736,0.04820271581411362,0.045950017869472504
57014,0.0,0.04567098617553711,0.03501099720597267,0.03765852749347687
57015,0.0,0.041665494441986084,0.03482801094651222,0.03267442807555199
57016,0.0,0.051938414573669434,0.03884569928050041,0.06941846013069153
57017,0.0,0.05024838447570801,0.03719913959503174,0.05573591962456703
57018,0.0,0.04453641176223755,0.03824814409017563,0.051603056490421295
57019,0.0,0.04427844285964966,0.04165082797408104,0.0503481850028038
57020,0.0,0.04005163908004761,0.03655543550848961,0.03889860957860947
57021,0.0,0.043316543102264404,0.037187281996011734,0.04828187823295593
57022,0.0,0.0406949520111084,0.03807661682367325,0.04454505443572998
57023,0.0,0.04553258419036865,0.04156571626663208,0.04633595049381256
57024,0.0,0.03162926435470581,0.038018036633729935,0.025194762274622917
57025,0.0,0.03773331642150879,0.03873366117477417,0.03207540884613991
57026,0.0,0.03491532802581787,0.0374823734164238,0.032416027039289474
57027,0.0,0.03212219476699829,0.039655156433582306,0.031789906322956085
57028,0.0,0.037784695625305176,0.04142378643155098,0.03187921643257141
57029,0.0,0.030483722686767578,0.04508320614695549,0.03560962900519371
57030,0.0,0.037379443645477295,0.06288342922925949,0.032622579485177994
57031,0.0,0.04145270586013794,0.08002273738384247,0.04368167743086815
57032,0.0,0.05462747812271118,0.12030363827943802,0.09768468886613846
57033,0.0,0.07220357656478882,0.09365040063858032,0.08475440740585327
57034,0.0,0.07968538999557495,0.15634915232658386,0.11012731492519379
57557,0.0,0.046930551528930664,0.03907749801874161,0.019805708900094032
57558,0.0,0.06095266342163086,0.07255040854215622,0.0489865317940712
57559,0.0,0.05592513084411621,0.06436250358819962,0.04077542945742607
57560,0.0,0.06698238849639893,0.09555726498365402,0.07682480663061142
57561,0.0,0.06209224462509155,0.05890674516558647,0.06755464524030685
57562,0.0,0.06222587823867798,0.055985819548368454,0.06790363788604736
57563,0.0,0.0733802318572998,0.11936857551336288,0.06975608319044113
57564,0.0,0.08004629611968994,0.11701437830924988,0.07062626630067825
57565,0.0,0.1785876750946045,0.11351500451564789,0.3195469081401825
57566,1.0,0.07673829793930054,0.08272360265254974,0.08315502107143402
57567,0.0,0.0754968523979187,0.10116375237703323,0.05033733323216438
57568,0.0,0.05468308925628662,0.06791417300701141,0.042211879044771194
57569,0.0,0.14477628469467163,0.17399218678474426,0.14430156350135803
57570,0.0,0.06285369396209717,0.06915896385908127,0.056879181414842606
57571,0.0,0.08524197340011597,0.09343340247869492,0.07046869397163391
57572,0.0,0.07098770141601562,0.08077099919319153,0.08595473319292068
57573,0.0,0.1631295084953308,0.1663329005241394,0.21491266787052155
57574,1.0,0.11716914176940918,0.16767634451389313,0.12140747904777527
57575,0.0,0.09782165288925171,0.14250548183918,0.11945001035928726
57576,0.0,0.14295649528503418,0.17258809506893158,0.16468188166618347
57577,0.0,0.09048694372177124,0.12967582046985626,0.09044232219457626
57578,0.0,0.12072688341140747,0.15185582637786865,0.12635405361652374
57579,1.0,0.18617314100265503,0.22691874206066132,0.1878587007522583
57580,1.0,0.27478647232055664,0.2645188570022583,0.2468278408050537
57581,1.0,0.1333441138267517,0.15232020616531372,0.11775235086679459
57582,0.0,0.16610515117645264,0.15945294499397278,0.13615594804286957
57583,0.0,0.14371192455291748,0.22031651437282562,0.11060893535614014
57584,1.0,0.22396403551101685,0.23004747927188873,0.27998653054237366
57585,1.0,0.20584481954574585,0.22182932496070862,0.17557291686534882
57586,1.0,0.17735415697097778,0.20480212569236755,0.1532510221004486
57587,1.0,0.18981671333312988,0.21998830139636993,0.16223686933517456
57588,1.0,0.12710165977478027,0.18335701525211334,0.09154852479696274
57589,0.0,0.09629279375076294,0.13888530433177948,0.06992156058549881
57590,0.0,0.11554902791976929,0.12816965579986572,0.1015123799443245
57591,0.0,0.08513957262039185,0.12983477115631104,0.04965962469577789
57592,0.0,0.08594948053359985,0.10127414762973785,0.05855020508170128
57593,0.0,0.04939979314804077,0.04282236844301224,0.03864384815096855
57594,0.0,0.08017021417617798,0.10195214301347733,0.05551031231880188
57595,0.0,0.04165679216384888,0.03830372914671898,0.020502790808677673
57596,0.0,0.04004180431365967,0.0327477902173996,0.020829487591981888
57597,0.0,0.0651634931564331,0.08346473425626755,0.04355476796627045
57598,0.0,0.03752696514129639,0.032401349395513535,0.021595587953925133
57599,0.0,0.06502151489257812,0.09791038185358047,0.03431830555200577
57600,0.0,0.0422016978263855,0.038379888981580734,0.023775523528456688
57601,0.0,0.041344404220581055,0.03658477962017059,0.024711214005947113
57602,0.0,0.06916165351867676,0.09272000938653946,0.04230104386806488
57603,0.0,0.03985840082168579,0.035323914140462875,0.0278214942663908
57604,0.0,0.03572577238082886,0.04320894181728363,0.02016630209982395
57605,0.0,0.044619083404541016,0.05947836488485336,0.029312053695321083
57606,0.0,0.03783923387527466,0.045594219118356705,0.021297020837664604
57607,0.0,0.049868106842041016,0.05342026427388191,0.03919575363397598
57608,0.0,0.12724906206130981,0.11090873926877975,0.1262192279100418
58131,0.0,0.23477470874786377,0.4008157253265381,0.1460377275943756
58132,0.0,0.22529852390289307,0.24373479187488556,0.14092138409614563
58133,0.0,0.16927975416183472,0.1140960082411766,0.07552969455718994
58134,0.0,0.17620909214019775,0.10662514716386795,0.08644306659698486
58135,0.0,0.17874401807785034,0.15383411943912506,0.09383303672075272
58136,0.0,0.19344228506088257,0.27632930874824524,0.11595752090215683
58137,0.0,0.1991560459136963,0.18326225876808167,0.12273048609495163
58138,0.0,0.22916734218597412,0.2390436828136444,0.12668509781360626
58139,0.0,0.24244588613510132,0.28459203243255615,0.17657554149627686
58140,0.0,0.30871111154556274,0.4617842137813568,0.38166388869285583
58141,0.0,0.2495061755180359,0.4963245689868927,0.24149252474308014
58142,0.0,0.2356886863708496,0.3776252567768097,0.15404605865478516
58143,0.0,0.32916921377182007,0.5399825572967529,0.5641900300979614
58144,0.0,0.30516594648361206,0.5363355278968811,0.41754335165023804
58145,0.0,0.2337210774421692,0.4860583543777466,0.2266514152288437
58146,0.0,0.30718910694122314,0.5155549645423889,0.26634135842323303
58147,0.0,0.39322715997695923,0.56117182970047,0.4053400158882141
58148,0.0,0.4184308648109436,0.7744176983833313,0.5765402913093567
58149,0.0,0.41692787408828735,0.5925042629241943,0.49480515718460083
58150,0.0,0.41462087631225586,0.5140072703361511,0.4793857932090759
58151,0.0,0.3952515721321106,0.5423582196235657,0.330308735370636
58152,0.0,0.4066949486732483,0.5092241764068604,0.4496121406555176
58153,0.0,0.38150423765182495,0.4354977309703827,0.39689645171165466
58154,0.0,0.18519598245620728,0.26596903800964355,0.057157084345817566
58155,0.0,0.36344605684280396,0.4854530990123749,0.3049696087837219
58156,0.0,0.40383589267730713,0.5479730367660522,0.5300694108009338
58157,0.0,0.4068097472190857,0.46470189094543457,0.42154407501220703
58158,0.0,0.3741404414176941,0.5263094902038574,0.514693558216095
58159,0.0,0.3982688784599304,0.5041365027427673,0.39991238713264465
58160,0.0,0.35582345724105835,0.3885417580604553,0.2698814570903778
58161,0.0,0.28754913806915283,0.25863900780677795,0.22256338596343994
58162,0.0,0.2637067437171936,0.233597993850708,0.1788977086544037
58163,0.0,0.15221327543258667,0.14247731864452362,0.08029096573591232
58164,0.0,0.1620754599571228,0.15514953434467316,0.08564327657222748
58165,0.0,0.16482865810394287,0.2011895626783371,0.13189123570919037
58166,0.0,0.16048109531402588,0.16569384932518005,0.10614737868309021
58167,0.0,0.13820385932922363,0.19780012965202332,0.07177691906690598
58168,0.0,0.11851853132247925,0.07709087431430817,0.04135539010167122
58169,0.0,0.11797893047332764,0.08283796906471252,0.0506376214325428
58170,0.0,0.1251886487007141,0.08815067261457443,0.045390624552965164
58171,0.0,0.1066133975982666,0.09083040803670883,0.039261411875486374
58172,0.0,0.12376129627227783,0.11489365994930267,0.0789889246225357
58173,0.0,0.11099898815155029,0.11089585721492767,0.037429675459861755
58174,0.0,0.10822361707687378,0.089143767952919,0.04546568542718887
58175,0.0,0.10802090167999268,0.07869596779346466,0.042837150394916534
58176,0.0,0.10022687911987305,0.06678583472967148,0.032835185527801514
58177,0.0,0.10652697086334229,0.11945364624261856,0.04617887735366821
58178,0.0,0.1321086883544922,0.18444962799549103,0.07223915308713913
58179,0.0,0.12690961360931396,0.18713396787643433,0.07340212166309357
58180,0.0,0.10960286855697632,0.09163162112236023,0.039256054908037186
58181,0.0,0.10770618915557861,0.09582198411226273,0.049782101064920425
58182,0.0,0.1961669921875,0.24232566356658936,0.0980200469493866
58705,0.0,0.0646933913230896,0.05177295207977295,0.038624659180641174
58706,0.0,0.06935858726501465,0.07184663414955139,0.05683422088623047
58707,0.0,0.13997721672058105,0.11960382014513016,0.11525698751211166
58708,0.0,0.19603216648101807,0.23141007125377655,0.2281857430934906
58709,1.0,0.09802359342575073,0.1005978137254715,0.09938806295394897
58710,0.0,0.16821926832199097,0.16063708066940308,0.2011631578207016
58711,0.0,0.10794919729232788,0.16760088503360748,0.11379460990428925
58712,0.0,0.21211814880371094,0.26003497838974,0.2642165422439575
58713,1.0,0.11638987064361572,0.13069745898246765,0.14740943908691406
58714,0.0,0.2141086459159851,0.19005773961544037,0.2822370231151581
58715,0.0,0.0832221508026123,0.08096819370985031,0.08488650619983673
58716,0.0,0.07302349805831909,0.06669915467500687,0.08629869669675827
58717,0.0,0.15964877605438232,0.1685047447681427,0.19108304381370544
58718,0.0,0.08178204298019409,0.10136501491069794,0.09550464153289795
58719,0.0,0.0942888855934143,0.10238606482744217,0.0813961997628212
58720,0.0,0.07649427652359009,0.08515910804271698,0.08827181905508041
58721,0.0,0.07296818494796753,0.08084511011838913,0.09185140579938889
58722,0.0,0.06724631786346436,0.06800389289855957,0.08114377409219742
58723,0.0,0.06373286247253418,0.058347322046756744,0.06756265461444855
58724,0.0,0.06711488962173462,0.05915844067931175,0.07765869796276093
58725,0.0,0.14638906717300415,0.10107030719518661,0.19207823276519775
58726,1.0,0.07974225282669067,0.06622834503650665,0.0787656381726265
58727,0.0,0.08975911140441895,0.08185489475727081,0.11089928448200226
58728,0.0,0.06977826356887817,0.06889855861663818,0.07076899707317352
58729,0.0,0.07296168804168701,0.07464795559644699,0.08946407586336136
58730,0.0,0.10343116521835327,0.1331188976764679,0.12397217750549316
58731,0.0,0.05802267789840698,0.0435524508357048,0.05124363675713539
58732,0.0,0.0680316686630249,0.06752171367406845,0.08814733475446701
58733,0.0,0.05809986591339111,0.06084087863564491,0.050681788474321365
58734,0.0,0.052883923053741455,0.04258076846599579,0.04569980874657631
58735,0.0,0.052614569664001465,0.05222759768366814,0.08085885643959045
58736,0.0,0.052891671657562256,0.05429134517908096,0.07448125630617142
58737,0.0,0.05399280786514282,0.05991339311003685,0.07574358582496643
58738,0.0,0.05609607696533203,0.04313671588897705,0.0888056680560112
58739,0.0,0.04798382520675659,0.037105776369571686,0.07061152160167694
58740,0.0,0.049456655979156494,0.036678314208984375,0.06503161787986755
58741,0.0,0.04575163125991821,0.03664831817150116,0.05466300994157791
58742,0.0,0.04255169630050659,0.036505598574876785,0.04133785143494606
58743,0.0,0.03811776638031006,0.03328174725174904,0.04081607609987259
58744,0.0,0.034404456615448,0.04489187151193619,0.033630747348070145
58745,0.0,0.0375368595123291,0.03561733290553093,0.04749951511621475
58746,0.0,0.03496968746185303,0.04182036221027374,0.03912348300218582
58747,0.0,0.03686434030532837,0.04183848947286606,0.046542078256607056
58748,0.0,0.04122662544250488,0.03478970378637314,0.04783492162823677
58749,0.0,0.03492993116378784,0.03440461307764053,0.027306122705340385
58750,0.0,0.04063469171524048,0.03462798893451691,0.04137087240815163
58751,0.0,0.033834099769592285,0.039340242743492126,0.03163618966937065
58752,0.0,0.0399090051651001,0.06501264870166779,0.028661828488111496
58753,0.0,0.04817444086074829,0.08852940797805786,0.06823067367076874
58754,0.0,0.04712563753128052,0.10727846622467041,0.05993328616023064
58755,0.0,0.08569502830505371,0.136545330286026,0.12765604257583618
58756,0.0,0.08584040403366089,0.10669920593500137,0.11596664786338806
59279,1.0,0.18352210521697998,0.12167596071958542,0.2737767994403839
59280,1.0,0.12440645694732666,0.13281863927841187,0.13188359141349792
59281,1.0,0.19859355688095093,0.18796196579933167,0.2392183244228363
59282,1.0,0.14792394638061523,0.11979543417692184,0.15893758833408356
59283,1.0,0.16150188446044922,0.20243769884109497,0.193037748336792
59284,1.0,0.1318625807762146,0.1298229992389679,0.14429903030395508
59285,1.0,0.1205872893333435,0.14563868939876556,0.127530038356781
59286,1.0,0.10077124834060669,0.08509144186973572,0.12274475395679474
59287,1.0,0.1009516716003418,0.07720205932855606,0.12042899429798126
59288,1.0,0.10072183609008789,0.12112809717655182,0.1029096320271492
59289,1.0,0.11919599771499634,0.16387821733951569,0.2016480714082718
59290,1.0,0.11286383867263794,0.09933560341596603,0.15336036682128906
59291,1.0,0.11287134885787964,0.10172858089208603,0.14589321613311768
59292,1.0,0.11004608869552612,0.07592415809631348,0.12828783690929413
59293,1.0,0.18730992078781128,0.20471695065498352,0.22575831413269043
59294,1.0,0.12693405151367188,0.1416778862476349,0.13492856919765472
59295,1.0,0.2035367488861084,0.19363346695899963,0.24568448960781097
59296,1.0,0.1277310848236084,0.12407542020082474,0.15511290729045868
59297,1.0,0.10923230648040771,0.10319898277521133,0.1226532906293869
59298,1.0,0.15714561939239502,0.1424340158700943,0.21622781455516815
59299,1.0,0.13050752878189087,0.12393679469823837,0.1300363689661026
59300,1.0,0.1302925944328308,0.12710648775100708,0.12783493101596832
59301,1.0,0.10238611698150635,0.08662585914134979,0.12010544538497925
59302,1.0,0.16883128881454468,0.11793075501918793,0.21462111175060272
59303,1.0,0.09632867574691772,0.08842964470386505,0.0970393717288971
59304,1.0,0.1485689878463745,0.12684740126132965,0.18177500367164612
59305,1.0,0.15373188257217407,0.11636670678853989,0.19862954318523407
59306,1.0,0.11558693647384644,0.09559383243322372,0.13655173778533936
59307,1.0,0.15098953247070312,0.12238619476556778,0.19470679759979248
59308,1.0,0.11264693737030029,0.08519259095191956,0.12283991277217865
59309,1.0,0.10150277614593506,0.09034135192632675,0.11734180897474289
59310,1.0,0.1155124306678772,0.09881843626499176,0.15019221603870392
59311,1.0,0.09619837999343872,0.07721339911222458,0.10886579751968384
59312,1.0,0.08986860513687134,0.08917698264122009,0.10013222694396973
59313,1.0,0.07322770357131958,0.073517806828022,0.0799509808421135
59314,1.0,0.07196187973022461,0.06927397102117538,0.08007147163152695
59315,1.0,0.061933696269989014,0.04773053899407387,0.08037304133176804
59316,1.0,0.06335878372192383,0.11978937685489655,0.10190954804420471
59317,1.0,0.06370693445205688,0.051266688853502274,0.08392402529716492
59318,1.0,0.06861937046051025,0.05024384707212448,0.08549671620130539
59319,1.0,0.06650638580322266,0.054396871477365494,0.07395400106906891
59320,1.0,0.06906890869140625,0.10432244092226028,0.10526265949010849
59321,1.0,0.07089728116989136,0.12248294800519943,0.10464402288198471
59322,1.0,0.07529842853546143,0.09823961555957794,0.1167818158864975
59323,1.0,0.057969093322753906,0.09972440451383591,0.08532695472240448
59324,1.0,0.05289548635482788,0.05586789920926094,0.07192531228065491
59325,1.0,0.05583542585372925,0.10898686945438385,0.0794244036078453
59326,1.0,0.06583529710769653,0.06222853437066078,0.07615900784730911
59327,1.0,0.07166391611099243,0.10664315521717072,0.10227524489164352
59328,1.0,0.07559162378311157,0.11880134791135788,0.12139464914798737
59329,1.0,0.14347946643829346,0.2068914771080017,0.2591590881347656
59330,1.0,0.1590287685394287,0.16878417134284973,0.23302072286605835
59853,0.0,0.05522346496582031,0.05585404112935066,0.03581075370311737
59854,0.0,0.05774122476577759,0.06282538920640945,0.05579109489917755
59855,0.0,0.05736011266708374,0.05957559123635292,0.05108053982257843
59856,0.0,0.05927276611328125,0.055647265166044235,0.06015382707118988
59857,0.0,0.15815651416778564,0.16883204877376556,0.12793442606925964
59858,0.0,0.055976927280426025,0.06826483458280563,0.040520232170820236
59859,0.0,0.0639185905456543,0.07008858770132065,0.04425327107310295
59860,0.0,0.04268169403076172,0.055083148181438446,0.021647686138749123
59861,0.0,0.0423620343208313,0.05077483505010605,0.021112898364663124
59862,0.0,0.049738287925720215,0.07631124556064606,0.035289689898490906
59863,0.0,0.06203043460845947,0.08698659390211105,0.061627041548490524
59864,0.0,0.06013643741607666,0.059369467198848724,0.05289973318576813
59865,0.0,0.07119524478912354,0.06456472724676132,0.06337542831897736
59866,0.0,0.07054382562637329,0.06194497272372246,0.06462296098470688
59867,0.0,0.06345170736312866,0.056160811334848404,0.051143791526556015
59868,0.0,0.06836718320846558,0.06324537843465805,0.06471392512321472
59869,0.0,0.06769275665283203,0.07749108225107193,0.06696535646915436
59870,0.0,0.04658883810043335,0.06853032112121582,0.04579192027449608
59871,0.0,0.04503816366195679,0.0666787326335907,0.049634773284196854
59872,0.0,0.0468410849571228,0.05201132595539093,0.0445302277803421
59873,0.0,0.04735642671585083,0.059073880314826965,0.04840826243162155
59874,0.0,0.09231996536254883,0.12652292847633362,0.09360135346651077
59875,0.0,0.059674084186553955,0.07650814205408096,0.04863949120044708
59876,0.0,0.12095773220062256,0.15223775804042816,0.11308442056179047
59877,0.0,0.14021366834640503,0.1426190435886383,0.1131090521812439
59878,0.0,0.07417142391204834,0.08902264386415482,0.06675072014331818
59879,0.0,0.06651687622070312,0.07534604519605637,0.0724371075630188
59880,0.0,0.06250756978988647,0.06948038935661316,0.0626789778470993
59881,0.0,0.05419820547103882,0.06761623173952103,0.051830362528562546
59882,0.0,0.04920428991317749,0.040811341255903244,0.0628533810377121
59883,0.0,0.043563246726989746,0.056929849088191986,0.048913050442934036
59884,0.0,0.04316788911819458,0.046799685806035995,0.04640783742070198
59885,0.0,0.04342198371887207,0.0356123261153698,0.04341725632548332
59886,0.0,0.04355853796005249,0.03985459357500076,0.0443696565926075
59887,0.0,0.03875625133514404,0.056296076625585556,0.04334115609526634
59888,0.0,0.03882801532745361,0.039038874208927155,0.04141482710838318
59889,0.0,0.03869485855102539,0.03224209323525429,0.04103986546397209
59890,0.0,0.032636821269989014,0.05055944621562958,0.02670842595398426
59891,0.0,0.06317359209060669,0.08414652198553085,0.06639471650123596
59892,0.0,0.046147823333740234,0.040554556995630264,0.02716877870261669
59893,0.0,0.04838770627975464,0.04545492306351662,0.03054386004805565
59894,0.0,0.03674966096878052,0.044768281280994415,0.022024692967534065
59895,0.0,0.043433308601379395,0.04563029110431671,0.028688590973615646
59896,0.0,0.048828840255737305,0.045870423316955566,0.05175173655152321
59897,0.0,0.046956419944763184,0.05423339083790779,0.041530948132276535
59898,0.0,0.045258164405822754,0.05356360226869583,0.04327135905623436
59899,0.0,0.04777383804321289,0.05327904224395752,0.04298459365963936
59900,0.0,0.05756169557571411,0.06606239080429077,0.053052350878715515
59901,0.0,0.06158262491226196,0.1193627193570137,0.055499009788036346
59902,0.0,0.06860315799713135,0.0867132693529129,0.07713821530342102
59903,0.0,0.11945867538452148,0.053126219660043716,0.11640667915344238
59904,0.0,0.055592894554138184,0.07149416953325272,0.06740519404411316
60427,1.0,0.37307196855545044,0.513189971446991,0.5368186235427856
60428,1.0,0.3180258274078369,0.4183511734008789,0.3456181287765503
60429,1.0,0.2815430760383606,0.265784353017807,0.2814147174358368
60430,0.0,0.2801171541213989,0.2945503890514374,0.23745594918727875
60431,0.0,0.23583418130874634,0.2552067041397095,0.1804925799369812
60432,1.0,0.3801596760749817,0.461703896522522,0.4434281885623932
60433,1.0,0.3845197558403015,0.5235041379928589,0.5532890558242798
60434,1.0,0.4309903383255005,0.5290167331695557,0.732441246509552
60435,1.0,0.3482241630554199,0.4298599362373352,0.3919439911842346
60436,1.0,0.33721256256103516,0.37139439582824707,0.43079888820648193
60437,1.0,0.34573107957839966,0.4296778440475464,0.5351656675338745
60438,1.0,0.29747700691223145,0.2910210192203522,0.33506396412849426
60439,1.0,0.36091727018356323,0.3939192295074463,0.46219345927238464
60440,1.0,0.23745852708816528,0.25035810470581055,0.23116092383861542
60441,0.0,0.20265477895736694,0.2784956991672516,0.1835259050130844
60442,0.0,0.22111696004867554,0.24100130796432495,0.1835668683052063
60443,0.0,0.4388362765312195,0.569471538066864,0.5412127375602722
60444,1.0,0.4443082809448242,0.665840744972229,0.6091645956039429
60445,1.0,0.384086549282074,0.4716985523700714,0.5026988983154297
60446,0.0,0.26545923948287964,0.3602146506309509,0.3045007586479187
60447,0.0,0.25482243299484253,0.3649965524673462,0.2957907021045685
60448,0.0,0.12055742740631104,0.17451916635036469,0.11937340348958969
60449,0.0,0.07268738746643066,0.09000846743583679,0.05462927743792534
60450,0.0,0.06246310472488403,0.07273483276367188,0.04794297367334366
60451,0.0,0.11554718017578125,0.12392105162143707,0.1229965090751648
60452,0.0,0.13752835988998413,0.2169492095708847,0.16619442403316498
60453,1.0,0.20714235305786133,0.3313993811607361,0.1950526386499405
60454,0.0,0.203718900680542,0.182179257273674,0.1952400952577591
60455,0.0,0.20038330554962158,0.21232843399047852,0.20582938194274902
60456,0.0,0.13426196575164795,0.1797303557395935,0.11999136954545975
60457,0.0,0.10592496395111084,0.14041900634765625,0.09089312702417374
60458,0.0,0.0681571364402771,0.10997174680233002,0.04968902841210365
60459,0.0,0.05910152196884155,0.093233123421669,0.04034646600484848
60460,0.0,0.04245591163635254,0.05729243531823158,0.044205937534570694
60461,0.0,0.03807544708251953,0.05057450383901596,0.03992598131299019
60462,0.0,0.03807544708251953,0.04895280674099922,0.04042190685868263
60463,0.0,0.03751063346862793,0.03136250749230385,0.04205503687262535
60464,0.0,0.03964287042617798,0.03403589129447937,0.03437718749046326
60465,0.0,0.07532262802124023,0.056382037699222565,0.07935234159231186
60466,0.0,0.06592053174972534,0.07932887226343155,0.040340933948755264
60467,0.0,0.07470184564590454,0.10730504244565964,0.05037163570523262
60468,0.0,0.050940632820129395,0.053846608847379684,0.03227870166301727
60469,0.0,0.05159062147140503,0.06215427443385124,0.032495707273483276
60470,0.0,0.10444444417953491,0.11876744776964188,0.1286839246749878
60471,0.0,0.05373257398605347,0.04065322130918503,0.03310033679008484
60472,0.0,0.052383363246917725,0.04094182699918747,0.0375823937356472
60473,0.0,0.04905438423156738,0.040960732847452164,0.03337220102548599
60474,0.0,0.1138225793838501,0.1548002064228058,0.10471895337104797
60475,0.0,0.14669620990753174,0.2042342573404312,0.12828753888607025
60476,0.0,0.09890574216842651,0.12227518856525421,0.08008013665676117
60477,0.0,0.13697129487991333,0.127677783370018,0.14629295468330383
60478,0.0,0.16953057050704956,0.1998218446969986,0.16529957950115204
61001,1.0,0.3649146556854248,0.46941664814949036,0.5243656635284424
61002,1.0,0.4190549850463867,0.4373929798603058,0.5685233473777771
61003,1.0,0.3503435254096985,0.4331889748573303,0.6281793713569641
61004,0.0,0.33218473196029663,0.4028446078300476,0.42745837569236755
61005,0.0,0.321071982383728,0.39375463128089905,0.40315139293670654
61006,0.0,0.46794527769088745,0.5417503118515015,0.6302897334098816
61007,1.0,0.3513954281806946,0.4472944736480713,0.45971766114234924
61008,0.0,0.32961899042129517,0.36709102988243103,0.43747538328170776
61009,0.0,0.3166680932044983,0.36378800868988037,0.463784784078598
61010,0.0,0.3164270520210266,0.40456539392471313,0.39457011222839355
61011,0.0,0.2625315189361572,0.2513943910598755,0.2925373613834381
61012,0.0,0.25085121393203735,0.2537270486354828,0.31539472937583923
61013,0.0,0.22986561059951782,0.264380544424057,0.299031138420105
61014,0.0,0.21614718437194824,0.3166452944278717,0.24493013322353363
61015,0.0,0.21153360605239868,0.2452193647623062,0.24217182397842407
61016,0.0,0.18466323614120483,0.18977835774421692,0.23411574959754944
61017,0.0,0.21211540699005127,0.21307168900966644,0.22425857186317444
61018,0.0,0.19687432050704956,0.23942235112190247,0.25351327657699585
61019,0.0,0.23428195714950562,0.26348260045051575,0.2584809362888336
61020,1.0,0.27165424823760986,0.27005499601364136,0.298429936170578
61021,0.0,0.16739237308502197,0.22800077497959137,0.16596177220344543
61022,0.0,0.18142610788345337,0.18248744308948517,0.2101169377565384
61023,0.0,0.18176805973052979,0.15388208627700806,0.19595400989055634
61024,0.0,0.16522735357284546,0.13434463739395142,0.17838507890701294
61025,0.0,0.17877882719039917,0.15579889714717865,0.1506447046995163
61026,0.0,0.19880592823028564,0.15502075850963593,0.18947215378284454
61027,0.0,0.1755809783935547,0.16279998421669006,0.2030973881483078
61028,0.0,0.15475815534591675,0.17561344802379608,0.19640874862670898
61029,0.0,0.18461239337921143,0.18963590264320374,0.1666271984577179
61030,0.0,0.21239429712295532,0.21654705703258514,0.23202753067016602
61031,0.0,0.21956193447113037,0.21336115896701813,0.2323840856552124
61032,0.0,0.19671308994293213,0.19111128151416779,0.24795344471931458
61033,0.0,0.1674032211303711,0.17995712161064148,0.21405118703842163
61034,0.0,0.2146463394165039,0.23497681319713593,0.27260568737983704
61035,1.0,0.19422119855880737,0.21298222243785858,0.2565055191516876
61036,0.0,0.2190534472465515,0.20098261535167694,0.24809147417545319
61037,0.0,0.22496336698532104,0.21313223242759705,0.31064653396606445
61038,0.0,0.15676242113113403,0.174971804022789,0.1984529197216034
61039,0.0,0.15552407503128052,0.24301518499851227,0.17156264185905457
61040,0.0,0.2269514799118042,0.23511631786823273,0.22345995903015137
61041,1.0,0.28926777839660645,0.2364719957113266,0.41114774346351624
61042,0.0,0.23392677307128906,0.23059916496276855,0.322889119386673
61043,0.0,0.17974227666854858,0.22336755692958832,0.3125561475753784
61044,0.0,0.22565031051635742,0.22269348800182343,0.27667951583862305
61045,0.0,0.17945122718811035,0.24056783318519592,0.2190406173467636
61046,0.0,0.15496450662612915,0.16623082756996155,0.1873776912689209
61047,0.0,0.1755273938179016,0.21974459290504456,0.19599854946136475
61048,0.0,0.1879708170890808,0.18585141003131866,0.22192688286304474
61049,0.0,0.19154459238052368,0.15533386170864105,0.21551018953323364
61050,0.0,0.17833679914474487,0.14354781806468964,0.2504235506057739
61051,0.0,0.18225204944610596,0.24597880244255066,0.2435096651315689
61052,0.0,0.28184235095977783,0.3855088949203491,0.39778903126716614
61575,1.0,0.2611570954322815,0.3571930527687073,0.37731632590293884
61576,1.0,0.2512495517730713,0.2601078152656555,0.32528266310691833
61577,1.0,0.14415007829666138,0.17520685493946075,0.16592833399772644
61578,0.0,0.13298392295837402,0.19357340037822723,0.1489405483007431
61579,0.0,0.24343013763427734,0.23647384345531464,0.3441140949726105
61580,1.0,0.26289182901382446,0.33604416251182556,0.34279903769493103
61581,1.0,0.13992339372634888,0.1634288728237152,0.1529606729745865
61582,0.0,0.1497284173965454,0.1403973400592804,0.18411436676979065
61583,0.0,0.13199138641357422,0.14537794888019562,0.1744428426027298
61584,0.0,0.1422845721244812,0.12663061916828156,0.18181510269641876
61585,0.0,0.12269490957260132,0.12472129613161087,0.16837488114833832
61586,0.0,0.20012128353118896,0.1606261134147644,0.3022685647010803
61587,1.0,0.2553309202194214,0.296707421541214,0.358130544424057
61588,1.0,0.16748088598251343,0.16877785325050354,0.21947239339351654
61589,0.0,0.2329670786857605,0.23502273857593536,0.2825641632080078
61590,1.0,0.1526581048965454,0.19327645003795624,0.18528875708580017
61591,0.0,0.2015743851661682,0.22944435477256775,0.27712777256965637
61592,1.0,0.13019829988479614,0.128957599401474,0.16349419951438904
61593,0.0,0.17677003145217896,0.21798457205295563,0.25774890184402466
61594,1.0,0.1205911636352539,0.10232026129961014,0.14009687304496765
61595,0.0,0.1502476930618286,0.16235746443271637,0.206465944647789
61596,1.0,0.09879511594772339,0.12433145195245743,0.10104291886091232
61597,0.0,0.10352170467376709,0.1060970202088356,0.11477071046829224
61598,0.0,0.0946001410484314,0.08929906040430069,0.11663324385881424
61599,0.0,0.08981943130493164,0.09848909080028534,0.1165308952331543
61600,0.0,0.08037304878234863,0.06161448732018471,0.08621203154325485
61601,0.0,0.08595883846282959,0.07805899530649185,0.0993584468960762
61602,0.0,0.08388310670852661,0.061825525015592575,0.10406824946403503
61603,0.0,0.08214789628982544,0.06821107119321823,0.08267032355070114
61604,0.0,0.07840031385421753,0.08989831805229187,0.0881519690155983
61605,0.0,0.078091561794281,0.06282851845026016,0.09291612356901169
61606,0.0,0.0818057656288147,0.09251333028078079,0.11151888966560364
61607,0.0,0.10190874338150024,0.0657653659582138,0.1205577626824379
61608,1.0,0.14399462938308716,0.1812930852174759,0.20257322490215302
61609,1.0,0.11708647012710571,0.15201614797115326,0.12606185674667358
61610,0.0,0.18360668420791626,0.19149485230445862,0.20174174010753632
61611,1.0,0.13377755880355835,0.12642201781272888,0.1495371162891388
61612,0.0,0.09785252809524536,0.12023299932479858,0.12046416848897934
61613,0.0,0.12547975778579712,0.1756339818239212,0.15045957267284393
61614,1.0,0.1751081347465515,0.18590047955513,0.1831168234348297
61615,1.0,0.20285004377365112,0.20136861503124237,0.20782087743282318
61616,1.0,0.14379853010177612,0.13101014494895935,0.16230103373527527
61617,0.0,0.13613522052764893,0.14845585823059082,0.16494464874267578
61618,0.0,0.09574276208877563,0.09594891965389252,0.11008692532777786
61619,0.0,0.10927146673202515,0.12754672765731812,0.1283160001039505
61620,0.0,0.18857520818710327,0.15049810707569122,0.3118464946746826
61621,1.0,0.14620435237884521,0.2009432166814804,0.18937651813030243
61622,0.0,0.1446194052696228,0.14663003385066986,0.16937322914600372
61623,0.0,0.11525720357894897,0.12669073045253754,0.13904914259910583
61624,0.0,0.11353641748428345,0.13124482333660126,0.12495990097522736
61625,0.0,0.139889657497406,0.1243278980255127,0.14489762485027313
61626,0.0,0.2529792785644531,0.1542157381772995,0.3051575720310211
62149,1.0,0.5310660600662231,0.6947139501571655,0.7330918908119202
62150,0.0,0.5280296802520752,0.7275514006614685,0.820381224155426
62151,0.0,0.4570007920265198,0.5091952681541443,0.6451385021209717
62152,0.0,0.4375762343406677,0.5500375032424927,0.631507396697998
62153,0.0,0.5477421283721924,0.4766359329223633,0.7476641535758972
62154,0.0,0.4896547794342041,0.6238853931427002,0.6309025287628174
62155,0.0,0.5558172464370728,0.6858831644058228,0.8434463739395142
62156,1.0,0.5571569204330444,0.7342377305030823,0.9222044944763184
62157,1.0,0.5571253299713135,0.7559895515441895,0.9315292239189148
62158,1.0,0.442844033241272,0.7574682831764221,0.7693163752555847
62159,1.0,0.5270274877548218,0.7034391164779663,0.9210458993911743
62160,1.0,0.5475077629089355,0.7726601362228394,0.960716962814331
62161,1.0,0.5886346697807312,0.7357212901115417,0.9784736037254333
62162,1.0,0.5108934640884399,0.6886144876480103,0.8736594319343567
62163,0.0,0.36255937814712524,0.5847448706626892,0.7521375417709351
62164,1.0,0.4767613410949707,0.6396382451057434,0.8228546380996704
62165,1.0,0.5805729627609253,0.6654396653175354,0.955585241317749
62166,1.0,0.5744034051895142,0.7332452535629272,0.946216344833374
62167,1.0,0.5589967370033264,0.7127158045768738,0.9612403512001038
62168,1.0,0.5641888976097107,0.737649142742157,0.9650507569313049
62169,1.0,0.5356510877609253,0.7248139977455139,0.9503412246704102
62170,1.0,0.5436419248580933,0.7178244590759277,0.9316786527633667
62171,1.0,0.4911835789680481,0.7364704608917236,0.899699866771698
62172,1.0,0.5633493661880493,0.7297378182411194,0.9534228444099426
62173,1.0,0.5706932544708252,0.6972412467002869,0.9650905728340149
62174,1.0,0.5784001350402832,0.7611806988716125,0.9728097915649414
62175,1.0,0.5657280087471008,0.7357945442199707,0.9512776732444763
62176,1.0,0.5234166383743286,0.7688590288162231,0.9408766627311707
62177,1.0,0.5438289046287537,0.7279159426689148,0.9027747511863708
62178,1.0,0.529800534248352,0.7563062310218811,0.8869622945785522
62179,1.0,0.5018993616104126,0.7018700838088989,0.8429628014564514
62180,1.0,0.45777755975723267,0.7652766704559326,0.7833346128463745
62181,1.0,0.456187903881073,0.7402231097221375,0.7889788150787354
62182,1.0,0.4986881613731384,0.7092078328132629,0.8346104621887207
62183,1.0,0.46142417192459106,0.6763937473297119,0.6094063520431519
62184,0.0,0.44685685634613037,0.6121819019317627,0.5486397743225098
62185,0.0,0.42507797479629517,0.5457186102867126,0.3626684546470642
62186,1.0,0.44860130548477173,0.5405852198600769,0.5225314497947693
62187,1.0,0.458021342754364,0.43235403299331665,0.5734583139419556
62188,1.0,0.4512821435928345,0.49450409412384033,0.6532410383224487
62189,0.0,0.4220626950263977,0.5017020106315613,0.4136861264705658
62190,1.0,0.39921170473098755,0.5474996566772461,0.4567298889160156
62191,0.0,0.4423852562904358,0.4914361536502838,0.3724803924560547
62192,1.0,0.48335808515548706,0.4979420006275177,0.38673102855682373
62193,1.0,0.41468119621276855,0.41880619525909424,0.21017779409885406
62194,1.0,0.4623231291770935,0.39155814051628113,0.36889782547950745
62195,1.0,0.49139636754989624,0.47282105684280396,0.5177711844444275
62196,1.0,0.48406219482421875,0.39777442812919617,0.5776013731956482
62197,1.0,0.4328151345252991,0.38391390442848206,0.4875975549221039
62198,1.0,0.5296011567115784,0.4830583333969116,0.7112599611282349
62199,1.0,0.27018773555755615,0.37287065386772156,0.3565566837787628
62200,1.0,0.470458984375,0.43583670258522034,0.671723484992981
62723,0.0,0.12334799766540527,0.09375914186239243,0.08098606765270233
62724,0.0,0.1461648941040039,0.14723925292491913,0.11167031526565552
62725,0.0,0.12475907802581787,0.13498996198177338,0.07409866899251938
62726,0.0,0.09438109397888184,0.12616713345050812,0.08050375431776047
62727,0.0,0.0677635669708252,0.06858830899000168,0.056768257170915604
62728,0.0,0.1570568084716797,0.14403511583805084,0.13418076932430267
62729,0.0,0.1985464096069336,0.31357982754707336,0.16704924404621124
62730,0.0,0.12588423490524292,0.25065866112709045,0.10627153515815735
62731,0.0,0.14310848712921143,0.1561347395181656,0.16549791395664215
62732,0.0,0.24777859449386597,0.3070297837257385,0.23278695344924927
62733,0.0,0.2319982647895813,0.29977357387542725,0.19281606376171112
62734,0.0,0.22396820783615112,0.2443186491727829,0.1998637169599533
62735,0.0,0.21962296962738037,0.27677515149116516,0.25070351362228394
62736,0.0,0.1333656907081604,0.2225523442029953,0.10896842181682587
62737,0.0,0.2685297131538391,0.3592221140861511,0.3230208158493042
62738,1.0,0.3286406993865967,0.5528843998908997,0.4795982539653778
62739,1.0,0.2919809818267822,0.3450205624103546,0.3333577811717987
62740,0.0,0.2721824049949646,0.3616173267364502,0.36407631635665894
62741,1.0,0.25251495838165283,0.3391275107860565,0.353272020816803
62742,1.0,0.2447623610496521,0.26812195777893066,0.3127904534339905
62743,0.0,0.20974957942962646,0.239749014377594,0.21416394412517548
62744,0.0,0.10753285884857178,0.15662197768688202,0.0736367404460907
62745,0.0,0.26278674602508545,0.32422128319740295,0.32398003339767456
62746,1.0,0.32788795232772827,0.34949007630348206,0.4802991449832916
62747,0.0,0.19052553176879883,0.23315994441509247,0.2067089080810547
62748,0.0,0.20808398723602295,0.21509088575839996,0.2814824879169464
62749,0.0,0.13557368516921997,0.1865697205066681,0.131742462515831
62750,0.0,0.25095099210739136,0.27688124775886536,0.3434111177921295
62751,0.0,0.26764172315597534,0.32470205426216125,0.31925395131111145
62752,1.0,0.19963765144348145,0.2535666525363922,0.20041242241859436
62753,0.0,0.19098860025405884,0.21250323951244354,0.23498502373695374
62754,1.0,0.17221325635910034,0.20969022810459137,0.21058647334575653
62755,1.0,0.13592761754989624,0.18904201686382294,0.12580731511116028
62756,0.0,0.10957825183868408,0.18502169847488403,0.08714031428098679
62757,0.0,0.13001811504364014,0.17087005078792572,0.1386677771806717
62758,0.0,0.0867275595664978,0.1365678459405899,0.048263322561979294
62759,0.0,0.14698803424835205,0.1911342889070511,0.1800582855939865
62760,1.0,0.08025544881820679,0.11350066214799881,0.0605788417160511
62761,0.0,0.08826106786727905,0.15365447103977203,0.05342300236225128
62762,0.0,0.11054873466491699,0.15473510324954987,0.09016103297472
62763,0.0,0.06990325450897217,0.06457138806581497,0.03417935594916344
62764,0.0,0.08216196298599243,0.08973237127065659,0.049665648490190506
62765,0.0,0.0723036527633667,0.08927665650844574,0.042240869253873825
62766,0.0,0.1071622371673584,0.11083026975393295,0.0600973404943943
62767,0.0,0.08232933282852173,0.07371293008327484,0.0417727492749691
62768,0.0,0.056401610374450684,0.04167686775326729,0.02544752135872841
62769,0.0,0.07624757289886475,0.0947616845369339,0.04841742292046547
62770,0.0,0.08055979013442993,0.11036762595176697,0.045052167028188705
62771,0.0,0.05488920211791992,0.06750741600990295,0.040651556104421616
62772,0.0,0.04585748910903931,0.05126802995800972,0.031314361840486526
62773,0.0,0.04463750123977661,0.038686320185661316,0.021921003237366676
62774,0.0,0.10272496938705444,0.1225675716996193,0.08044604957103729
63297,1.0,0.04236316680908203,0.06732400506734848,0.02410198003053665
63298,0.0,0.04651534557342529,0.051368940621614456,0.025036856532096863
63299,0.0,0.05737626552581787,0.06131120026111603,0.04361039400100708
63300,0.0,0.11816388368606567,0.13664479553699493,0.10833004117012024
63301,1.0,0.05792778730392456,0.04814628139138222,0.038270920515060425
63302,0.0,0.11164700984954834,0.12703895568847656,0.07207000255584717
63303,1.0,0.15950262546539307,0.1811877191066742,0.17194293439388275
63304,1.0,0.12157410383224487,0.18038195371627808,0.12864626944065094
63305,0.0,0.1135871410369873,0.19334368407726288,0.13084425032138824
63306,0.0,0.15458470582962036,0.18430374562740326,0.1693815439939499
63307,1.0,0.201327383518219,0.2601185739040375,0.17042449116706848
63308,1.0,0.18252968788146973,0.1712537705898285,0.15863913297653198
63309,1.0,0.2508469223976135,0.24271896481513977,0.2993781864643097
63310,1.0,0.13893640041351318,0.27158433198928833,0.16152656078338623
63311,0.0,0.27287089824676514,0.3298497200012207,0.4238138496875763
63312,1.0,0.3132457733154297,0.42340555787086487,0.4682663679122925
63313,1.0,0.36949044466018677,0.42819538712501526,0.49037835001945496
63314,1.0,0.33891069889068604,0.45050475001335144,0.5046350955963135
63315,1.0,0.3214365243911743,0.3802955150604248,0.47599324584007263
63316,1.0,0.3171464800834656,0.3653375804424286,0.46749329566955566
63317,1.0,0.32212644815444946,0.4307866394519806,0.47888389229774475
63318,1.0,0.286531925201416,0.39259791374206543,0.4246777892112732
63319,1.0,0.2877131700515747,0.34420832991600037,0.49776631593704224
63320,1.0,0.4031345844268799,0.4497641921043396,0.6939380764961243
63321,1.0,0.3264561891555786,0.3965378701686859,0.3882497549057007
63322,1.0,0.2521020770072937,0.32329386472702026,0.34351426362991333
63323,1.0,0.2771073579788208,0.3663543462753296,0.3931583762168884
63324,1.0,0.40385621786117554,0.5089883208274841,0.6319573521614075
63325,1.0,0.31408780813217163,0.4583258628845215,0.35336458683013916
63326,1.0,0.2994633913040161,0.37115105986595154,0.525627076625824
63327,1.0,0.2452939748764038,0.34437552094459534,0.2790754437446594
63328,1.0,0.2298561930656433,0.283819317817688,0.3081440031528473
63329,1.0,0.19781041145324707,0.23002013564109802,0.2477458119392395
63330,1.0,0.18653494119644165,0.23678337037563324,0.230021670460701
63331,1.0,0.173084557056427,0.19161288440227509,0.19344177842140198
63332,1.0,0.1468600034713745,0.1738472431898117,0.14277182519435883
63333,1.0,0.1695035696029663,0.2014724761247635,0.2513573467731476
63334,1.0,0.19490694999694824,0.23729217052459717,0.1682107001543045
63335,1.0,0.15316694974899292,0.17791777849197388,0.12416467070579529
63336,1.0,0.14251714944839478,0.14547424018383026,0.12472106516361237
63337,1.0,0.14319926500320435,0.1527392864227295,0.12263350933790207
63338,1.0,0.07634526491165161,0.14294983446598053,0.05534415692090988
63339,1.0,0.09663152694702148,0.09520004689693451,0.06593773514032364
63340,1.0,0.10700160264968872,0.12295915186405182,0.0880618467926979
63341,1.0,0.09512871503829956,0.1175626739859581,0.06851077079772949
63342,1.0,0.10546165704727173,0.14972686767578125,0.07653122395277023
63343,1.0,0.13570266962051392,0.11980288475751877,0.10865607857704163
63344,1.0,0.10314732789993286,0.1047942191362381,0.06576256453990936
63345,0.0,0.09465670585632324,0.1889093816280365,0.08752395957708359
63346,0.0,0.09225714206695557,0.12209858000278473,0.10332116484642029
63347,0.0,0.07885187864303589,0.07108898460865021,0.061481133103370667
63348,0.0,0.28966712951660156,0.19476139545440674,0.342161625623703
63871,0.0,0.11055159568786621,0.15652869641780853,0.04853289574384689
63872,0.0,0.08369547128677368,0.21500132977962494,0.03223225846886635
63873,0.0,0.1074410080909729,0.17485974729061127,0.05062316730618477
63874,0.0,0.07333177328109741,0.13997220993041992,0.03476297855377197
63875,0.0,0.09456664323806763,0.13370363414287567,0.046175066381692886
63876,0.0,0.09763520956039429,0.16044385731220245,0.04663354158401489
63877,0.0,0.07195037603378296,0.16529197990894318,0.020073551684617996
63878,0.0,0.15744853019714355,0.29497507214546204,0.12991806864738464
63879,0.0,0.2359570860862732,0.4173535704612732,0.17378224432468414
63880,0.0,0.16133427619934082,0.29939454793930054,0.10604652017354965
63881,0.0,0.1323872208595276,0.18938960134983063,0.0993889644742012
63882,0.0,0.13173437118530273,0.15570856630802155,0.10789311677217484
63883,0.0,0.06436145305633545,0.1514129340648651,0.02687196247279644
63884,0.0,0.05118453502655029,0.07589354366064072,0.021411558613181114
63885,0.0,0.032615065574645996,0.07660076022148132,0.01671646349132061
63886,0.0,0.06936216354370117,0.2369798719882965,0.031157460063695908
63887,0.0,0.08729618787765503,0.22942478954792023,0.040214359760284424
63888,0.0,0.07829201221466064,0.18322087824344635,0.035941049456596375
63889,0.0,0.06831520795822144,0.16701652109622955,0.038759808987379074
63890,0.0,0.07305747270584106,0.20244170725345612,0.03855335712432861
63891,0.0,0.14470046758651733,0.2562299966812134,0.07958482205867767
63892,0.0,0.14920860528945923,0.31319788098335266,0.08284779638051987
63893,0.0,0.11666309833526611,0.2232530266046524,0.05072873830795288
63894,0.0,0.11037200689315796,0.21415314078330994,0.06469522416591644
63895,0.0,0.10077106952667236,0.19581149518489838,0.047507498413324356
63896,0.0,0.1316508650779724,0.22877731919288635,0.07482848316431046
63897,0.0,0.12440073490142822,0.1608857661485672,0.06172185018658638
63898,0.0,0.13822168111801147,0.20776471495628357,0.10382504761219025
63899,0.0,0.12303352355957031,0.2205708622932434,0.07713773846626282
63900,0.0,0.1261919140815735,0.23864232003688812,0.09164005517959595
63901,0.0,0.11233782768249512,0.1408320963382721,0.06378895789384842
63902,0.0,0.132563054561615,0.16428662836551666,0.10675974190235138
63903,0.0,0.10653305053710938,0.14321014285087585,0.07296984642744064
63904,0.0,0.08550065755844116,0.14429935812950134,0.04207588732242584
63905,0.0,0.08911705017089844,0.12716880440711975,0.05291035398840904
63906,0.0,0.0977509617805481,0.1574457436800003,0.0826767310500145
63907,0.0,0.06035870313644409,0.15603263676166534,0.0442553348839283
63908,0.0,0.05803728103637695,0.14624974131584167,0.02945324033498764
63909,0.0,0.0622713565826416,0.1342041790485382,0.025574304163455963
63910,0.0,0.09357929229736328,0.2021414190530777,0.062280476093292236
63911,0.0,0.08336621522903442,0.181256964802742,0.045458048582077026
63912,0.0,0.08290404081344604,0.10544145852327347,0.04121725633740425
63913,0.0,0.07286703586578369,0.14850082993507385,0.04568392410874367
63914,0.0,0.08703500032424927,0.1310025006532669,0.04587029293179512
63915,0.0,0.11167103052139282,0.1461506336927414,0.07673094421625137
63916,0.0,0.08920955657958984,0.15838338434696198,0.04188348352909088
63917,0.0,0.08756226301193237,0.1126309484243393,0.04836997017264366
63918,0.0,0.09244060516357422,0.2090989500284195,0.04282907769083977
63919,0.0,0.1131291389465332,0.16225871443748474,0.06966758519411087
63920,0.0,0.06436526775360107,0.17035618424415588,0.02135678380727768
63921,0.0,0.10565239191055298,0.1827833503484726,0.05991195887327194
63922,0.0,0.16614854335784912,0.3520107865333557,0.16567479074001312
64445,1.0,0.06937932968139648,0.0671219527721405,0.0457652248442173
64446,0.0,0.06461226940155029,0.06589635461568832,0.043655332177877426
64447,0.0,0.0595969557762146,0.06700310856103897,0.04820731282234192
64448,0.0,0.0633476972579956,0.07679718732833862,0.057932086288928986
64449,0.0,0.07254582643508911,0.062058284878730774,0.08737528324127197
64450,0.0,0.1433471441268921,0.1060466542840004,0.21302808821201324
64451,1.0,0.14694970846176147,0.1742529273033142,0.13369156420230865
64452,1.0,0.09096479415893555,0.1303134560585022,0.08849325031042099
64453,0.0,0.0835755467414856,0.09755595773458481,0.10303220897912979
64454,0.0,0.07236891984939575,0.09424422681331635,0.08041143417358398
64455,0.0,0.06035655736923218,0.09151322394609451,0.05501910671591759
64456,0.0,0.07200425863265991,0.07065606862306595,0.10571405291557312
64457,0.0,0.13917934894561768,0.13239982724189758,0.1887565553188324
64458,1.0,0.08560305833816528,0.11323979496955872,0.0849931463599205
64459,0.0,0.10832977294921875,0.14857251942157745,0.10785865783691406
64460,0.0,0.07488596439361572,0.08799143135547638,0.07792460173368454
64461,0.0,0.18439465761184692,0.25883984565734863,0.273696631193161
64462,1.0,0.0927155613899231,0.11582005769014359,0.11279077082872391
64463,0.0,0.14205116033554077,0.1499413549900055,0.16348198056221008
64464,1.0,0.12661105394363403,0.13021154701709747,0.15027332305908203
64465,1.0,0.16740643978118896,0.17397628724575043,0.17483380436897278
64466,1.0,0.1000944972038269,0.09083694219589233,0.10686308890581131
64467,0.0,0.31845295429229736,0.31638550758361816,0.5097524523735046
64468,1.0,0.44029200077056885,0.5460751056671143,0.7156789898872375
64469,1.0,0.4098796248435974,0.4200972020626068,0.5219120979309082
64470,1.0,0.4686276316642761,0.554224967956543,0.8029438257217407
64471,1.0,0.49840736389160156,0.6071473956108093,0.8015839457511902
64472,1.0,0.41037899255752563,0.6001283526420593,0.693968653678894
64473,1.0,0.3569266200065613,0.6190605163574219,0.6083871722221375
64474,1.0,0.31278443336486816,0.46140390634536743,0.5801253318786621
64475,1.0,0.26916277408599854,0.3808070421218872,0.49239489436149597
64476,1.0,0.2604343891143799,0.3212817907333374,0.40230900049209595
64477,1.0,0.21300160884857178,0.2630671262741089,0.28034618496894836
64478,1.0,0.19069361686706543,0.25542840361595154,0.2254357784986496
64479,1.0,0.19464319944381714,0.26921871304512024,0.2504810690879822
64480,1.0,0.18685275316238403,0.2563095986843109,0.25062650442123413
64481,1.0,0.13498538732528687,0.23674830794334412,0.15358665585517883
64482,1.0,0.16763395071029663,0.22081176936626434,0.21429769694805145
64483,1.0,0.16627734899520874,0.19862274825572968,0.1687944531440735
64484,1.0,0.1644909381866455,0.16963933408260345,0.1744566708803177
64485,1.0,0.15229910612106323,0.17163190245628357,0.17792584002017975
64486,1.0,0.08994466066360474,0.1213955283164978,0.07630627602338791
64487,0.0,0.13321912288665771,0.11263854056596756,0.152415931224823
64488,1.0,0.13465553522109985,0.10843747109174728,0.11292031407356262
64489,1.0,0.169539213180542,0.12824098765850067,0.1946914792060852
64490,1.0,0.14375752210617065,0.1882592737674713,0.12188166379928589
64491,1.0,0.12342262268066406,0.12172349542379379,0.08622424304485321
64492,1.0,0.12334603071212769,0.12299181520938873,0.10108084231615067
64493,1.0,0.09413862228393555,0.11193779110908508,0.0714481845498085
64494,0.0,0.1212763786315918,0.09971469640731812,0.13313008844852448
64495,1.0,0.1737721562385559,0.10715238004922867,0.16108961403369904
64496,1.0,0.252679705619812,0.21679849922657013,0.1929004192352295
65019,0.0,0.059982895851135254,0.06844457238912582,0.061025187373161316
65020,0.0,0.05683785676956177,0.05898876115679741,0.04739358276128769
65021,0.0,0.05800420045852661,0.09722696989774704,0.052983637899160385
65022,0.0,0.05772817134857178,0.07498440146446228,0.05283642187714577
65023,0.0,0.05995464324951172,0.062359556555747986,0.0593254417181015
65024,0.0,0.16580140590667725,0.12747882306575775,0.20157378911972046
65025,1.0,0.08380377292633057,0.09944766014814377,0.08527681231498718
65026,0.0,0.07763981819152832,0.10145484656095505,0.08409010618925095
65027,0.0,0.07745832204818726,0.1079045832157135,0.07597240805625916
65028,0.0,0.06455123424530029,0.06868577748537064,0.05339118093252182
65029,0.0,0.07516646385192871,0.06430591642856598,0.08149541169404984
65030,0.0,0.07544291019439697,0.054941754788160324,0.08492126315832138
65031,0.0,0.07170343399047852,0.07860124856233597,0.08169186115264893
65032,0.0,0.07322371006011963,0.0694427341222763,0.0714961588382721
65033,0.0,0.13579809665679932,0.16423264145851135,0.20843000710010529
65034,1.0,0.1629619002342224,0.18716369569301605,0.1736583560705185
65035,1.0,0.08422178030014038,0.11434794217348099,0.09271976351737976
65036,0.0,0.07729464769363403,0.0823831781744957,0.0918784961104393
65037,0.0,0.12703609466552734,0.11156110465526581,0.14387105405330658
65038,1.0,0.07404470443725586,0.08173356205224991,0.07715542614459991
65039,0.0,0.1307571530342102,0.13057927787303925,0.15032067894935608
65040,1.0,0.073123037815094,0.06869856268167496,0.07404731959104538
65041,0.0,0.16861027479171753,0.19618092477321625,0.26477065682411194
65042,1.0,0.3485898971557617,0.4353790879249573,0.4959859848022461
65043,1.0,0.3981979489326477,0.4529237747192383,0.5212103128433228
65044,1.0,0.28947359323501587,0.37635931372642517,0.3709102272987366
65045,1.0,0.25147944688796997,0.27411818504333496,0.3556806743144989
65046,1.0,0.23007893562316895,0.31666815280914307,0.3226054310798645
65047,1.0,0.41449445486068726,0.4352438449859619,0.5591557621955872
65048,1.0,0.3361138701438904,0.3927047848701477,0.39295005798339844
65049,1.0,0.2281785011291504,0.2587452828884125,0.2773212790489197
65050,1.0,0.17797553539276123,0.23513880372047424,0.18139220774173737
65051,1.0,0.21893775463104248,0.2651626467704773,0.25799283385276794
65052,1.0,0.15811693668365479,0.2134384661912918,0.16962049901485443
65053,1.0,0.13597702980041504,0.15987393260002136,0.11659892648458481
65054,1.0,0.2042575478553772,0.300392746925354,0.30062729120254517
65055,1.0,0.30154895782470703,0.36123090982437134,0.4424525201320648
65056,1.0,0.23117733001708984,0.2800719738006592,0.214003786444664
65057,1.0,0.19764506816864014,0.26115530729293823,0.23870675265789032
65058,1.0,0.21628278493881226,0.28088730573654175,0.3366106450557709
65059,1.0,0.23911821842193604,0.28976181149482727,0.3515417277812958
65060,1.0,0.22285985946655273,0.23227106034755707,0.2563093900680542
65061,1.0,0.17470455169677734,0.2600586414337158,0.25027433037757874
65062,0.0,0.18749254941940308,0.22817838191986084,0.2190529853105545
65063,1.0,0.1290169358253479,0.19413116574287415,0.13551431894302368
65064,0.0,0.1556723713874817,0.1451922059059143,0.14532864093780518
65065,1.0,0.1217992901802063,0.12020433694124222,0.11156217753887177
65066,1.0,0.19089645147323608,0.19831103086471558,0.1924542635679245
65067,1.0,0.19507956504821777,0.21391169726848602,0.1981482058763504
65068,1.0,0.22108560800552368,0.19898368418216705,0.1765301674604416
65069,1.0,0.1674489974975586,0.21069121360778809,0.21901416778564453
65070,0.0,0.2163618803024292,0.19318866729736328,0.21285998821258545
65593,0.0,0.18106162548065186,0.16408514976501465,0.1516900658607483
65594,0.0,0.2061784863471985,0.3111448585987091,0.309868186712265
65595,0.0,0.18453669548034668,0.19181163609027863,0.24941836297512054
65596,1.0,0.1303744912147522,0.21807675063610077,0.18492428958415985
65597,0.0,0.183427095413208,0.2990829348564148,0.26721370220184326
65598,0.0,0.17435979843139648,0.13367566466331482,0.2133059948682785
65599,1.0,0.314628005027771,0.4072669446468353,0.46731579303741455
65600,1.0,0.4076905846595764,0.6331186890602112,0.618586003780365
65601,1.0,0.3413877487182617,0.31784287095069885,0.4392632246017456
65602,1.0,0.2302948236465454,0.21730387210845947,0.44270363450050354
65603,0.0,0.23975175619125366,0.37305188179016113,0.3921431303024292
65604,0.0,0.2191319465637207,0.2742753028869629,0.371900737285614
65605,0.0,0.13561606407165527,0.2873491644859314,0.20173205435276031
65606,0.0,0.09790819883346558,0.17256689071655273,0.19811482727527618
65607,0.0,0.16770434379577637,0.20453396439552307,0.31566116213798523
65608,0.0,0.32545989751815796,0.33710211515426636,0.5411561727523804
65609,1.0,0.23527932167053223,0.40295132994651794,0.3576251268386841
65610,1.0,0.17164021730422974,0.3004269301891327,0.3570703864097595
65611,0.0,0.22232574224472046,0.2732146084308624,0.35871827602386475
65612,1.0,0.1598302125930786,0.2549765408039093,0.3185851275920868
65613,0.0,0.2039673924446106,0.3105287551879883,0.31861576437950134
65614,0.0,0.2568260431289673,0.2933487594127655,0.3214283585548401
65615,1.0,0.22318434715270996,0.2758513391017914,0.3520343005657196
65616,1.0,0.1677778959274292,0.18898898363113403,0.27382272481918335
65617,0.0,0.21167796850204468,0.2424289435148239,0.3213731646537781
65618,0.0,0.18137073516845703,0.198113813996315,0.2488701045513153
65619,1.0,0.09289777278900146,0.11110115051269531,0.13295453786849976
65620,0.0,0.09062570333480835,0.1419685333967209,0.1752806156873703
65621,0.0,0.07009577751159668,0.07007469236850739,0.10014531016349792
65622,0.0,0.127128005027771,0.12292484194040298,0.18997526168823242
65623,0.0,0.05127370357513428,0.0747755691409111,0.08678679168224335
65624,0.0,0.09304147958755493,0.09732162207365036,0.13745135068893433
65625,0.0,0.11876833438873291,0.08942931890487671,0.15100331604480743
65626,1.0,0.07591360807418823,0.09109631180763245,0.09913831949234009
65627,0.0,0.07161092758178711,0.08304433524608612,0.11053908616304398
65628,0.0,0.10264229774475098,0.10576140880584717,0.13507485389709473
65629,0.0,0.09183913469314575,0.10918678343296051,0.10878714174032211
65630,0.0,0.09354758262634277,0.07634446769952774,0.11797255277633667
65631,0.0,0.058195650577545166,0.060915153473615646,0.070256806910038
65632,0.0,0.0640106201171875,0.09489967674016953,0.07709278911352158
65633,0.0,0.09253424406051636,0.111182302236557,0.12570002675056458
65634,0.0,0.04950988292694092,0.0720713809132576,0.07698722928762436
65635,0.0,0.08359783887863159,0.12639030814170837,0.1102929562330246
65636,1.0,0.09855818748474121,0.13438506424427032,0.1402924656867981
65637,1.0,0.08900034427642822,0.14889726042747498,0.13011670112609863
65638,0.0,0.09068095684051514,0.09407553821802139,0.12748295068740845
65639,0.0,0.10918664932250977,0.14036433398723602,0.1359545886516571
65640,0.0,0.08178746700286865,0.13320933282375336,0.16247457265853882
65641,0.0,0.11430960893630981,0.17361979186534882,0.2593246102333069
65642,1.0,0.08207201957702637,0.19823144376277924,0.13228461146354675
65643,0.0,0.12031394243240356,0.19455403089523315,0.19640934467315674
65644,0.0,0.15119439363479614,0.22406649589538574,0.22463592886924744
66167,0.0,0.06454521417617798,0.10615159571170807,0.07496403902769089
66168,0.0,0.05379951000213623,0.08869508653879166,0.05892328917980194
66169,0.0,0.05524784326553345,0.07338876277208328,0.05330098420381546
66170,0.0,0.05534929037094116,0.05767063796520233,0.05264196917414665
66171,0.0,0.05857217311859131,0.08072738349437714,0.0861007571220398
66172,0.0,0.052533507347106934,0.09531557559967041,0.046187594532966614
66173,0.0,0.052459001541137695,0.07051042467355728,0.05584442988038063
66174,0.0,0.05641019344329834,0.05530455335974693,0.07078216969966888
66175,0.0,0.05312240123748779,0.06999915093183517,0.06216919794678688
66176,0.0,0.05319249629974365,0.09349311143159866,0.06489937007427216
66177,0.0,0.05652719736099243,0.11771330237388611,0.06676873564720154
66178,0.0,0.05108296871185303,0.06704076379537582,0.053652968257665634
66179,0.0,0.04923123121261597,0.08157314360141754,0.05377917364239693
66180,0.0,0.05647486448287964,0.056180648505687714,0.052763376384973526
66181,0.0,0.051589369773864746,0.08811929076910019,0.04934938997030258
66182,0.0,0.048866212368011475,0.11809413880109787,0.04168856143951416
66183,0.0,0.049121737480163574,0.12233015894889832,0.042739808559417725
66184,0.0,0.04240620136260986,0.10645786672830582,0.03566088527441025
66185,0.0,0.03954482078552246,0.08505374938249588,0.03955497220158577
66186,0.0,0.04004901647567749,0.09509076178073883,0.033238742500543594
66187,0.0,0.04300957918167114,0.09277752786874771,0.03842189908027649
66188,0.0,0.035082995891571045,0.08337771147489548,0.023796049878001213
66189,0.0,0.03501403331756592,0.0937490239739418,0.02828258089721203
66190,0.0,0.035931289196014404,0.09282553195953369,0.026826897636055946
66191,0.0,0.03510177135467529,0.08840832859277725,0.028001446276903152
66192,0.0,0.029188334941864014,0.08387330174446106,0.02466289885342121
66193,0.0,0.028770148754119873,0.07091298699378967,0.023820964619517326
66194,0.0,0.03152668476104736,0.07601293921470642,0.028097618371248245
66195,0.0,0.03178185224533081,0.11060599982738495,0.040917571634054184
66196,0.0,0.02841818332672119,0.101430244743824,0.030483387410640717
66197,0.0,0.03062117099761963,0.08919398486614227,0.027096591889858246
66198,0.0,0.03224128484725952,0.08899842202663422,0.026448076590895653
66199,0.0,0.029982268810272217,0.07934537529945374,0.02316858060657978
66200,0.0,0.02649664878845215,0.08874344080686569,0.022677456960082054
66201,0.0,0.02514880895614624,0.10477325320243835,0.02032097801566124
66202,0.0,0.028103411197662354,0.11036388576030731,0.027526376768946648
66203,0.0,0.026864707469940186,0.13130159676074982,0.025639692321419716
66204,0.0,0.030734717845916748,0.0822821632027626,0.023681387305259705
66205,0.0,0.030666351318359375,0.092231385409832,0.023752061650156975
66206,0.0,0.03008866310119629,0.09532400965690613,0.027271633967757225
66207,0.0,0.05682104825973511,0.08472064137458801,0.057360727339982986
66208,1.0,0.049794018268585205,0.05748026445508003,0.03234327584505081
66209,0.0,0.0486183762550354,0.051460471004247665,0.03749573603272438
66210,0.0,0.046846210956573486,0.052133072167634964,0.03479962423443794
66211,0.0,0.050886571407318115,0.05562235414981842,0.04583750292658806
66212,0.0,0.04270505905151367,0.04839946702122688,0.04222646728157997
66213,0.0,0.04554623365402222,0.08345905691385269,0.05119023844599724
66214,0.0,0.051284611225128174,0.10292720794677734,0.04238215088844299
66215,0.0,0.05920809507369995,0.13322123885154724,0.040626924484968185
66216,0.0,0.05893564224243164,0.10314931720495224,0.06907949596643448
66217,0.0,0.11617976427078247,0.0923786535859108,0.12192746996879578
66218,0.0,0.11147797107696533,0.13935552537441254,0.11012595891952515
66741,1.0,0.20622527599334717,0.2244160920381546,0.22003670036792755
66742,1.0,0.23174065351486206,0.24303537607192993,0.3410547077655792
66743,1.0,0.20924311876296997,0.2714294493198395,0.2182745486497879
66744,1.0,0.16301077604293823,0.22224393486976624,0.15292613208293915
66745,1.0,0.2584090828895569,0.26219871640205383,0.3584922254085541
66746,1.0,0.2023158073425293,0.2757379710674286,0.24401940405368805
66747,1.0,0.11402714252471924,0.13463334739208221,0.12826880812644958
66748,1.0,0.1717982292175293,0.17322388291358948,0.18975526094436646
66749,1.0,0.13243627548217773,0.15283767879009247,0.13932769000530243
66750,1.0,0.21394777297973633,0.24281534552574158,0.27492770552635193
66751,1.0,0.5026181936264038,0.641937792301178,0.8120085597038269
66752,1.0,0.5606971979141235,0.7571588158607483,0.7377088069915771
66753,1.0,0.6674144268035889,0.8150693774223328,0.9677147269248962
66754,1.0,0.5153372287750244,0.7149776220321655,0.7484732270240784
66755,1.0,0.37844526767730713,0.5616569519042969,0.6572365760803223
66756,1.0,0.46773993968963623,0.6766131520271301,0.7675398588180542
66757,1.0,0.5594758987426758,0.661881148815155,0.8377448320388794
66758,1.0,0.5781049132347107,0.799995481967926,0.941579282283783
66759,1.0,0.6183186173439026,0.7320458889007568,0.9548593163490295
66760,1.0,0.6038937568664551,0.7065005898475647,0.9188051223754883
66761,1.0,0.5849040746688843,0.6950902938842773,0.9338441491127014
66762,1.0,0.5756428241729736,0.6913690567016602,0.9262999892234802
66763,1.0,0.5975285768508911,0.642500638961792,0.8900355100631714
66764,1.0,0.5833953619003296,0.5751041173934937,0.8689826130867004
66765,1.0,0.576858639717102,0.5486315488815308,0.8547706604003906
66766,1.0,0.5718522071838379,0.6189394593238831,0.8173483610153198
66767,1.0,0.5709940195083618,0.6267501711845398,0.8403950333595276
66768,1.0,0.5518661737442017,0.6127366423606873,0.7959945797920227
66769,1.0,0.500991940498352,0.6210591793060303,0.7067632079124451
66770,1.0,0.4376932382583618,0.6256099939346313,0.651018500328064
66771,1.0,0.4892611503601074,0.5026484727859497,0.630197286605835
66772,1.0,0.41420793533325195,0.4362528622150421,0.45300328731536865
66773,1.0,0.45028597116470337,0.4855389893054962,0.4568900763988495
66774,1.0,0.30287110805511475,0.49989554286003113,0.3966244161128998
66775,1.0,0.34001171588897705,0.4800856411457062,0.4100068509578705
66776,1.0,0.2811354994773865,0.41695743799209595,0.3255864679813385
66777,1.0,0.17463380098342896,0.2246091663837433,0.16825167834758759
66778,1.0,0.18383479118347168,0.2716054618358612,0.20489290356636047
66779,1.0,0.13771355152130127,0.19330435991287231,0.14370496571063995
66780,1.0,0.10232579708099365,0.11698906123638153,0.07999609410762787
66781,1.0,0.09262281656265259,0.10331502556800842,0.07781431823968887
66782,1.0,0.10161662101745605,0.1989574432373047,0.09950768202543259
66783,1.0,0.11365664005279541,0.19693100452423096,0.12375802546739578
66784,1.0,0.10663920640945435,0.1586180031299591,0.10059640556573868
66785,1.0,0.1178475022315979,0.1924435943365097,0.12378174811601639
66786,1.0,0.11621147394180298,0.1803000122308731,0.1211548000574112
66787,1.0,0.11809200048446655,0.1875952184200287,0.1447979360818863
66788,1.0,0.1359407901763916,0.20947785675525665,0.14949917793273926
66789,1.0,0.1467381715774536,0.19830256700515747,0.13727539777755737
66790,1.0,0.10765928030014038,0.2081623077392578,0.13138720393180847
66791,1.0,0.11980581283569336,0.31483203172683716,0.19510094821453094
66792,1.0,0.388919472694397,0.35657307505607605,0.546809732913971
67315,0.0,0.24631738662719727,0.3439534902572632,0.30313509702682495
67316,1.0,0.2625811696052551,0.3960755467414856,0.35747599601745605
67317,1.0,0.30400294065475464,0.36116790771484375,0.3362140953540802
67318,0.0,0.2769690155982971,0.39387816190719604,0.28150102496147156
67319,1.0,0.3223841190338135,0.4074409008026123,0.37533777952194214
67320,1.0,0.3307151198387146,0.3553086817264557,0.385680615901947
67321,0.0,0.21293067932128906,0.29061752557754517,0.21036341786384583
67322,0.0,0.2302728295326233,0.26244327425956726,0.25001633167266846
67323,1.0,0.2912406921386719,0.34219488501548767,0.291093647480011
67324,1.0,0.3023424744606018,0.4684709310531616,0.30184268951416016
67325,0.0,0.25874245166778564,0.34429219365119934,0.30453798174858093
67326,0.0,0.2762531638145447,0.36597469449043274,0.3745906949043274
67327,0.0,0.28407853841781616,0.3430367410182953,0.292957067489624
67328,0.0,0.16977626085281372,0.2185918241739273,0.17535533010959625
67329,0.0,0.16946625709533691,0.18530087172985077,0.15844668447971344
67330,1.0,0.20532727241516113,0.2485600858926773,0.21643927693367004
67331,1.0,0.2586367130279541,0.3263692855834961,0.28406450152397156
67332,0.0,0.20897197723388672,0.26100394129753113,0.2198483645915985
67333,0.0,0.1641332507133484,0.16781270503997803,0.16909033060073853
67334,0.0,0.20207273960113525,0.3006635010242462,0.22521936893463135
67335,0.0,0.17157286405563354,0.2871992886066437,0.2604922950267792
67336,1.0,0.30421847105026245,0.4453110694885254,0.3840835690498352
67337,0.0,0.2082681655883789,0.21720130741596222,0.2004321813583374
67338,0.0,0.23117172718048096,0.17569099366664886,0.21958304941654205
67339,0.0,0.18738991022109985,0.22797398269176483,0.17514362931251526
67340,1.0,0.18492668867111206,0.20959831774234772,0.1753757745027542
67341,0.0,0.1817646026611328,0.19602665305137634,0.16291366517543793
67342,0.0,0.1323426365852356,0.1915840208530426,0.16215720772743225
67343,1.0,0.2153083086013794,0.2344563752412796,0.32201525568962097
67344,0.0,0.18921446800231934,0.23515385389328003,0.16296546161174774
67345,0.0,0.14173543453216553,0.19105029106140137,0.14142616093158722
67346,0.0,0.10861319303512573,0.21036984026432037,0.11390972137451172
67347,0.0,0.07212156057357788,0.13335168361663818,0.06075766682624817
67348,0.0,0.10230052471160889,0.13784727454185486,0.08798430860042572
67349,0.0,0.10166370868682861,0.12895303964614868,0.11568032950162888
67350,1.0,0.10589152574539185,0.1684160679578781,0.12391173094511032
67351,0.0,0.13976401090621948,0.183977410197258,0.12675780057907104
67352,0.0,0.11581599712371826,0.15294288098812103,0.12140914052724838
67353,0.0,0.11921060085296631,0.22890914976596832,0.10467108339071274
67354,0.0,0.18364399671554565,0.24692600965499878,0.19415558874607086
67355,0.0,0.15628498792648315,0.26192283630371094,0.14268425107002258
67356,0.0,0.10389935970306396,0.1760016679763794,0.10247885435819626
67357,0.0,0.10845750570297241,0.14999468624591827,0.11772238463163376
67358,0.0,0.15428614616394043,0.13829602301120758,0.15658114850521088
67359,0.0,0.1386839747428894,0.2088182270526886,0.13095654547214508
67360,0.0,0.14900672435760498,0.18518513441085815,0.15907523036003113
67361,0.0,0.15684843063354492,0.16886769235134125,0.18844524025917053
67362,1.0,0.16515392065048218,0.18129751086235046,0.15378595888614655
67363,0.0,0.21570640802383423,0.24789418280124664,0.22529977560043335
67364,0.0,0.22597157955169678,0.2347361296415329,0.3203846216201782
67365,0.0,0.23277688026428223,0.18537603318691254,0.2839982807636261
67366,0.0,0.19959735870361328,0.2520257532596588,0.2270965278148651
67889,1.0,0.14697778224945068,0.30578261613845825,0.18727201223373413
67890,0.0,0.12551802396774292,0.19589878618717194,0.1611388921737671
67891,0.0,0.09049570560455322,0.15171226859092712,0.0802808403968811
67892,0.0,0.09249216318130493,0.12656639516353607,0.09985870122909546
67893,0.0,0.20074814558029175,0.2170020490884781,0.24675185978412628
67894,1.0,0.2225416898727417,0.2408635914325714,0.24624015390872955
67895,1.0,0.1186179518699646,0.15958264470100403,0.1314345896244049
67896,0.0,0.16279453039169312,0.20872919261455536,0.17422370612621307
67897,1.0,0.17378753423690796,0.2413436621427536,0.1853206306695938
67898,1.0,0.1377350091934204,0.2945863902568817,0.12878243625164032
67899,1.0,0.2016565203666687,0.23170867562294006,0.2133932262659073
67900,1.0,0.25370973348617554,0.277525395154953,0.3211471140384674
67901,1.0,0.5849670171737671,0.707489013671875,0.8294218182563782
67902,1.0,0.34551316499710083,0.5331732034683228,0.4548743963241577
67903,0.0,0.5268030166625977,0.6534478664398193,0.8759122490882874
67904,1.0,0.4197399616241455,0.7368465662002563,0.8199651837348938
67905,1.0,0.5140345692634583,0.751849889755249,0.910762369632721
67906,1.0,0.5126416683197021,0.7315515875816345,0.8149474859237671
67907,1.0,0.5117133259773254,0.4878480136394501,0.7826804518699646
67908,1.0,0.5001456141471863,0.45540452003479004,0.7195648550987244
67909,1.0,0.5032056570053101,0.48240259289741516,0.6890211701393127
67910,1.0,0.5707187652587891,0.5117248892784119,0.815005898475647
67911,1.0,0.3970705270767212,0.38485583662986755,0.5004336833953857
67912,1.0,0.5059628486633301,0.4434988498687744,0.6445271372795105
67913,1.0,0.5038453340530396,0.49070221185684204,0.6385724544525146
67914,1.0,0.5382198095321655,0.5137526392936707,0.7078132629394531
67915,1.0,0.48631203174591064,0.5465990900993347,0.6379052996635437
67916,1.0,0.4431057572364807,0.45784369111061096,0.46758943796157837
67917,1.0,0.53239905834198,0.5594514608383179,0.6511223912239075
67918,1.0,0.3351897597312927,0.3296950161457062,0.26839566230773926
67919,1.0,0.4005417823791504,0.39346688985824585,0.3831005096435547
67920,1.0,0.2642976641654968,0.257018119096756,0.23612633347511292
67921,1.0,0.2359851598739624,0.23681436479091644,0.23341432213783264
67922,1.0,0.28612756729125977,0.30903464555740356,0.3300476372241974
67923,1.0,0.22765189409255981,0.29989171028137207,0.2771974205970764
67924,1.0,0.2048082947731018,0.2703504264354706,0.2604578733444214
67925,1.0,0.20660746097564697,0.31415727734565735,0.25291597843170166
67926,1.0,0.24072837829589844,0.35784798860549927,0.2437540888786316
67927,1.0,0.24313431978225708,0.33534836769104004,0.3351556658744812
67928,1.0,0.24113422632217407,0.30677545070648193,0.36944320797920227
67929,1.0,0.22691160440444946,0.35194259881973267,0.3227272629737854
67930,1.0,0.15612173080444336,0.25581613183021545,0.18475878238677979
67931,1.0,0.18105441331863403,0.23461128771305084,0.22051264345645905
67932,1.0,0.20628571510314941,0.2459401935338974,0.21445266902446747
67933,1.0,0.16777664422988892,0.25103190541267395,0.16916488111019135
67934,0.0,0.2092307209968567,0.2943418323993683,0.29450544714927673
67935,1.0,0.2635577321052551,0.32008716464042664,0.3822345435619354
67936,1.0,0.3114025592803955,0.3876758813858032,0.3632549047470093
67937,1.0,0.27819138765335083,0.31189581751823425,0.3698941767215729
67938,1.0,0.27321362495422363,0.3750794231891632,0.4966820478439331
67939,0.0,0.21053415536880493,0.2746993601322174,0.282369464635849
67940,1.0,0.24416476488113403,0.352354496717453,0.23992441594600677
68463,1.0,0.05765354633331299,0.0738551914691925,0.055423326790332794
68464,1.0,0.06008404493331909,0.10005165636539459,0.08450540900230408
68465,1.0,0.059723079204559326,0.08312934637069702,0.07600696384906769
68466,1.0,0.05832850933074951,0.06995978951454163,0.06879376620054245
68467,1.0,0.05953460931777954,0.10600530356168747,0.08619280159473419
68468,1.0,0.05945843458175659,0.09281563013792038,0.05329669266939163
68469,1.0,0.05973559617996216,0.11619117856025696,0.07138236612081528
68470,1.0,0.059126079082489014,0.077300526201725,0.07722935080528259
68471,1.0,0.06064993143081665,0.13886113464832306,0.07613155990839005
68472,1.0,0.06766003370285034,0.14388936758041382,0.10105257481336594
68473,1.0,0.06197315454483032,0.10839139670133591,0.08415932208299637
68474,1.0,0.05684131383895874,0.09786295145750046,0.06877332925796509
68475,1.0,0.1381581425666809,0.17454706132411957,0.14785926043987274
68476,1.0,0.08261489868164062,0.11540576815605164,0.07750988006591797
68477,1.0,0.07691407203674316,0.10914047062397003,0.06782025098800659
68478,1.0,0.07493829727172852,0.11558275669813156,0.06204279512166977
68479,1.0,0.07512730360031128,0.10993339866399765,0.06147477775812149
68480,1.0,0.06574273109436035,0.08286161720752716,0.06483857333660126
68481,1.0,0.06703591346740723,0.11584335565567017,0.06942503154277802
68482,1.0,0.06433343887329102,0.0872727632522583,0.05790042504668236
68483,1.0,0.06120908260345459,0.05079658702015877,0.05589886009693146
68484,1.0,0.0645788311958313,0.06615282595157623,0.04970996826887131
68485,1.0,0.06368738412857056,0.06380018591880798,0.05476407706737518
68486,1.0,0.06426364183425903,0.05901258438825607,0.05764998495578766
68487,1.0,0.06601083278656006,0.0723869651556015,0.051977112889289856
68488,1.0,0.04348701238632202,0.08292902261018753,0.041775528341531754
68489,1.0,0.04359203577041626,0.0685800313949585,0.04360330477356911
68490,1.0,0.03844118118286133,0.07224678248167038,0.041547711938619614
68491,1.0,0.04305046796798706,0.10432945936918259,0.03911855071783066
68492,1.0,0.04800307750701904,0.13725817203521729,0.06006409972906113
68493,1.0,0.03933393955230713,0.08581183850765228,0.03379970043897629
68494,1.0,0.03689908981323242,0.041320059448480606,0.04197394475340843
68495,1.0,0.034911155700683594,0.047810833901166916,0.03424190357327461
68496,1.0,0.03619420528411865,0.05350353941321373,0.031264886260032654
68497,1.0,0.039784133434295654,0.1044488400220871,0.04017079249024391
68498,1.0,0.03327840566635132,0.06097157299518585,0.034052006900310516
68499,1.0,0.03261828422546387,0.053303997963666916,0.029978781938552856
68500,1.0,0.03434532880783081,0.05061913654208183,0.02818584255874157
68501,1.0,0.03123319149017334,0.062457919120788574,0.028861187398433685
68502,1.0,0.031608521938323975,0.04538650065660477,0.03130602836608887
68503,1.0,0.03413182497024536,0.05424104630947113,0.03203415125608444
68504,1.0,0.0316011905670166,0.03249238058924675,0.029701165854930878
68505,1.0,0.03136265277862549,0.03715968877077103,0.028420111164450645
68506,1.0,0.035497963428497314,0.04497489333152771,0.044822968542575836
68507,1.0,0.03567039966583252,0.030551087111234665,0.038460638374090195
68508,1.0,0.03509432077407837,0.08691902458667755,0.05050584673881531
68509,1.0,0.03545325994491577,0.0390336848795414,0.041126590222120285
68510,1.0,0.044390738010406494,0.08759083598852158,0.05044317990541458
68511,1.0,0.04690110683441162,0.0903688594698906,0.046499721705913544
68512,1.0,0.05045318603515625,0.08839934319257736,0.07612767815589905
68513,1.0,0.07847511768341064,0.05370965972542763,0.10449574887752533
68514,1.0,0.059063851833343506,0.057173117995262146,0.07575581967830658
69037,0.0,0.06299996376037598,0.05266682431101799,0.04053593426942825
69038,0.0,0.07576018571853638,0.08958541601896286,0.05851699784398079
69039,0.0,0.06943655014038086,0.05115219205617905,0.06476020067930222
69040,0.0,0.07469898462295532,0.055079758167266846,0.0698053315281868
69041,0.0,0.07055574655532837,0.05060199648141861,0.06741838157176971
69042,0.0,0.061521828174591064,0.057274576276540756,0.059176601469516754
69043,0.0,0.07420533895492554,0.053578492254018784,0.06545460224151611
69044,0.0,0.07218396663665771,0.06110097095370293,0.08876302093267441
69045,0.0,0.0684053897857666,0.07559332996606827,0.08025471866130829
69046,0.0,0.06691986322402954,0.059343256056308746,0.06809169054031372
69047,0.0,0.05390059947967529,0.05157788470387459,0.05009600892663002
69048,0.0,0.057781755924224854,0.06501154601573944,0.09161398559808731
69049,0.0,0.055570781230926514,0.0734938532114029,0.06640025973320007
69050,0.0,0.05900144577026367,0.06860575079917908,0.06482293456792831
69051,0.0,0.1339566707611084,0.1372811198234558,0.14940647780895233
69052,0.0,0.08164376020431519,0.07620946317911148,0.07375762611627579
69053,0.0,0.15502816438674927,0.18097755312919617,0.15808133780956268
69054,0.0,0.07529574632644653,0.08225931972265244,0.0772506594657898
69055,0.0,0.06661450862884521,0.07768671959638596,0.07032687962055206
69056,0.0,0.11855196952819824,0.15017394721508026,0.10771160572767258
69057,0.0,0.07672029733657837,0.09062685817480087,0.08221437782049179
69058,0.0,0.06245225667953491,0.06730666756629944,0.07126780599355698
69059,0.0,0.05785101652145386,0.05864957347512245,0.05989917367696762
69060,0.0,0.05838370323181152,0.06204354017972946,0.060188837349414825
69061,0.0,0.06163227558135986,0.10763181000947952,0.08260844647884369
69062,0.0,0.052474796772003174,0.05047733336687088,0.07087638229131699
69063,0.0,0.045558035373687744,0.06409692019224167,0.0575689971446991
69064,0.0,0.052474796772003174,0.05612625181674957,0.07211146503686905
69065,0.0,0.048982083797454834,0.07695083320140839,0.07622811943292618
69066,0.0,0.048982083797454834,0.04542388394474983,0.06702075153589249
69067,0.0,0.04773074388504028,0.05714501067996025,0.06270281225442886
69068,0.0,0.08206874132156372,0.08872506022453308,0.0934755727648735
69069,0.0,0.055266499519348145,0.05734730511903763,0.0468912273645401
69070,0.0,0.05411577224731445,0.06102069839835167,0.05372343957424164
69071,0.0,0.046112775802612305,0.0563100166618824,0.047149449586868286
69072,0.0,0.045164644718170166,0.05941000580787659,0.03782171756029129
69073,0.0,0.04095226526260376,0.034431617707014084,0.04343593865633011
69074,0.0,0.04064124822616577,0.05118041858077049,0.044633422046899796
69075,0.0,0.04064124822616577,0.0421581007540226,0.04374593123793602
69076,0.0,0.045356810092926025,0.04746468365192413,0.04925469309091568
69077,0.0,0.04606086015701294,0.04604420065879822,0.050330743193626404
69078,0.0,0.04400724172592163,0.042186494916677475,0.04242855682969093
69079,0.0,0.04425656795501709,0.04206043481826782,0.04507315158843994
69080,0.0,0.05603015422821045,0.04247704893350601,0.06597568094730377
69081,0.0,0.03742283582687378,0.03837219253182411,0.04209573566913605
69082,0.0,0.036384522914886475,0.03340529650449753,0.034083325415849686
69083,0.0,0.03742283582687378,0.03162108361721039,0.043770723044872284
69084,0.0,0.044142186641693115,0.06134522706270218,0.0451393723487854
69085,0.0,0.048547983169555664,0.11323444545269012,0.061265502125024796
69086,0.0,0.05034828186035156,0.05332024022936821,0.05739474296569824
69087,0.0,0.06707763671875,0.04072665423154831,0.06663902848958969
69088,0.0,0.07543528079986572,0.07342610508203506,0.08656385540962219
69611,0.0,0.044946372509002686,0.06532523781061172,0.03066212125122547
69612,0.0,0.041748225688934326,0.0810045525431633,0.03264368325471878
69613,0.0,0.04057300090789795,0.05290132015943527,0.02580585703253746
69614,0.0,0.04071849584579468,0.05844378098845482,0.030652767047286034
69615,0.0,0.04584646224975586,0.07405418157577515,0.03651614114642143
69616,0.0,0.039958953857421875,0.052418045699596405,0.030735280364751816
69617,0.0,0.04088538885116577,0.08332069963216782,0.029782559722661972
69618,0.0,0.038172245025634766,0.05293353274464607,0.03629205748438835
69619,0.0,0.03743386268615723,0.05056113749742508,0.03282121196389198
69620,0.0,0.04116243124008179,0.07923086732625961,0.0364338718354702
69621,0.0,0.036543190479278564,0.05597798526287079,0.03390588238835335
69622,0.0,0.03782838582992554,0.07252740114927292,0.04042971134185791
69623,0.0,0.032913386821746826,0.09617602080106735,0.02383566088974476
69624,0.0,0.038484036922454834,0.05010595545172691,0.02959040179848671
69625,0.0,0.03396862745285034,0.10111451148986816,0.025742292404174805
69626,0.0,0.05039668083190918,0.16616134345531464,0.031582869589328766
69627,0.0,0.04917258024215698,0.1532413363456726,0.031122129410505295
69628,0.0,0.03366655111312866,0.14063166081905365,0.024507179856300354
69629,0.0,0.04206502437591553,0.13482321798801422,0.02720310539007187
69630,0.0,0.02673238515853882,0.08189922571182251,0.017790960147976875
69631,0.0,0.03570294380187988,0.07707932591438293,0.0315786711871624
69632,0.0,0.04122340679168701,0.11356213688850403,0.024631651118397713
69633,0.0,0.0373421311378479,0.1300003081560135,0.023882748559117317
69634,0.0,0.025821447372436523,0.08944430202245712,0.02186681143939495
69635,0.0,0.026344776153564453,0.07899325340986252,0.017881469801068306
69636,0.0,0.021250247955322266,0.07842987030744553,0.016880415380001068
69637,0.0,0.024258434772491455,0.09142982214689255,0.021632028743624687
69638,0.0,0.02197861671447754,0.045056331902742386,0.020644744858145714
69639,0.0,0.021863102912902832,0.07308358699083328,0.01897033117711544
69640,0.0,0.023952782154083252,0.07824274897575378,0.018320759758353233
69641,0.0,0.025259852409362793,0.04870833083987236,0.019613049924373627
69642,0.0,0.024367451667785645,0.03015216812491417,0.021823935210704803
69643,0.0,0.02474391460418701,0.038487765938043594,0.020365290343761444
69644,0.0,0.024409592151641846,0.08135642856359482,0.018505683168768883
69645,0.0,0.02010565996170044,0.08742039650678635,0.013140321709215641
69646,0.0,0.0229644775390625,0.08282173424959183,0.020172860473394394
69647,0.0,0.023487746715545654,0.06950777769088745,0.013806515373289585
69648,0.0,0.020315051078796387,0.06382983177900314,0.010548308491706848
69649,0.0,0.0201682448387146,0.05407634750008583,0.00862064864486456
69650,0.0,0.022094905376434326,0.06615438312292099,0.010479598306119442
69651,0.0,0.02352309226989746,0.06744788587093353,0.010015825740993023
69652,0.0,0.026921570301055908,0.07880664616823196,0.023633334785699844
69653,0.0,0.028032422065734863,0.12439614534378052,0.01854400336742401
69654,0.0,0.04588216543197632,0.11155853420495987,0.050306856632232666
69655,0.0,0.032160818576812744,0.03348618373274803,0.017352420836687088
69656,0.0,0.03204602003097534,0.04464492201805115,0.017378613352775574
69657,0.0,0.030965983867645264,0.03486737608909607,0.0175470020622015
69658,0.0,0.04428988695144653,0.06907281279563904,0.028608255088329315
69659,0.0,0.044205665588378906,0.12878406047821045,0.03791821375489235
69660,0.0,0.030965209007263184,0.11081840842962265,0.022120941430330276
69661,0.0,0.049182772636413574,0.10770568996667862,0.04442925006151199
69662,0.0,0.04840213060379028,0.09994249790906906,0.05194048210978508
70185,0.0,0.1789860725402832,0.20684203505516052,0.11357539892196655
70186,0.0,0.21439170837402344,0.23569275438785553,0.20351621508598328
70187,0.0,0.21422487497329712,0.26549243927001953,0.15950968861579895
70188,0.0,0.1693597435951233,0.18673910200595856,0.17007017135620117
70189,0.0,0.1309308409690857,0.19127441942691803,0.14247283339500427
70190,0.0,0.19012242555618286,0.22090581059455872,0.2300533950328827
70191,0.0,0.23592013120651245,0.3490559160709381,0.23529380559921265
70192,0.0,0.15614551305770874,0.2752533555030823,0.13712210953235626
70193,0.0,0.18567800521850586,0.22794565558433533,0.20528613030910492
70194,0.0,0.21951663494110107,0.24610356986522675,0.18155086040496826
70195,0.0,0.18650245666503906,0.20300132036209106,0.15728844702243805
70196,0.0,0.16244876384735107,0.1743466705083847,0.184331014752388
70197,0.0,0.23641276359558105,0.2976611852645874,0.30636703968048096
70198,0.0,0.180586576461792,0.22458554804325104,0.18880192935466766
70199,0.0,0.26840269565582275,0.32751786708831787,0.34424135088920593
70200,0.0,0.29174327850341797,0.3925747275352478,0.4578074812889099
70201,0.0,0.25727611780166626,0.24864855408668518,0.26464515924453735
70202,0.0,0.20045435428619385,0.25454044342041016,0.2794562578201294
70203,0.0,0.2083430290222168,0.26720890402793884,0.2587539553642273
70204,0.0,0.1552867889404297,0.22589057683944702,0.18437965214252472
70205,0.0,0.11070001125335693,0.13312552869319916,0.13382531702518463
70206,0.0,0.13598138093948364,0.15520024299621582,0.145130917429924
70207,0.0,0.17295199632644653,0.2052573561668396,0.1862417608499527
70208,0.0,0.172923743724823,0.1707139015197754,0.16561251878738403
70209,0.0,0.15652287006378174,0.14372335374355316,0.17764952778816223
70210,0.0,0.15983837842941284,0.14926742017269135,0.16183625161647797
70211,0.0,0.09982740879058838,0.10210620611906052,0.08539241552352905
70212,0.0,0.15814560651779175,0.14281150698661804,0.1808469444513321
70213,0.0,0.1558007001876831,0.13695314526557922,0.18125639855861664
70214,0.0,0.15693235397338867,0.1526610553264618,0.11843621730804443
70215,0.0,0.10791879892349243,0.11202718317508698,0.08567430824041367
70216,0.0,0.0872427225112915,0.06990014016628265,0.074676513671875
70217,0.0,0.10409986972808838,0.10992156714200974,0.08848239481449127
70218,0.0,0.1764259934425354,0.2053438425064087,0.18572987616062164
70219,0.0,0.09597283601760864,0.1502649188041687,0.05652898922562599
70220,0.0,0.11845773458480835,0.16513274610042572,0.06876005977392197
70221,0.0,0.12006253004074097,0.15002822875976562,0.10431668907403946
70222,0.0,0.09670627117156982,0.12255978584289551,0.05241542309522629
70223,0.0,0.052211880683898926,0.044804226607084274,0.027742546051740646
70224,0.0,0.08130180835723877,0.10083558410406113,0.04904193803668022
70225,0.0,0.11308526992797852,0.09625129401683807,0.08138097822666168
70226,0.0,0.09575164318084717,0.1484023779630661,0.06063362583518028
70227,0.0,0.0983780026435852,0.10708148032426834,0.052071209996938705
70228,0.0,0.09280133247375488,0.08419131487607956,0.046282343566417694
70229,0.0,0.08397412300109863,0.08409468084573746,0.04137946665287018
70230,0.0,0.09113740921020508,0.09802067279815674,0.04893264174461365
70231,0.0,0.042945146560668945,0.06674022227525711,0.02523256093263626
70232,0.0,0.04229098558425903,0.045787665992975235,0.02174832858145237
70233,0.0,0.10723990201950073,0.1027025580406189,0.08592723309993744
70234,0.0,0.1373234987258911,0.15677256882190704,0.10270941257476807
70235,0.0,0.11224693059921265,0.09405632317066193,0.11008843779563904
70236,0.0,0.16813963651657104,0.1891966313123703,0.17381221055984497
70759,1.0,0.5899215936660767,0.6103448271751404,0.8791614770889282
70760,1.0,0.497667133808136,0.541907548904419,0.706882655620575
70761,1.0,0.5331809520721436,0.5502703189849854,0.7487722635269165
70762,1.0,0.47754067182540894,0.5033257007598877,0.7313693165779114
70763,1.0,0.47033262252807617,0.3899163603782654,0.6236172914505005
70764,1.0,0.47457361221313477,0.5164552927017212,0.6450737714767456
70765,1.0,0.5264597535133362,0.45848608016967773,0.7566352486610413
70766,1.0,0.4550313353538513,0.5097571611404419,0.683174192905426
70767,1.0,0.4409611225128174,0.5151907205581665,0.7025371193885803
70768,1.0,0.5442826747894287,0.5319206714630127,0.7503275275230408
70769,1.0,0.4818054437637329,0.5737123489379883,0.6464091539382935
70770,1.0,0.46032291650772095,0.5456321239471436,0.7326213121414185
70771,1.0,0.4456254243850708,0.5297783613204956,0.6625533699989319
70772,1.0,0.4650150537490845,0.4439762830734253,0.6082191467285156
70773,0.0,0.3858126401901245,0.42674773931503296,0.4941578507423401
70774,1.0,0.4146672487258911,0.4035930633544922,0.5856440663337708
70775,1.0,0.39907288551330566,0.4005546271800995,0.4528844356536865
70776,1.0,0.41089677810668945,0.4351404905319214,0.5958417654037476
70777,1.0,0.35246115922927856,0.3285996913909912,0.4280751645565033
70778,1.0,0.3220263719558716,0.337149977684021,0.45313960313796997
70779,1.0,0.2231755256652832,0.2881507873535156,0.2407459020614624
70780,0.0,0.23186033964157104,0.2535369396209717,0.26583242416381836
70781,1.0,0.19859659671783447,0.24147211015224457,0.1963253617286682
70782,1.0,0.2628563642501831,0.24505765736103058,0.22529514133930206
70783,1.0,0.26328468322753906,0.23194406926631927,0.32889533042907715
70784,0.0,0.27281904220581055,0.21524180471897125,0.2656361162662506
70785,0.0,0.2029489278793335,0.19225972890853882,0.21796563267707825
70786,0.0,0.13620448112487793,0.16775360703468323,0.14901235699653625
70787,0.0,0.18008625507354736,0.25850600004196167,0.21506059169769287
70788,1.0,0.199299156665802,0.15288475155830383,0.21334883570671082
70789,0.0,0.16573739051818848,0.2067081779241562,0.21078039705753326
70790,1.0,0.13557803630828857,0.18183937668800354,0.17749084532260895
70791,0.0,0.1431809663772583,0.1784793585538864,0.20317034423351288
70792,1.0,0.28208088874816895,0.35071226954460144,0.38715606927871704
70793,1.0,0.30210959911346436,0.3441249132156372,0.4376567006111145
70794,1.0,0.29782605171203613,0.41217032074928284,0.475287526845932
70795,1.0,0.45899516344070435,0.5236185193061829,0.7349623441696167
70796,1.0,0.4240967631340027,0.47506454586982727,0.6779636144638062
70797,1.0,0.45907849073410034,0.6674227118492126,0.7818824648857117
70798,1.0,0.39265280961990356,0.5512882471084595,0.7709271907806396
70799,1.0,0.3891732096672058,0.4763459861278534,0.7320876121520996
70800,1.0,0.3922024965286255,0.5545106530189514,0.7324199080467224
70801,1.0,0.38376808166503906,0.41721272468566895,0.7116941213607788
70802,1.0,0.5232172012329102,0.5905023217201233,0.7550949454307556
70803,1.0,0.5570718050003052,0.5666307210922241,0.7894776463508606
70804,1.0,0.5952937602996826,0.6782065033912659,0.8847075700759888
70805,1.0,0.5707435607910156,0.536957323551178,0.836682915687561
70806,1.0,0.5805044770240784,0.6465799808502197,0.8603617548942566
70807,1.0,0.5563808679580688,0.6007910370826721,0.8378446698188782
70808,1.0,0.5990990400314331,0.5807255506515503,0.8352445363998413
70809,1.0,0.5667007565498352,0.5360515713691711,0.8354375958442688
70810,1.0,0.5826544761657715,0.599776029586792,0.7978208661079407
71333,1.0,0.25826263427734375,0.4001657962799072,0.2980794906616211
71334,1.0,0.32552576065063477,0.39613282680511475,0.5463040471076965
71335,1.0,0.40840911865234375,0.4129638671875,0.5810422897338867
71336,1.0,0.35675764083862305,0.33402764797210693,0.3949001729488373
71337,0.0,0.3183237910270691,0.34582284092903137,0.44248446822166443
71338,1.0,0.33259546756744385,0.3809106945991516,0.4171919524669647
71339,1.0,0.42146754264831543,0.4808351695537567,0.5431169271469116
71340,1.0,0.3749154806137085,0.40711838006973267,0.49287283420562744
71341,0.0,0.264596164226532,0.31893840432167053,0.37643206119537354
71342,0.0,0.23690491914749146,0.30263087153434753,0.37458258867263794
71343,0.0,0.20104044675827026,0.2385351061820984,0.22235482931137085
71344,0.0,0.15679579973220825,0.19820977747440338,0.12694700062274933
71345,0.0,0.21550536155700684,0.2431909143924713,0.1923077553510666
71346,0.0,0.15501290559768677,0.1980183720588684,0.15741856396198273
71347,0.0,0.13517099618911743,0.20568236708641052,0.12935936450958252
71348,0.0,0.17141801118850708,0.19583280384540558,0.1827804297208786
71349,0.0,0.19691753387451172,0.2775518298149109,0.2585344612598419
71350,1.0,0.18689954280853271,0.2124464213848114,0.19814832508563995
71351,1.0,0.227186918258667,0.18492813408374786,0.2475486546754837
71352,0.0,0.19930225610733032,0.17395225167274475,0.2403424233198166
71353,0.0,0.1462411880493164,0.17522591352462769,0.19671283662319183
71354,0.0,0.13928085565567017,0.17024195194244385,0.15080592036247253
71355,0.0,0.11759138107299805,0.12802842259407043,0.13067995011806488
71356,0.0,0.1177632212638855,0.12371674925088882,0.13657060265541077
71357,0.0,0.14060133695602417,0.1175079494714737,0.16750013828277588
71358,0.0,0.11696267127990723,0.14577573537826538,0.09930862486362457
71359,0.0,0.11659955978393555,0.13759846985340118,0.11968553811311722
71360,0.0,0.12019616365432739,0.12814630568027496,0.1340433657169342
71361,0.0,0.14347553253173828,0.15353494882583618,0.13895608484745026
71362,0.0,0.11445754766464233,0.13487276434898376,0.12171325832605362
71363,0.0,0.12005859613418579,0.14058524370193481,0.1692003756761551
71364,0.0,0.11398011445999146,0.12596195936203003,0.15881945192813873
71365,0.0,0.1114625334739685,0.156898632645607,0.14428456127643585
71366,0.0,0.12047719955444336,0.14126519858837128,0.13303208351135254
71367,0.0,0.11596804857254028,0.14132434129714966,0.13740985095500946
71368,0.0,0.1500791311264038,0.13999643921852112,0.20492899417877197
71369,1.0,0.1498790979385376,0.17326654493808746,0.16567328572273254
71370,0.0,0.13220393657684326,0.13973283767700195,0.18218716979026794
71371,0.0,0.10690140724182129,0.13213616609573364,0.10852210968732834
71372,0.0,0.15056216716766357,0.2243918627500534,0.18315953016281128
71373,1.0,0.14251971244812012,0.15238571166992188,0.1955198049545288
71374,0.0,0.17033863067626953,0.2011430710554123,0.2616041302680969
71375,0.0,0.1505061388015747,0.20369918644428253,0.20777618885040283
71376,1.0,0.1680881381034851,0.1495167315006256,0.19836069643497467
71377,0.0,0.17821794748306274,0.19145497679710388,0.26809296011924744
71378,1.0,0.22346097230911255,0.25951364636421204,0.2872130870819092
71379,1.0,0.22725248336791992,0.26498469710350037,0.3052024245262146
71380,0.0,0.2121710181236267,0.189076766371727,0.306458055973053
71381,0.0,0.1932835578918457,0.20285624265670776,0.24812430143356323
71382,0.0,0.1745213270187378,0.159153550863266,0.2134638875722885
71383,0.0,0.15806955099105835,0.14863191545009613,0.1893870085477829
71384,0.0,0.22239160537719727,0.27175119519233704,0.27882641553878784
71907,0.0,0.04162782430648804,0.06165124103426933,0.03254001960158348
71908,0.0,0.04568350315093994,0.0738130435347557,0.048558659851551056
71909,0.0,0.04320722818374634,0.07806693762540817,0.038182005286216736
71910,0.0,0.03747904300689697,0.04729259014129639,0.03108804114162922
71911,0.0,0.03881341218948364,0.05113258212804794,0.03945278003811836
71912,0.0,0.037693679332733154,0.04654521867632866,0.04141756892204285
71913,0.0,0.039128243923187256,0.07118888944387436,0.043126218020915985
71914,0.0,0.039128243923187256,0.08360500633716583,0.04949512332677841
71915,0.0,0.03896385431289673,0.07195418328046799,0.04330741986632347
71916,0.0,0.03833746910095215,0.05908018723130226,0.045934662222862244
71917,0.0,0.03833746910095215,0.05711030215024948,0.0382106639444828
71918,0.0,0.039440274238586426,0.07677621394395828,0.05065183341503143
71919,0.0,0.04009079933166504,0.08500489592552185,0.02994668111205101
71920,0.0,0.03899747133255005,0.051872383803129196,0.03069516271352768
71921,0.0,0.03916102647781372,0.08585778623819351,0.031412478536367416
71922,0.0,0.03841942548751831,0.08847358822822571,0.03216782957315445
71923,0.0,0.03493624925613403,0.08917442709207535,0.024152299389243126
71924,0.0,0.03623330593109131,0.0972185805439949,0.02996722236275673
71925,0.0,0.04018741846084595,0.08671015501022339,0.03662408888339996
71926,0.0,0.032669007778167725,0.08305725455284119,0.027942093089222908
71927,0.0,0.035832226276397705,0.08514848351478577,0.03814158961176872
71928,0.0,0.03881192207336426,0.07910491526126862,0.04373491555452347
71929,0.0,0.035057663917541504,0.08833412081003189,0.03591214120388031
71930,0.0,0.02711862325668335,0.08382804691791534,0.023699013516306877
71931,0.0,0.04414552450180054,0.08785407990217209,0.04493669793009758
71932,0.0,0.026879191398620605,0.047997958958148956,0.029756514355540276
71933,0.0,0.023958265781402588,0.08330610394477844,0.025201475247740746
71934,0.0,0.02624434232711792,0.05126737058162689,0.02914675511419773
71935,0.0,0.027592897415161133,0.07694774866104126,0.03413130342960358
71936,0.0,0.02266061305999756,0.07829422503709793,0.02029261365532875
71937,0.0,0.026400446891784668,0.03955681622028351,0.028069349005818367
71938,0.0,0.026273012161254883,0.05015010014176369,0.01915382780134678
71939,0.0,0.023704588413238525,0.06980201601982117,0.015225998125970364
71940,0.0,0.024972736835479736,0.10096624493598938,0.020118586719036102
71941,0.0,0.023025095462799072,0.1023125946521759,0.019316529855132103
71942,0.0,0.02392178773880005,0.06726164370775223,0.014292101375758648
71943,0.0,0.02441585063934326,0.06241735443472862,0.014427443966269493
71944,0.0,0.021506547927856445,0.06510968506336212,0.010603895410895348
71945,0.0,0.02019953727722168,0.07471676170825958,0.009843687526881695
71946,0.0,0.02348572015762329,0.0712149441242218,0.013717138208448887
71947,0.0,0.02268153429031372,0.08761066198348999,0.01471787877380848
71948,0.0,0.022303223609924316,0.05992979556322098,0.014610917307436466
71949,0.0,0.025203704833984375,0.06403876096010208,0.02165655419230461
71950,0.0,0.02664637565612793,0.07251231372356415,0.02715909853577614
71951,0.0,0.02614724636077881,0.07687880843877792,0.019852688536047935
71952,0.0,0.02577131986618042,0.07643181830644608,0.02008161135017872
71953,0.0,0.025723278522491455,0.07486218959093094,0.020558970049023628
71954,0.0,0.02787107229232788,0.09275181591510773,0.01926470547914505
71955,0.0,0.03175675868988037,0.08003092557191849,0.033907707780599594
71956,0.0,0.034953176975250244,0.1316901594400406,0.03010154888033867
71957,0.0,0.037571072578430176,0.10257702320814133,0.02919941209256649
71958,0.0,0.03733152151107788,0.13783733546733856,0.04793831706047058
72481,1.0,0.08345973491668701,0.18028943240642548,0.11039476841688156
72482,1.0,0.07317149639129639,0.10584335774183273,0.0708005428314209
72483,1.0,0.05945032835006714,0.0949307233095169,0.04663687199354172
72484,1.0,0.05966228246688843,0.09801993519067764,0.05765983834862709
72485,1.0,0.06067955493927002,0.13389337062835693,0.07234661281108856
72486,1.0,0.058210670948028564,0.1036520004272461,0.0644981637597084
72487,1.0,0.06168144941329956,0.09118563681840897,0.05624716728925705
72488,1.0,0.06801378726959229,0.13797053694725037,0.08960580825805664
72489,1.0,0.06046360731124878,0.11898207664489746,0.07884666323661804
72490,1.0,0.06801378726959229,0.12312128394842148,0.08341612666845322
72491,1.0,0.061419665813446045,0.12555921077728271,0.06926894932985306
72492,1.0,0.06926524639129639,0.13904725015163422,0.09748148173093796
72493,1.0,0.060375869274139404,0.12949027121067047,0.09526117146015167
72494,1.0,0.060355961322784424,0.113477423787117,0.08810281753540039
72495,1.0,0.06028890609741211,0.1092422753572464,0.08333239704370499
72496,1.0,0.06009387969970703,0.0944056436419487,0.06091121584177017
72497,1.0,0.06307780742645264,0.0795847475528717,0.06317261606454849
72498,1.0,0.058871448040008545,0.0859702080488205,0.04531654343008995
72499,1.0,0.050021350383758545,0.08779360353946686,0.04207644239068031
72500,1.0,0.055445194244384766,0.08688405156135559,0.047952570021152496
72501,1.0,0.049439430236816406,0.056640662252902985,0.04143345728516579
72502,1.0,0.04838794469833374,0.04883353039622307,0.04215243086218834
72503,1.0,0.22877103090286255,0.23406122624874115,0.26894456148147583
72504,1.0,0.14519840478897095,0.1794164776802063,0.11595658212900162
72505,1.0,0.09490656852722168,0.10936824977397919,0.07648520916700363
72506,1.0,0.0710034966468811,0.11897695064544678,0.0580388642847538
72507,1.0,0.0637655258178711,0.1186872348189354,0.05565899610519409
72508,1.0,0.1100311279296875,0.10870221257209778,0.11750446259975433
72509,1.0,0.055587947368621826,0.07747931778430939,0.04135816544294357
72510,1.0,0.11367571353912354,0.14223964512348175,0.132978156208992
72511,1.0,0.09683048725128174,0.18948626518249512,0.05245702713727951
72512,1.0,0.1360243558883667,0.13416394591331482,0.09367193281650543
72513,1.0,0.07245713472366333,0.11205525696277618,0.05057162791490555
72514,1.0,0.06593972444534302,0.113338403403759,0.05146278813481331
72515,1.0,0.05520254373550415,0.06855014711618423,0.043918948620557785
72516,1.0,0.05655890703201294,0.0734444111585617,0.04168270155787468
72517,1.0,0.052083373069763184,0.054583124816417694,0.034188978374004364
72518,1.0,0.053465306758880615,0.047589804977178574,0.0406380370259285
72519,1.0,0.052615582942962646,0.04351634159684181,0.0359603688120842
72520,1.0,0.05637156963348389,0.05229862779378891,0.0594162791967392
72521,1.0,0.05943930149078369,0.06605164706707001,0.059424515813589096
72522,1.0,0.0475689172744751,0.06621722131967545,0.06050347164273262
72523,1.0,0.045194029808044434,0.08099980652332306,0.0344449020922184
72524,1.0,0.05516093969345093,0.10335660725831985,0.06498444825410843
72525,1.0,0.0467182993888855,0.11790074408054352,0.05990934371948242
72526,1.0,0.04470956325531006,0.12333707511425018,0.057138215750455856
72527,1.0,0.035851359367370605,0.05463467910885811,0.030288560315966606
72528,1.0,0.041705965995788574,0.0791647657752037,0.044884007424116135
72529,1.0,0.04607027769088745,0.08695875853300095,0.04209132120013237
72530,1.0,0.054358720779418945,0.10520350188016891,0.08382587134838104
72531,1.0,0.06071263551712036,0.06329356133937836,0.06973616033792496
72532,1.0,0.13131773471832275,0.11780805140733719,0.14934292435646057
73055,0.0,0.10724568367004395,0.12297120690345764,0.06549510359764099
73056,0.0,0.13402783870697021,0.16164930164813995,0.0939408540725708
73057,0.0,0.1336880326271057,0.13587090373039246,0.08386353403329849
73058,0.0,0.12974095344543457,0.167097270488739,0.09205642342567444
73059,0.0,0.056731343269348145,0.06894330680370331,0.03156761825084686
73060,0.0,0.10074681043624878,0.13168400526046753,0.07100781053304672
73061,0.0,0.05538785457611084,0.06509388238191605,0.032800812274217606
73062,0.0,0.04669761657714844,0.0419071801006794,0.028949275612831116
73063,0.0,0.09424406290054321,0.12485146522521973,0.0559457391500473
73064,0.0,0.12001585960388184,0.2102052867412567,0.08148198574781418
73065,0.0,0.14524495601654053,0.1988517791032791,0.1346336305141449
73066,0.0,0.09573781490325928,0.14179280400276184,0.0646539255976677
73067,0.0,0.24879276752471924,0.4161158800125122,0.2930900752544403
73068,0.0,0.17523372173309326,0.40681999921798706,0.15808814764022827
73069,0.0,0.29309260845184326,0.4292548596858978,0.39466893672943115
73070,0.0,0.287455677986145,0.5607919692993164,0.35452136397361755
73071,0.0,0.27921199798583984,0.3499724268913269,0.21860307455062866
73072,0.0,0.19674444198608398,0.23878511786460876,0.21550290286540985
73073,0.0,0.2149997353553772,0.21323440968990326,0.24838167428970337
73074,0.0,0.19214338064193726,0.19369161128997803,0.16226352751255035
73075,0.0,0.09360742568969727,0.18721921741962433,0.07789786159992218
73076,0.0,0.0705268383026123,0.1528404951095581,0.05211196839809418
73077,0.0,0.06296390295028687,0.0943073257803917,0.04061229154467583
73078,0.0,0.04962611198425293,0.07426785677671432,0.032806139439344406
73079,0.0,0.050247013568878174,0.093844473361969,0.04112609475851059
73080,0.0,0.04133939743041992,0.07807037234306335,0.04763539880514145
73081,0.0,0.04183930158615112,0.08398608863353729,0.04242914170026779
73082,0.0,0.042314112186431885,0.07097627967596054,0.04690927639603615
73083,0.0,0.04320627450942993,0.045049894601106644,0.05246007815003395
73084,0.0,0.04266631603240967,0.07447782903909683,0.04686810448765755
73085,0.0,0.041754066944122314,0.043649233877658844,0.04702014476060867
73086,0.0,0.07333672046661377,0.07231216132640839,0.07433892041444778
73087,0.0,0.047461748123168945,0.0550740547478199,0.033775124698877335
73088,0.0,0.05046987533569336,0.06477721780538559,0.0400189571082592
73089,0.0,0.04200679063796997,0.057462550699710846,0.032540950924158096
73090,0.0,0.04052168130874634,0.05547931790351868,0.03816411271691322
73091,0.0,0.03570801019668579,0.03646980971097946,0.03401010483503342
73092,0.0,0.03731203079223633,0.039015430957078934,0.03242747485637665
73093,0.0,0.03750753402709961,0.03307461366057396,0.030566686764359474
73094,0.0,0.038910746574401855,0.032814063131809235,0.032618094235658646
73095,0.0,0.035483598709106445,0.03688938915729523,0.026303935796022415
73096,0.0,0.03910839557647705,0.05281461402773857,0.040101032704114914
73097,0.0,0.03608834743499756,0.09278473258018494,0.029864607378840446
73098,0.0,0.042483508586883545,0.05448734387755394,0.04897111654281616
73099,0.0,0.03496915102005005,0.044948760420084,0.03216874971985817
73100,0.0,0.030768275260925293,0.05007149279117584,0.03442053869366646
73101,0.0,0.03315615653991699,0.045600198209285736,0.03779587894678116
73102,0.0,0.04086196422576904,0.09584280848503113,0.036001984030008316
73103,0.0,0.041792452335357666,0.1422363817691803,0.04442618787288666
73104,0.0,0.039786338806152344,0.09211251884698868,0.03604601323604584
73105,0.0,0.058133482933044434,0.0868457555770874,0.07421642541885376
73106,0.0,0.09856665134429932,0.10071093589067459,0.09048771858215332
73629,0.0,0.46580636501312256,0.5821729302406311,0.6120349168777466
73630,0.0,0.5683406591415405,0.8125735521316528,0.9230846166610718
73631,1.0,0.45932960510253906,0.5952193140983582,0.6825345754623413
73632,1.0,0.43784791231155396,0.5580147504806519,0.7064709067344666
73633,1.0,0.553846001625061,0.6731073260307312,0.8188501596450806
73634,1.0,0.5948629379272461,0.6849745512008667,0.9465194344520569
73635,1.0,0.5528292059898376,0.7937227487564087,0.9378324151039124
73636,1.0,0.5599210262298584,0.7806589603424072,0.9492485523223877
73637,1.0,0.5628632307052612,0.7748119831085205,0.9650524258613586
73638,1.0,0.46363723278045654,0.7609797120094299,0.8494450449943542
73639,1.0,0.538128137588501,0.7122511267662048,0.96944260597229
73640,1.0,0.5649165511131287,0.7887924313545227,0.9772870540618896
73641,1.0,0.5923916101455688,0.7365258932113647,0.9703109860420227
73642,1.0,0.5471193790435791,0.6584092974662781,0.9217693209648132
73643,0.0,0.3775556683540344,0.6147047281265259,0.8213247060775757
73644,1.0,0.4802788496017456,0.5951862931251526,0.8591766953468323
73645,1.0,0.5862365961074829,0.6861451268196106,0.953218400478363
73646,1.0,0.5740159749984741,0.7372347116470337,0.9462067484855652
73647,1.0,0.5758781433105469,0.758010745048523,0.9662805199623108
73648,1.0,0.5770457983016968,0.75302654504776,0.9637630581855774
73649,1.0,0.5632861852645874,0.7327244877815247,0.9637226462364197
73650,1.0,0.5658466815948486,0.7192655205726624,0.9478221535682678
73651,1.0,0.5131844282150269,0.7399174571037292,0.8729329705238342
73652,1.0,0.5722705721855164,0.7181505560874939,0.9007610082626343
73653,1.0,0.5729786157608032,0.6472220420837402,0.8054108023643494
73654,1.0,0.56610107421875,0.6480237245559692,0.7981866598129272
73655,1.0,0.5640542507171631,0.5949636697769165,0.8057653307914734
73656,1.0,0.4196625351905823,0.5581763982772827,0.5390676856040955
73657,1.0,0.46060359477996826,0.6369977593421936,0.5814749598503113
73658,1.0,0.4399794340133667,0.6258421540260315,0.4923028349876404
73659,1.0,0.5397459864616394,0.6743279099464417,0.6596115827560425
73660,1.0,0.47594302892684937,0.7402530312538147,0.5589872002601624
73661,1.0,0.4356841444969177,0.5979119539260864,0.4241145849227905
73662,1.0,0.49368083477020264,0.6642670035362244,0.6418237090110779
73663,1.0,0.44173336029052734,0.6038841009140015,0.6040071249008179
73664,0.0,0.4428712725639343,0.5020927786827087,0.46205803751945496
73665,1.0,0.42093491554260254,0.46804314851760864,0.46123579144477844
73666,0.0,0.4555266499519348,0.5334432721138,0.7175443172454834
73667,1.0,0.44284600019454956,0.41256070137023926,0.6452323198318481
73668,1.0,0.4459106922149658,0.5923283696174622,0.7384179830551147
73669,1.0,0.43846970796585083,0.5431275963783264,0.6180787682533264
73670,0.0,0.41688352823257446,0.5656744241714478,0.4649871289730072
73671,1.0,0.4335211515426636,0.44353577494621277,0.5310093760490417
73672,1.0,0.46163779497146606,0.5408632755279541,0.5017333626747131
73673,0.0,0.42380404472351074,0.5347482562065125,0.42738598585128784
73674,0.0,0.477566659450531,0.504760205745697,0.5940278172492981
73675,1.0,0.5134727954864502,0.5650696158409119,0.8053895235061646
73676,1.0,0.4924125671386719,0.4634998142719269,0.7609333992004395
73677,1.0,0.4210031032562256,0.45760244131088257,0.45473527908325195
73678,1.0,0.5118505954742432,0.5512192845344543,0.713211715221405
73679,0.0,0.2810400724411011,0.442611962556839,0.3295450806617737
73680,0.0,0.414267897605896,0.48622727394104004,0.39407283067703247
74203,1.0,0.3999063968658447,0.6063506007194519,0.652381181716919
74204,1.0,0.44626152515411377,0.4545823037624359,0.605685830116272
74205,1.0,0.3985440135002136,0.4010310471057892,0.6370506882667542
74206,0.0,0.3827971816062927,0.42034977674484253,0.44548436999320984
74207,1.0,0.5571854114532471,0.6413791179656982,0.7909890413284302
74208,1.0,0.4249032735824585,0.574552059173584,0.579389750957489
74209,0.0,0.3671821355819702,0.5492876768112183,0.6002678871154785
74210,1.0,0.3970572352409363,0.6667909622192383,0.5057265162467957
74211,1.0,0.39565277099609375,0.44756031036376953,0.5459385514259338
74212,1.0,0.35378867387771606,0.4751133322715759,0.49044767022132874
74213,1.0,0.3083583116531372,0.3930589258670807,0.42963939905166626
74214,0.0,0.3166309595108032,0.41132238507270813,0.3612709641456604
74215,1.0,0.29198652505874634,0.41070693731307983,0.3812315762042999
74216,0.0,0.27118492126464844,0.3767916262149811,0.3558076024055481
74217,0.0,0.26293814182281494,0.2924426794052124,0.3632148504257202
74218,1.0,0.29438328742980957,0.32539305090904236,0.40602365136146545
74219,1.0,0.3418986201286316,0.37574121356010437,0.4550662636756897
74220,1.0,0.2836548686027527,0.3239790201187134,0.36367130279541016
74221,0.0,0.27293193340301514,0.3218613564968109,0.35993438959121704
74222,1.0,0.27204883098602295,0.33357346057891846,0.3749135434627533
74223,1.0,0.24266844987869263,0.2635107934474945,0.3001970946788788
74224,0.0,0.19802075624465942,0.19650408625602722,0.18708579242229462
74225,0.0,0.17349398136138916,0.19011588394641876,0.17079155147075653
74226,0.0,0.16693979501724243,0.16897737979888916,0.14534984529018402
74227,0.0,0.18807798624038696,0.19481447339057922,0.259014755487442
74228,1.0,0.2639109492301941,0.22045135498046875,0.25329604744911194
74229,1.0,0.24490588903427124,0.23419412970542908,0.22920013964176178
74230,0.0,0.24878919124603271,0.2803989052772522,0.34276512265205383
74231,1.0,0.29734939336776733,0.2898569703102112,0.26183801889419556
74232,0.0,0.24553680419921875,0.21731506288051605,0.25260064005851746
74233,0.0,0.22263884544372559,0.2206028699874878,0.3083159923553467
74234,0.0,0.21201872825622559,0.199504092335701,0.23217371106147766
74235,0.0,0.21579581499099731,0.2447703331708908,0.2316310852766037
74236,1.0,0.27147263288497925,0.28753915429115295,0.36990851163864136
74237,1.0,0.2816125750541687,0.27410653233528137,0.3304869830608368
74238,0.0,0.30790525674819946,0.2489582896232605,0.3702213168144226
74239,0.0,0.2519734501838684,0.29261699318885803,0.35738828778266907
74240,0.0,0.20730996131896973,0.2669593393802643,0.33131060004234314
74241,1.0,0.2182445526123047,0.22661267220973969,0.245094433426857
74242,0.0,0.18682509660720825,0.19939042627811432,0.2112080603837967
74243,0.0,0.17191022634506226,0.2145751714706421,0.276626318693161
74244,1.0,0.22824525833129883,0.27002620697021484,0.2924913465976715
74245,1.0,0.25802505016326904,0.33662542700767517,0.473929762840271
74246,1.0,0.30122560262680054,0.347906231880188,0.47229450941085815
74247,1.0,0.2867436408996582,0.3369888961315155,0.4415754973888397
74248,1.0,0.27755677700042725,0.3096637427806854,0.4468470513820648
74249,1.0,0.29366981983184814,0.33126235008239746,0.47807565331459045
74250,1.0,0.31590527296066284,0.34592926502227783,0.4637545645236969
74251,1.0,0.28751808404922485,0.3557257056236267,0.42355969548225403
74252,1.0,0.29252415895462036,0.3478287160396576,0.41757312417030334
74253,0.0,0.18870973587036133,0.2902167737483978,0.2293330878019333
74254,0.0,0.2683488726615906,0.3131774067878723,0.42154622077941895
74777,1.0,0.3605954647064209,0.40919971466064453,0.4798206090927124
74778,1.0,0.28310370445251465,0.42835673689842224,0.31411921977996826
74779,1.0,0.3546646237373352,0.3628788888454437,0.4903048574924469
74780,1.0,0.30872678756713867,0.37874749302864075,0.38657671213150024
74781,1.0,0.25648993253707886,0.33072689175605774,0.28896021842956543
74782,1.0,0.2698290944099426,0.29527413845062256,0.3639877140522003
74783,1.0,0.2484765648841858,0.27367112040519714,0.28674545884132385
74784,0.0,0.2721366882324219,0.280026912689209,0.35697564482688904
74785,1.0,0.29657691717147827,0.35824939608573914,0.35542401671409607
74786,0.0,0.3396679759025574,0.4124978184700012,0.44043704867362976
74787,1.0,0.32897353172302246,0.3686276972293854,0.47275498509407043
74788,0.0,0.3003607392311096,0.27391406893730164,0.3577687740325928
74789,0.0,0.2559722661972046,0.3186076283454895,0.32274600863456726
74790,0.0,0.2163907289505005,0.2552412450313568,0.24659478664398193
74791,0.0,0.1492938995361328,0.2144331932067871,0.1442815363407135
74792,0.0,0.1366472840309143,0.21724525094032288,0.11271633952856064
74793,0.0,0.18316423892974854,0.23021571338176727,0.18221819400787354
74794,0.0,0.1761636734008789,0.15938052535057068,0.20942479372024536
74795,0.0,0.14490139484405518,0.15741434693336487,0.13474933803081512
74796,0.0,0.13117825984954834,0.15635594725608826,0.13153983652591705
74797,0.0,0.11494684219360352,0.13162556290626526,0.1175038069486618
74798,0.0,0.1280469298362732,0.15109379589557648,0.1312582790851593
74799,0.0,0.1065167784690857,0.18080945312976837,0.12735995650291443
74800,1.0,0.1372109055519104,0.1481088548898697,0.11598513275384903
74801,0.0,0.14137589931488037,0.15223176777362823,0.15684747695922852
74802,0.0,0.10840421915054321,0.1403294950723648,0.11403094232082367
74803,0.0,0.11353534460067749,0.133052796125412,0.13603432476520538
74804,0.0,0.24078106880187988,0.18768534064292908,0.30491897463798523
74805,1.0,0.16284865140914917,0.24278630316257477,0.1856580227613449
74806,0.0,0.14895039796829224,0.1806895136833191,0.18556146323680878
74807,0.0,0.13080239295959473,0.19805365800857544,0.15732532739639282
74808,1.0,0.109352707862854,0.18312501907348633,0.13452938199043274
74809,1.0,0.14370042085647583,0.16202983260154724,0.19532108306884766
74810,0.0,0.1574762463569641,0.14198409020900726,0.17978662252426147
74811,0.0,0.11127287149429321,0.16961361467838287,0.14831450581550598
74812,1.0,0.11109751462936401,0.19175903499126434,0.1777656525373459
74813,0.0,0.10581666231155396,0.17686152458190918,0.12666642665863037
74814,1.0,0.14086854457855225,0.14104166626930237,0.16343477368354797
74815,0.0,0.18394756317138672,0.21386952698230743,0.20344920456409454
74816,1.0,0.16036278009414673,0.15902577340602875,0.18456517159938812
74817,0.0,0.1620534062385559,0.19645173847675323,0.16150350868701935
74818,1.0,0.12561672925949097,0.170217826962471,0.14072401821613312
74819,0.0,0.168798565864563,0.16020411252975464,0.20584465563297272
74820,0.0,0.1403266191482544,0.1763426959514618,0.17194174230098724
74821,1.0,0.1465703845024109,0.2185891717672348,0.14894483983516693
74822,0.0,0.19252443313598633,0.19430233538150787,0.23398850858211517
74823,0.0,0.13914555311203003,0.15391480922698975,0.16875848174095154
74824,0.0,0.1904488205909729,0.2292541265487671,0.2830173373222351
74825,1.0,0.3538292646408081,0.43912601470947266,0.4817795753479004
74826,1.0,0.389689564704895,0.46664902567863464,0.41496241092681885
74827,0.0,0.3686780333518982,0.31820398569107056,0.5231935977935791
74828,0.0,0.3305412530899048,0.3741091787815094,0.5206672549247742
75351,1.0,0.11458450555801392,0.1593237817287445,0.12809734046459198
75352,1.0,0.13533121347427368,0.17152585089206696,0.17168943583965302
75353,1.0,0.20995676517486572,0.1483457386493683,0.28599128127098083
75354,1.0,0.11898225545883179,0.19432619214057922,0.13127203285694122
75355,1.0,0.15436989068984985,0.16909167170524597,0.21956735849380493
75356,1.0,0.20207077264785767,0.23514938354492188,0.25338083505630493
75357,1.0,0.12067556381225586,0.11862490326166153,0.152444526553154
75358,1.0,0.13626790046691895,0.17219185829162598,0.15703940391540527
75359,1.0,0.12207001447677612,0.15792328119277954,0.15134809911251068
75360,1.0,0.1265307068824768,0.17714302241802216,0.1539924144744873
75361,1.0,0.15854543447494507,0.2115585058927536,0.21090584993362427
75362,1.0,0.17354649305343628,0.16095826029777527,0.25617626309394836
75363,1.0,0.15585297346115112,0.1979295164346695,0.20917031168937683
75364,1.0,0.1671767234802246,0.16979172825813293,0.1957794427871704
75365,1.0,0.2182788848876953,0.25035786628723145,0.28755244612693787
75366,1.0,0.15305441617965698,0.18282277882099152,0.20871634781360626
75367,1.0,0.1410934329032898,0.1568407118320465,0.17126022279262543
75368,1.0,0.16572320461273193,0.16476842761039734,0.23471428453922272
75369,1.0,0.23920565843582153,0.3006698787212372,0.3746688663959503
75370,1.0,0.24591779708862305,0.25426459312438965,0.3814827501773834
75371,1.0,0.2410854697227478,0.2261723130941391,0.34448617696762085
75372,1.0,0.2563382387161255,0.286142498254776,0.33821409940719604
75373,1.0,0.2504848837852478,0.24988897144794464,0.2693401277065277
75374,1.0,0.28301501274108887,0.21466787159442902,0.4295891523361206
75375,1.0,0.22920209169387817,0.24030110239982605,0.3002743422985077
75376,1.0,0.23317450284957886,0.24761952459812164,0.32622087001800537
75377,1.0,0.263552188873291,0.3221980333328247,0.3764232099056244
75378,1.0,0.23781007528305054,0.2786892354488373,0.2969890236854553
75379,1.0,0.2868896722793579,0.29144784808158875,0.41304945945739746
75380,1.0,0.2629293203353882,0.3143119215965271,0.3727016746997833
75381,1.0,0.1728631854057312,0.19266006350517273,0.25389328598976135
75382,1.0,0.1611589789390564,0.16200003027915955,0.16163945198059082
75383,1.0,0.1320316195487976,0.16437797248363495,0.13408342003822327
75384,1.0,0.1565670371055603,0.1527002900838852,0.20898142457008362
75385,1.0,0.15121757984161377,0.15904387831687927,0.19080588221549988
75386,1.0,0.13716208934783936,0.14677120745182037,0.19063010811805725
75387,1.0,0.12599921226501465,0.20219303667545319,0.17917734384536743
75388,1.0,0.15449166297912598,0.1935582458972931,0.23619794845581055
75389,1.0,0.14927297830581665,0.1850731372833252,0.20385076105594635
75390,1.0,0.17619025707244873,0.17166127264499664,0.2533089518547058
75391,1.0,0.14026057720184326,0.18654212355613708,0.16014662384986877
75392,1.0,0.11580109596252441,0.15729551017284393,0.11760342121124268
75393,1.0,0.10133528709411621,0.10548422485589981,0.13220198452472687
75394,1.0,0.147865891456604,0.1371995508670807,0.18577589094638824
75395,1.0,0.11250919103622437,0.12540648877620697,0.13652370870113373
75396,1.0,0.10743051767349243,0.09281793981790543,0.13430586457252502
75397,1.0,0.11719411611557007,0.11807046085596085,0.13813526928424835
75398,1.0,0.11634629964828491,0.10379962623119354,0.1316649466753006
75399,1.0,0.3855379819869995,0.3862704336643219,0.5070198774337769
75400,1.0,0.3384644389152527,0.37147843837738037,0.4619838297367096
75401,1.0,0.18977904319763184,0.3671591281890869,0.26942238211631775
75402,1.0,0.2992175817489624,0.31731781363487244,0.3775210380554199
75925,0.0,0.3530415892601013,0.5695639848709106,0.4257613718509674
75926,0.0,0.33498328924179077,0.4648764133453369,0.27842143177986145
75927,0.0,0.2527810335159302,0.36848050355911255,0.25209081172943115
75928,0.0,0.1587430238723755,0.2721811532974243,0.13477057218551636
75929,0.0,0.17303049564361572,0.2501637637615204,0.10316810011863708
75930,0.0,0.1679515838623047,0.2709507346153259,0.14191186428070068
75931,0.0,0.15387487411499023,0.30064716935157776,0.08911905437707901
75932,0.0,0.21887171268463135,0.35465359687805176,0.2023257166147232
75933,0.0,0.17447257041931152,0.37564992904663086,0.1410655528306961
75934,0.0,0.16711974143981934,0.29473114013671875,0.09220128506422043
75935,0.0,0.1704757809638977,0.2400520294904709,0.11966059356927872
75936,0.0,0.20450752973556519,0.23391571640968323,0.1488969475030899
75937,0.0,0.20761257410049438,0.4076700806617737,0.17697499692440033
75938,0.0,0.14869898557662964,0.3608442544937134,0.095443494617939
75939,0.0,0.21390604972839355,0.4151613712310791,0.20083731412887573
75940,0.0,0.1811234951019287,0.30865001678466797,0.17695218324661255
75941,0.0,0.1720559000968933,0.2513315975666046,0.08934472501277924
75942,0.0,0.18959921598434448,0.3561105728149414,0.19906143844127655
75943,0.0,0.17071813344955444,0.29197245836257935,0.1566004753112793
75944,0.0,0.18233722448349,0.2416466772556305,0.1372441202402115
75945,0.0,0.16678380966186523,0.22550924122333527,0.13823124766349792
75946,0.0,0.15712422132492065,0.21920989453792572,0.1141192838549614
75947,0.0,0.15428543090820312,0.2166745513677597,0.11166351288557053
75948,0.0,0.13828730583190918,0.18561722338199615,0.10816571861505508
75949,0.0,0.15827292203903198,0.22450780868530273,0.10149624943733215
75950,0.0,0.12882566452026367,0.1829746663570404,0.09231837093830109
75951,0.0,0.1520964503288269,0.19834154844284058,0.11316421627998352
75952,0.0,0.13416439294815063,0.1839120090007782,0.10096874833106995
75953,0.0,0.13814908266067505,0.19019560515880585,0.09384573996067047
75954,0.0,0.12688100337982178,0.198710635304451,0.09488901495933533
75955,0.0,0.09171980619430542,0.13938453793525696,0.05091355741024017
75956,0.0,0.08428561687469482,0.13916419446468353,0.0523383766412735
75957,0.0,0.07821226119995117,0.15293993055820465,0.049003660678863525
75958,0.0,0.08885818719863892,0.12847119569778442,0.0582074299454689
75959,0.0,0.08088189363479614,0.1191725954413414,0.05084671825170517
75960,0.0,0.07642894983291626,0.13720884919166565,0.06053036451339722
75961,0.0,0.06480497121810913,0.0848391205072403,0.039607249200344086
75962,0.0,0.07531869411468506,0.08859419822692871,0.044359900057315826
75963,0.0,0.07988637685775757,0.1425277143716812,0.047287311404943466
75964,0.0,0.07348167896270752,0.1262340545654297,0.04028802365064621
75965,0.0,0.086850106716156,0.11487334966659546,0.0518173910677433
75966,0.0,0.09194177389144897,0.11659716069698334,0.047572191804647446
75967,0.0,0.09089630842208862,0.1243797019124031,0.06635336577892303
75968,0.0,0.10474616289138794,0.1404258906841278,0.07354364544153214
75969,0.0,0.06711924076080322,0.12400812655687332,0.03734311833977699
75970,0.0,0.09194844961166382,0.11572301387786865,0.06799691915512085
75971,0.0,0.08817780017852783,0.1314610093832016,0.0524342805147171
75972,0.0,0.10181158781051636,0.12010256201028824,0.07359646260738373
75973,0.0,0.09078848361968994,0.15817585587501526,0.0662120059132576
75974,0.0,0.10659229755401611,0.17101165652275085,0.10487306118011475
75975,0.0,0.0958404541015625,0.17021231353282928,0.08618056029081345
75976,0.0,0.10802680253982544,0.2058590054512024,0.09862807393074036
76499,0.0,0.5137383341789246,0.7753052711486816,0.7709984183311462
76500,0.0,0.4567084312438965,0.554221510887146,0.5746642351150513
76501,0.0,0.45538800954818726,0.6041588187217712,0.5554311275482178
76502,0.0,0.38517385721206665,0.32569846510887146,0.35483723878860474
76503,0.0,0.39583873748779297,0.38671520352363586,0.3011435270309448
76504,0.0,0.3640282154083252,0.31975823640823364,0.28109848499298096
76505,0.0,0.3790625333786011,0.3103747069835663,0.3216756582260132
76506,0.0,0.3402029275894165,0.42322081327438354,0.33412864804267883
76507,0.0,0.34895116090774536,0.3794514536857605,0.24722683429718018
76508,0.0,0.36376315355300903,0.43050241470336914,0.3302178680896759
76509,0.0,0.40828758478164673,0.4897642135620117,0.3523314893245697
76510,0.0,0.37025558948516846,0.4512103199958801,0.3523145020008087
76511,0.0,0.46019411087036133,0.566900372505188,0.5464805364608765
76512,0.0,0.3581763505935669,0.47893911600112915,0.39209648966789246
76513,0.0,0.2977045178413391,0.43563729524612427,0.2937805950641632
76514,0.0,0.2711745500564575,0.3793322443962097,0.2696836292743683
76515,0.0,0.37906402349472046,0.4677848219871521,0.271205872297287
76516,0.0,0.43305909633636475,0.5344064831733704,0.4246474802494049
76517,0.0,0.3085044026374817,0.23794977366924286,0.26396411657333374
76518,0.0,0.25886261463165283,0.219160258769989,0.21345029771327972
76519,0.0,0.16608506441116333,0.24286194145679474,0.154687762260437
76520,0.0,0.21410638093948364,0.2831612527370453,0.2383393496274948
76521,0.0,0.18283265829086304,0.2468058317899704,0.2422492802143097
76522,0.0,0.19979780912399292,0.3085346221923828,0.21251153945922852
76523,0.0,0.19112181663513184,0.1970842480659485,0.18586857616901398
76524,0.0,0.2376319169998169,0.33744242787361145,0.2462005466222763
76525,0.0,0.24084115028381348,0.23046211898326874,0.21051980555057526
76526,0.0,0.16870266199111938,0.25919559597969055,0.23474952578544617
76527,0.0,0.2619480490684509,0.26639652252197266,0.2470245510339737
76528,0.0,0.16927367448806763,0.2669709324836731,0.19039975106716156
76529,0.0,0.14401423931121826,0.19901712238788605,0.13873495161533356
76530,0.0,0.11967772245407104,0.2576327323913574,0.16184589266777039
76531,0.0,0.12930577993392944,0.21651220321655273,0.14495207369327545
76532,0.0,0.22018378973007202,0.21964390575885773,0.232559472322464
76533,0.0,0.16560518741607666,0.2336418181657791,0.19075314700603485
76534,0.0,0.14539426565170288,0.36131688952445984,0.14389827847480774
76535,0.0,0.16468548774719238,0.2656925916671753,0.1376020461320877
76536,0.0,0.21919190883636475,0.30838704109191895,0.19288873672485352
76537,0.0,0.21273404359817505,0.36802342534065247,0.22251898050308228
76538,0.0,0.22443431615829468,0.28924205899238586,0.20990054309368134
76539,0.0,0.20319849252700806,0.3241233229637146,0.21368584036827087
76540,0.0,0.23722821474075317,0.311310350894928,0.279052734375
76541,0.0,0.19656455516815186,0.20625604689121246,0.21172650158405304
76542,0.0,0.24152570962905884,0.22617016732692719,0.3267771303653717
76543,0.0,0.1937224268913269,0.2151627093553543,0.1858806163072586
76544,0.0,0.2653973698616028,0.3545370101928711,0.40231290459632874
76545,0.0,0.25024324655532837,0.26118943095207214,0.3220929801464081
76546,0.0,0.30069130659103394,0.3492526113986969,0.45464274287223816
76547,0.0,0.28272759914398193,0.28464990854263306,0.3453052341938019
76548,0.0,0.3225775361061096,0.5014685988426208,0.4123067259788513
76549,0.0,0.3504387140274048,0.3745419681072235,0.5701572299003601
76550,0.0,0.40475863218307495,0.5349922180175781,0.539921760559082
77073,1.0,0.47222596406936646,0.7504006028175354,0.9163339138031006
77074,1.0,0.5675306916236877,0.8227068185806274,0.9467197060585022
77075,1.0,0.540547251701355,0.8307133316993713,0.8716837167739868
77076,1.0,0.5480973124504089,0.8159939646720886,0.8825693130493164
77077,1.0,0.4281560182571411,0.6054971218109131,0.6302019357681274
77078,1.0,0.37448620796203613,0.5633257031440735,0.5664979815483093
77079,1.0,0.47193270921707153,0.6479865908622742,0.7313167452812195
77080,1.0,0.5379996299743652,0.8090786933898926,0.9479289054870605
77081,1.0,0.5958919525146484,0.9186035394668579,0.9793383479118347
77082,1.0,0.5132684707641602,0.8770658373832703,0.9764055013656616
77083,1.0,0.529971718788147,0.8802233934402466,0.9547857046127319
77084,1.0,0.5595858097076416,0.9071053266525269,0.960486888885498
77085,1.0,0.5833631157875061,0.9046767354011536,0.9625898003578186
77086,1.0,0.47553008794784546,0.7587701082229614,0.9052521586418152
77087,0.0,0.3259319067001343,0.6778669357299805,0.6792653799057007
77088,1.0,0.4696851372718811,0.7349229454994202,0.8554834127426147
77089,1.0,0.5610142946243286,0.8034003973007202,0.9550848007202148
77090,1.0,0.5880042910575867,0.8855414986610413,0.9854527115821838
77091,1.0,0.5993922352790833,0.8963873386383057,0.9884605407714844
77092,1.0,0.5957117676734924,0.9018826484680176,0.9893015027046204
77093,1.0,0.5286692380905151,0.8674359321594238,0.9599539041519165
77094,1.0,0.5277338027954102,0.898004949092865,0.9613785743713379
77095,1.0,0.5637299418449402,0.8799304366111755,0.9667357802391052
77096,1.0,0.5779311656951904,0.892000138759613,0.9660549759864807
77097,1.0,0.5787478089332581,0.8792187571525574,0.9735150933265686
77098,1.0,0.5746371746063232,0.8381021022796631,0.960486114025116
77099,1.0,0.568293035030365,0.7849892973899841,0.9215089082717896
77100,1.0,0.551944375038147,0.8204109072685242,0.8893925547599792
77101,1.0,0.54624342918396,0.7839383482933044,0.8870051503181458
77102,1.0,0.5106126070022583,0.7364756464958191,0.8010039329528809
77103,1.0,0.46757394075393677,0.6656703948974609,0.7279250025749207
77104,1.0,0.4439462423324585,0.5348120927810669,0.5899753570556641
77105,1.0,0.4014846682548523,0.5529751181602478,0.5546814203262329
77106,1.0,0.39105224609375,0.5040225982666016,0.5388184785842896
77107,1.0,0.3635016083717346,0.6147388219833374,0.5576337575912476
77108,1.0,0.2530282735824585,0.3813936412334442,0.3246569335460663
77109,1.0,0.2388613224029541,0.46511250734329224,0.2687693238258362
77110,1.0,0.2187027931213379,0.2590934634208679,0.25729912519454956
77111,1.0,0.224978506565094,0.24897092580795288,0.26132088899612427
77112,0.0,0.2100580930709839,0.23061634600162506,0.1838524043560028
77113,0.0,0.22334343194961548,0.2620743215084076,0.2527539134025574
77114,1.0,0.13829433917999268,0.16684582829475403,0.09894847869873047
77115,0.0,0.18338137865066528,0.2470373511314392,0.17174924910068512
77116,0.0,0.19558733701705933,0.2052081823348999,0.228522390127182
77117,0.0,0.20356523990631104,0.19852755963802338,0.22745853662490845
77118,0.0,0.18990033864974976,0.20053841173648834,0.21354037523269653
77119,0.0,0.19803214073181152,0.20159973204135895,0.20759032666683197
77120,0.0,0.209780752658844,0.22541223466396332,0.20483466982841492
77121,0.0,0.21483469009399414,0.35383474826812744,0.18168482184410095
77122,0.0,0.1845681071281433,0.2735353708267212,0.19945111870765686
77123,0.0,0.16920894384384155,0.20155517756938934,0.21586200594902039
77124,0.0,0.23316186666488647,0.27531784772872925,0.3152035176753998
77647,0.0,0.2985624074935913,0.40971001982688904,0.2616870105266571
77648,0.0,0.44450265169143677,0.4470474123954773,0.5814220905303955
77649,0.0,0.46848922967910767,0.541537880897522,0.6731424331665039
77650,0.0,0.45576876401901245,0.5597309470176697,0.5686184763908386
77651,0.0,0.3756040334701538,0.4411807656288147,0.47598016262054443
77652,0.0,0.36375898122787476,0.43064403533935547,0.41211414337158203
77653,0.0,0.3809635043144226,0.5398123264312744,0.49009355902671814
77654,0.0,0.4206916093826294,0.4768877625465393,0.49567270278930664
77655,0.0,0.38685113191604614,0.42633214592933655,0.5037068724632263
77656,0.0,0.3671303391456604,0.3812617063522339,0.42383629083633423
77657,0.0,0.33830761909484863,0.3266228139400482,0.4029999077320099
77658,0.0,0.314439058303833,0.2763926088809967,0.30760321021080017
77659,0.0,0.30334872007369995,0.4422172009944916,0.3915879428386688
77660,0.0,0.3192242383956909,0.3786722421646118,0.3301070034503937
77661,0.0,0.44044893980026245,0.5434360504150391,0.630369246006012
77662,0.0,0.4639345407485962,0.6670032143592834,0.6919962167739868
77663,0.0,0.5399988889694214,0.6930087804794312,0.8162474632263184
77664,0.0,0.4991081953048706,0.7377097010612488,0.7610273361206055
77665,0.0,0.40445083379745483,0.5419287085533142,0.46735474467277527
77666,0.0,0.3409625291824341,0.3757424056529999,0.4041130542755127
77667,0.0,0.34089452028274536,0.5871044993400574,0.4290749728679657
77668,0.0,0.37046587467193604,0.4787848889827728,0.36527010798454285
77669,0.0,0.3566107749938965,0.4005533754825592,0.3652741312980652
77670,0.0,0.2681259512901306,0.3590618371963501,0.18952526152133942
77671,0.0,0.20406830310821533,0.2616331875324249,0.12170135974884033
77672,0.0,0.238855242729187,0.18087328970432281,0.13785482943058014
77673,0.0,0.34883344173431396,0.3816974461078644,0.37866684794425964
77674,0.0,0.30059510469436646,0.3812679052352905,0.3463626503944397
77675,0.0,0.2739381790161133,0.23050963878631592,0.18771544098854065
77676,0.0,0.17655760049819946,0.17368824779987335,0.12908099591732025
77677,0.0,0.14749324321746826,0.10528681427240372,0.12460402399301529
77678,0.0,0.1382705569267273,0.10863124579191208,0.10659439861774445
77679,0.0,0.10928350687026978,0.09999949485063553,0.06993398815393448
77680,0.0,0.1257053017616272,0.12054107338190079,0.04261403903365135
77681,0.0,0.09062498807907104,0.04759420454502106,0.04197726771235466
77682,0.0,0.07796984910964966,0.050844457000494,0.04912511259317398
77683,0.0,0.08185648918151855,0.08086565881967545,0.06278050690889359
77684,0.0,0.15183395147323608,0.27630797028541565,0.22434328496456146
77685,0.0,0.08207029104232788,0.09339065849781036,0.05868666619062424
77686,0.0,0.06749540567398071,0.05824722349643707,0.053467705845832825
77687,0.0,0.07136732339859009,0.046952985227108,0.05275881290435791
77688,0.0,0.08508354425430298,0.05998154357075691,0.04893659055233002
77689,0.0,0.09440243244171143,0.12201011925935745,0.10969818383455276
77690,0.0,0.07552069425582886,0.0817481204867363,0.08036324381828308
77691,0.0,0.0927133560180664,0.06201808899641037,0.04948803782463074
77692,0.0,0.05866211652755737,0.09205005317926407,0.037873171269893646
77693,0.0,0.07469195127487183,0.11843188107013702,0.0623304545879364
77694,0.0,0.08373361825942993,0.14042799174785614,0.07246586680412292
77695,0.0,0.17850810289382935,0.3058878183364868,0.1792006939649582
77696,0.0,0.1770017147064209,0.2334010750055313,0.17517726123332977
77697,0.0,0.15591806173324585,0.17168880999088287,0.14946988224983215
77698,0.0,0.21575266122817993,0.20632614195346832,0.2906925678253174
78221,0.0,0.21683216094970703,0.21195724606513977,0.24917322397232056
78222,0.0,0.29096144437789917,0.3106755018234253,0.408552885055542
78223,1.0,0.1809992790222168,0.15754657983779907,0.20505957305431366
78224,0.0,0.15020155906677246,0.17367862164974213,0.1567644327878952
78225,0.0,0.2171846628189087,0.23216824233531952,0.27343612909317017
78226,0.0,0.16814029216766357,0.26057329773902893,0.18374958634376526
78227,0.0,0.22370994091033936,0.19308917224407196,0.25893235206604004
78228,0.0,0.25967419147491455,0.278328537940979,0.35099372267723083
78229,1.0,0.278018057346344,0.2531224489212036,0.3132641315460205
78230,0.0,0.3135570287704468,0.29533180594444275,0.4273223578929901
78231,1.0,0.2901514172554016,0.2766289710998535,0.3357071876525879
78232,1.0,0.26281535625457764,0.3325784206390381,0.3170619308948517
78233,0.0,0.2805618643760681,0.28418052196502686,0.37723907828330994
78234,0.0,0.1820252537727356,0.2629559636116028,0.21910661458969116
78235,0.0,0.19058609008789062,0.23692631721496582,0.2141253650188446
78236,0.0,0.12755995988845825,0.12713992595672607,0.12246234714984894
78237,0.0,0.1997581124305725,0.2002810686826706,0.23422297835350037
78238,1.0,0.2506152391433716,0.22469647228717804,0.3402518928050995
78239,1.0,0.21765059232711792,0.19421806931495667,0.2279476374387741
78240,0.0,0.165382981300354,0.1695041060447693,0.22534078359603882
78241,0.0,0.12101471424102783,0.12272532284259796,0.12386947125196457
78242,0.0,0.09997290372848511,0.11744987219572067,0.0933857262134552
78243,0.0,0.0950661301612854,0.08149620145559311,0.10818403214216232
78244,0.0,0.13605988025665283,0.09501361846923828,0.16749897599220276
78245,0.0,0.09744840860366821,0.09242385625839233,0.09329503029584885
78246,0.0,0.09128910303115845,0.0899888277053833,0.10442838817834854
78247,0.0,0.08764570951461792,0.08670556545257568,0.10857371985912323
78248,0.0,0.08835852146148682,0.08531197160482407,0.10221610963344574
78249,0.0,0.07715046405792236,0.07410983741283417,0.10584932565689087
78250,0.0,0.08071142435073853,0.0653221383690834,0.11683337390422821
78251,0.0,0.07407224178314209,0.07087799161672592,0.11559031158685684
78252,0.0,0.07211589813232422,0.05529994145035744,0.10435449331998825
78253,0.0,0.07210904359817505,0.05816279724240303,0.09669850021600723
78254,0.0,0.07407611608505249,0.06882710754871368,0.11419687420129776
78255,0.0,0.0640329122543335,0.07294362038373947,0.08321084082126617
78256,0.0,0.06006580591201782,0.053283028304576874,0.07570308446884155
78257,0.0,0.044227659702301025,0.046871405094861984,0.05994005128741264
78258,0.0,0.046213626861572266,0.05168166011571884,0.05441604554653168
78259,0.0,0.05718791484832764,0.06439238041639328,0.07245180755853653
78260,0.0,0.05259859561920166,0.05664883926510811,0.05997178703546524
78261,0.0,0.0853203535079956,0.09688832610845566,0.10527925193309784
78262,0.0,0.07900124788284302,0.07384935021400452,0.07818050682544708
78263,0.0,0.13761472702026367,0.19793294370174408,0.15648017823696136
78264,0.0,0.12130075693130493,0.1426762342453003,0.14925344288349152
78265,0.0,0.19693106412887573,0.2337949126958847,0.2678622305393219
78266,1.0,0.2097492814064026,0.22453147172927856,0.2587907910346985
78267,1.0,0.2515271306037903,0.2342132031917572,0.2970375716686249
78268,0.0,0.24632048606872559,0.22373069822788239,0.29393428564071655
78269,0.0,0.16864335536956787,0.20844753086566925,0.17154869437217712
78270,0.0,0.14236700534820557,0.13233408331871033,0.1851501613855362
78271,0.0,0.16184663772583008,0.09607280790805817,0.20223963260650635
78272,0.0,0.20723748207092285,0.18232177197933197,0.27246493101119995
78795,1.0,0.23819106817245483,0.2369052618741989,0.2696089744567871
78796,1.0,0.2265673279762268,0.2513038218021393,0.2525097131729126
78797,1.0,0.25704723596572876,0.2789573669433594,0.3644312620162964
78798,1.0,0.2113727331161499,0.2215133160352707,0.31238070130348206
78799,1.0,0.22929775714874268,0.2255026251077652,0.29223647713661194
78800,1.0,0.2557781934738159,0.12362014502286911,0.3912300765514374
78801,1.0,0.2557336091995239,0.1984020471572876,0.3079875409603119
78802,1.0,0.21692126989364624,0.2320755571126938,0.300294429063797
78803,1.0,0.17516601085662842,0.1644545942544937,0.22205901145935059
78804,1.0,0.16241097450256348,0.1767953485250473,0.20782066881656647
78805,1.0,0.19423794746398926,0.19426663219928741,0.2184889316558838
78806,1.0,0.24578070640563965,0.24099329113960266,0.2889699339866638
78807,1.0,0.25571209192276,0.251502126455307,0.30554690957069397
78808,1.0,0.2236730456352234,0.2599084973335266,0.36935076117515564
78809,1.0,0.23146367073059082,0.24691161513328552,0.29160162806510925
78810,1.0,0.22281086444854736,0.2205214500427246,0.273891806602478
78811,1.0,0.2451944351196289,0.2703356444835663,0.28785085678100586
78812,1.0,0.21105051040649414,0.20242571830749512,0.2675870656967163
78813,1.0,0.22054147720336914,0.15525846183300018,0.23620332777500153
78814,1.0,0.19617962837219238,0.18708498775959015,0.272562175989151
78815,1.0,0.1700805425643921,0.17752593755722046,0.1843888759613037
78816,1.0,0.3865739703178406,0.290081650018692,0.4588349163532257
78817,1.0,0.4180535078048706,0.41465336084365845,0.41198623180389404
78818,1.0,0.3339807391166687,0.23045672476291656,0.4198372960090637
78819,1.0,0.4712011218070984,0.45250213146209717,0.5761620402336121
78820,1.0,0.3982057571411133,0.39110034704208374,0.45735740661621094
78821,1.0,0.4490765333175659,0.3799663782119751,0.599093496799469
78822,1.0,0.3839654326438904,0.3229201138019562,0.5797744393348694
78823,1.0,0.3135181665420532,0.32384178042411804,0.39362385869026184
78824,1.0,0.25829094648361206,0.24890805780887604,0.2620728611946106
78825,1.0,0.2119603157043457,0.19741646945476532,0.22361716628074646
78826,1.0,0.15807044506072998,0.19815899431705475,0.16207292675971985
78827,1.0,0.18329018354415894,0.17774046957492828,0.15716078877449036
78828,1.0,0.16801172494888306,0.19473029673099518,0.1672184020280838
78829,1.0,0.18444758653640747,0.20821192860603333,0.24012696743011475
78830,1.0,0.21605008840560913,0.17801731824874878,0.2485753893852234
78831,1.0,0.17293000221252441,0.1688394397497177,0.15780754387378693
78832,1.0,0.15500390529632568,0.16821710765361786,0.2226283997297287
78833,1.0,0.16299831867218018,0.18884091079235077,0.2109774798154831
78834,1.0,0.23843008279800415,0.2232244312763214,0.34096163511276245
78835,1.0,0.23630523681640625,0.21357907354831696,0.37558409571647644
78836,1.0,0.2559950351715088,0.18333642184734344,0.3923894762992859
78837,1.0,0.2170238494873047,0.18454188108444214,0.34922391176223755
78838,1.0,0.3846281170845032,0.3049014210700989,0.5345864295959473
78839,1.0,0.33210086822509766,0.28911757469177246,0.4846520721912384
78840,1.0,0.3346296548843384,0.28376415371894836,0.45578861236572266
78841,1.0,0.41744935512542725,0.3614644408226013,0.6760740280151367
78842,1.0,0.4830343723297119,0.42106685042381287,0.669353187084198
78843,1.0,0.4673355221748352,0.5095711946487427,0.669164776802063
78844,1.0,0.4055744409561157,0.37480562925338745,0.7185990810394287
78845,1.0,0.2548508048057556,0.32383254170417786,0.4425573945045471
78846,1.0,0.37614917755126953,0.395571768283844,0.6644057035446167
79369,1.0,0.2758965492248535,0.3562486469745636,0.34699195623397827
79370,1.0,0.17597544193267822,0.2198103368282318,0.2763212323188782
79371,0.0,0.2337254285812378,0.21339768171310425,0.3382797837257385
79372,1.0,0.1558074951171875,0.17283928394317627,0.1835189163684845
79373,0.0,0.2520558834075928,0.262714147567749,0.3808472156524658
79374,1.0,0.25999224185943604,0.273693710565567,0.36348193883895874
79375,1.0,0.1572709083557129,0.16177871823310852,0.1922665536403656
79376,0.0,0.2405860424041748,0.2373369038105011,0.34764108061790466
79377,1.0,0.18585729598999023,0.2281525433063507,0.27328380942344666
79378,0.0,0.15012693405151367,0.13645942509174347,0.222785085439682
79379,0.0,0.1458529233932495,0.17152522504329681,0.19955527782440186
79380,0.0,0.13768815994262695,0.1517210155725479,0.17822782695293427
79381,0.0,0.16252857446670532,0.20488537847995758,0.19629068672657013
79382,0.0,0.17263668775558472,0.1999778300523758,0.2378561794757843
79383,0.0,0.2443697452545166,0.1741364300251007,0.304268479347229
79384,1.0,0.14534097909927368,0.19165702164173126,0.1655815839767456
79385,0.0,0.23316776752471924,0.23310963809490204,0.3574545979499817
79386,1.0,0.20794188976287842,0.19522641599178314,0.2901402711868286
79387,1.0,0.23249202966690063,0.25597044825553894,0.3217976689338684
79388,1.0,0.1475239396095276,0.15053188800811768,0.1993943750858307
79389,0.0,0.12938719987869263,0.15490348637104034,0.15068969130516052
79390,0.0,0.14741462469100952,0.137302964925766,0.22883924841880798
79391,1.0,0.17949634790420532,0.18132013082504272,0.236589714884758
79392,1.0,0.12603241205215454,0.11899345368146896,0.15987208485603333
79393,0.0,0.12054437398910522,0.14275863766670227,0.17864474654197693
79394,0.0,0.11042249202728271,0.13229158520698547,0.14488430321216583
79395,0.0,0.14537322521209717,0.11531057953834534,0.2049386352300644
79396,1.0,0.11308550834655762,0.1240420937538147,0.1656375527381897
79397,0.0,0.15471261739730835,0.14183852076530457,0.18909262120723724
79398,1.0,0.1609969139099121,0.12286670506000519,0.208780899643898
79399,1.0,0.16905272006988525,0.161298930644989,0.251646488904953
79400,1.0,0.15998011827468872,0.15813636779785156,0.19156834483146667
79401,1.0,0.1737421751022339,0.25416266918182373,0.26928019523620605
79402,1.0,0.1379970908164978,0.1456894725561142,0.18148206174373627
79403,0.0,0.1536771059036255,0.17354121804237366,0.1996646374464035
79404,1.0,0.12408530712127686,0.11579238623380661,0.14652419090270996
79405,0.0,0.12111914157867432,0.1305921971797943,0.1628318727016449
79406,0.0,0.10431540012359619,0.11650557070970535,0.1401418000459671
79407,0.0,0.09049254655838013,0.10009270906448364,0.10030017793178558
79408,0.0,0.112357497215271,0.14333239197731018,0.13352416455745697
79409,0.0,0.10645836591720581,0.16190966963768005,0.1297081708908081
79410,0.0,0.10949105024337769,0.16868631541728973,0.1474095582962036
79411,0.0,0.11300188302993774,0.17781837284564972,0.17363165318965912
79412,0.0,0.11877238750457764,0.16496363282203674,0.15399618446826935
79413,0.0,0.12506002187728882,0.18821969628334045,0.16473349928855896
79414,0.0,0.11581748723983765,0.1408861130475998,0.15399618446826935
79415,0.0,0.11850184202194214,0.17560096085071564,0.15207770466804504
79416,0.0,0.10324996709823608,0.16887444257736206,0.12075035274028778
79417,0.0,0.10417640209197998,0.16412940621376038,0.14438723027706146
79418,0.0,0.1529737114906311,0.13515882194042206,0.17232902348041534
79419,1.0,0.15628033876419067,0.13930298388004303,0.17892517149448395
79420,0.0,0.28757649660110474,0.3409838378429413,0.4405147135257721
79943,1.0,0.2926614284515381,0.507190465927124,0.3388879597187042
79944,0.0,0.22702497243881226,0.21487638354301453,0.27273523807525635
79945,0.0,0.2358994483947754,0.22917859256267548,0.3256177306175232
79946,1.0,0.2925539016723633,0.32085856795310974,0.3594352602958679
79947,1.0,0.19777321815490723,0.21437972784042358,0.2649024724960327
79948,0.0,0.2520596385002136,0.265485942363739,0.3054022490978241
79949,1.0,0.1725209355354309,0.19946111738681793,0.24418151378631592
79950,0.0,0.2402414083480835,0.24041804671287537,0.3236965239048004
79951,1.0,0.2794218063354492,0.32769665122032166,0.3762143850326538
79952,1.0,0.2994234561920166,0.32572534680366516,0.40524306893348694
79953,1.0,0.25090503692626953,0.21338491141796112,0.3193133473396301
79954,0.0,0.2945050597190857,0.2600312829017639,0.45187702775001526
79955,1.0,0.2986608147621155,0.28696006536483765,0.36629626154899597
79956,1.0,0.20657074451446533,0.23662588000297546,0.3103029429912567
79957,0.0,0.22887790203094482,0.18731002509593964,0.3387759029865265
79958,1.0,0.25858283042907715,0.2359723448753357,0.38873645663261414
79959,1.0,0.2937530279159546,0.25982844829559326,0.44033485651016235
79960,1.0,0.23662465810775757,0.20180335640907288,0.3101348280906677
79961,1.0,0.28827977180480957,0.2750183045864105,0.3659459948539734
79962,1.0,0.219532310962677,0.25393205881118774,0.26409563422203064
79963,0.0,0.18820685148239136,0.18787311017513275,0.2469632625579834
79964,1.0,0.17506462335586548,0.18408159911632538,0.20809662342071533
79965,1.0,0.18284165859222412,0.15206380188465118,0.19473722577095032
79966,1.0,0.16491621732711792,0.12194269895553589,0.1839844137430191
79967,1.0,0.1818687915802002,0.19844968616962433,0.20280882716178894
79968,1.0,0.16377657651901245,0.1408270001411438,0.16539278626441956
79969,0.0,0.19695186614990234,0.17436368763446808,0.22776295244693756
79970,1.0,0.16906768083572388,0.15759316086769104,0.26668867468833923
79971,1.0,0.1310596466064453,0.13178642094135284,0.13350911438465118
79972,0.0,0.11184149980545044,0.13430717587471008,0.13569337129592896
79973,0.0,0.10763335227966309,0.12245063483715057,0.1671804040670395
79974,0.0,0.09139102697372437,0.0971309244632721,0.10251139104366302
79975,0.0,0.1454453468322754,0.12750032544136047,0.20087619125843048
79976,1.0,0.12541502714157104,0.13498340547084808,0.1647154539823532
79977,0.0,0.13214892148971558,0.12558074295520782,0.15941302478313446
79978,0.0,0.11609244346618652,0.11953656375408173,0.1386389136314392
79979,0.0,0.12369024753570557,0.14064447581768036,0.14094550907611847
79980,0.0,0.09027588367462158,0.17832264304161072,0.13182993233203888
79981,0.0,0.11322152614593506,0.15087534487247467,0.17288173735141754
79982,0.0,0.14193570613861084,0.12119308114051819,0.15795071423053741
79983,1.0,0.16012150049209595,0.19959643483161926,0.22932320833206177
79984,1.0,0.21844732761383057,0.20647083222866058,0.3220687210559845
79985,1.0,0.19234639406204224,0.1949891895055771,0.2955526113510132
79986,1.0,0.23779559135437012,0.21995694935321808,0.3585659861564636
79987,1.0,0.1563839316368103,0.2281641662120819,0.18444909155368805
79988,0.0,0.19002127647399902,0.16743728518486023,0.2793155908584595
79989,1.0,0.13496702909469604,0.18976721167564392,0.15305185317993164
79990,0.0,0.11395770311355591,0.11917983740568161,0.1559147834777832
79991,0.0,0.12705743312835693,0.12765783071517944,0.1568090319633484
79992,0.0,0.11726510524749756,0.12576808035373688,0.1516728550195694
79993,0.0,0.2479889988899231,0.19288769364356995,0.22654612362384796
79994,1.0,0.25728684663772583,0.3317123353481293,0.29873281717300415
80517,1.0,0.4965285658836365,0.5557377338409424,0.6354596018791199
80518,1.0,0.6191698312759399,0.6693938374519348,0.7998088598251343
80519,1.0,0.6365548372268677,0.7151706218719482,0.8917252421379089
80520,1.0,0.4854605197906494,0.7090820074081421,0.7874932289123535
80521,1.0,0.463531494140625,0.6350573301315308,0.7324448823928833
80522,1.0,0.41746723651885986,0.5571896433830261,0.6651046276092529
80523,1.0,0.5052752494812012,0.6366509199142456,0.7519809007644653
80524,1.0,0.5518525838851929,0.6207821369171143,0.8039869666099548
80525,1.0,0.5076690912246704,0.679671049118042,0.7991257309913635
80526,1.0,0.4489859342575073,0.5540158152580261,0.7505759000778198
80527,1.0,0.4292493462562561,0.5211002826690674,0.6816693544387817
80528,1.0,0.43244415521621704,0.5058861374855042,0.6865983009338379
80529,1.0,0.39689815044403076,0.5381581783294678,0.5311910510063171
80530,1.0,0.3337652087211609,0.4336619973182678,0.4542517066001892
80531,0.0,0.3299488425254822,0.35488420724868774,0.4511740207672119
80532,1.0,0.33332359790802,0.3067755103111267,0.41288551688194275
80533,1.0,0.2849985957145691,0.3308863639831543,0.36032164096832275
80534,0.0,0.24442058801651,0.22231383621692657,0.3403608202934265
80535,1.0,0.24303877353668213,0.2380758672952652,0.35038089752197266
80536,1.0,0.2445865273475647,0.22153493762016296,0.2920348346233368
80537,1.0,0.18773329257965088,0.22019581496715546,0.2680887281894684
80538,1.0,0.1758905053138733,0.18756073713302612,0.1964162290096283
80539,0.0,0.17100626230239868,0.181348517537117,0.16740840673446655
80540,0.0,0.12279975414276123,0.12009555846452713,0.12425367534160614
80541,0.0,0.1637026071548462,0.14457552134990692,0.1828204244375229
80542,1.0,0.15401947498321533,0.12327629327774048,0.21615305542945862
80543,1.0,0.1966336965560913,0.1766386330127716,0.21956175565719604
80544,1.0,0.16776669025421143,0.1604461669921875,0.19763322174549103
80545,1.0,0.1744791865348816,0.13734309375286102,0.228062704205513
80546,1.0,0.13588988780975342,0.10540273040533066,0.16143743693828583
80547,0.0,0.11513811349868774,0.12930621206760406,0.13513167202472687
80548,0.0,0.09403407573699951,0.10832322388887405,0.10590071231126785
80549,0.0,0.08386915922164917,0.0901888757944107,0.09349187463521957
80550,0.0,0.08974564075469971,0.09049146622419357,0.12072587013244629
80551,0.0,0.09141480922698975,0.08299560099840164,0.1229277029633522
80552,1.0,0.08081680536270142,0.11178570985794067,0.0901234894990921
80553,0.0,0.08593529462814331,0.1140519455075264,0.11104115098714828
80554,0.0,0.09452182054519653,0.11935099214315414,0.10731645673513412
80555,0.0,0.07888805866241455,0.0956914871931076,0.09579969197511673
80556,0.0,0.08064413070678711,0.10149910300970078,0.11144866049289703
80557,0.0,0.07959771156311035,0.1379614770412445,0.12273085862398148
80558,0.0,0.09571319818496704,0.11562266200780869,0.15584272146224976
80559,1.0,0.12286484241485596,0.13111577928066254,0.17281003296375275
80560,1.0,0.15919411182403564,0.11371134221553802,0.18861211836338043
80561,1.0,0.1297295093536377,0.15528608858585358,0.13440923392772675
80562,0.0,0.1265256404876709,0.10343869030475616,0.14582040905952454
80563,0.0,0.11491656303405762,0.12495104223489761,0.15240009129047394
80564,0.0,0.250247597694397,0.27703359723091125,0.3746912479400635
80565,1.0,0.16985058784484863,0.23934483528137207,0.20465630292892456
80566,0.0,0.15846920013427734,0.13683722913265228,0.17184479534626007
80567,0.0,0.1527799367904663,0.13139234483242035,0.1647767573595047
80568,0.0,0.20076477527618408,0.2248232215642929,0.2426140308380127
81091,1.0,0.07310348749160767,0.07464292645454407,0.05836113914847374
81092,1.0,0.07164144515991211,0.08274833858013153,0.05758551508188248
81093,1.0,0.07069677114486694,0.08741201460361481,0.05567822605371475
81094,1.0,0.07437461614608765,0.06842756271362305,0.08571764826774597
81095,1.0,0.07611024379730225,0.08028329163789749,0.07554235309362411
81096,1.0,0.08040469884872437,0.12610483169555664,0.09190312772989273
81097,1.0,0.061620354652404785,0.0708574429154396,0.05706418678164482
81098,1.0,0.06104618310928345,0.06593747437000275,0.045614391565322876
81099,1.0,0.061854541301727295,0.06979645043611526,0.053398679941892624
81100,1.0,0.06432217359542847,0.08339082449674606,0.0544593445956707
81101,1.0,0.058780014514923096,0.1112256646156311,0.07115058600902557
81102,1.0,0.05762755870819092,0.06821520626544952,0.05625740438699722
81103,1.0,0.06191915273666382,0.06494986265897751,0.05690173804759979
81104,1.0,0.06556522846221924,0.07458336651325226,0.059315603226423264
81105,1.0,0.06432157754898071,0.07420416176319122,0.058354221284389496
81106,1.0,0.059079527854919434,0.07394751906394958,0.05372355878353119
81107,1.0,0.06191915273666382,0.06848118454217911,0.056734971702098846
81108,1.0,0.053162455558776855,0.06326911598443985,0.04714890569448471
81109,1.0,0.05497235059738159,0.07195738703012466,0.045251138508319855
81110,1.0,0.051281869411468506,0.05456982180476189,0.04618994519114494
81111,1.0,0.0478397011756897,0.05032998323440552,0.04222942143678665
81112,1.0,0.04211997985839844,0.037856049835681915,0.03557528182864189
81113,1.0,0.04265671968460083,0.0327407605946064,0.04088401049375534
81114,1.0,0.044158220291137695,0.03105325438082218,0.03214891999959946
81115,1.0,0.042968153953552246,0.033064570277929306,0.04007399082183838
81116,1.0,0.03490942716598511,0.038352496922016144,0.03836260735988617
81117,1.0,0.035438716411590576,0.03477700799703598,0.03731697052717209
81118,1.0,0.0369608998298645,0.04670500382781029,0.03051437996327877
81119,1.0,0.03778725862503052,0.034371282905340195,0.03447825461626053
81120,1.0,0.040280938148498535,0.045163318514823914,0.040216486901044846
81121,1.0,0.03540539741516113,0.04160664975643158,0.0217310581356287
81122,1.0,0.03461277484893799,0.04417071491479874,0.029836853966116905
81123,1.0,0.03493916988372803,0.040893249213695526,0.029790330678224564
81124,1.0,0.03337818384170532,0.030181704089045525,0.02457526884973049
81125,1.0,0.02815347909927368,0.04897148907184601,0.020810874179005623
81126,1.0,0.031010925769805908,0.048082757741212845,0.016502123326063156
81127,1.0,0.032145023345947266,0.04346371814608574,0.019742313772439957
81128,1.0,0.03718835115432739,0.059973619878292084,0.022140588611364365
81129,1.0,0.03904217481613159,0.058363381773233414,0.020959876477718353
81130,1.0,0.03760635852813721,0.06170988082885742,0.025984326377511024
81131,1.0,0.03856813907623291,0.06337041407823563,0.027270544320344925
81132,1.0,0.040307581424713135,0.07014064490795135,0.0390089675784111
81133,1.0,0.03618645668029785,0.054860927164554596,0.027785059064626694
81134,1.0,0.03898841142654419,0.0501229353249073,0.031209291890263557
81135,1.0,0.03724163770675659,0.05398532748222351,0.03144485875964165
81136,1.0,0.03544336557388306,0.07097959518432617,0.025344571098685265
81137,1.0,0.04087042808532715,0.06557919830083847,0.034356698393821716
81138,1.0,0.04117298126220703,0.10509388148784637,0.02714654430747032
81139,1.0,0.0541154146194458,0.12748222053050995,0.04627903923392296
81140,1.0,0.04671519994735718,0.06296628713607788,0.04468728229403496
81141,1.0,0.06067460775375366,0.08078296482563019,0.05444203317165375
81142,1.0,0.08156514167785645,0.10023858398199081,0.11281830817461014
81665,0.0,0.06035405397415161,0.05899226665496826,0.034742556512355804
81666,0.0,0.06446069478988647,0.053216200321912766,0.037943221628665924
81667,0.0,0.06224560737609863,0.07187468558549881,0.037640612572431564
81668,0.0,0.05430811643600464,0.05421548709273338,0.03523636609315872
81669,0.0,0.058012187480926514,0.05498947203159332,0.04285039007663727
81670,0.0,0.14555150270462036,0.11480515450239182,0.20110124349594116
81671,0.0,0.08678692579269409,0.06505955755710602,0.06193315610289574
81672,0.0,0.06418919563293457,0.050088632851839066,0.03904639557003975
81673,0.0,0.053945302963256836,0.05585036054253578,0.0355958417057991
81674,0.0,0.0446619987487793,0.056900862604379654,0.026901142671704292
81675,0.0,0.07056909799575806,0.07740746438503265,0.07913307845592499
81676,0.0,0.06263202428817749,0.059196166694164276,0.04767517372965813
81677,0.0,0.07349079847335815,0.055815499275922775,0.06901347637176514
81678,0.0,0.07004415988922119,0.061189230531454086,0.06492753326892853
81679,0.0,0.07591843605041504,0.048532187938690186,0.07189007103443146
81680,0.0,0.07338470220565796,0.05617928132414818,0.06629990041255951
81681,0.0,0.0704876184463501,0.07383424043655396,0.0710897445678711
81682,0.0,0.06612008810043335,0.06992843747138977,0.05770254135131836
81683,0.0,0.04715251922607422,0.06749194860458374,0.056223563849925995
81684,0.0,0.04728490114212036,0.05558333173394203,0.04661843180656433
81685,0.0,0.047145962715148926,0.047990623861551285,0.049924809485673904
81686,0.0,0.04093509912490845,0.0635877475142479,0.04176776111125946
81687,0.0,0.04111826419830322,0.06908950954675674,0.03853333741426468
81688,0.0,0.04270756244659424,0.04592485725879669,0.04170408472418785
81689,0.0,0.04382812976837158,0.07806704193353653,0.04841865599155426
81690,0.0,0.03529709577560425,0.0491165965795517,0.046265821903944016
81691,0.0,0.03655451536178589,0.040466003119945526,0.04894057661294937
81692,0.0,0.03624284267425537,0.05595208331942558,0.0497574619948864
81693,0.0,0.03626549243927002,0.04714212939143181,0.04505669325590134
81694,0.0,0.03636378049850464,0.04034317657351494,0.048671655356884
81695,0.0,0.033799707889556885,0.04061740264296532,0.036417972296476364
81696,0.0,0.033531248569488525,0.04059063270688057,0.03119640238583088
81697,0.0,0.03323936462402344,0.03638411685824394,0.029837308451533318
81698,0.0,0.03297591209411621,0.03133499622344971,0.02841205522418022
81699,0.0,0.030486345291137695,0.040296781808137894,0.027336420491337776
81700,0.0,0.030414164066314697,0.0318279005587101,0.028146374970674515
81701,0.0,0.02920675277709961,0.025760289281606674,0.02381003461778164
81702,0.0,0.02995198965072632,0.03789559379220009,0.02358427830040455
81703,0.0,0.029737472534179688,0.04791582003235817,0.02517838589847088
81704,0.0,0.0334438681602478,0.05010572075843811,0.023540878668427467
81705,0.0,0.06125378608703613,0.06656162440776825,0.05822025239467621
81706,0.0,0.04228132963180542,0.042828962206840515,0.027835657820105553
81707,0.0,0.052775442600250244,0.05515119433403015,0.0371534638106823
81708,0.0,0.10174357891082764,0.11517596244812012,0.07223759591579437
81709,0.0,0.05915689468383789,0.04898032918572426,0.03723466768860817
81710,0.0,0.04590654373168945,0.043212126940488815,0.028448456898331642
81711,0.0,0.04850035905838013,0.04203798621892929,0.03717369958758354
81712,0.0,0.05512189865112305,0.058048419654369354,0.05228491872549057
81713,0.0,0.066741943359375,0.12355221062898636,0.05754932016134262
81714,0.0,0.07046449184417725,0.10674338042736053,0.08159425854682922
81715,0.0,0.10593760013580322,0.056202296167612076,0.10528179258108139
81716,0.0,0.1051253080368042,0.08028136193752289,0.11557934433221817
82239,0.0,0.17816048860549927,0.2976149320602417,0.17150622606277466
82240,1.0,0.2647700309753418,0.44308146834373474,0.2664613127708435
82241,1.0,0.2529065012931824,0.28266000747680664,0.17059014737606049
82242,1.0,0.1849682331085205,0.31549882888793945,0.13041673600673676
82243,0.0,0.13728731870651245,0.25058069825172424,0.09652307629585266
82244,0.0,0.11228477954864502,0.17135444283485413,0.09078142791986465
82245,0.0,0.18471503257751465,0.30950579047203064,0.12567660212516785
82246,1.0,0.11736005544662476,0.18963615596294403,0.07553098350763321
82247,0.0,0.170518159866333,0.23047198355197906,0.1512269526720047
82248,1.0,0.12376153469085693,0.16009129583835602,0.08504949510097504
82249,0.0,0.11306583881378174,0.2421485334634781,0.10613223910331726
82250,0.0,0.10490995645523071,0.15681350231170654,0.07690344005823135
82251,0.0,0.175492525100708,0.3674476146697998,0.16404138505458832
82252,1.0,0.10765385627746582,0.15036346018314362,0.057311080396175385
82253,0.0,0.09894120693206787,0.17022430896759033,0.07143682986497879
82254,0.0,0.09802389144897461,0.15379515290260315,0.08915625512599945
82255,0.0,0.09611958265304565,0.1309996247291565,0.07359591126441956
82256,0.0,0.1340181827545166,0.2002832293510437,0.11213754862546921
82257,1.0,0.08608096837997437,0.08285948634147644,0.05925789475440979
82258,0.0,0.09012651443481445,0.11075958609580994,0.06985362619161606
82259,0.0,0.09707611799240112,0.10655216127634048,0.08782584220170975
82260,0.0,0.07898193597793579,0.07654150575399399,0.07928316295146942
82261,0.0,0.09314137697219849,0.10741665959358215,0.08775369077920914
82262,0.0,0.08209270238876343,0.11484293639659882,0.08960039913654327
82263,0.0,0.081723153591156,0.09652421623468399,0.0605163499712944
82264,0.0,0.060034096240997314,0.08211904019117355,0.055545296519994736
82265,0.0,0.06150972843170166,0.07366997003555298,0.05380016565322876
82266,0.0,0.05954056978225708,0.11864903569221497,0.053902145475149155
82267,0.0,0.0654647946357727,0.08228275179862976,0.05425054952502251
82268,0.0,0.09291517734527588,0.10090629011392593,0.10057832300662994
82269,1.0,0.0585368275642395,0.05338459089398384,0.031062955036759377
82270,0.0,0.06482177972793579,0.07812773436307907,0.03934019058942795
82271,0.0,0.09010934829711914,0.10256121307611465,0.056543707847595215
82272,1.0,0.07226741313934326,0.07930633425712585,0.06150365248322487
82273,0.0,0.058255136013031006,0.06966833770275116,0.03719813749194145
82274,0.0,0.06095552444458008,0.09548941254615784,0.03794988617300987
82275,0.0,0.0414658784866333,0.056524455547332764,0.02303425967693329
82276,0.0,0.051129937171936035,0.1236039325594902,0.04783676564693451
82277,0.0,0.05217224359512329,0.14328095316886902,0.04318226873874664
82278,0.0,0.05396825075149536,0.11763791739940643,0.04959077388048172
82279,0.0,0.05449092388153076,0.10458193719387054,0.06644527614116669
82280,0.0,0.05185049772262573,0.13284830749034882,0.051726773381233215
82281,0.0,0.054588139057159424,0.13169148564338684,0.056976016610860825
82282,0.0,0.09586238861083984,0.12221559882164001,0.07586669921875
82283,1.0,0.0727607011795044,0.13811111450195312,0.04508252814412117
82284,0.0,0.07983028888702393,0.13952785730361938,0.06376419961452484
82285,0.0,0.06845700740814209,0.172623410820961,0.057587701827287674
82286,0.0,0.11277669668197632,0.34826818108558655,0.11944278329610825
82287,1.0,0.08290302753448486,0.22174525260925293,0.06012366712093353
82288,0.0,0.08125060796737671,0.1071154922246933,0.0685884952545166
82289,0.0,0.11793828010559082,0.1344808042049408,0.08765242248773575
82290,0.0,0.17584103345870972,0.3317592740058899,0.14636917412281036
82813,0.0,0.22059404850006104,0.4487260580062866,0.2338254302740097
82814,0.0,0.4447227120399475,0.4878676235675812,0.5626717805862427
82815,1.0,0.3123350143432617,0.5368871092796326,0.36857959628105164
82816,0.0,0.2845305800437927,0.43146148324012756,0.4049246609210968
82817,0.0,0.3636012673377991,0.4604984521865845,0.4420601725578308
82818,1.0,0.3172295093536377,0.5123315453529358,0.3171769082546234
82819,0.0,0.4546230435371399,0.5546973347663879,0.70204758644104
82820,1.0,0.28842592239379883,0.4789723753929138,0.3738296926021576
82821,1.0,0.27296632528305054,0.38138458132743835,0.3329559862613678
82822,0.0,0.3025497794151306,0.3318823277950287,0.3970147967338562
82823,1.0,0.2786344289779663,0.4373220205307007,0.32318758964538574
82824,1.0,0.3271554708480835,0.37893372774124146,0.3961452543735504
82825,0.0,0.422152042388916,0.5275193452835083,0.6595476269721985
82826,1.0,0.3277941346168518,0.4559852182865143,0.4441205859184265
82827,0.0,0.31772667169570923,0.4327624440193176,0.5282698273658752
82828,1.0,0.2782318592071533,0.48774632811546326,0.4199506640434265
82829,0.0,0.3504796028137207,0.4117280840873718,0.4644414782524109
82830,0.0,0.405193567276001,0.4550664722919464,0.5136099457740784
82831,0.0,0.34790611267089844,0.3381834030151367,0.46519988775253296
82832,0.0,0.3809453845024109,0.36682698130607605,0.5184797644615173
82833,1.0,0.36324793100357056,0.40139541029930115,0.4473465085029602
82834,0.0,0.45965611934661865,0.5459585785865784,0.7042651176452637
82835,1.0,0.3885462284088135,0.5890737175941467,0.569313108921051
82836,0.0,0.4040173292160034,0.4727158546447754,0.6384137868881226
82837,0.0,0.320045530796051,0.3986167907714844,0.5343254804611206
82838,0.0,0.38572096824645996,0.505372941493988,0.5757529139518738
82839,1.0,0.4437028169631958,0.4972277283668518,0.6724076271057129
82840,1.0,0.3910043239593506,0.44234415888786316,0.6284696459770203
82841,0.0,0.33775800466537476,0.38527724146842957,0.5184354782104492
82842,0.0,0.2701159119606018,0.35880547761917114,0.4478245973587036
82843,0.0,0.21694648265838623,0.24508997797966003,0.31492409110069275
82844,0.0,0.24518108367919922,0.3152053952217102,0.3520667850971222
82845,0.0,0.22444874048233032,0.2364381104707718,0.2926366329193115
82846,0.0,0.23947197198867798,0.24437612295150757,0.39076679944992065
82847,0.0,0.20809805393218994,0.23398971557617188,0.30069786310195923
82848,0.0,0.21629780530929565,0.2871260643005371,0.29501670598983765
82849,0.0,0.19109410047531128,0.2697397470474243,0.3553655445575714
82850,0.0,0.2559517025947571,0.26709073781967163,0.3629644811153412
82851,0.0,0.2557529807090759,0.2601006031036377,0.42050427198410034
82852,0.0,0.2496955394744873,0.26073482632637024,0.38450777530670166
82853,0.0,0.2537030577659607,0.2333710938692093,0.3848140239715576
82854,0.0,0.1860119104385376,0.25929927825927734,0.23731358349323273
82855,0.0,0.2488740086555481,0.24574007093906403,0.3374999761581421
82856,0.0,0.26205575466156006,0.24200212955474854,0.3678038716316223
82857,0.0,0.24446988105773926,0.28612542152404785,0.2795061767101288
82858,0.0,0.25998783111572266,0.2533847987651825,0.35110965371131897
82859,0.0,0.18638873100280762,0.2976744771003723,0.23264311254024506
82860,0.0,0.19650840759277344,0.24796345829963684,0.26486092805862427
82861,0.0,0.19886749982833862,0.2947763204574585,0.19697022438049316
82862,0.0,0.27401137351989746,0.2641715109348297,0.3721490502357483
82863,0.0,0.22260922193527222,0.25200992822647095,0.2909080982208252
82864,0.0,0.3096435070037842,0.510002613067627,0.47907260060310364
83387,1.0,0.0885346531867981,0.09856704622507095,0.0770234614610672
83388,0.0,0.17597424983978271,0.1785304695367813,0.24999076128005981
83389,1.0,0.11321806907653809,0.12011414766311646,0.12344736605882645
83390,0.0,0.1000930666923523,0.11558106541633606,0.10091928392648697
83391,0.0,0.08603441715240479,0.09879714995622635,0.08043411374092102
83392,0.0,0.10184061527252197,0.11769982427358627,0.10554291307926178
83393,0.0,0.07775485515594482,0.10189240425825119,0.08460794389247894
83394,0.0,0.15685153007507324,0.1720055341720581,0.18575143814086914
83395,1.0,0.24151736497879028,0.35674232244491577,0.25859230756759644
83396,1.0,0.24077337980270386,0.28993362188339233,0.2882535457611084
83397,1.0,0.2269362211227417,0.2875434458255768,0.2468990683555603
83398,1.0,0.12806546688079834,0.20668238401412964,0.13451173901557922
83399,0.0,0.1855682134628296,0.180363267660141,0.21194365620613098
83400,1.0,0.09779161214828491,0.16313868761062622,0.11621230840682983
83401,0.0,0.07922542095184326,0.11337091028690338,0.0837990865111351
83402,0.0,0.07366222143173218,0.10680389404296875,0.07048957794904709
83403,0.0,0.07027554512023926,0.11334852874279022,0.06283184885978699
83404,0.0,0.06593012809753418,0.08274002373218536,0.0672883540391922
83405,0.0,0.06396704912185669,0.10600496828556061,0.06298315525054932
83406,0.0,0.06411004066467285,0.06925223767757416,0.06163397058844566
83407,0.0,0.060634613037109375,0.057400453835725784,0.056138258427381516
83408,0.0,0.056134819984436035,0.08365996181964874,0.04682645946741104
83409,0.0,0.06221413612365723,0.07918912172317505,0.05867353454232216
83410,0.0,0.06358075141906738,0.06097310408949852,0.056416451930999756
83411,0.0,0.0608254075050354,0.06384094059467316,0.051895733922719955
83412,0.0,0.04102665185928345,0.05019000917673111,0.043448857963085175
83413,0.0,0.08075213432312012,0.0770769715309143,0.09004175662994385
83414,1.0,0.061073362827301025,0.08227197080850601,0.057460885494947433
83415,0.0,0.05550658702850342,0.06690801680088043,0.04747656732797623
83416,0.0,0.057173311710357666,0.07012385129928589,0.05000781640410423
83417,0.0,0.08775115013122559,0.09461602568626404,0.096892349421978
83418,1.0,0.053633034229278564,0.08141836524009705,0.036138132214546204
83419,0.0,0.052892982959747314,0.06800440698862076,0.044093403965234756
83420,0.0,0.0763392448425293,0.09013639390468597,0.06992299854755402
83421,1.0,0.052990853786468506,0.06996651738882065,0.042302004992961884
83422,0.0,0.04977613687515259,0.06893465667963028,0.046752214431762695
83423,0.0,0.04631400108337402,0.06827020645141602,0.0388883613049984
83424,0.0,0.045974910259246826,0.06556077301502228,0.043288953602313995
83425,0.0,0.06862998008728027,0.04808737710118294,0.07431933283805847
83426,1.0,0.0574948787689209,0.06828980892896652,0.041703999042510986
83427,0.0,0.05820363759994507,0.06823892891407013,0.049439407885074615
83428,0.0,0.08571845293045044,0.1025124117732048,0.07345779240131378
83429,1.0,0.060065269470214844,0.06571019440889359,0.04465167224407196
83430,0.0,0.05992019176483154,0.07087954878807068,0.056295543909072876
83431,0.0,0.05805236101150513,0.07236556708812714,0.05852719396352768
83432,0.0,0.06143498420715332,0.09204539656639099,0.06462990492582321
83433,0.0,0.051564812660217285,0.04956090450286865,0.06291219592094421
83434,0.0,0.06140655279159546,0.09631218016147614,0.07059476524591446
83435,0.0,0.06012129783630371,0.12220115959644318,0.05695919692516327
83436,0.0,0.07323819398880005,0.12157361209392548,0.10043268650770187
83437,0.0,0.124234139919281,0.09026174247264862,0.14633610844612122
83438,0.0,0.11879050731658936,0.09481746703386307,0.1265905499458313
83961,1.0,0.24635052680969238,0.36679279804229736,0.3892267048358917
83962,1.0,0.19188326597213745,0.25117233395576477,0.31154948472976685
83963,1.0,0.2110368013381958,0.24628204107284546,0.3076588213443756
83964,1.0,0.30212491750717163,0.4781571328639984,0.45875853300094604
83965,1.0,0.3247302174568176,0.3316009044647217,0.5145122408866882
83966,1.0,0.31149035692214966,0.3395221531391144,0.4715568721294403
83967,1.0,0.2873440384864807,0.35968533158302307,0.40035203099250793
83968,1.0,0.3720707297325134,0.5124418139457703,0.5190743803977966
83969,1.0,0.32058262825012207,0.38513609766960144,0.4380750060081482
83970,1.0,0.3714185953140259,0.45624154806137085,0.5106766223907471
83971,1.0,0.3302363157272339,0.32756707072257996,0.49025315046310425
83972,1.0,0.29738014936447144,0.40758514404296875,0.43510380387306213
83973,1.0,0.31565284729003906,0.3552307188510895,0.4447801113128662
83974,1.0,0.17408764362335205,0.1865665763616562,0.23407788574695587
83975,1.0,0.18712061643600464,0.17476342618465424,0.26776617765426636
83976,1.0,0.14062511920928955,0.1789468675851822,0.1842101812362671
83977,1.0,0.15561705827713013,0.16619516909122467,0.24003025889396667
83978,1.0,0.15510910749435425,0.1410927027463913,0.2090836614370346
83979,1.0,0.15995675325393677,0.20487463474273682,0.20284724235534668
83980,1.0,0.13359397649765015,0.12427968531847,0.16986744105815887
83981,1.0,0.12173616886138916,0.1354084610939026,0.15985020995140076
83982,1.0,0.11569720506668091,0.15082114934921265,0.16013683378696442
83983,1.0,0.11604088544845581,0.14689598977565765,0.1161782294511795
83984,1.0,0.15766263008117676,0.19407206773757935,0.15137545764446259
83985,1.0,0.1588260531425476,0.18567273020744324,0.17234590649604797
83986,1.0,0.1389857530593872,0.17931538820266724,0.16771633923053741
83987,1.0,0.14790481328964233,0.19256258010864258,0.19409048557281494
83988,1.0,0.16722601652145386,0.19079135358333588,0.18499457836151123
83989,1.0,0.14831900596618652,0.19708828628063202,0.18059062957763672
83990,1.0,0.14786821603775024,0.1821576952934265,0.17123763263225555
83991,1.0,0.1555904746055603,0.19821235537528992,0.17274022102355957
83992,1.0,0.10207903385162354,0.1573086827993393,0.10805556178092957
83993,1.0,0.11198365688323975,0.1751163750886917,0.10212438553571701
83994,1.0,0.09831428527832031,0.17380861937999725,0.14362594485282898
83995,1.0,0.08927750587463379,0.1789039671421051,0.114469014108181
83996,1.0,0.08728855848312378,0.1857086420059204,0.11592400819063187
83997,1.0,0.08795779943466187,0.18663142621517181,0.11637073755264282
83998,1.0,0.08179372549057007,0.19186335802078247,0.10762348026037216
83999,1.0,0.10050106048583984,0.1414850801229477,0.12091164290904999
84000,1.0,0.11875182390213013,0.15424451231956482,0.14492838084697723
84001,1.0,0.1482742428779602,0.1821950227022171,0.184849351644516
84002,1.0,0.11720168590545654,0.11887890100479126,0.12625102698802948
84003,1.0,0.12294727563858032,0.13769569993019104,0.17371974885463715
84004,1.0,0.12006157636642456,0.13032129406929016,0.15452678501605988
84005,1.0,0.1282774806022644,0.1633998155593872,0.14513570070266724
84006,1.0,0.1411765217781067,0.196855366230011,0.18730230629444122
84007,1.0,0.1456180214881897,0.23247060179710388,0.20600251853466034
84008,1.0,0.1595023274421692,0.22002120316028595,0.19766201078891754
84009,1.0,0.16040968894958496,0.21336446702480316,0.1986379325389862
84010,1.0,0.19869869947433472,0.20194308459758759,0.23738600313663483
84011,1.0,0.35116076469421387,0.231244757771492,0.42024728655815125
84012,1.0,0.24266380071640015,0.29766637086868286,0.24329930543899536
