,rule_based_threshold,poisson_regression,random_forest,xgboost
261,0.0,0.04862457513809204,0.05167796462774277,0.049476172775030136
262,0.0,0.03849291801452637,0.027187658473849297,0.03462750092148781
263,0.0,0.1725238561630249,0.15967221558094025,0.16941136121749878
264,1.0,0.15626585483551025,0.17236816883087158,0.1531134396791458
265,0.0,0.08852607011795044,0.11046165227890015,0.08857597410678864
266,0.0,0.07177883386611938,0.0800335630774498,0.06527920067310333
267,0.0,0.08013051748275757,0.06931788474321365,0.0775340273976326
268,0.0,0.16718268394470215,0.1470826119184494,0.17532560229301453
269,0.0,0.11636573076248169,0.1509847193956375,0.10402335226535797
270,0.0,0.07796883583068848,0.09267371147871017,0.08332718908786774
271,0.0,0.2257474660873413,0.24400316178798676,0.2884100377559662
272,1.0,0.4220051169395447,0.2834731638431549,0.5303743481636047
273,1.0,0.283380389213562,0.2705329358577728,0.3600839078426361
274,0.0,0.14576798677444458,0.154946431517601,0.1414235383272171
275,0.0,0.2149166464805603,0.23940572142601013,0.2291211187839508
276,0.0,0.2567133903503418,0.26884791254997253,0.33027952909469604
277,0.0,0.2574661374092102,0.3289839029312134,0.3236994743347168
278,1.0,0.18194586038589478,0.31452611088752747,0.18557950854301453
279,0.0,0.12674033641815186,0.1655922681093216,0.1548248529434204
280,0.0,0.0803789496421814,0.13282275199890137,0.08729320764541626
281,0.0,0.21620893478393555,0.2865458130836487,0.26908570528030396
282,1.0,0.22571784257888794,0.24340438842773438,0.2560587525367737
283,1.0,0.12011468410491943,0.18154296278953552,0.12436151504516602
284,0.0,0.0840458869934082,0.09788099676370621,0.09515014290809631
285,0.0,0.13635724782943726,0.12942005693912506,0.16078437864780426
286,0.0,0.12635165452957153,0.14521458745002747,0.12295152992010117
287,1.0,0.12339681386947632,0.13130131363868713,0.13692697882652283
288,0.0,0.1006079912185669,0.1329987645149231,0.08057054877281189
289,0.0,0.09107571840286255,0.10620586574077606,0.06766890734434128
290,0.0,0.07368707656860352,0.10657859593629837,0.06465689092874527
291,0.0,0.04176062345504761,0.03742533549666405,0.03445151075720787
292,0.0,0.0370793342590332,0.06030745804309845,0.02555849216878414
293,0.0,0.025610625743865967,0.02852376364171505,0.023661965504288673
294,0.0,0.025788605213165283,0.043059006333351135,0.03529268503189087
295,0.0,0.023603975772857666,0.025805098935961723,0.019221605733036995
296,0.0,0.024261772632598877,0.029037339612841606,0.020017635077238083
297,0.0,0.020409703254699707,0.03357458859682083,0.018416838720440865
298,0.0,0.02001243829727173,0.02298150025308132,0.01780337281525135
299,0.0,0.06538879871368408,0.13577011227607727,0.07813536375761032
300,0.0,0.03652852773666382,0.09650972485542297,0.029664717614650726
301,0.0,0.029290735721588135,0.030062910169363022,0.027892908081412315
302,0.0,0.03246450424194336,0.04122025892138481,0.0420096255838871
303,0.0,0.03069782257080078,0.030416250228881836,0.03437209129333496
304,0.0,0.026006579399108887,0.0417741984128952,0.03194497153162956
305,0.0,0.02607405185699463,0.03639489784836769,0.029163464903831482
306,0.0,0.08638417720794678,0.18110844492912292,0.10107878595590591
307,1.0,0.0589563250541687,0.0596003457903862,0.06807633489370346
308,0.0,0.2572764754295349,0.2398601770401001,0.3929884731769562
309,1.0,0.47643184661865234,0.5322896242141724,0.7182988524436951
310,1.0,0.37237846851348877,0.4330900013446808,0.6600984930992126
311,1.0,0.36116015911102295,0.38524115085601807,0.4744264483451843
312,1.0,0.39346909523010254,0.2655743956565857,0.574185848236084
835,1.0,0.025971591472625732,0.034351084381341934,0.037196893244981766
836,1.0,0.03209620714187622,0.021738611161708832,0.03404141962528229
837,1.0,0.027692437171936035,0.019052572548389435,0.030577747151255608
838,1.0,0.020879089832305908,0.026360593736171722,0.029225030913949013
839,1.0,0.01949012279510498,0.019306428730487823,0.02672722563147545
840,1.0,0.02118825912475586,0.030181964859366417,0.027464717626571655
841,1.0,0.019536912441253662,0.01942167617380619,0.026438377797603607
842,1.0,0.027219951152801514,0.025898084044456482,0.03292841091752052
843,1.0,0.01904618740081787,0.026424555107951164,0.02685687318444252
844,1.0,0.019359052181243896,0.025588814169168472,0.02643623761832714
845,1.0,0.0292435884475708,0.03809260576963425,0.03622167184948921
846,1.0,0.03640472888946533,0.03468658775091171,0.04179367423057556
847,1.0,0.02943819761276245,0.03244452178478241,0.03610699996352196
848,1.0,0.024481356143951416,0.03337404876947403,0.03544646501541138
849,1.0,0.020556867122650146,0.024944106116890907,0.028333496302366257
850,1.0,0.036492764949798584,0.029098475351929665,0.04340951889753342
851,1.0,0.15076512098312378,0.13923026621341705,0.15036411583423615
852,1.0,0.17490524053573608,0.18249644339084625,0.24178272485733032
853,1.0,0.16220921277999878,0.15676243603229523,0.28041261434555054
854,1.0,0.1735670566558838,0.12611886858940125,0.2908582091331482
855,1.0,0.16852432489395142,0.1754709929227829,0.25516730546951294
856,1.0,0.07731133699417114,0.1385383903980255,0.1303870677947998
857,1.0,0.07581323385238647,0.11854594945907593,0.14298224449157715
858,1.0,0.07387077808380127,0.09196046739816666,0.14220672845840454
859,1.0,0.2331932783126831,0.20507848262786865,0.36420610547065735
860,1.0,0.21831291913986206,0.18553468585014343,0.34602412581443787
861,1.0,0.17324090003967285,0.20278359949588776,0.2649972438812256
862,1.0,0.2398393750190735,0.20257630944252014,0.4844183027744293
863,1.0,0.291633665561676,0.2505660355091095,0.533045768737793
864,1.0,0.22206872701644897,0.17740800976753235,0.3973187804222107
865,1.0,0.20150715112686157,0.20167513191699982,0.4127388298511505
866,1.0,0.16112083196640015,0.17455238103866577,0.30905881524086
867,1.0,0.1925830841064453,0.20707280933856964,0.40118399262428284
868,1.0,0.12792670726776123,0.15870919823646545,0.264288991689682
869,1.0,0.1427009105682373,0.15804517269134521,0.24483785033226013
870,1.0,0.11124789714813232,0.15708918869495392,0.20662012696266174
871,1.0,0.05994969606399536,0.1461745649576187,0.13573579490184784
872,1.0,0.0805201530456543,0.13971489667892456,0.19208645820617676
873,1.0,0.1486765742301941,0.16554881632328033,0.34039369225502014
874,1.0,0.12205743789672852,0.1508704572916031,0.2376132756471634
875,1.0,0.11297804117202759,0.14794567227363586,0.16297341883182526
876,1.0,0.09815537929534912,0.11884225159883499,0.17864714562892914
877,1.0,0.102061927318573,0.13397429883480072,0.14031630754470825
878,1.0,0.07421451807022095,0.10662277042865753,0.0912054181098938
879,1.0,0.10822278261184692,0.1439981609582901,0.1340576559305191
880,1.0,0.11230522394180298,0.14630240201950073,0.15858104825019836
881,1.0,0.04536795616149902,0.09469909965991974,0.051410626620054245
882,1.0,0.045982420444488525,0.11052644997835159,0.06265667080879211
883,1.0,0.046288251876831055,0.1523808091878891,0.06908050924539566
884,1.0,0.030141234397888184,0.03577633947134018,0.03177736699581146
885,1.0,0.040630459785461426,0.0682942345738411,0.06843842566013336
886,1.0,0.03920948505401611,0.05571804195642471,0.05973818525671959
1409,1.0,0.1355878710746765,0.16218164563179016,0.1308649182319641
1410,1.0,0.10480397939682007,0.10204523056745529,0.12780159711837769
1411,1.0,0.1967909336090088,0.19160903990268707,0.18846005201339722
1412,1.0,0.1850137710571289,0.12824344635009766,0.23059411346912384
1413,1.0,0.20255571603775024,0.13940051198005676,0.28602033853530884
1414,1.0,0.2077386975288391,0.1334393173456192,0.27365362644195557
1415,1.0,0.19188976287841797,0.16146303713321686,0.22151368856430054
1416,1.0,0.23235291242599487,0.14390414953231812,0.26367977261543274
1417,1.0,0.17201334238052368,0.1441938579082489,0.2056828886270523
1418,1.0,0.23627698421478271,0.18951217830181122,0.29510557651519775
1419,1.0,0.32345134019851685,0.20365311205387115,0.44014161825180054
1420,1.0,0.37436097860336304,0.2691485583782196,0.4718601405620575
1421,1.0,0.6000571250915527,0.43786612153053284,0.8286607265472412
1422,1.0,0.7138203382492065,0.7353962063789368,0.9714159369468689
1423,1.0,0.6830497980117798,0.8650777339935303,0.9779067039489746
1424,1.0,0.7311875820159912,0.8027807474136353,0.9636987447738647
1425,1.0,0.6450062990188599,0.8236514329910278,0.9464383721351624
1426,1.0,0.6323325634002686,0.7560128569602966,0.9384173154830933
1427,1.0,0.6713359355926514,0.8024783730506897,0.9712924361228943
1428,1.0,0.7344628572463989,0.7365738153457642,0.9609728455543518
1429,1.0,0.7037413120269775,0.671088457107544,0.9556983709335327
1430,1.0,0.7095966339111328,0.8273847699165344,0.9804702997207642
1431,1.0,0.7620524168014526,0.899441659450531,0.9873685240745544
1432,1.0,0.7631311416625977,0.9242238402366638,0.9903689026832581
1433,1.0,0.770350456237793,0.963689386844635,0.9878917932510376
1434,1.0,0.7450884580612183,0.9016801118850708,0.9713723063468933
1435,1.0,0.782198965549469,0.892412543296814,0.9787781238555908
1436,1.0,0.764215350151062,0.8972741961479187,0.9643564820289612
1437,1.0,0.7537558078765869,0.885321855545044,0.9548997282981873
1438,1.0,0.7071940302848816,0.8717963695526123,0.9566897749900818
1439,1.0,0.6890156269073486,0.80875563621521,0.9317610859870911
1440,1.0,0.6628140211105347,0.7846430540084839,0.9172748923301697
1441,1.0,0.561821460723877,0.49947234988212585,0.7480692267417908
1442,1.0,0.49637776613235474,0.5490992069244385,0.7165225148200989
1443,1.0,0.40513402223587036,0.4613036513328552,0.6184486150741577
1444,1.0,0.3336528539657593,0.40743088722229004,0.5623152852058411
1445,1.0,0.28861117362976074,0.3096761703491211,0.4890151023864746
1446,1.0,0.35602837800979614,0.2885033190250397,0.6663116812705994
1447,1.0,0.21125167608261108,0.23484186828136444,0.3939354717731476
1448,1.0,0.22539472579956055,0.2362106591463089,0.4124263823032379
1449,1.0,0.2709895968437195,0.2628825902938843,0.3801656663417816
1450,1.0,0.2467936873435974,0.21426768600940704,0.3396947383880615
1451,1.0,0.13536584377288818,0.1519353687763214,0.15502646565437317
1452,1.0,0.11763536930084229,0.11430341005325317,0.11626043170690536
1453,1.0,0.2184600830078125,0.23583920300006866,0.2835579812526703
1454,1.0,0.2534690499305725,0.19691017270088196,0.2290572077035904
1455,1.0,0.1096264123916626,0.14702542126178741,0.09420324862003326
1456,1.0,0.19566035270690918,0.16354361176490784,0.2448238730430603
1457,1.0,0.2634052038192749,0.20860408246517181,0.3896222710609436
1458,1.0,0.22802364826202393,0.15954723954200745,0.2789272367954254
1459,1.0,0.30377334356307983,0.20348918437957764,0.4434688091278076
1460,1.0,0.29246336221694946,0.22365382313728333,0.41196784377098083
1983,0.0,0.13865596055984497,0.1298191100358963,0.19333983957767487
1984,1.0,0.19552147388458252,0.23687413334846497,0.28004708886146545
1985,1.0,0.19109714031219482,0.2033020257949829,0.2774016857147217
1986,1.0,0.3609797954559326,0.3131099343299866,0.45113566517829895
1987,1.0,0.3172188401222229,0.32532191276550293,0.3146342933177948
1988,1.0,0.2548733949661255,0.26487278938293457,0.23524929583072662
1989,1.0,0.2833148241043091,0.23034143447875977,0.313831090927124
1990,1.0,0.3902587294578552,0.341249942779541,0.44861117005348206
1991,1.0,0.4763542413711548,0.5214855670928955,0.5839002132415771
1992,1.0,0.3538534641265869,0.373298704624176,0.3912099301815033
1993,1.0,0.33787548542022705,0.3366956114768982,0.3558157980442047
1994,1.0,0.28668832778930664,0.30599096417427063,0.2517952024936676
1995,1.0,0.26322293281555176,0.40636661648750305,0.3141923248767853
1996,1.0,0.22321659326553345,0.29901865124702454,0.20383544266223907
1997,1.0,0.13952648639678955,0.2979244887828827,0.12963548302650452
1998,1.0,0.11778587102890015,0.2605198621749878,0.14703114330768585
1999,1.0,0.24488717317581177,0.3233341574668884,0.28556326031684875
2000,1.0,0.2269497513771057,0.2719019949436188,0.16666021943092346
2001,1.0,0.09013277292251587,0.21392609179019928,0.07915407419204712
2002,0.0,0.08573788404464722,0.19087384641170502,0.12397988885641098
2003,0.0,0.08487194776535034,0.18402919173240662,0.097310870885849
2004,0.0,0.05919086933135986,0.17913953959941864,0.06956621259450912
2005,0.0,0.03183633089065552,0.058831170201301575,0.03738538548350334
2006,0.0,0.03290146589279175,0.03660682216286659,0.03300116956233978
2007,0.0,0.03303074836730957,0.04430897906422615,0.02912069857120514
2008,0.0,0.03056234121322632,0.03608718886971474,0.030132997781038284
2009,0.0,0.03167247772216797,0.1140526607632637,0.02825941890478134
2010,0.0,0.0270727276802063,0.034096043556928635,0.03262704610824585
2011,0.0,0.02666836977005005,0.03156931698322296,0.025375444442033768
2012,0.0,0.021270155906677246,0.03902525454759598,0.021301284432411194
2013,0.0,0.018486618995666504,0.023256966844201088,0.018215373158454895
2014,0.0,0.015665650367736816,0.03909338638186455,0.006248515099287033
2015,0.0,0.014447212219238281,0.023398756980895996,0.011868730187416077
2016,0.0,0.01894623041152954,0.07386019080877304,0.02384578250348568
2017,0.0,0.015158236026763916,0.04203023761510849,0.007694970350712538
2018,0.0,0.01388084888458252,0.026898600161075592,0.009580980986356735
2019,0.0,0.01358264684677124,0.027813339605927467,0.012214597314596176
2020,0.0,0.047211408615112305,0.08516018837690353,0.04757756367325783
2021,1.0,0.031066179275512695,0.05050424113869667,0.024508001282811165
2022,0.0,0.02731025218963623,0.0481775663793087,0.022824566811323166
2023,0.0,0.02267920970916748,0.04329580441117287,0.019550276920199394
2024,0.0,0.0672960877418518,0.10267981141805649,0.07234780490398407
2025,1.0,0.0349578857421875,0.04936200752854347,0.025228379294276237
2026,0.0,0.043025851249694824,0.05979771167039871,0.03817075490951538
2027,0.0,0.029475867748260498,0.05238288268446922,0.02296205796301365
2028,0.0,0.03580433130264282,0.057257384061813354,0.025319235399365425
2029,0.0,0.020615875720977783,0.024261148646473885,0.02327553927898407
2030,0.0,0.018935024738311768,0.026803862303495407,0.0202312134206295
2031,0.0,0.025649845600128174,0.04065451771020889,0.03242619335651398
2032,0.0,0.025570034980773926,0.042655475437641144,0.02316254749894142
2033,0.0,0.04259443283081055,0.05535978823900223,0.05850175768136978
2034,0.0,0.045258164405822754,0.0783592239022255,0.04996730387210846
2557,0.0,0.2109554409980774,0.2102941870689392,0.1928562968969345
2558,0.0,0.1565658450126648,0.17010754346847534,0.11880701780319214
2559,0.0,0.12446987628936768,0.11100728064775467,0.08853853493928909
2560,0.0,0.11999362707138062,0.10397396236658096,0.07617098838090897
2561,0.0,0.12858623266220093,0.14874032139778137,0.08632661402225494
2562,0.0,0.1293649673461914,0.18373747169971466,0.1103946790099144
2563,0.0,0.11275815963745117,0.12681953608989716,0.08046118170022964
2564,0.0,0.12499278783798218,0.16482096910476685,0.07833415269851685
2565,0.0,0.12342530488967896,0.1859435737133026,0.10162537544965744
2566,0.0,0.10987353324890137,0.1538608968257904,0.06586840003728867
2567,0.0,0.08607417345046997,0.2584792673587799,0.059960298240184784
2568,0.0,0.060858964920043945,0.20030523836612701,0.033641524612903595
2569,0.0,0.03407871723175049,0.09207893162965775,0.028867002576589584
2570,0.0,0.09788012504577637,0.1412464827299118,0.0652918890118599
2571,0.0,0.11937534809112549,0.19793662428855896,0.09630273282527924
2572,0.0,0.11668461561203003,0.1945933848619461,0.10804416984319687
2573,0.0,0.10932552814483643,0.14675234258174896,0.07917715609073639
2574,0.0,0.04828435182571411,0.08190898597240448,0.039513878524303436
2575,0.0,0.036909639835357666,0.1154896691441536,0.026746829971671104
2576,0.0,0.02786308526992798,0.07390137761831284,0.021068643778562546
2577,0.0,0.027534782886505127,0.05765755847096443,0.019252492114901543
2578,0.0,0.07185578346252441,0.10991744697093964,0.059077899903059006
2579,0.0,0.034573137760162354,0.09989036619663239,0.026516076177358627
2580,0.0,0.027276456356048584,0.060064297169446945,0.014696063473820686
2581,0.0,0.022029995918273926,0.043224722146987915,0.016557207331061363
2582,0.0,0.021306335926055908,0.03529834747314453,0.016600152477622032
2583,0.0,0.04671066999435425,0.0967348963022232,0.03414049744606018
2584,0.0,0.058092594146728516,0.14434443414211273,0.05060609430074692
2585,0.0,0.0356253981590271,0.07704155147075653,0.02441946230828762
2586,0.0,0.0265427827835083,0.05197342857718468,0.017053069546818733
2587,0.0,0.0492781400680542,0.09587451070547104,0.028990069404244423
2588,0.0,0.024785876274108887,0.06054755672812462,0.01484941877424717
2589,0.0,0.04138702154159546,0.0788886547088623,0.02614998258650303
2590,0.0,0.04746049642562866,0.09873180836439133,0.03491475433111191
2591,0.0,0.03309428691864014,0.06827140599489212,0.028872722759842873
2592,0.0,0.021189987659454346,0.034664738923311234,0.01466998178511858
2593,0.0,0.01628798246383667,0.027819430455565453,0.01215216051787138
2594,0.0,0.013385236263275146,0.013964328914880753,0.008908570744097233
2595,0.0,0.011301636695861816,0.009915870614349842,0.010564865544438362
2596,0.0,0.011566340923309326,0.012965935282409191,0.011012027971446514
2597,0.0,0.011473238468170166,0.01867448166012764,0.010773909278213978
2598,0.0,0.011207938194274902,0.016703516244888306,0.01115270797163248
2599,0.0,0.011210322380065918,0.012697487138211727,0.010867981240153313
2600,0.0,0.01234656572341919,0.014122337102890015,0.010758700780570507
2601,0.0,0.013134598731994629,0.019003137946128845,0.01099549513310194
2602,0.0,0.012589752674102783,0.0213258545845747,0.011237649247050285
2603,0.0,0.012190520763397217,0.030241133645176888,0.010595673695206642
2604,0.0,0.012731075286865234,0.03211357817053795,0.010561536066234112
2605,0.0,0.012590229511260986,0.026501012966036797,0.011256050318479538
2606,0.0,0.015636861324310303,0.03335561603307724,0.013837126083672047
2607,0.0,0.02398616075515747,0.07392860949039459,0.027562133967876434
2608,0.0,0.02268040180206299,0.05343184247612953,0.023177197203040123
3131,0.0,0.02116262912750244,0.05440661683678627,0.0160527341067791
3132,0.0,0.12080579996109009,0.18037092685699463,0.08030045032501221
3133,0.0,0.04731196165084839,0.14039234817028046,0.04114866256713867
3134,0.0,0.07111972570419312,0.0805242657661438,0.04155786707997322
3135,0.0,0.034224867820739746,0.08015389740467072,0.03728407621383667
3136,0.0,0.07337319850921631,0.10440041869878769,0.055769581347703934
3137,0.0,0.035376667976379395,0.08517008274793625,0.038299188017845154
3138,0.0,0.027544140815734863,0.039286307990550995,0.023165307939052582
3139,0.0,0.09790360927581787,0.1231294497847557,0.08506107330322266
3140,0.0,0.20046138763427734,0.2713414430618286,0.19652172923088074
3141,0.0,0.1712971329689026,0.15989412367343903,0.17346951365470886
3142,0.0,0.07423681020736694,0.10199765115976334,0.05439081788063049
3143,0.0,0.053043901920318604,0.09601303935050964,0.03740902990102768
3144,0.0,0.10509353876113892,0.12292589992284775,0.10391818732023239
3145,0.0,0.050496697425842285,0.10468132048845291,0.06577226519584656
3146,0.0,0.07854849100112915,0.08394809812307358,0.06888207048177719
3147,0.0,0.15612047910690308,0.19616322219371796,0.21579597890377045
3148,0.0,0.1670270562171936,0.19977979362010956,0.17375724017620087
3149,0.0,0.35538244247436523,0.4123832583427429,0.47793859243392944
3150,0.0,0.3381503224372864,0.4227398931980133,0.45888128876686096
3151,0.0,0.3792564272880554,0.5430670380592346,0.7257888317108154
3152,1.0,0.45305532217025757,0.7834485173225403,0.8426199555397034
3153,1.0,0.539831280708313,0.8201828002929688,0.9024209380149841
3154,1.0,0.6082987189292908,0.863909125328064,0.9463170766830444
3155,1.0,0.5143454074859619,0.9424225091934204,0.9615321159362793
3156,1.0,0.6167033910751343,0.9649429321289062,0.978743851184845
3157,1.0,0.6143772006034851,0.9283545017242432,0.9824271202087402
3158,1.0,0.5968234539031982,0.9367136359214783,0.9777021408081055
3159,1.0,0.5946032404899597,0.9533471465110779,0.9777514934539795
3160,1.0,0.5456691980361938,0.9459376931190491,0.9523040056228638
3161,1.0,0.5232170820236206,0.9036024212837219,0.8938754200935364
3162,1.0,0.5376929044723511,0.8520850539207458,0.8595011830329895
3163,1.0,0.47417038679122925,0.8999780416488647,0.8772279620170593
3164,1.0,0.4364205598831177,0.9328824877738953,0.825811505317688
3165,1.0,0.45548015832901,0.8894885182380676,0.8159512281417847
3166,1.0,0.307314932346344,0.7826730608940125,0.6475983262062073
3167,1.0,0.3387284278869629,0.7999993562698364,0.5797291398048401
3168,1.0,0.3520895838737488,0.8553603887557983,0.6407161355018616
3169,1.0,0.31203246116638184,0.8111494183540344,0.594205379486084
3170,1.0,0.2121860384941101,0.5495833158493042,0.25510379672050476
3171,1.0,0.20620501041412354,0.40487274527549744,0.20064596831798553
3172,1.0,0.1997801661491394,0.39104557037353516,0.20085884630680084
3173,1.0,0.20121103525161743,0.4220324754714966,0.1794055849313736
3174,1.0,0.17363256216049194,0.3469635546207428,0.14545468986034393
3175,1.0,0.2084064483642578,0.3436563014984131,0.17503786087036133
3176,1.0,0.14647018909454346,0.24072539806365967,0.12204384058713913
3177,1.0,0.13962924480438232,0.18147842586040497,0.136247918009758
3178,1.0,0.19318890571594238,0.288580983877182,0.22078940272331238
3179,1.0,0.20402735471725464,0.2803337872028351,0.20246848464012146
3180,1.0,0.18354010581970215,0.26956748962402344,0.23344960808753967
3181,1.0,0.13450294733047485,0.21542876958847046,0.1584787219762802
3182,1.0,0.11964291334152222,0.15623341500759125,0.08325345069169998
3705,0.0,0.06710201501846313,0.08206986635923386,0.052119672298431396
3706,0.0,0.026869237422943115,0.06688275933265686,0.026859894394874573
3707,0.0,0.020511627197265625,0.028577962890267372,0.013843988068401814
3708,0.0,0.08520245552062988,0.12943531572818756,0.06347136199474335
3709,0.0,0.04631561040878296,0.11303543299436569,0.040767185389995575
3710,0.0,0.02815854549407959,0.04922765865921974,0.019889412447810173
3711,0.0,0.024134337902069092,0.06297490745782852,0.0194245595484972
3712,0.0,0.09617704153060913,0.129745215177536,0.07702051848173141
3713,0.0,0.1317564845085144,0.19646914303302765,0.1388983428478241
3714,0.0,0.12487536668777466,0.1751478612422943,0.08577121794223785
3715,0.0,0.05286961793899536,0.08245282620191574,0.032381486147642136
3716,0.0,0.040794312953948975,0.08656682074069977,0.02717486582696438
3717,0.0,0.09722721576690674,0.12305671721696854,0.09038656204938889
3718,0.0,0.10184681415557861,0.13897794485092163,0.10523522645235062
3719,0.0,0.11371558904647827,0.13463149964809418,0.11326980590820312
3720,0.0,0.2168901562690735,0.19407032430171967,0.24667970836162567
3721,0.0,0.16860431432724,0.18320606648921967,0.1379929631948471
3722,0.0,0.33627456426620483,0.44350066781044006,0.3198104500770569
3723,1.0,0.20027989149093628,0.30534422397613525,0.3260931074619293
3724,1.0,0.16834580898284912,0.22850774228572845,0.1981678456068039
3725,0.0,0.12564879655838013,0.17118674516677856,0.07884646952152252
3726,0.0,0.1473730206489563,0.15804287791252136,0.15971480309963226
3727,0.0,0.0972975492477417,0.08443401008844376,0.06633526086807251
3728,0.0,0.09900528192520142,0.09592404961585999,0.09500730782747269
3729,1.0,0.09697490930557251,0.10765498131513596,0.08610330522060394
3730,0.0,0.09680598974227905,0.11988040804862976,0.06471360474824905
3731,1.0,0.08879810571670532,0.09102484583854675,0.07231874763965607
3732,0.0,0.08889836072921753,0.10880386084318161,0.0604359470307827
3733,0.0,0.09157824516296387,0.08754918724298477,0.06105251610279083
3734,0.0,0.08668828010559082,0.12062688171863556,0.06688600033521652
3735,0.0,0.09983700513839722,0.1125866174697876,0.08304690569639206
3736,0.0,0.10392314195632935,0.09581544250249863,0.0662417933344841
3737,0.0,0.09241807460784912,0.12278830260038376,0.06541313976049423
3738,0.0,0.04790854454040527,0.08671704679727554,0.027693206444382668
3739,0.0,0.053129732608795166,0.07059039920568466,0.03326266258955002
3740,0.0,0.05321305990219116,0.07684165239334106,0.027697911486029625
3741,0.0,0.02601844072341919,0.07726524025201797,0.015116175636649132
3742,0.0,0.03939807415008545,0.04817069694399834,0.021313082426786423
3743,0.0,0.04058045148849487,0.056431904435157776,0.035584721714258194
3744,0.0,0.022625386714935303,0.06807307153940201,0.015477556735277176
3745,0.0,0.032526493072509766,0.04117530956864357,0.026243247091770172
3746,0.0,0.019315063953399658,0.08554672449827194,0.019249210134148598
3747,0.0,0.013257861137390137,0.04035551846027374,0.009211654774844646
3748,0.0,0.03256291151046753,0.06187601760029793,0.023259002715349197
3749,0.0,0.022402942180633545,0.07242754846811295,0.021445605903863907
3750,0.0,0.03223377466201782,0.046065010130405426,0.030738607048988342
3751,0.0,0.04784363508224487,0.0721718892455101,0.05162622407078743
3752,0.0,0.02618962526321411,0.08072111010551453,0.0270024836063385
3753,0.0,0.02145516872406006,0.0855109691619873,0.020023511722683907
3754,0.0,0.02003568410873413,0.08491670340299606,0.01992654986679554
3755,0.0,0.019884169101715088,0.07946466654539108,0.026495281606912613
3756,0.0,0.01655447483062744,0.020286094397306442,0.01504939142614603
4279,0.0,0.2385806441307068,0.24658790230751038,0.2696669399738312
4280,0.0,0.3549429178237915,0.2819783389568329,0.47459569573402405
4281,0.0,0.23178666830062866,0.21571019291877747,0.2938216030597687
4282,0.0,0.1605352759361267,0.14911413192749023,0.13836653530597687
4283,0.0,0.24750763177871704,0.19879379868507385,0.25753894448280334
4284,0.0,0.37822210788726807,0.31638196110725403,0.42949315905570984
4285,0.0,0.26898860931396484,0.2077728807926178,0.3439458906650543
4286,0.0,0.15601593255996704,0.1607392579317093,0.1656719297170639
4287,0.0,0.13261890411376953,0.1310475617647171,0.14117415249347687
4288,0.0,0.13151580095291138,0.15542998909950256,0.10681752115488052
4289,0.0,0.17163467407226562,0.19304600358009338,0.16948355734348297
4290,0.0,0.2182491421699524,0.2323734611272812,0.22286252677440643
4291,0.0,0.19287735223770142,0.19469165802001953,0.23395512998104095
4292,0.0,0.18571871519088745,0.21538712084293365,0.18795080482959747
4293,0.0,0.14019089937210083,0.14610494673252106,0.13130022585391998
4294,0.0,0.19961577653884888,0.2668929994106293,0.23623435199260712
4295,0.0,0.23949408531188965,0.23420503735542297,0.3130721151828766
4296,0.0,0.1557832956314087,0.1787475347518921,0.1775575429201126
4297,0.0,0.06164616346359253,0.12622781097888947,0.04880276322364807
4298,0.0,0.057424306869506836,0.09897475689649582,0.04931746795773506
4299,0.0,0.11427932977676392,0.1479736864566803,0.11893109977245331
4300,0.0,0.08736950159072876,0.12371599674224854,0.08238986134529114
4301,0.0,0.03963792324066162,0.070347860455513,0.03198162466287613
4302,0.0,0.04220932722091675,0.07441340386867523,0.025111187249422073
4303,0.0,0.041775643825531006,0.11657287925481796,0.030860258266329765
4304,0.0,0.02702796459197998,0.0288242157548666,0.023332485929131508
4305,0.0,0.024815797805786133,0.021627210080623627,0.022471101954579353
4306,0.0,0.06740689277648926,0.09404457360506058,0.06639992445707321
4307,0.0,0.04854339361190796,0.08202599734067917,0.050711747258901596
4308,0.0,0.03906959295272827,0.038697920739650726,0.0296979658305645
4309,0.0,0.03130000829696655,0.050096768885850906,0.030430668964982033
4310,0.0,0.06591689586639404,0.14549104869365692,0.05361654981970787
4311,0.0,0.04041403532028198,0.15333977341651917,0.047394752502441406
4312,0.0,0.07244062423706055,0.09710703790187836,0.06476873904466629
4313,0.0,0.03729325532913208,0.08519572764635086,0.03363337740302086
4314,0.0,0.0889960527420044,0.13493186235427856,0.09804005920886993
4315,0.0,0.03945934772491455,0.09213166683912277,0.0461210273206234
4316,0.0,0.057805776596069336,0.1400478035211563,0.06682901084423065
4317,0.0,0.039350688457489014,0.06894075870513916,0.03984851762652397
4318,0.0,0.046117186546325684,0.059508487582206726,0.03905029594898224
4319,0.0,0.024617910385131836,0.05214880779385567,0.02582389861345291
4320,0.0,0.061564087867736816,0.08433657139539719,0.056392084807157516
4321,0.0,0.048265933990478516,0.0856192484498024,0.050213634967803955
4322,0.0,0.029679834842681885,0.06593044102191925,0.0284159854054451
4323,0.0,0.10081815719604492,0.13435201346874237,0.10721036046743393
4324,0.0,0.11112874746322632,0.1765131652355194,0.12208251655101776
4325,0.0,0.07046490907669067,0.1303696483373642,0.08675102889537811
4326,0.0,0.07299119234085083,0.08740619570016861,0.06633301824331284
4327,0.0,0.07575911283493042,0.09097827225923538,0.09580476582050323
4328,0.0,0.08338755369186401,0.08872947096824646,0.10563957691192627
4329,0.0,0.07130223512649536,0.0776892602443695,0.07685937732458115
4330,0.0,0.20740967988967896,0.2122068852186203,0.2336181402206421
4853,0.0,0.042799293994903564,0.049420315772295,0.047341953963041306
4854,0.0,0.04774308204650879,0.05322502180933952,0.04691231623291969
4855,0.0,0.041557908058166504,0.025629451498389244,0.02924545854330063
4856,0.0,0.14706861972808838,0.17404665052890778,0.11022571474313736
4857,1.0,0.35980457067489624,0.3577720522880554,0.3617716133594513
4858,1.0,0.534785807132721,0.37372085452079773,0.6183788180351257
4859,1.0,0.3236793875694275,0.2571913003921509,0.3576122522354126
4860,1.0,0.3212693929672241,0.2631358802318573,0.3190816044807434
4861,1.0,0.3234859108924866,0.2423718273639679,0.3554700016975403
4862,1.0,0.36224156618118286,0.33077526092529297,0.3965458869934082
4863,1.0,0.32049572467803955,0.2903829514980316,0.3393746316432953
4864,1.0,0.3161778450012207,0.32239025831222534,0.3059029281139374
4865,1.0,0.4522690176963806,0.40831345319747925,0.573614239692688
4866,1.0,0.36996811628341675,0.34806039929389954,0.5446488261222839
4867,1.0,0.29039978981018066,0.3048660159111023,0.3686816096305847
4868,1.0,0.2636144757270813,0.32704871892929077,0.3305622339248657
4869,1.0,0.2790714502334595,0.3239389657974243,0.41974613070487976
4870,1.0,0.20193713903427124,0.26817241311073303,0.2553550899028778
4871,1.0,0.2048662304878235,0.21486490964889526,0.2680221199989319
4872,1.0,0.22927099466323853,0.1991872936487198,0.2617852985858917
4873,1.0,0.20840603113174438,0.1659259796142578,0.2089093178510666
4874,1.0,0.1615757942199707,0.16931676864624023,0.1741737574338913
4875,1.0,0.12503951787948608,0.1224677562713623,0.1428617537021637
4876,1.0,0.11610954999923706,0.11269528418779373,0.10655751079320908
4877,1.0,0.06529110670089722,0.09973254799842834,0.08335612714290619
4878,0.0,0.1403721570968628,0.14236921072006226,0.10708274692296982
4879,1.0,0.1412370204925537,0.1315910667181015,0.10284904390573502
4880,1.0,0.1281294822692871,0.11489506810903549,0.09413828700780869
4881,1.0,0.08579826354980469,0.1102665364742279,0.0674087256193161
4882,0.0,0.10962462425231934,0.1432386040687561,0.08639711886644363
4883,1.0,0.07177132368087769,0.07159862667322159,0.05039067193865776
4884,0.0,0.04144185781478882,0.07104352116584778,0.030926132574677467
4885,0.0,0.034464478492736816,0.034785542637109756,0.024452971294522285
4886,0.0,0.03021717071533203,0.04180486500263214,0.021245108917355537
4887,0.0,0.0654488205909729,0.10001355409622192,0.05391600728034973
4888,1.0,0.03427761793136597,0.05812110751867294,0.02492590807378292
4889,0.0,0.06350654363632202,0.08152070641517639,0.056421197950839996
4890,1.0,0.03379857540130615,0.062273234128952026,0.02822430431842804
4891,0.0,0.06423550844192505,0.09771893918514252,0.05962371826171875
4892,1.0,0.0683739185333252,0.104274220764637,0.07843223214149475
4893,1.0,0.03985482454299927,0.07703178375959396,0.03568115830421448
4894,0.0,0.02747213840484619,0.05559360608458519,0.024441536515951157
4895,0.0,0.025320589542388916,0.04289236664772034,0.02128816582262516
4896,0.0,0.019748568534851074,0.01626414991915226,0.016310494393110275
4897,0.0,0.01947462558746338,0.03962940722703934,0.021201280876994133
4898,0.0,0.06151127815246582,0.11138945072889328,0.06326470524072647
4899,1.0,0.030041754245758057,0.04487258940935135,0.029586657881736755
4900,0.0,0.030006051063537598,0.04811381176114082,0.02569892816245556
4901,0.0,0.08238774538040161,0.12206736207008362,0.0923382118344307
4902,1.0,0.061656653881073,0.12753647565841675,0.05286461487412453
4903,0.0,0.050483882427215576,0.07332145422697067,0.06418509036302567
4904,0.0,0.06639599800109863,0.09708409011363983,0.08792717009782791
5427,0.0,0.01587003469467163,0.016467126086354256,0.018307998776435852
5428,0.0,0.07389509677886963,0.1198987290263176,0.07001986354589462
5429,1.0,0.08846181631088257,0.126503124833107,0.09484139829874039
5430,0.0,0.09266817569732666,0.12877783179283142,0.10042785853147507
5431,0.0,0.11010617017745972,0.14434948563575745,0.15053245425224304
5432,1.0,0.065815269947052,0.0807587206363678,0.08531876653432846
5433,0.0,0.04008537530899048,0.07346279919147491,0.03668906167149544
5434,0.0,0.08683669567108154,0.1122235357761383,0.12412911653518677
5435,0.0,0.042479515075683594,0.06811276078224182,0.060117222368717194
5436,0.0,0.025917887687683105,0.030484789982438087,0.022380435839295387
5437,0.0,0.025386452674865723,0.03089340217411518,0.02640661410987377
5438,0.0,0.022458672523498535,0.0272578913718462,0.024126244708895683
5439,0.0,0.019101500511169434,0.026763344183564186,0.023297317326068878
5440,0.0,0.01902824640274048,0.019817156717181206,0.025138581171631813
5441,0.0,0.07534366846084595,0.08452664315700531,0.08967453986406326
5442,0.0,0.10206836462020874,0.15864259004592896,0.12272612005472183
5443,0.0,0.1389259696006775,0.16671331226825714,0.17595180869102478
5444,1.0,0.3456873893737793,0.23272395133972168,0.43421047925949097
5445,1.0,0.5338337421417236,0.4449063241481781,0.5751345753669739
5446,1.0,0.296661913394928,0.29539602994918823,0.3784424364566803
5447,1.0,0.4631693363189697,0.3939678966999054,0.6386247277259827
5448,1.0,0.5905076265335083,0.6762917041778564,0.9157810211181641
5449,1.0,0.7316218018531799,0.8745881915092468,0.9630531668663025
5450,1.0,0.6612917184829712,0.9228607416152954,0.9865548610687256
5451,1.0,0.6979100108146667,0.9049021601676941,0.9767618775367737
5452,1.0,0.6222583055496216,0.89203280210495,0.9299876689910889
5453,1.0,0.6167515516281128,0.8232014775276184,0.9085527062416077
5454,1.0,0.6296178102493286,0.8097222447395325,0.8777408599853516
5455,1.0,0.5537407398223877,0.7602584958076477,0.8411546945571899
5456,1.0,0.6099736094474792,0.7364760041236877,0.8922814130783081
5457,1.0,0.5235855579376221,0.6878817677497864,0.8447679877281189
5458,1.0,0.3937559127807617,0.4570310413837433,0.5856531262397766
5459,1.0,0.366538941860199,0.38515400886535645,0.6290732026100159
5460,1.0,0.2571176290512085,0.33035075664520264,0.4193459153175354
5461,1.0,0.23711973428726196,0.308772474527359,0.3001154661178589
5462,1.0,0.1988365650177002,0.22144322097301483,0.26621297001838684
5463,1.0,0.14316606521606445,0.16104921698570251,0.20478419959545135
5464,1.0,0.14391255378723145,0.1394672840833664,0.1753772795200348
5465,1.0,0.09708714485168457,0.11112218350172043,0.1305190622806549
5466,1.0,0.07550287246704102,0.10510531067848206,0.05978844687342644
5467,0.0,0.090251624584198,0.14959312975406647,0.13453076779842377
5468,1.0,0.13568490743637085,0.23325715959072113,0.224085733294487
5469,1.0,0.08226263523101807,0.09772619605064392,0.08750590682029724
5470,1.0,0.04691505432128906,0.09274878352880478,0.03680775314569473
5471,0.0,0.041149258613586426,0.07281908392906189,0.03271941468119621
5472,0.0,0.04092609882354736,0.06718689203262329,0.034813929349184036
5473,0.0,0.0348665714263916,0.05745745822787285,0.02270161733031273
5474,0.0,0.03911149501800537,0.06075627729296684,0.03257649019360542
5475,0.0,0.02274608612060547,0.06270457804203033,0.019462738186120987
5476,0.0,0.07993423938751221,0.14013983309268951,0.06474695354700089
5477,1.0,0.04852902889251709,0.08344398438930511,0.0357205905020237
5478,0.0,0.03002375364303589,0.0896710455417633,0.01956982910633087
6001,0.0,0.3208073377609253,0.3503885865211487,0.47734200954437256
6002,1.0,0.29417502880096436,0.3243822753429413,0.43094950914382935
6003,1.0,0.38738512992858887,0.4311671555042267,0.6040382385253906
6004,1.0,0.39491063356399536,0.43493276834487915,0.5793519616127014
6005,1.0,0.3432267904281616,0.3575117290019989,0.45396173000335693
6006,1.0,0.31872063875198364,0.41639244556427,0.45812371373176575
6007,1.0,0.4491835832595825,0.5423033833503723,0.6130148768424988
6008,1.0,0.5481916666030884,0.4582160413265228,0.7606675028800964
6009,1.0,0.39669936895370483,0.5032531023025513,0.6262772679328918
6010,1.0,0.35370194911956787,0.5127981305122375,0.5166985392570496
6011,1.0,0.41563254594802856,0.5764369964599609,0.6378021240234375
6012,1.0,0.45532679557800293,0.5714052319526672,0.6323450803756714
6013,1.0,0.4491288661956787,0.5471107959747314,0.6627036929130554
6014,1.0,0.4401204586029053,0.5757085084915161,0.6604175567626953
6015,1.0,0.5343739986419678,0.5775160193443298,0.8370572924613953
6016,1.0,0.41427433490753174,0.5677005648612976,0.6081250309944153
6017,1.0,0.38152390718460083,0.5740329027175903,0.5492673516273499
6018,1.0,0.3815619945526123,0.46814319491386414,0.49672162532806396
6019,1.0,0.21858423948287964,0.3244396448135376,0.2981818914413452
6020,1.0,0.4145098328590393,0.42253780364990234,0.6764498353004456
6021,1.0,0.3629336953163147,0.4598340392112732,0.45332857966423035
6022,1.0,0.17420750856399536,0.324073851108551,0.22810901701450348
6023,1.0,0.26033324003219604,0.4014086127281189,0.3794540762901306
6024,1.0,0.333213746547699,0.36500492691993713,0.5469439029693604
6025,1.0,0.4393872618675232,0.4960640072822571,0.7144787311553955
6026,1.0,0.32667678594589233,0.3892907202243805,0.5097483396530151
6027,1.0,0.2119309902191162,0.28457772731781006,0.3587679862976074
6028,1.0,0.18743818998336792,0.23679636418819427,0.22841249406337738
6029,1.0,0.19486147165298462,0.2793212831020355,0.28121116757392883
6030,0.0,0.15998423099517822,0.21864718198776245,0.1787739396095276
6031,1.0,0.15005004405975342,0.17276369035243988,0.14528873562812805
6032,1.0,0.13772457838058472,0.16330939531326294,0.10376356542110443
6033,1.0,0.08725255727767944,0.16465502977371216,0.08805888146162033
6034,0.0,0.08711498975753784,0.17183037102222443,0.102391317486763
6035,1.0,0.0821988582611084,0.13957880437374115,0.07275660336017609
6036,0.0,0.059934914112091064,0.12680569291114807,0.044406574219465256
6037,0.0,0.09179419279098511,0.1960853785276413,0.0856984481215477
6038,1.0,0.09473520517349243,0.11327565461397171,0.09372612833976746
6039,0.0,0.10523700714111328,0.1463821977376938,0.14193683862686157
6040,1.0,0.10678237676620483,0.12950098514556885,0.12772805988788605
6041,0.0,0.1111302375793457,0.15652267634868622,0.11674798280000687
6042,0.0,0.12617886066436768,0.18870674073696136,0.16238942742347717
6043,1.0,0.19779837131500244,0.18828168511390686,0.21905437111854553
6044,1.0,0.16809982061386108,0.15056045353412628,0.18943484127521515
6045,1.0,0.1582154631614685,0.17340603470802307,0.21750345826148987
6046,1.0,0.231126070022583,0.2072422355413437,0.23669908940792084
6047,1.0,0.2111806869506836,0.23416472971439362,0.2721947431564331
6048,1.0,0.2198779582977295,0.22962799668312073,0.2655211389064789
6049,1.0,0.2866556644439697,0.2601742446422577,0.40567755699157715
6050,1.0,0.25543445348739624,0.19262376427650452,0.28090065717697144
6051,1.0,0.28577202558517456,0.22601620852947235,0.3681095242500305
6052,1.0,0.30142366886138916,0.2147592157125473,0.3508755564689636
6575,0.0,0.038437724113464355,0.04028872773051262,0.03714558482170105
6576,0.0,0.16327929496765137,0.1639249473810196,0.12025381624698639
6577,0.0,0.1704428791999817,0.1784217357635498,0.1340658813714981
6578,0.0,0.15399622917175293,0.18093731999397278,0.1806473433971405
6579,0.0,0.15301072597503662,0.14307019114494324,0.1663638800382614
6580,0.0,0.255013644695282,0.2807650864124298,0.3272680938243866
6581,0.0,0.20282793045043945,0.19460970163345337,0.24647705256938934
6582,0.0,0.1986229419708252,0.1861695647239685,0.17992495000362396
6583,0.0,0.12235957384109497,0.1349458396434784,0.09435915946960449
6584,0.0,0.21911203861236572,0.20958615839481354,0.2167581468820572
6585,0.0,0.14448589086532593,0.2124817967414856,0.11153694242238998
6586,0.0,0.08902806043624878,0.1716446727514267,0.09356386214494705
6587,0.0,0.21848160028457642,0.28984391689300537,0.19892068207263947
6588,0.0,0.11852061748504639,0.14446423947811127,0.09433727711439133
6589,0.0,0.16695141792297363,0.15813115239143372,0.1258077174425125
6590,0.0,0.28383469581604004,0.29056498408317566,0.33107900619506836
6591,0.0,0.17340409755706787,0.24650613963603973,0.2778085768222809
6592,0.0,0.0759703516960144,0.12200916558504105,0.09068984538316727
6593,0.0,0.06707751750946045,0.10052327811717987,0.045415859669446945
6594,0.0,0.054966092109680176,0.09964509308338165,0.03918662294745445
6595,0.0,0.10137081146240234,0.16966962814331055,0.09578467160463333
6596,0.0,0.08167588710784912,0.11244804412126541,0.06497421860694885
6597,0.0,0.09596014022827148,0.11042134463787079,0.057996999472379684
6598,0.0,0.17907732725143433,0.14980097115039825,0.18359136581420898
6599,0.0,0.0940278172492981,0.18245093524456024,0.1471809297800064
6600,0.0,0.0735357403755188,0.1300392597913742,0.08090996742248535
6601,0.0,0.06055140495300293,0.13830791413784027,0.05315373092889786
6602,0.0,0.05190682411193848,0.15666058659553528,0.0420270673930645
6603,0.0,0.02353036403656006,0.020912058651447296,0.01872674562036991
6604,0.0,0.06450772285461426,0.11299923062324524,0.06577890366315842
6605,0.0,0.07837015390396118,0.16192708909511566,0.0915815457701683
6606,0.0,0.09785574674606323,0.11567001044750214,0.09324885904788971
6607,0.0,0.09060013294219971,0.1063055545091629,0.05846311151981354
6608,0.0,0.04893463850021362,0.10723930597305298,0.04027596116065979
6609,0.0,0.026502251625061035,0.06256068497896194,0.020870141685009003
6610,0.0,0.016886770725250244,0.0501304492354393,0.010855264961719513
6611,0.0,0.015223681926727295,0.017877209931612015,0.009292853996157646
6612,0.0,0.009176194667816162,0.004799224436283112,0.005486731883138418
6613,0.0,0.026165544986724854,0.045169372111558914,0.019979549571871758
6614,0.0,0.013560891151428223,0.04507061466574669,0.01391506101936102
6615,0.0,0.012561261653900146,0.040159665048122406,0.009901579469442368
6616,0.0,0.01578068733215332,0.01935761794447899,0.014714062213897705
6617,0.0,0.011222660541534424,0.008581841364502907,0.010016582906246185
6618,0.0,0.011149704456329346,0.012833119370043278,0.008997444994747639
6619,0.0,0.020551323890686035,0.03023255616426468,0.018999844789505005
6620,0.0,0.01371532678604126,0.006737320218235254,0.010868201963603497
6621,0.0,0.013963758945465088,0.029589612036943436,0.01158477459102869
6622,0.0,0.016856789588928223,0.03232499957084656,0.016598718240857124
6623,0.0,0.01718384027481079,0.01073124073445797,0.011876802891492844
6624,0.0,0.02257359027862549,0.03101363778114319,0.013929842039942741
6625,0.0,0.033593952655792236,0.04198919236660004,0.0299033522605896
6626,0.0,0.04466104507446289,0.0585249587893486,0.05367274209856987
7149,0.0,0.17130231857299805,0.30568867921829224,0.22353921830654144
7150,0.0,0.22196507453918457,0.2800523638725281,0.2658173739910126
7151,0.0,0.08001172542572021,0.11255180090665817,0.11798825114965439
7152,0.0,0.06856489181518555,0.10575003921985626,0.06780046224594116
7153,0.0,0.0713009238243103,0.07698988914489746,0.07133053243160248
7154,0.0,0.21313154697418213,0.2187379151582718,0.19447001814842224
7155,0.0,0.19653475284576416,0.21648427844047546,0.21645379066467285
7156,0.0,0.17236202955245972,0.23980921506881714,0.2734729051589966
7157,0.0,0.35584813356399536,0.331431120634079,0.525488555431366
7158,1.0,0.19392907619476318,0.26131805777549744,0.2522684633731842
7159,0.0,0.25285911560058594,0.2584354281425476,0.31751900911331177
7160,1.0,0.25589585304260254,0.31718119978904724,0.25081679224967957
7161,0.0,0.29148149490356445,0.3465285301208496,0.3343423008918762
7162,1.0,0.5040055513381958,0.5294752717018127,0.7154279351234436
7163,1.0,0.44174396991729736,0.47970277070999146,0.6517764329910278
7164,1.0,0.33454400300979614,0.41172927618026733,0.5271469354629517
7165,1.0,0.27301734685897827,0.36019912362098694,0.4330643117427826
7166,1.0,0.25226855278015137,0.312322199344635,0.40461164712905884
7167,1.0,0.24190038442611694,0.2958538234233856,0.4171629250049591
7168,1.0,0.19353431463241577,0.2403700202703476,0.27369242906570435
7169,0.0,0.114898681640625,0.1895933598279953,0.15190961956977844
7170,0.0,0.09327048063278198,0.18086986243724823,0.11306855082511902
7171,0.0,0.06665223836898804,0.12636883556842804,0.08590872585773468
7172,0.0,0.05382651090621948,0.06438399106264114,0.05459901690483093
7173,0.0,0.0987318754196167,0.1195242702960968,0.08757621794939041
7174,1.0,0.08318102359771729,0.1351434588432312,0.06656397134065628
7175,0.0,0.06015324592590332,0.09545686095952988,0.04950912296772003
7176,0.0,0.05335819721221924,0.0834396481513977,0.051303278654813766
7177,0.0,0.052468836307525635,0.09772804379463196,0.04569979012012482
7178,0.0,0.028383493423461914,0.037933479994535446,0.026406584307551384
7179,0.0,0.05315697193145752,0.09139443933963776,0.05389068275690079
7180,0.0,0.04071074724197388,0.05844254046678543,0.035587068647146225
7181,0.0,0.033787667751312256,0.048911482095718384,0.031062137335538864
7182,0.0,0.03125607967376709,0.038838621228933334,0.02704053372144699
7183,0.0,0.03037935495376587,0.02454116940498352,0.025875043123960495
7184,0.0,0.018807053565979004,0.02792421355843544,0.01956302672624588
7185,0.0,0.015822410583496094,0.031051641330122948,0.016412898898124695
7186,0.0,0.046258747577667236,0.09140964597463608,0.04557102918624878
7187,0.0,0.022210299968719482,0.06299972534179688,0.021987898275256157
7188,0.0,0.021936416625976562,0.022180497646331787,0.020151298493146896
7189,0.0,0.019424378871917725,0.020955050364136696,0.018062150105834007
7190,0.0,0.01907634735107422,0.01629866659641266,0.01741344854235649
7191,0.0,0.012962400913238525,0.004959465935826302,0.012989231385290623
7192,0.0,0.013369381427764893,0.005853170529007912,0.010111895389854908
7193,0.0,0.017664194107055664,0.03095952980220318,0.01772190071642399
7194,0.0,0.015867412090301514,0.020825764164328575,0.01737779751420021
7195,0.0,0.015017807483673096,0.027144046500325203,0.011892122216522694
7196,0.0,0.01810014247894287,0.02976837195456028,0.020348621532320976
7197,0.0,0.01859736442565918,0.026743093505501747,0.017484981566667557
7198,0.0,0.018715202808380127,0.02650073729455471,0.016144607216119766
7199,0.0,0.03331547975540161,0.050629451870918274,0.02877872809767723
7200,0.0,0.036308884620666504,0.0661807656288147,0.03237314894795418
7723,0.0,0.21363931894302368,0.2025284618139267,0.2731911540031433
7724,1.0,0.12979942560195923,0.17050869762897491,0.14893603324890137
7725,0.0,0.21417111158370972,0.24614183604717255,0.27662187814712524
7726,1.0,0.3237924575805664,0.26309800148010254,0.38192909955978394
7727,1.0,0.27780699729919434,0.2334207147359848,0.33619433641433716
7728,1.0,0.14942407608032227,0.19937562942504883,0.2391347587108612
7729,0.0,0.12031412124633789,0.13049431145191193,0.151597261428833
7730,0.0,0.253373920917511,0.21451619267463684,0.26984062790870667
7731,1.0,0.16125696897506714,0.11345575004816055,0.19704397022724152
7732,0.0,0.09711605310440063,0.11184573918581009,0.12226089835166931
7733,0.0,0.10408318042755127,0.0996929332613945,0.11963890492916107
7734,0.0,0.09966683387756348,0.08252570033073425,0.12087514996528625
7735,0.0,0.07465314865112305,0.0707235187292099,0.11523444950580597
7736,0.0,0.21819287538528442,0.26591986417770386,0.22646544873714447
7737,1.0,0.27582067251205444,0.2340232878923416,0.32645347714424133
7738,1.0,0.13487625122070312,0.15338581800460815,0.24662473797798157
7739,0.0,0.10338026285171509,0.11539232730865479,0.13366825878620148
7740,0.0,0.26152849197387695,0.3226899206638336,0.338277131319046
7741,1.0,0.3159966468811035,0.2387820929288864,0.3140280246734619
7742,1.0,0.267783522605896,0.20994821190834045,0.3359287977218628
7743,1.0,0.14179891347885132,0.14249995350837708,0.22788140177726746
7744,0.0,0.11956202983856201,0.15953978896141052,0.16454273462295532
7745,0.0,0.16958028078079224,0.15504276752471924,0.18979686498641968
7746,1.0,0.26720714569091797,0.24088932573795319,0.3461049795150757
7747,1.0,0.28373217582702637,0.23510538041591644,0.2897815704345703
7748,1.0,0.26460254192352295,0.20926688611507416,0.29888632893562317
7749,1.0,0.30826473236083984,0.2894791066646576,0.450365275144577
7750,1.0,0.31457990407943726,0.24650293588638306,0.46549442410469055
7751,1.0,0.17760884761810303,0.18243281543254852,0.3073142468929291
7752,0.0,0.14963442087173462,0.15812496840953827,0.15250453352928162
7753,0.0,0.10844874382019043,0.13589654862880707,0.10089562088251114
7754,0.0,0.05465203523635864,0.04736332595348358,0.05462547019124031
7755,0.0,0.03296542167663574,0.038018714636564255,0.031952448189258575
7756,0.0,0.030474185943603516,0.046019792556762695,0.03355947136878967
7757,0.0,0.032496631145477295,0.02759568579494953,0.03106743097305298
7758,0.0,0.08194786310195923,0.11907204985618591,0.1018470898270607
7759,1.0,0.06198030710220337,0.11489567905664444,0.09679217636585236
7760,0.0,0.12229233980178833,0.12488462775945663,0.15368801355361938
7761,1.0,0.10887402296066284,0.13167889416217804,0.11248894035816193
7762,0.0,0.07941329479217529,0.11149001866579056,0.10434992611408234
7763,0.0,0.04884535074234009,0.07528328150510788,0.044264789670705795
7764,0.0,0.055590152740478516,0.06966450065374374,0.08085300773382187
7765,0.0,0.027368605136871338,0.008525464683771133,0.029562681913375854
7766,0.0,0.03942215442657471,0.02914925292134285,0.05506669357419014
7767,0.0,0.04043126106262207,0.048912957310676575,0.06702812761068344
7768,0.0,0.03643012046813965,0.02254474349319935,0.03938668221235275
7769,0.0,0.03709697723388672,0.036309968680143356,0.06174050271511078
7770,0.0,0.039770662784576416,0.038968268781900406,0.06460707634687424
7771,0.0,0.11824744939804077,0.12582679092884064,0.1310945451259613
7772,1.0,0.1830657720565796,0.13879546523094177,0.20634031295776367
7773,1.0,0.22621560096740723,0.136085644364357,0.24806013703346252
7774,1.0,0.32590460777282715,0.16106899082660675,0.4494495987892151
8297,0.0,0.5830689668655396,0.5373495221138,0.8014364242553711
8298,1.0,0.3148971199989319,0.3781149685382843,0.4295066297054291
8299,0.0,0.32983922958374023,0.35017263889312744,0.49809861183166504
8300,0.0,0.37343865633010864,0.45725688338279724,0.5796010494232178
8301,0.0,0.2926267981529236,0.2974470257759094,0.27529430389404297
8302,0.0,0.28607606887817383,0.3059992492198944,0.3360813558101654
8303,1.0,0.2968222498893738,0.34721487760543823,0.3892984688282013
8304,0.0,0.17254573106765747,0.21227219700813293,0.18396925926208496
8305,0.0,0.2751157283782959,0.3524989187717438,0.3436322510242462
8306,0.0,0.26080960035324097,0.4143313765525818,0.2960052490234375
8307,0.0,0.1381460428237915,0.2629989683628082,0.13971716165542603
8308,0.0,0.0762292742729187,0.12489455193281174,0.06383950263261795
8309,0.0,0.07771909236907959,0.13897089660167694,0.09286754578351974
8310,0.0,0.054933786392211914,0.059808310121297836,0.05058429390192032
8311,0.0,0.05103558301925659,0.05506960675120354,0.05610870569944382
8312,0.0,0.04197251796722412,0.05148496478796005,0.06451066583395004
8313,0.0,0.04361438751220703,0.08986201882362366,0.0658506527543068
8314,0.0,0.0368388295173645,0.041854094713926315,0.040156517177820206
8315,0.0,0.038488686084747314,0.04983903095126152,0.05247563496232033
8316,0.0,0.03367573022842407,0.036477308720350266,0.039365775883197784
8317,0.0,0.03583425283432007,0.05345292389392853,0.0399218313395977
8318,0.0,0.10729634761810303,0.23336593806743622,0.11232960969209671
8319,0.0,0.06948244571685791,0.11375211179256439,0.051561255007982254
8320,0.0,0.11878925561904907,0.15986482799053192,0.10510662198066711
8321,0.0,0.10480719804763794,0.1020323783159256,0.09962386637926102
8322,0.0,0.07361936569213867,0.09770000725984573,0.07972916960716248
8323,0.0,0.05402219295501709,0.07135743647813797,0.06388513743877411
8324,0.0,0.044681549072265625,0.08229348808526993,0.036454200744628906
8325,0.0,0.02491140365600586,0.026656068861484528,0.02629471756517887
8326,0.0,0.02719777822494507,0.06594458222389221,0.01865486241877079
8327,0.0,0.06500685214996338,0.10138696432113647,0.05930647626519203
8328,0.0,0.06834328174591064,0.16122110188007355,0.07355336844921112
8329,0.0,0.04054534435272217,0.055827103555202484,0.02508888579905033
8330,0.0,0.037127673625946045,0.04896555468440056,0.04188099503517151
8331,0.0,0.06123405694961548,0.12986333668231964,0.06144499406218529
8332,0.0,0.03636866807937622,0.04362243413925171,0.029696878045797348
8333,0.0,0.07107281684875488,0.14318107068538666,0.05442036688327789
8334,0.0,0.03737276792526245,0.06415021419525146,0.0344805084168911
8335,0.0,0.03413301706314087,0.056069515645504,0.045050524175167084
8336,0.0,0.02275395393371582,0.0350777767598629,0.020638873800635338
8337,0.0,0.024796009063720703,0.03423011675477028,0.026501573622226715
8338,0.0,0.016501188278198242,0.03354952856898308,0.025194548070430756
8339,0.0,0.015789270401000977,0.025993818417191505,0.018126990646123886
8340,0.0,0.019839465618133545,0.02446768432855606,0.024472689256072044
8341,0.0,0.018817424774169922,0.029293585568666458,0.02689858339726925
8342,0.0,0.01867276430130005,0.02916583977639675,0.025496484711766243
8343,0.0,0.018950283527374268,0.03392468020319939,0.025508785620331764
8344,0.0,0.019239187240600586,0.030103178694844246,0.022425053641200066
8345,0.0,0.01942819356918335,0.03509693220257759,0.018593810498714447
8346,0.0,0.029031038284301758,0.03174302354454994,0.03403736278414726
8347,0.0,0.026739060878753662,0.055233534425497055,0.03208855912089348
8348,0.0,0.050696730613708496,0.0805574506521225,0.0710563212633133
8871,0.0,0.3912355303764343,0.4047073721885681,0.5272634029388428
8872,1.0,0.3465716242790222,0.3809267282485962,0.42949146032333374
8873,0.0,0.2914336323738098,0.326028048992157,0.3534172773361206
8874,0.0,0.31786978244781494,0.3914867341518402,0.33273255825042725
8875,1.0,0.3791147470474243,0.4489186108112335,0.47528213262557983
8876,0.0,0.2830449938774109,0.381608247756958,0.3341822922229767
8877,0.0,0.24140888452529907,0.3593960702419281,0.2770172357559204
8878,0.0,0.26667624711990356,0.36154499650001526,0.3365764021873474
8879,0.0,0.4069557785987854,0.5088597536087036,0.5750068426132202
8880,1.0,0.31334882974624634,0.40017756819725037,0.33886149525642395
8881,0.0,0.30573827028274536,0.400820255279541,0.41719239950180054
8882,1.0,0.33207857608795166,0.4841304421424866,0.42060741782188416
8883,0.0,0.23376935720443726,0.30734187364578247,0.22490699589252472
8884,0.0,0.20889973640441895,0.3385615050792694,0.2542060315608978
8885,0.0,0.38058221340179443,0.45650404691696167,0.41025471687316895
8886,1.0,0.27895504236221313,0.33542612195014954,0.2898642122745514
8887,0.0,0.18353724479675293,0.3000468313694,0.21431411802768707
8888,0.0,0.12469834089279175,0.2786744236946106,0.14378264546394348
8889,0.0,0.13730525970458984,0.24528855085372925,0.13582608103752136
8890,0.0,0.11226093769073486,0.25349119305610657,0.15880805253982544
8891,0.0,0.22195816040039062,0.2539003789424896,0.27764734625816345
8892,0.0,0.16048234701156616,0.21193461120128632,0.18322277069091797
8893,0.0,0.11116015911102295,0.16833186149597168,0.10766857117414474
8894,0.0,0.16009247303009033,0.1926255226135254,0.17315831780433655
8895,0.0,0.13152945041656494,0.19573786854743958,0.12275121361017227
8896,0.0,0.11267822980880737,0.21339060366153717,0.084189273416996
8897,0.0,0.08475285768508911,0.1407468169927597,0.08695755898952484
8898,0.0,0.08273881673812866,0.08717184513807297,0.059681486338377
8899,0.0,0.09193044900894165,0.1015656515955925,0.08444416522979736
8900,0.0,0.08970493078231812,0.1353655457496643,0.06017191335558891
8901,0.0,0.07992047071456909,0.11457566916942596,0.0549507699906826
8902,0.0,0.06602871417999268,0.11710487306118011,0.058175671845674515
8903,0.0,0.17684727907180786,0.249104842543602,0.18246693909168243
8904,0.0,0.134324848651886,0.1512565165758133,0.11565025895833969
8905,0.0,0.08609122037887573,0.1158912405371666,0.053896188735961914
8906,0.0,0.11504942178726196,0.1386922299861908,0.12017311155796051
8907,0.0,0.1113889217376709,0.13907451927661896,0.10616177320480347
8908,0.0,0.0979040265083313,0.16269972920417786,0.12696434557437897
8909,0.0,0.1186063289642334,0.15933014452457428,0.14720366895198822
8910,0.0,0.16581493616104126,0.18678712844848633,0.1911592334508896
8911,0.0,0.22480350732803345,0.22521334886550903,0.31568002700805664
8912,1.0,0.2038336992263794,0.1853913515806198,0.25163888931274414
8913,0.0,0.11869615316390991,0.13070739805698395,0.10563670098781586
8914,0.0,0.16494619846343994,0.13579091429710388,0.16578850150108337
8915,0.0,0.12447130680084229,0.16034762561321259,0.17595472931861877
8916,0.0,0.10801827907562256,0.12330295890569687,0.1034797951579094
8917,0.0,0.1355733871459961,0.1637396514415741,0.1592954695224762
8918,0.0,0.161962628364563,0.1643173098564148,0.18088394403457642
8919,0.0,0.13375544548034668,0.14106065034866333,0.1290815770626068
8920,0.0,0.16636961698532104,0.16846802830696106,0.2172618806362152
8921,0.0,0.20064103603363037,0.15933901071548462,0.2272912710905075
8922,0.0,0.20013749599456787,0.22854819893836975,0.29208073019981384
9445,0.0,0.10676699876785278,0.1507967710494995,0.06072830781340599
9446,0.0,0.08988761901855469,0.17435882985591888,0.05856132507324219
9447,0.0,0.10388213396072388,0.14813613891601562,0.09302255511283875
9448,0.0,0.1406518816947937,0.22382324934005737,0.14126990735530853
9449,0.0,0.21323662996292114,0.31108906865119934,0.24103806912899017
9450,0.0,0.125274658203125,0.2401500940322876,0.08594897389411926
9451,0.0,0.12969845533370972,0.16104741394519806,0.10426091402769089
9452,0.0,0.11755877733230591,0.20116308331489563,0.11156979203224182
9453,0.0,0.10916769504547119,0.1869758665561676,0.07638435065746307
9454,0.0,0.09008461236953735,0.23261220753192902,0.05326971411705017
9455,0.0,0.09524691104888916,0.2270713746547699,0.060034699738025665
9456,0.0,0.1031719446182251,0.13857218623161316,0.06964217871427536
9457,0.0,0.04372859001159668,0.1744024008512497,0.02960115671157837
9458,0.0,0.038214683532714844,0.12099535763263702,0.027989281341433525
9459,0.0,0.06348085403442383,0.11875363439321518,0.06316843628883362
9460,0.0,0.030552327632904053,0.11977562308311462,0.027212847024202347
9461,0.0,0.05796158313751221,0.11114872246980667,0.03423944488167763
9462,0.0,0.0312921404838562,0.10542029142379761,0.024310842156410217
9463,0.0,0.21036869287490845,0.2000357061624527,0.1529390662908554
9464,0.0,0.1170417070388794,0.1770348846912384,0.11883742362260818
9465,0.0,0.07557016611099243,0.10414545983076096,0.04174419119954109
9466,0.0,0.10563468933105469,0.1187451183795929,0.07372913509607315
9467,0.0,0.048124074935913086,0.09935244172811508,0.04232824593782425
9468,0.0,0.07631528377532959,0.13275405764579773,0.04651465266942978
9469,0.0,0.05596226453781128,0.1186920776963234,0.03798403963446617
9470,0.0,0.12575668096542358,0.17537043988704681,0.08551893383264542
9471,0.0,0.05003654956817627,0.16894640028476715,0.04548618942499161
9472,0.0,0.06318336725234985,0.11359362304210663,0.04752972722053528
9473,0.0,0.06602656841278076,0.12099674344062805,0.050866685807704926
9474,0.0,0.12203186750411987,0.1383405327796936,0.11089812964200974
9475,0.0,0.07208675146102905,0.1380605250597,0.05840242654085159
9476,0.0,0.09196245670318604,0.12790940701961517,0.07047449052333832
9477,0.0,0.05027419328689575,0.11578887701034546,0.0415530726313591
9478,0.0,0.0723227858543396,0.09554371237754822,0.05468382313847542
9479,0.0,0.04715132713317871,0.12200223654508591,0.042530860751867294
9480,0.0,0.05964618921279907,0.09002557396888733,0.039360690861940384
9481,0.0,0.02502518892288208,0.07307253777980804,0.021343516185879707
9482,0.0,0.04196077585220337,0.07801799476146698,0.03069613315165043
9483,0.0,0.038870930671691895,0.04384143650531769,0.028224045410752296
9484,0.0,0.06917232275009155,0.06261379271745682,0.054724499583244324
9485,0.0,0.05297386646270752,0.10122254490852356,0.04958187788724899
9486,0.0,0.03057265281677246,0.06967229396104813,0.02345672994852066
9487,0.0,0.023361682891845703,0.07714362442493439,0.016307419165968895
9488,0.0,0.0209769606590271,0.07548778504133224,0.02194230817258358
9489,0.0,0.04736250638961792,0.09845978021621704,0.04288603365421295
9490,0.0,0.040667831897735596,0.10325484722852707,0.04768593609333038
9491,0.0,0.052028656005859375,0.07291072607040405,0.03798403963446617
9492,0.0,0.034090638160705566,0.09282951056957245,0.03125021234154701
9493,0.0,0.06522810459136963,0.08156263083219528,0.0577809140086174
9494,0.0,0.038539350032806396,0.10516580194234848,0.04245945066213608
9495,0.0,0.04207342863082886,0.10624946653842926,0.0438726544380188
9496,0.0,0.031785011291503906,0.05779770016670227,0.040357403457164764
10019,0.0,0.35133594274520874,0.5659324526786804,0.566541850566864
10020,1.0,0.542215883731842,0.7575021982192993,0.8573378920555115
10021,1.0,0.5440561771392822,0.7603456377983093,0.8123024702072144
10022,1.0,0.6346662044525146,0.6464483141899109,0.9302820563316345
10023,1.0,0.5715959072113037,0.8142131567001343,0.8799390196800232
10024,1.0,0.5541163086891174,0.7397539019584656,0.8599942922592163
10025,1.0,0.5433313846588135,0.7800532579421997,0.8601073622703552
10026,1.0,0.5058881044387817,0.6557536125183105,0.7459602355957031
10027,1.0,0.6180527210235596,0.7294814586639404,0.9183968305587769
10028,1.0,0.6414324045181274,0.7374910712242126,0.8996119499206543
10029,1.0,0.5570968985557556,0.7890578508377075,0.874001681804657
10030,1.0,0.5301992893218994,0.695345938205719,0.814702570438385
10031,1.0,0.5850964188575745,0.6166847348213196,0.7195543646812439
10032,1.0,0.590530276298523,0.7650241255760193,0.8908106684684753
10033,1.0,0.5653667449951172,0.7605187892913818,0.9152900576591492
10034,1.0,0.5810648202896118,0.7503466010093689,0.8892846703529358
10035,1.0,0.522009551525116,0.6280402541160583,0.8597270846366882
10036,1.0,0.39544445276260376,0.728527843952179,0.8507851362228394
10037,1.0,0.5632539987564087,0.82476407289505,0.9145155549049377
10038,1.0,0.5633223056793213,0.8282206058502197,0.8860417008399963
10039,1.0,0.5603786706924438,0.8093563318252563,0.88508141040802
10040,1.0,0.4777853488922119,0.7265596389770508,0.8148993253707886
10041,1.0,0.35802268981933594,0.7012192010879517,0.6902427077293396
10042,1.0,0.30877822637557983,0.6985787749290466,0.53799968957901
10043,1.0,0.36801856756210327,0.6998269557952881,0.6950513124465942
10044,1.0,0.2773224115371704,0.6210896968841553,0.45149609446525574
10045,0.0,0.23052853345870972,0.5442456007003784,0.24781854450702667
10046,0.0,0.2077322006225586,0.4228454530239105,0.1789727658033371
10047,0.0,0.11154437065124512,0.2982119917869568,0.0612805038690567
10048,0.0,0.11115783452987671,0.36108794808387756,0.15088830888271332
10049,1.0,0.3019527792930603,0.5358941555023193,0.7809574604034424
10050,1.0,0.21678125858306885,0.48825308680534363,0.5371975898742676
10051,0.0,0.17941737174987793,0.4577857553958893,0.20129674673080444
10052,0.0,0.18494951725006104,0.4764266908168793,0.2556537389755249
10053,0.0,0.1704828143119812,0.40301981568336487,0.15293380618095398
10054,0.0,0.0628657341003418,0.22536972165107727,0.017905987799167633
10055,0.0,0.0623553991317749,0.2624180018901825,0.038407400250434875
10056,0.0,0.07488739490509033,0.24833042919635773,0.0358789786696434
10057,0.0,0.08299261331558228,0.20451949536800385,0.0494430810213089
10058,0.0,0.07461297512054443,0.2765936851501465,0.047169409692287445
10059,0.0,0.06315994262695312,0.23681899905204773,0.03753063082695007
10060,0.0,0.05749630928039551,0.1781023144721985,0.03127443417906761
10061,0.0,0.11611610651016235,0.29054024815559387,0.1458873152732849
10062,0.0,0.1363477110862732,0.2468004673719406,0.12339579313993454
10063,0.0,0.11852782964706421,0.15940968692302704,0.0767645612359047
10064,0.0,0.16057950258255005,0.2551211714744568,0.16244247555732727
10065,0.0,0.1271740198135376,0.18512366712093353,0.06141606345772743
10066,0.0,0.108695387840271,0.12911516427993774,0.0743124783039093
10067,0.0,0.09902209043502808,0.18201985955238342,0.041920579969882965
10068,0.0,0.10884511470794678,0.18320044875144958,0.07325556874275208
10069,0.0,0.12405675649642944,0.1712620109319687,0.0762784332036972
10070,0.0,0.12707972526550293,0.20557141304016113,0.09358403831720352
10593,0.0,0.08142000436782837,0.19670557975769043,0.08039415627717972
10594,0.0,0.3156581521034241,0.3381331264972687,0.3673125207424164
10595,1.0,0.21302062273025513,0.21495027840137482,0.2267819046974182
10596,0.0,0.17616504430770874,0.18467292189598083,0.12685053050518036
10597,0.0,0.15908992290496826,0.1974053531885147,0.1487801969051361
10598,0.0,0.2167983055114746,0.24912592768669128,0.23501954972743988
10599,0.0,0.1529783010482788,0.2031969577074051,0.1642514318227768
10600,0.0,0.17534631490707397,0.20136351883411407,0.2154940664768219
10601,0.0,0.10123860836029053,0.1357262283563614,0.09561220556497574
10602,0.0,0.16954028606414795,0.1963723748922348,0.15005415678024292
10603,0.0,0.2004294991493225,0.22325444221496582,0.21899837255477905
10604,0.0,0.13576138019561768,0.2379993200302124,0.15477973222732544
10605,0.0,0.08215528726577759,0.11719754338264465,0.09941282123327255
10606,0.0,0.1940951943397522,0.2578542232513428,0.17116141319274902
10607,0.0,0.18126380443572998,0.19383952021598816,0.2002471387386322
10608,0.0,0.16857922077178955,0.16961652040481567,0.15660439431667328
10609,0.0,0.21429681777954102,0.24605244398117065,0.3432072103023529
10610,0.0,0.18353170156478882,0.19304725527763367,0.25015562772750854
10611,0.0,0.18643629550933838,0.20998331904411316,0.23283521831035614
10612,0.0,0.19166326522827148,0.21703378856182098,0.25598040223121643
10613,0.0,0.28125423192977905,0.22815538942813873,0.37195345759391785
10614,0.0,0.1606472134590149,0.21428744494915009,0.29604461789131165
10615,0.0,0.10113900899887085,0.14103032648563385,0.13357853889465332
10616,0.0,0.14531850814819336,0.1660832017660141,0.13690800964832306
10617,0.0,0.2830691933631897,0.2280626744031906,0.3686977028846741
10618,0.0,0.15890252590179443,0.20381732285022736,0.1847103387117386
10619,0.0,0.11092013120651245,0.1295265257358551,0.11218614876270294
10620,0.0,0.08831745386123657,0.14566157758235931,0.10188956558704376
10621,0.0,0.07131582498550415,0.11357396095991135,0.06669671833515167
10622,0.0,0.05058741569519043,0.10029829293489456,0.042771171778440475
10623,0.0,0.022323429584503174,0.032143138349056244,0.02513296902179718
10624,0.0,0.05958700180053711,0.10086969286203384,0.05217765271663666
10625,0.0,0.07656645774841309,0.10968465358018875,0.08222993463277817
10626,0.0,0.0716094970703125,0.08581198006868362,0.07057454437017441
10627,0.0,0.05993616580963135,0.0772915780544281,0.05831915885210037
10628,0.0,0.09227651357650757,0.08493680506944656,0.10602948069572449
10629,0.0,0.04394048452377319,0.07560818642377853,0.0395246297121048
10630,0.0,0.06131988763809204,0.09433642029762268,0.06097958981990814
10631,0.0,0.02914416790008545,0.06301669776439667,0.035591971129179
10632,0.0,0.025176703929901123,0.050023749470710754,0.025670090690255165
10633,0.0,0.04840928316116333,0.06793184578418732,0.058952003717422485
10634,0.0,0.02330237627029419,0.059445761144161224,0.02256227284669876
10635,0.0,0.018435001373291016,0.021271206438541412,0.014359230175614357
10636,0.0,0.011925995349884033,0.01284447219222784,0.008340162225067616
10637,0.0,0.019696295261383057,0.02795553207397461,0.014761357568204403
10638,0.0,0.013546943664550781,0.006776089780032635,0.012635010294616222
10639,0.0,0.029926657676696777,0.056630343198776245,0.0296487957239151
10640,0.0,0.03168362379074097,0.09766539186239243,0.03156464919447899
10641,0.0,0.028179585933685303,0.05556334927678108,0.02546180598437786
10642,0.0,0.030086636543273926,0.06855350732803345,0.021408427506685257
10643,0.0,0.06862115859985352,0.14276912808418274,0.04901759326457977
10644,0.0,0.02508324384689331,0.0558699294924736,0.019393889233469963
11167,1.0,0.40465426445007324,0.3419509530067444,0.5223274230957031
11168,1.0,0.2750602960586548,0.29257932305336,0.37012284994125366
11169,1.0,0.3550494909286499,0.3058669865131378,0.4927166998386383
11170,1.0,0.3758411407470703,0.4639028012752533,0.6065133213996887
11171,1.0,0.2299841046333313,0.2498980164527893,0.3105921447277069
11172,1.0,0.4606761336326599,0.48687881231307983,0.7498628497123718
11173,1.0,0.5853538513183594,0.6470926403999329,0.8650791645050049
11174,1.0,0.46667730808258057,0.5269559025764465,0.7319811582565308
11175,1.0,0.5272834300994873,0.6538891196250916,0.7308450937271118
11176,1.0,0.5045450925827026,0.5321610569953918,0.7328913807868958
11177,1.0,0.362090528011322,0.5330222249031067,0.46573105454444885
11178,1.0,0.27539360523223877,0.41057607531547546,0.39253726601600647
11179,1.0,0.5169143676757812,0.6163263916969299,0.7645440697669983
11180,1.0,0.4364776611328125,0.6272838115692139,0.63291335105896
11181,1.0,0.4302029609680176,0.5443189740180969,0.6703431606292725
11182,1.0,0.43449944257736206,0.5427298545837402,0.67729651927948
11183,1.0,0.37900668382644653,0.5313200950622559,0.534824013710022
11184,1.0,0.3234521150588989,0.5026894211769104,0.4920188784599304
11185,1.0,0.39909547567367554,0.5376472473144531,0.6607271432876587
11186,1.0,0.38701653480529785,0.5054689645767212,0.6021662354469299
11187,1.0,0.29542118310928345,0.39368706941604614,0.38566136360168457
11188,1.0,0.28718918561935425,0.3438754379749298,0.38109996914863586
11189,1.0,0.2939452528953552,0.3142029047012329,0.30782726407051086
11190,1.0,0.22362613677978516,0.255041241645813,0.2239643782377243
11191,0.0,0.19666171073913574,0.17538663744926453,0.17605915665626526
11192,0.0,0.20655250549316406,0.21238869428634644,0.21333487331867218
11193,1.0,0.2718077301979065,0.2548454701900482,0.35893192887306213
11194,1.0,0.3178401589393616,0.3552544116973877,0.5150384306907654
11195,1.0,0.2575836181640625,0.22145813703536987,0.28607994318008423
11196,1.0,0.2299102544784546,0.17681579291820526,0.2165539711713791
11197,1.0,0.14505451917648315,0.1550845503807068,0.1258573979139328
11198,0.0,0.10753273963928223,0.15042570233345032,0.12954756617546082
11199,0.0,0.08612293004989624,0.1298709660768509,0.060072511434555054
11200,0.0,0.1009184718132019,0.12273480743169785,0.083595871925354
11201,0.0,0.102852463722229,0.10896652191877365,0.13403655588626862
11202,0.0,0.11514836549758911,0.1292409747838974,0.10750772804021835
11203,0.0,0.051459312438964844,0.08641307801008224,0.053708676248788834
11204,0.0,0.041741251945495605,0.08660019189119339,0.044733572751283646
11205,0.0,0.03985476493835449,0.09592938423156738,0.04485541954636574
11206,0.0,0.07345592975616455,0.14489775896072388,0.06338416785001755
11207,0.0,0.0495150089263916,0.10798569023609161,0.060190822929143906
11208,0.0,0.07832235097885132,0.10040225833654404,0.0965670719742775
11209,0.0,0.09436166286468506,0.11076768487691879,0.1136789470911026
11210,0.0,0.05534785985946655,0.10579666495323181,0.07336973398923874
11211,0.0,0.03825193643569946,0.0556742362678051,0.04722537845373154
11212,0.0,0.11254006624221802,0.19229792058467865,0.13780686259269714
11213,0.0,0.07491636276245117,0.08372009545564651,0.09153033047914505
11214,0.0,0.09806376695632935,0.13185368478298187,0.11802545189857483
11215,0.0,0.04489147663116455,0.09623070061206818,0.05985270068049431
11216,0.0,0.14910870790481567,0.24316416680812836,0.17445574700832367
11217,0.0,0.06347960233688354,0.059600360691547394,0.10226050764322281
11218,0.0,0.0881301760673523,0.08065994083881378,0.1430961787700653
11741,0.0,0.14383667707443237,0.11813156306743622,0.12006675451993942
11742,0.0,0.13642752170562744,0.12117204070091248,0.10371244698762894
11743,0.0,0.11474406719207764,0.1230492815375328,0.0701548308134079
11744,0.0,0.16152775287628174,0.13729512691497803,0.08870232105255127
11745,0.0,0.23833048343658447,0.1578526496887207,0.2231837809085846
11746,0.0,0.18079519271850586,0.13926449418067932,0.15840411186218262
11747,0.0,0.11847150325775146,0.10562862455844879,0.08123823255300522
11748,0.0,0.12635016441345215,0.10160672664642334,0.10522153228521347
11749,0.0,0.2684021592140198,0.18082880973815918,0.3051654100418091
11750,0.0,0.1710018515586853,0.11671976745128632,0.19230642914772034
11751,0.0,0.13801217079162598,0.1423342227935791,0.0808277577161789
11752,0.0,0.13578057289123535,0.10714523494243622,0.0853402242064476
11753,0.0,0.1419786810874939,0.09901656210422516,0.15556159615516663
11754,0.0,0.1435198187828064,0.09533047676086426,0.11886212229728699
11755,0.0,0.05022752285003662,0.07949982583522797,0.029226457700133324
11756,0.0,0.09443646669387817,0.09281903505325317,0.08502756804227829
11757,0.0,0.12282776832580566,0.12100115418434143,0.09799573570489883
11758,0.0,0.04855787754058838,0.09272299706935883,0.03496566042304039
11759,0.0,0.08697569370269775,0.1004512682557106,0.06845042109489441
11760,0.0,0.10281836986541748,0.119663305580616,0.08667316287755966
11761,0.0,0.15143954753875732,0.16342861950397491,0.1421690732240677
11762,0.0,0.14547014236450195,0.2007097452878952,0.12229877710342407
11763,0.0,0.21515882015228271,0.2270950824022293,0.15829211473464966
11764,0.0,0.45123040676116943,0.30683863162994385,0.5130100846290588
11765,0.0,0.3679826855659485,0.25704291462898254,0.48667439818382263
11766,0.0,0.48785072565078735,0.5401889681816101,0.7360880374908447
11767,1.0,0.677464485168457,0.782944917678833,0.9122249484062195
11768,1.0,0.6246790885925293,0.720518171787262,0.8915603160858154
11769,1.0,0.620957612991333,0.8137170672416687,0.9413639307022095
11770,1.0,0.6278023719787598,0.7333222031593323,0.8829004168510437
11771,1.0,0.5764161348342896,0.5789104104042053,0.7413953542709351
11772,1.0,0.5419672727584839,0.6002368330955505,0.7732427716255188
11773,1.0,0.5365276336669922,0.6008687615394592,0.8129609823226929
11774,1.0,0.5081595778465271,0.5428792238235474,0.6499651074409485
11775,1.0,0.47434842586517334,0.5677493214607239,0.7219699025154114
11776,1.0,0.4548680782318115,0.5135905742645264,0.6571136713027954
11777,1.0,0.389975905418396,0.44181641936302185,0.5779082179069519
11778,1.0,0.3908849358558655,0.483864426612854,0.6139385104179382
11779,1.0,0.3179492950439453,0.41243118047714233,0.3961389362812042
11780,1.0,0.2790188789367676,0.29380494356155396,0.35859036445617676
11781,1.0,0.28324174880981445,0.2930618226528168,0.41978779435157776
11782,1.0,0.27412211894989014,0.33232995867729187,0.29549363255500793
11783,1.0,0.2167605757713318,0.20129872858524323,0.24006569385528564
11784,1.0,0.3172110915184021,0.393520325422287,0.4228918254375458
11785,1.0,0.2979065179824829,0.40530940890312195,0.3485177755355835
11786,1.0,0.23766660690307617,0.37948840856552124,0.1977955400943756
11787,1.0,0.19192981719970703,0.24976864457130432,0.1204756423830986
11788,1.0,0.24766474962234497,0.24990305304527283,0.242242231965065
11789,1.0,0.16303157806396484,0.2422875016927719,0.15887022018432617
11790,1.0,0.10942399501800537,0.11337871849536896,0.06581278145313263
11791,1.0,0.1658002734184265,0.18427586555480957,0.1539519727230072
11792,0.0,0.10895085334777832,0.07810933887958527,0.08225243538618088
12315,0.0,0.01582658290863037,0.018814200535416603,0.015427302569150925
12316,0.0,0.01634824275970459,0.02141197770833969,0.016310662031173706
12317,0.0,0.02109062671661377,0.0267031230032444,0.017348038032650948
12318,0.0,0.016748487949371338,0.0190428476780653,0.01567034050822258
12319,0.0,0.01723259687423706,0.03918873518705368,0.01683989353477955
12320,0.0,0.1434648036956787,0.16948290169239044,0.2664076089859009
12321,1.0,0.3456175923347473,0.503225564956665,0.5012184977531433
12322,1.0,0.23968148231506348,0.2650808095932007,0.36861902475357056
12323,1.0,0.21991807222366333,0.20942115783691406,0.25756707787513733
12324,0.0,0.21461308002471924,0.16837863624095917,0.2542199194431305
12325,1.0,0.2152501940727234,0.1522514820098877,0.3880653977394104
12326,1.0,0.17856496572494507,0.16394954919815063,0.20451214909553528
12327,0.0,0.18259954452514648,0.16866230964660645,0.1990189254283905
12328,0.0,0.18444067239761353,0.14826007187366486,0.2491360455751419
12329,1.0,0.11435747146606445,0.11941060423851013,0.10699676722288132
12330,0.0,0.03887754678726196,0.08142590522766113,0.035541437566280365
12331,0.0,0.08690690994262695,0.11936396360397339,0.12005486339330673
12332,0.0,0.06614863872528076,0.08371864259243011,0.07304511219263077
12333,0.0,0.03670734167098999,0.06863352656364441,0.02716204896569252
12334,0.0,0.03544199466705322,0.04698191583156586,0.027196405455470085
12335,0.0,0.11290609836578369,0.11061152070760727,0.12753306329250336
12336,0.0,0.06285351514816284,0.06757494062185287,0.06791990250349045
12337,0.0,0.07857370376586914,0.09336569905281067,0.058275144547224045
12338,0.0,0.1424616575241089,0.11706726253032684,0.13735045492649078
12339,0.0,0.12558096647262573,0.12289995700120926,0.12494249641895294
12340,0.0,0.08822387456893921,0.0976756140589714,0.10299209505319595
12341,0.0,0.0699191689491272,0.11837323755025864,0.07131699472665787
12342,0.0,0.11746913194656372,0.14005179703235626,0.12639395892620087
12343,0.0,0.056456923484802246,0.0646512508392334,0.049795329570770264
12344,0.0,0.08833694458007812,0.08131146430969238,0.07401826977729797
12345,0.0,0.09355771541595459,0.092770054936409,0.10447346419095993
12346,0.0,0.0571213960647583,0.07885169982910156,0.06236044317483902
12347,0.0,0.043540000915527344,0.08554426580667496,0.049780089408159256
12348,0.0,0.03697645664215088,0.055410925298929214,0.037136707454919815
12349,0.0,0.07548975944519043,0.12028676271438599,0.08428149670362473
12350,0.0,0.04728323221206665,0.09866733849048615,0.051207371056079865
12351,0.0,0.03267407417297363,0.06584460288286209,0.04674409702420235
12352,0.0,0.028352737426757812,0.06576713919639587,0.03307835012674332
12353,0.0,0.02293187379837036,0.07565534859895706,0.026677167043089867
12354,0.0,0.010560393333435059,0.006728186737746,0.009064930491149426
12355,0.0,0.010704636573791504,0.006918288767337799,0.008489014580845833
12356,0.0,0.011409997940063477,0.010680466890335083,0.011471515521407127
12357,0.0,0.008736491203308105,0.005928172264248133,0.010197073221206665
12358,0.0,0.008789479732513428,0.005734236445277929,0.007164687849581242
12359,0.0,0.009500741958618164,0.009768093004822731,0.008357730694115162
12360,0.0,0.009720563888549805,0.006427526939660311,0.00887463428080082
12361,0.0,0.027704596519470215,0.04616398364305496,0.0243640448898077
12362,0.0,0.014836609363555908,0.047308553010225296,0.016140706837177277
12363,0.0,0.013769090175628662,0.01489828247576952,0.011667709797620773
12364,0.0,0.01664865016937256,0.02384224347770214,0.012820327654480934
12365,0.0,0.016788721084594727,0.009983060881495476,0.013282246887683868
12366,0.0,0.016344010829925537,0.009212188422679901,0.01321487221866846
12889,0.0,0.01626765727996826,0.011556237936019897,0.016257574781775475
12890,0.0,0.0157318115234375,0.011628007516264915,0.01500554010272026
12891,0.0,0.015461444854736328,0.01951484940946102,0.012270760722458363
12892,0.0,0.06781971454620361,0.07711228728294373,0.05058833584189415
12893,0.0,0.028249621391296387,0.04789465665817261,0.028129540383815765
12894,0.0,0.02271515130996704,0.01915573701262474,0.01446383073925972
12895,0.0,0.021753311157226562,0.03179498389363289,0.01921881176531315
12896,0.0,0.08858567476272583,0.09449104219675064,0.07410842925310135
12897,0.0,0.032739341259002686,0.0518125481903553,0.03356634080410004
12898,0.0,0.07580965757369995,0.09004382789134979,0.05332470312714577
12899,0.0,0.03553152084350586,0.05700533464550972,0.03182452544569969
12900,0.0,0.02884620428085327,0.032462265342473984,0.021225042641162872
12901,0.0,0.08369702100753784,0.09628085047006607,0.07490666210651398
12902,0.0,0.0404437780380249,0.052180614322423935,0.04488556459546089
12903,0.0,0.02367168664932251,0.030858097597956657,0.021116772666573524
12904,0.0,0.02401024103164673,0.029810769483447075,0.022835101932287216
12905,0.0,0.20596998929977417,0.16738654673099518,0.30031436681747437
12906,1.0,0.07177811861038208,0.11827400326728821,0.06800098717212677
12907,0.0,0.04868817329406738,0.07909464836120605,0.038080427795648575
12908,0.0,0.0880536437034607,0.10751065611839294,0.09211792796850204
12909,0.0,0.0569605827331543,0.10415782034397125,0.04607510566711426
12910,0.0,0.03997611999511719,0.07039063423871994,0.02791616879403591
12911,0.0,0.0998029112815857,0.13738469779491425,0.06912897527217865
12912,1.0,0.3371052145957947,0.33756929636001587,0.4065518081188202
12913,1.0,0.2526954412460327,0.23943252861499786,0.28228622674942017
12914,1.0,0.504485011100769,0.475978285074234,0.6205539107322693
12915,1.0,0.4326015114784241,0.40514642000198364,0.5638307332992554
12916,1.0,0.5238779783248901,0.49404966831207275,0.7607457041740417
12917,1.0,0.5556650161743164,0.6414754390716553,0.7920408248901367
12918,1.0,0.42906200885772705,0.47385910153388977,0.6321606040000916
12919,1.0,0.34640395641326904,0.3502608835697174,0.43715348839759827
12920,1.0,0.36128705739974976,0.39419570565223694,0.4930630028247833
12921,1.0,0.2821441888809204,0.26835981011390686,0.3577125370502472
12922,1.0,0.24983817338943481,0.20660242438316345,0.2966049015522003
12923,1.0,0.25832390785217285,0.2730286121368408,0.3307410478591919
12924,1.0,0.1827167272567749,0.17009063065052032,0.1482814997434616
12925,1.0,0.15142840147018433,0.1904352754354477,0.1672566533088684
12926,1.0,0.15627211332321167,0.1545552760362625,0.1736985743045807
12927,1.0,0.11065852642059326,0.1456417590379715,0.12311174720525742
12928,1.0,0.12691432237625122,0.18476147949695587,0.1533633917570114
12929,1.0,0.08832287788391113,0.12387824803590775,0.09611129015684128
12930,1.0,0.07293283939361572,0.10686706751585007,0.052514247596263885
12931,1.0,0.07554340362548828,0.0915670245885849,0.06884608417749405
12932,1.0,0.06779235601425171,0.0778316855430603,0.0582164004445076
12933,1.0,0.05550450086593628,0.08582866936922073,0.03318548947572708
12934,1.0,0.09061431884765625,0.11909253150224686,0.06550587713718414
12935,1.0,0.06664097309112549,0.07253731042146683,0.05644034221768379
12936,0.0,0.06515038013458252,0.09357503056526184,0.04745389521121979
12937,1.0,0.07383942604064941,0.09201464802026749,0.08130757510662079
12938,1.0,0.03879952430725098,0.07424798607826233,0.029600074514746666
12939,0.0,0.07068067789077759,0.07204489409923553,0.06772154569625854
12940,1.0,0.07667297124862671,0.08732789009809494,0.10985571891069412
13463,1.0,0.38161957263946533,0.32278764247894287,0.716095507144928
13464,1.0,0.18999850749969482,0.16457854211330414,0.34897691011428833
13465,0.0,0.1618221402168274,0.17401140928268433,0.2124333679676056
13466,0.0,0.3368496894836426,0.3385000228881836,0.6932908296585083
13467,1.0,0.4983782172203064,0.45669159293174744,0.7017208337783813
13468,1.0,0.40411674976348877,0.44991883635520935,0.7199802398681641
13469,1.0,0.493874192237854,0.6441529989242554,0.8700938820838928
13470,1.0,0.4205373525619507,0.4560527503490448,0.7920830845832825
13471,1.0,0.43327051401138306,0.43945232033729553,0.7474765181541443
13472,1.0,0.36271506547927856,0.37749141454696655,0.6976433396339417
13473,1.0,0.31056666374206543,0.30790355801582336,0.5276968479156494
13474,1.0,0.2787988781929016,0.25099512934684753,0.35706645250320435
13475,1.0,0.3466299772262573,0.36040714383125305,0.5206553936004639
13476,1.0,0.3438373804092407,0.36286935210227966,0.5724700093269348
13477,1.0,0.4312230944633484,0.44563353061676025,0.8286970853805542
13478,1.0,0.6305296421051025,0.700661838054657,0.9124912023544312
13479,1.0,0.565406084060669,0.617022693157196,0.8764246106147766
13480,1.0,0.6117168664932251,0.6459874510765076,0.8798792958259583
13481,1.0,0.5454105734825134,0.6005763411521912,0.834601104259491
13482,1.0,0.6488691568374634,0.5551795363426208,0.9034706950187683
13483,1.0,0.6545209884643555,0.6271402835845947,0.9266166687011719
13484,1.0,0.5584135055541992,0.520528256893158,0.8748653531074524
13485,1.0,0.6245914697647095,0.5286988615989685,0.8873704075813293
13486,1.0,0.629868745803833,0.6257523894309998,0.920830249786377
13487,1.0,0.6845423579216003,0.8193690180778503,0.9558663964271545
13488,1.0,0.6884203553199768,0.7036911845207214,0.9215974807739258
13489,1.0,0.7501267194747925,0.7511878609657288,0.9504585266113281
13490,1.0,0.6883788704872131,0.7077268958091736,0.9276840686798096
13491,1.0,0.6039897203445435,0.5631504058837891,0.7434411644935608
13492,1.0,0.592330813407898,0.6704003810882568,0.8546087741851807
13493,1.0,0.6080577373504639,0.6318838596343994,0.803836464881897
13494,1.0,0.556130051612854,0.5898626446723938,0.7813557386398315
13495,1.0,0.4101932644844055,0.5320032835006714,0.6579503417015076
13496,1.0,0.438032865524292,0.4328710436820984,0.6951872110366821
13497,1.0,0.43499845266342163,0.485174298286438,0.619454562664032
13498,1.0,0.3327556252479553,0.30694204568862915,0.484203577041626
13499,0.0,0.30513089895248413,0.2407105565071106,0.4565414786338806
13500,0.0,0.3483685255050659,0.388846218585968,0.6145808100700378
13501,1.0,0.305949866771698,0.21238990128040314,0.4490787982940674
13502,0.0,0.23184287548065186,0.17243659496307373,0.27124616503715515
13503,0.0,0.19535940885543823,0.19114448130130768,0.28036344051361084
13504,1.0,0.16367876529693604,0.16524477303028107,0.21998968720436096
13505,0.0,0.1706107258796692,0.14602842926979065,0.21832093596458435
13506,0.0,0.20717066526412964,0.1821596473455429,0.33357807993888855
13507,1.0,0.1628594994544983,0.1706588715314865,0.24117697775363922
13508,0.0,0.1469268798828125,0.14142154157161713,0.21004118025302887
13509,0.0,0.14777761697769165,0.13730688393115997,0.23221682012081146
13510,0.0,0.16150528192520142,0.14463675022125244,0.25154414772987366
13511,0.0,0.10570192337036133,0.11203668266534805,0.13890358805656433
13512,0.0,0.12258368730545044,0.11604145169258118,0.17905846238136292
13513,0.0,0.12599307298660278,0.11063304543495178,0.18472418189048767
13514,0.0,0.06381666660308838,0.11899451911449432,0.12626118957996368
14037,0.0,0.16807764768600464,0.18576253950595856,0.15838797390460968
14038,0.0,0.06697696447372437,0.10145119577646255,0.06251826882362366
14039,0.0,0.2511327266693115,0.30757594108581543,0.24146221578121185
14040,0.0,0.25516897439956665,0.1989285796880722,0.1926664561033249
14041,0.0,0.16746407747268677,0.18140675127506256,0.14667123556137085
14042,0.0,0.1710435152053833,0.18229128420352936,0.17361268401145935
14043,0.0,0.16977357864379883,0.19109633564949036,0.17368178069591522
14044,0.0,0.16883224248886108,0.15063732862472534,0.18583226203918457
14045,0.0,0.15582042932510376,0.17361904680728912,0.15727978944778442
14046,0.0,0.15777713060379028,0.17268571257591248,0.17359277606010437
14047,0.0,0.18024009466171265,0.17437097430229187,0.18894243240356445
14048,0.0,0.2428833246231079,0.21808776259422302,0.26760053634643555
14049,0.0,0.21637946367263794,0.19398631155490875,0.16387303173542023
14050,0.0,0.18471688032150269,0.17079617083072662,0.1814916580915451
14051,0.0,0.2130059003829956,0.19309380650520325,0.22066828608512878
14052,0.0,0.27861303091049194,0.22748227417469025,0.29327261447906494
14053,0.0,0.5702861547470093,0.56487637758255,0.7569805383682251
14054,1.0,0.5907411575317383,0.5953441262245178,0.7537522315979004
14055,1.0,0.4883684515953064,0.5889177322387695,0.6799218654632568
14056,1.0,0.5481647849082947,0.595456063747406,0.7362853288650513
14057,1.0,0.4757786989212036,0.5685457587242126,0.6223965883255005
14058,1.0,0.35051316022872925,0.481688529253006,0.41267645359039307
14059,1.0,0.3684700131416321,0.4288168251514435,0.42393577098846436
14060,1.0,0.35757577419281006,0.37172913551330566,0.4579162001609802
14061,1.0,0.31737613677978516,0.26109054684638977,0.3133573830127716
14062,1.0,0.4490758776664734,0.464333176612854,0.7551083564758301
14063,1.0,0.670326292514801,0.7601640820503235,0.9064164757728577
14064,1.0,0.6086562871932983,0.6623682975769043,0.8158189654350281
14065,1.0,0.5651838183403015,0.666691780090332,0.7638782262802124
14066,1.0,0.4567437767982483,0.5566043853759766,0.6263084411621094
14067,1.0,0.38476264476776123,0.5001262426376343,0.46786239743232727
14068,1.0,0.3436291813850403,0.4513503909111023,0.4068417549133301
14069,1.0,0.30820685625076294,0.41394612193107605,0.3627592623233795
14070,1.0,0.29902082681655884,0.38027095794677734,0.39127621054649353
14071,1.0,0.27168595790863037,0.31963399052619934,0.31845197081565857
14072,1.0,0.2742103338241577,0.27561187744140625,0.2947133183479309
14073,1.0,0.2282712459564209,0.2890361547470093,0.2880551218986511
14074,0.0,0.1724085807800293,0.22218145430088043,0.19580401480197906
14075,0.0,0.15873533487319946,0.20065852999687195,0.17283524572849274
14076,0.0,0.14777147769927979,0.18638485670089722,0.16517403721809387
14077,0.0,0.13559645414352417,0.15594083070755005,0.14069655537605286
14078,0.0,0.12389969825744629,0.14111493527889252,0.11369039118289948
14079,0.0,0.09389203786849976,0.1406162828207016,0.1038907915353775
14080,0.0,0.10666662454605103,0.15039700269699097,0.1119244396686554
14081,0.0,0.10522550344467163,0.126339390873909,0.08228768408298492
14082,0.0,0.09144198894500732,0.11248185485601425,0.079439677298069
14083,0.0,0.09955376386642456,0.11453571170568466,0.07415154576301575
14084,0.0,0.11533647775650024,0.11467362940311432,0.09851201623678207
14085,0.0,0.054619014263153076,0.128005251288414,0.05127343907952309
14086,0.0,0.16637825965881348,0.18478181958198547,0.2108442485332489
14087,0.0,0.17825156450271606,0.15016376972198486,0.16339915990829468
14088,0.0,0.15280115604400635,0.15446382761001587,0.14992183446884155
14611,0.0,0.24139398336410522,0.3394816219806671,0.31723281741142273
14612,0.0,0.2768469452857971,0.351106733083725,0.3781760036945343
14613,0.0,0.259699285030365,0.3673299551010132,0.3224536180496216
14614,0.0,0.2742541432380676,0.33584830164909363,0.3713605999946594
14615,0.0,0.25119686126708984,0.35263973474502563,0.32033029198646545
14616,0.0,0.277352511882782,0.43802857398986816,0.36544525623321533
14617,0.0,0.24804502725601196,0.39343929290771484,0.24836231768131256
14618,0.0,0.18287956714630127,0.3057718873023987,0.19395369291305542
14619,0.0,0.27523893117904663,0.45582082867622375,0.33877161145210266
14620,1.0,0.24465948343276978,0.32658931612968445,0.2867248058319092
14621,0.0,0.19775646924972534,0.3366636633872986,0.18133306503295898
14622,0.0,0.21699512004852295,0.3178304135799408,0.21187451481819153
14623,0.0,0.18256139755249023,0.2513710856437683,0.19364319741725922
14624,0.0,0.11694085597991943,0.19192993640899658,0.12904544174671173
14625,0.0,0.11895328760147095,0.25813302397727966,0.1364506185054779
14626,0.0,0.1444474458694458,0.24279576539993286,0.16334474086761475
14627,0.0,0.08072221279144287,0.19020922482013702,0.08281626552343369
14628,0.0,0.09323245286941528,0.2595820426940918,0.1220703199505806
14629,0.0,0.13202154636383057,0.217099130153656,0.11723209172487259
14630,0.0,0.06787735223770142,0.13939090073108673,0.08151096850633621
14631,0.0,0.10637092590332031,0.198375403881073,0.12181072682142258
14632,0.0,0.07636833190917969,0.1474185734987259,0.05718427896499634
14633,0.0,0.07360661029815674,0.12482655793428421,0.06733475625514984
14634,0.0,0.06745725870132446,0.07389969378709793,0.04737469553947449
14635,0.0,0.054079413414001465,0.0775391235947609,0.04793604090809822
14636,0.0,0.09189295768737793,0.15091735124588013,0.08615022152662277
14637,0.0,0.1423129439353943,0.16438336670398712,0.17650796473026276
14638,0.0,0.13569653034210205,0.15534190833568573,0.12957222759723663
14639,0.0,0.11793053150177002,0.1153973862528801,0.08040184527635574
14640,0.0,0.07630163431167603,0.12195363640785217,0.07686648517847061
14641,0.0,0.059794723987579346,0.08365550637245178,0.03949456661939621
14642,0.0,0.04507720470428467,0.11532127112150192,0.03221641853451729
14643,0.0,0.01829540729522705,0.03718234971165657,0.013542260974645615
14644,0.0,0.018270790576934814,0.022872626781463623,0.02325804904103279
14645,0.0,0.0645248293876648,0.1190875843167305,0.05893615260720253
14646,0.0,0.05652040243148804,0.10416477173566818,0.050920166075229645
14647,0.0,0.03856170177459717,0.0928814709186554,0.024076122790575027
14648,0.0,0.11708956956863403,0.16542616486549377,0.1400432288646698
14649,0.0,0.09532582759857178,0.14719323813915253,0.08192222565412521
14650,0.0,0.07953828573226929,0.1226448193192482,0.059167731553316116
14651,0.0,0.07851266860961914,0.11577159911394119,0.07031307369470596
14652,0.0,0.07766711711883545,0.09788455814123154,0.08984989672899246
14653,0.0,0.10222840309143066,0.10854493826627731,0.1248842179775238
14654,0.0,0.06883090734481812,0.10229100286960602,0.07303217053413391
14655,0.0,0.0434112548828125,0.10452275723218918,0.04270666837692261
14656,0.0,0.07386445999145508,0.11716453731060028,0.086075060069561
14657,0.0,0.04905420541763306,0.08407706022262573,0.05075886845588684
14658,0.0,0.08083456754684448,0.15389370918273926,0.09650716185569763
14659,0.0,0.08339554071426392,0.09975860267877579,0.06827323138713837
14660,0.0,0.16246932744979858,0.22427009046077728,0.18698681890964508
14661,0.0,0.16153156757354736,0.11626434326171875,0.15227212011814117
14662,0.0,0.09528058767318726,0.13497556746006012,0.1135386973619461
15185,0.0,0.40249568223953247,0.32812654972076416,0.5766653418540955
15186,0.0,0.3628098964691162,0.3312482237815857,0.5075728297233582
15187,0.0,0.5456657409667969,0.4393237233161926,0.7002068161964417
15188,1.0,0.47849446535110474,0.38187143206596375,0.7772860527038574
15189,1.0,0.40796536207199097,0.3660646975040436,0.61414635181427
15190,1.0,0.3649948835372925,0.3690032362937927,0.44877341389656067
15191,0.0,0.28424644470214844,0.37532904744148254,0.39783453941345215
15192,1.0,0.2402867078781128,0.2663368582725525,0.2863599956035614
15193,0.0,0.2531043291091919,0.42157182097435,0.31193357706069946
15194,0.0,0.23565399646759033,0.4033926725387573,0.24646450579166412
15195,0.0,0.14776545763015747,0.25050830841064453,0.12330576777458191
15196,0.0,0.1453227400779724,0.2170303910970688,0.11688166111707687
15197,0.0,0.17746442556381226,0.31139159202575684,0.17706333100795746
15198,0.0,0.24574941396713257,0.33805224299430847,0.2942827045917511
15199,0.0,0.3544468879699707,0.4831063747406006,0.4982588291168213
15200,1.0,0.2526703476905823,0.3098820447921753,0.28218874335289
15201,0.0,0.24593371152877808,0.3747116029262543,0.28451061248779297
15202,0.0,0.15481245517730713,0.26604127883911133,0.17562039196491241
15203,0.0,0.16438055038452148,0.28840211033821106,0.19062000513076782
15204,0.0,0.13883250951766968,0.1996149718761444,0.1628827601671219
15205,0.0,0.0720292329788208,0.17813661694526672,0.07405292987823486
15206,0.0,0.12139850854873657,0.2973277270793915,0.18735824525356293
15207,0.0,0.10725796222686768,0.15034012496471405,0.09781228005886078
15208,0.0,0.1381714940071106,0.1791638433933258,0.1613568216562271
15209,0.0,0.1683211326599121,0.17872610688209534,0.09870491176843643
15210,0.0,0.11642640829086304,0.14666114747524261,0.09813664108514786
15211,0.0,0.06729179620742798,0.08801830559968948,0.05851014703512192
15212,0.0,0.08485859632492065,0.10122473537921906,0.053473278880119324
15213,0.0,0.05729055404663086,0.09164033085107803,0.04549417644739151
15214,0.0,0.10920935869216919,0.13113008439540863,0.1061052456498146
15215,0.0,0.13365411758422852,0.17819447815418243,0.10771273821592331
15216,0.0,0.12336260080337524,0.16597597301006317,0.05619596317410469
15217,0.0,0.10342317819595337,0.12661929428577423,0.07391031831502914
15218,0.0,0.08278220891952515,0.11090388894081116,0.07438924163579941
15219,0.0,0.09062272310256958,0.12592467665672302,0.05703597143292427
15220,0.0,0.04134702682495117,0.10265576839447021,0.036412157118320465
15221,0.0,0.11223423480987549,0.14607684314250946,0.14538200199604034
15222,0.0,0.12296253442764282,0.20145738124847412,0.10825511068105698
15223,0.0,0.09047043323516846,0.1224418357014656,0.0637291744351387
15224,0.0,0.08258932828903198,0.12109441310167313,0.06717517226934433
15225,0.0,0.0963178277015686,0.1397237330675125,0.11287655681371689
15226,0.0,0.07501310110092163,0.1118486151099205,0.07623842358589172
15227,0.0,0.05050307512283325,0.09474892914295197,0.038880039006471634
15228,0.0,0.05483788251876831,0.07419098913669586,0.05859679728746414
15229,0.0,0.08501297235488892,0.1708451807498932,0.11241836100816727
15230,0.0,0.04723578691482544,0.05562834441661835,0.04081994295120239
15231,0.0,0.08092528581619263,0.10079151391983032,0.0743488296866417
15232,0.0,0.09349286556243896,0.11607907712459564,0.13637088239192963
15233,0.0,0.15990591049194336,0.11232584714889526,0.1773746758699417
15234,0.0,0.06676888465881348,0.11236816644668579,0.06465545296669006
15235,0.0,0.08661478757858276,0.1295897215604782,0.11873926222324371
15236,0.0,0.1602230668067932,0.18110455572605133,0.29599687457084656
15759,1.0,0.6510664224624634,0.6037075519561768,0.8851016163825989
15760,1.0,0.46698689460754395,0.5994767546653748,0.6697405576705933
15761,1.0,0.48060399293899536,0.5183485746383667,0.6662874817848206
15762,1.0,0.6671489477157593,0.7699468731880188,0.93980473279953
15763,1.0,0.6403632164001465,0.7938611507415771,0.8916116952896118
15764,1.0,0.5146258473396301,0.5712847709655762,0.8297748565673828
15765,1.0,0.5544105172157288,0.6606835126876831,0.778023362159729
15766,1.0,0.4937347173690796,0.687282919883728,0.7263103127479553
15767,1.0,0.5277789831161499,0.6239986419677734,0.7381225824356079
15768,1.0,0.4484652280807495,0.7264938354492188,0.7576645612716675
15769,1.0,0.40157490968704224,0.5200161933898926,0.5671494603157043
15770,1.0,0.3223075866699219,0.39738887548446655,0.3665298819541931
15771,1.0,0.31862008571624756,0.4027157127857208,0.3547161817550659
15772,1.0,0.22069311141967773,0.28286629915237427,0.21811485290527344
15773,1.0,0.25367432832717896,0.37811079621315,0.2625345289707184
15774,1.0,0.2225514054298401,0.3877217471599579,0.25588101148605347
15775,0.0,0.18179196119308472,0.3734913766384125,0.17727836966514587
15776,0.0,0.1845877766609192,0.31954333186149597,0.18760135769844055
15777,1.0,0.21612870693206787,0.27395665645599365,0.22681081295013428
15778,0.0,0.1832423210144043,0.2286537140607834,0.1401948779821396
15779,0.0,0.11061346530914307,0.17768126726150513,0.08907447010278702
15780,0.0,0.06260067224502563,0.20299510657787323,0.05867879092693329
15781,0.0,0.055921852588653564,0.11888164281845093,0.03449961915612221
15782,0.0,0.040989816188812256,0.0991768166422844,0.02317790687084198
15783,0.0,0.025204718112945557,0.03434394672513008,0.018498370423913002
15784,0.0,0.06836336851119995,0.15631988644599915,0.04593581333756447
15785,0.0,0.041113197803497314,0.07919829338788986,0.025832224637269974
15786,0.0,0.05216813087463379,0.10527635365724564,0.03995567187666893
15787,0.0,0.08619391918182373,0.2194516956806183,0.07497578114271164
15788,1.0,0.12466245889663696,0.1797199845314026,0.06950892508029938
15789,0.0,0.06529736518859863,0.10880208015441895,0.032332759350538254
15790,0.0,0.05076330900192261,0.14189478754997253,0.02480177953839302
15791,0.0,0.034634947776794434,0.16721290349960327,0.015435634180903435
15792,0.0,0.020744621753692627,0.046280957758426666,0.012176161631941795
15793,0.0,0.012792825698852539,0.01948317140340805,0.010599803179502487
15794,0.0,0.012307047843933105,0.01469234935939312,0.009492642246186733
15795,0.0,0.011991322040557861,0.018539218232035637,0.009698670357465744
15796,0.0,0.01141732931137085,0.01953955367207527,0.009820555336773396
15797,0.0,0.01316612958908081,0.05651196092367172,0.014982384629547596
15798,0.0,0.012919902801513672,0.02020709216594696,0.013166533783078194
15799,0.0,0.013761818408966064,0.019782928749918938,0.013101206161081791
15800,0.0,0.011114895343780518,0.02048918791115284,0.012097524479031563
15801,0.0,0.011341571807861328,0.02388906665146351,0.010237907990813255
15802,0.0,0.011837303638458252,0.02971399575471878,0.015790006145834923
15803,0.0,0.013064324855804443,0.02765754610300064,0.012299575842916965
15804,0.0,0.012441694736480713,0.03571829944849014,0.015558423474431038
15805,0.0,0.01539146900177002,0.03255416080355644,0.01638943701982498
15806,0.0,0.012593209743499756,0.02905443124473095,0.013308706693351269
15807,0.0,0.015981853008270264,0.036804549396038055,0.01853940449655056
15808,0.0,0.0213167667388916,0.03089299611747265,0.024669570848345757
15809,0.0,0.03093165159225464,0.062015801668167114,0.03460773080587387
15810,0.0,0.04025614261627197,0.07552581280469894,0.04784855991601944
16333,0.0,0.03041839599609375,0.05483090877532959,0.028180072084069252
16334,0.0,0.042198359966278076,0.037681031972169876,0.038537487387657166
16335,0.0,0.04024994373321533,0.03920974209904671,0.042631570249795914
16336,0.0,0.157312273979187,0.20842386782169342,0.11223381757736206
16337,1.0,0.09299373626708984,0.12101772427558899,0.07774057239294052
16338,0.0,0.06116980314254761,0.08266620337963104,0.057628050446510315
16339,0.0,0.06952285766601562,0.06985493749380112,0.05673005431890488
16340,0.0,0.06708788871765137,0.06676035374403,0.05473003536462784
16341,0.0,0.04620581865310669,0.04496161639690399,0.04957364872097969
16342,0.0,0.18154782056808472,0.1786614954471588,0.15490186214447021
16343,1.0,0.284895122051239,0.25459036231040955,0.30792340636253357
16344,1.0,0.14542967081069946,0.198645681142807,0.17696084082126617
16345,0.0,0.10073071718215942,0.16340555250644684,0.10915610194206238
16346,0.0,0.17364144325256348,0.20458035171031952,0.17989668250083923
16347,1.0,0.08815813064575195,0.13685467839241028,0.07668691128492355
16348,0.0,0.19578289985656738,0.23062433302402496,0.21432170271873474
16349,1.0,0.3239558935165405,0.3427678346633911,0.39178457856178284
16350,1.0,0.20171892642974854,0.22851713001728058,0.31762129068374634
16351,1.0,0.1977630853652954,0.2232441008090973,0.2687550485134125
16352,1.0,0.5014100074768066,0.4840468466281891,0.7369223833084106
16353,1.0,0.34973907470703125,0.3543042838573456,0.5144351720809937
16354,1.0,0.3042997717857361,0.30235555768013,0.4588645398616791
16355,1.0,0.19554883241653442,0.20513483881950378,0.2958626449108124
16356,1.0,0.22197961807250977,0.22941996157169342,0.32308530807495117
16357,1.0,0.1685836911201477,0.21765922009944916,0.18416190147399902
16358,1.0,0.23523300886154175,0.2808632552623749,0.3732169568538666
16359,1.0,0.23044979572296143,0.25748491287231445,0.2557770609855652
16360,1.0,0.20044595003128052,0.23387491703033447,0.2638872265815735
16361,1.0,0.1985592246055603,0.23078317940235138,0.2334901988506317
16362,1.0,0.13831162452697754,0.20180512964725494,0.15907640755176544
16363,1.0,0.10960596799850464,0.14301282167434692,0.11036475747823715
16364,1.0,0.11502504348754883,0.13947907090187073,0.11737875640392303
16365,1.0,0.10540437698364258,0.2103760838508606,0.09082018584012985
16366,1.0,0.0787508487701416,0.1699349731206894,0.08844977617263794
16367,1.0,0.05052840709686279,0.15374456346035004,0.04325345903635025
16368,0.0,0.0779067873954773,0.13744032382965088,0.07690252363681793
16369,1.0,0.08657485246658325,0.1353662610054016,0.09681268781423569
16370,1.0,0.09005993604660034,0.1853446513414383,0.09366792440414429
16371,1.0,0.04924428462982178,0.09892044961452484,0.0563727430999279
16372,0.0,0.030890464782714844,0.11382677406072617,0.025574902072548866
16373,0.0,0.02763223648071289,0.11032827943563461,0.023935729637742043
16374,0.0,0.04554319381713867,0.1013227328658104,0.03304275497794151
16375,1.0,0.040658533573150635,0.10342153906822205,0.041193265467882156
16376,1.0,0.11036735773086548,0.14671669900417328,0.10405615717172623
16377,1.0,0.10867142677307129,0.15417025983333588,0.12411445379257202
16378,1.0,0.08708608150482178,0.1385670155286789,0.08165095001459122
16379,1.0,0.05860459804534912,0.09940040856599808,0.04933711141347885
16380,0.0,0.07655692100524902,0.10860254615545273,0.08482608199119568
16381,1.0,0.12507396936416626,0.13623566925525665,0.14893242716789246
16382,1.0,0.2150789499282837,0.2204689234495163,0.3137168884277344
16383,1.0,0.12019866704940796,0.11339403688907623,0.09963395446538925
16384,1.0,0.10610443353652954,0.1173265352845192,0.10508396476507187
16907,0.0,0.615997850894928,0.7338127493858337,0.877583384513855
16908,0.0,0.597156286239624,0.8428846001625061,0.9298302531242371
16909,0.0,0.5991482734680176,0.8928106427192688,0.9478964805603027
16910,0.0,0.6752375960350037,0.860247015953064,0.9532345533370972
16911,1.0,0.6078917980194092,0.9101694822311401,0.9033412337303162
16912,0.0,0.5300078392028809,0.841647744178772,0.8488247990608215
16913,0.0,0.6091059446334839,0.819612443447113,0.8871557712554932
16914,0.0,0.5134274959564209,0.7624736428260803,0.7155373692512512
16915,0.0,0.6067394018173218,0.8919177055358887,0.8863346576690674
16916,0.0,0.5670323371887207,0.8873494267463684,0.9113386273384094
16917,0.0,0.46978235244750977,0.752009928226471,0.7431856393814087
16918,0.0,0.2551524043083191,0.5143360495567322,0.3337547779083252
16919,0.0,0.3364548683166504,0.49797239899635315,0.4364510178565979
16920,0.0,0.24913853406906128,0.3508208096027374,0.12893284857273102
16921,0.0,0.19606471061706543,0.3325841724872589,0.16814526915550232
16922,0.0,0.2252500057220459,0.3449288010597229,0.22440573573112488
16923,0.0,0.3185405135154724,0.41885384917259216,0.39869892597198486
16924,0.0,0.2312527894973755,0.3187099099159241,0.20180830359458923
16925,0.0,0.2034969925880432,0.2677323818206787,0.16597622632980347
16926,0.0,0.2177942395210266,0.2755880653858185,0.18806248903274536
16927,0.0,0.21254968643188477,0.29490721225738525,0.13387174904346466
16928,0.0,0.1400986909866333,0.2019750475883484,0.09464684873819351
16929,0.0,0.2801097631454468,0.3787789046764374,0.28836193680763245
16930,0.0,0.237779438495636,0.3120947778224945,0.1927134096622467
16931,0.0,0.17562466859817505,0.1957855522632599,0.11297594755887985
16932,0.0,0.1944139003753662,0.21397864818572998,0.08756943792104721
16933,0.0,0.16613149642944336,0.1773059219121933,0.09224452823400497
16934,0.0,0.10745817422866821,0.11660302430391312,0.053773824125528336
16935,0.0,0.09006714820861816,0.1087169423699379,0.057162150740623474
16936,0.0,0.0845145583152771,0.12350720912218094,0.05363653972744942
16937,0.0,0.0514104962348938,0.09947094321250916,0.03809695318341255
16938,0.0,0.03915506601333618,0.0923040360212326,0.020865581929683685
16939,0.0,0.03316652774810791,0.08690560609102249,0.016452042385935783
16940,0.0,0.018463969230651855,0.03058772347867489,0.015809960663318634
16941,0.0,0.018461525440216064,0.027982477098703384,0.015670105814933777
16942,0.0,0.017334938049316406,0.022767329588532448,0.010707679204642773
16943,0.0,0.013920009136199951,0.03630750626325607,0.008148135617375374
16944,0.0,0.013870418071746826,0.0239342600107193,0.008326079696416855
16945,0.0,0.015197515487670898,0.03143937140703201,0.016798149794340134
16946,0.0,0.015534520149230957,0.029804181307554245,0.009116500616073608
16947,0.0,0.014688432216644287,0.028617115691304207,0.013002460822463036
16948,0.0,0.014279425144195557,0.026202693581581116,0.013045134022831917
16949,0.0,0.01340407133102417,0.025999927893280983,0.01355074718594551
16950,0.0,0.017031431198120117,0.03054983727633953,0.015850968658924103
16951,0.0,0.015617966651916504,0.02788817137479782,0.0145267304033041
16952,0.0,0.01744014024734497,0.03165971487760544,0.016766441985964775
16953,0.0,0.01676774024963379,0.029559211805462837,0.013889226131141186
16954,0.0,0.01608210802078247,0.030622541904449463,0.015894915908575058
16955,0.0,0.017681658267974854,0.03652159497141838,0.01337314210832119
16956,0.0,0.024770796298980713,0.036177780479192734,0.021642645820975304
16957,0.0,0.040168702602386475,0.053942322731018066,0.0280554611235857
16958,0.0,0.044290006160736084,0.07894353568553925,0.050039492547512054
17481,0.0,0.09460896253585815,0.11044638603925705,0.07926616072654724
17482,0.0,0.06661438941955566,0.12375178188085556,0.053281623870134354
17483,0.0,0.04688131809234619,0.06811096519231796,0.031118886545300484
17484,0.0,0.17349308729171753,0.22634074091911316,0.12701307237148285
17485,0.0,0.1762397289276123,0.17032557725906372,0.1489829123020172
17486,0.0,0.23346740007400513,0.18882429599761963,0.2604936957359314
17487,0.0,0.21620303392410278,0.2020604908466339,0.21748317778110504
17488,0.0,0.29466861486434937,0.2375456541776657,0.2403913140296936
17489,0.0,0.262052059173584,0.22077858448028564,0.3278297185897827
17490,0.0,0.2214442491531372,0.1860569268465042,0.18764542043209076
17491,0.0,0.1951998472213745,0.2073647528886795,0.18292459845542908
17492,0.0,0.19993382692337036,0.21377792954444885,0.19681702554225922
17493,0.0,0.2020469307899475,0.18142008781433105,0.22519175708293915
17494,0.0,0.22404050827026367,0.20118415355682373,0.24986250698566437
17495,0.0,0.15292447805404663,0.13991302251815796,0.1157589703798294
17496,0.0,0.17210710048675537,0.15788063406944275,0.1567455530166626
17497,0.0,0.23014235496520996,0.2185802459716797,0.25757288932800293
17498,0.0,0.23501044511795044,0.24227160215377808,0.3208392858505249
17499,0.0,0.43539267778396606,0.33706212043762207,0.5154874324798584
17500,0.0,0.37979793548583984,0.25193578004837036,0.4714595377445221
17501,0.0,0.3393396735191345,0.2586066424846649,0.3725704252719879
17502,0.0,0.31947147846221924,0.29900309443473816,0.3890906572341919
17503,0.0,0.20981234312057495,0.22299431264400482,0.23181264102458954
17504,0.0,0.22347694635391235,0.1920931190252304,0.2787107229232788
17505,0.0,0.19750559329986572,0.18421144783496857,0.19200946390628815
17506,0.0,0.22197771072387695,0.20669575035572052,0.20616702735424042
17507,0.0,0.24499565362930298,0.1821947544813156,0.23810960352420807
17508,0.0,0.18419378995895386,0.151858851313591,0.1594316065311432
17509,0.0,0.199243426322937,0.17207735776901245,0.19038176536560059
17510,0.0,0.14241111278533936,0.13217122852802277,0.09771119058132172
17511,0.0,0.11634308099746704,0.12563516199588776,0.1278022825717926
17512,0.0,0.10124236345291138,0.12778177857398987,0.0855519250035286
17513,0.0,0.10927128791809082,0.12388204038143158,0.0914594978094101
17514,0.0,0.09315204620361328,0.11276961117982864,0.09464876353740692
17515,0.0,0.06255364418029785,0.12227006256580353,0.05802222341299057
17516,0.0,0.08889967203140259,0.10334696620702744,0.08706290274858475
17517,0.0,0.13603150844573975,0.1403476446866989,0.12335427850484848
17518,0.0,0.11250114440917969,0.12237388640642166,0.09798262268304825
17519,0.0,0.059314191341400146,0.11087588965892792,0.057089004665613174
17520,0.0,0.092914879322052,0.11667055636644363,0.08763771504163742
17521,0.0,0.1847713589668274,0.23216848075389862,0.2173926830291748
17522,0.0,0.10089802742004395,0.12561313807964325,0.0913984552025795
17523,0.0,0.06941914558410645,0.12195643037557602,0.06184316799044609
17524,0.0,0.10476231575012207,0.14445944130420685,0.10835282504558563
17525,0.0,0.11876273155212402,0.1378505975008011,0.1081058457493782
17526,0.0,0.1720779538154602,0.1282464861869812,0.20862510800361633
17527,0.0,0.15632957220077515,0.16213056445121765,0.15630342066287994
17528,0.0,0.14221960306167603,0.17004752159118652,0.15147234499454498
17529,0.0,0.1408299207687378,0.1509581059217453,0.14431644976139069
17530,0.0,0.18263137340545654,0.16915558278560638,0.21951629221439362
17531,0.0,0.20846599340438843,0.15976747870445251,0.21861274540424347
17532,0.0,0.11644738912582397,0.14431913197040558,0.12447843700647354
18055,0.0,0.12641340494155884,0.1738932728767395,0.1333020031452179
18056,0.0,0.2673478126525879,0.3614181578159332,0.36459532380104065
18057,0.0,0.2268422245979309,0.32835251092910767,0.33140620589256287
18058,0.0,0.2155156135559082,0.28962182998657227,0.3364480435848236
18059,0.0,0.25216472148895264,0.2974071204662323,0.32061824202537537
18060,0.0,0.3977126479148865,0.40232613682746887,0.5452817678451538
18061,1.0,0.3424011468887329,0.3555460274219513,0.4687406122684479
18062,0.0,0.3241960406303406,0.337821364402771,0.383633553981781
18063,1.0,0.5609619617462158,0.5360801815986633,0.764117419719696
18064,1.0,0.41986238956451416,0.53668212890625,0.6886734962463379
18065,1.0,0.3408591151237488,0.4430100619792938,0.5343148708343506
18066,1.0,0.29486292600631714,0.40658605098724365,0.44250473380088806
18067,0.0,0.26861101388931274,0.3871927261352539,0.3558707535266876
18068,1.0,0.2100035548210144,0.3147897720336914,0.2772483229637146
18069,0.0,0.0821915864944458,0.21149934828281403,0.08532274514436722
18070,0.0,0.1248774528503418,0.26419007778167725,0.11054158210754395
18071,0.0,0.12240326404571533,0.21053995192050934,0.06604854017496109
18072,0.0,0.1461063027381897,0.28932657837867737,0.17137587070465088
18073,1.0,0.14744585752487183,0.2196364551782608,0.11330238729715347
18074,0.0,0.07881933450698853,0.140754833817482,0.07944534718990326
18075,0.0,0.06193089485168457,0.16052702069282532,0.056353386491537094
18076,0.0,0.11751127243041992,0.21813137829303741,0.12495388090610504
18077,0.0,0.06350260972976685,0.09672542661428452,0.0641615241765976
18078,0.0,0.047519564628601074,0.048755936324596405,0.041322603821754456
18079,0.0,0.08693772554397583,0.13005459308624268,0.10661688446998596
18080,0.0,0.06793028116226196,0.0649978369474411,0.06019764393568039
18081,0.0,0.047056734561920166,0.09910532832145691,0.036758143454790115
18082,0.0,0.04133814573287964,0.06273137778043747,0.02904621697962284
18083,0.0,0.04183274507522583,0.048299629241228104,0.039546240121126175
18084,0.0,0.024760842323303223,0.024365270510315895,0.019468650221824646
18085,0.0,0.02710169553756714,0.10234060883522034,0.027186252176761627
18086,0.0,0.02397477626800537,0.048423245549201965,0.012042745016515255
18087,0.0,0.04735440015792847,0.10111463069915771,0.05249619483947754
18088,0.0,0.07520240545272827,0.15637876093387604,0.08436249196529388
18089,0.0,0.0637514591217041,0.145030677318573,0.04602457210421562
18090,0.0,0.0504227876663208,0.07472588866949081,0.04289768263697624
18091,0.0,0.0788983702659607,0.11055231839418411,0.0716676190495491
18092,0.0,0.04704171419143677,0.10109176486730576,0.03368692472577095
18093,0.0,0.028014302253723145,0.038491141051054,0.02102510631084442
18094,0.0,0.026400387287139893,0.04321817308664322,0.024107715114951134
18095,0.0,0.025231361389160156,0.036723461002111435,0.020290551707148552
18096,0.0,0.01723945140838623,0.0274671483784914,0.01625363901257515
18097,0.0,0.01684361696243286,0.03126285597681999,0.01443632785230875
18098,0.0,0.020408451557159424,0.03402148187160492,0.02466467209160328
18099,0.0,0.018560945987701416,0.032530173659324646,0.01586184836924076
18100,0.0,0.019535362720489502,0.0230595450848341,0.017344389110803604
18101,0.0,0.01724928617477417,0.03092070296406746,0.02122218906879425
18102,0.0,0.054078757762908936,0.09535840153694153,0.06071197986602783
18103,0.0,0.05374568700790405,0.05236737057566643,0.05890163779258728
18104,0.0,0.10627645254135132,0.14425547420978546,0.09612547606229782
18105,0.0,0.20219475030899048,0.1715279370546341,0.2808602750301361
18106,0.0,0.11121994256973267,0.07014140486717224,0.12503395974636078
18629,1.0,0.3820341229438782,0.49272552132606506,0.7839727401733398
18630,1.0,0.5195657014846802,0.6790986061096191,0.8420695662498474
18631,1.0,0.44622278213500977,0.5636245608329773,0.7946321964263916
18632,1.0,0.43281328678131104,0.5360550284385681,0.7615904211997986
18633,1.0,0.34055548906326294,0.5437135696411133,0.6151410937309265
18634,1.0,0.2967328429222107,0.49314045906066895,0.5540707111358643
18635,1.0,0.28040629625320435,0.3712177574634552,0.4698130488395691
18636,1.0,0.30263590812683105,0.3713446855545044,0.39676541090011597
18637,1.0,0.1764214038848877,0.2105085700750351,0.20564430952072144
18638,1.0,0.2310173511505127,0.27932992577552795,0.2830800414085388
18639,1.0,0.24533575773239136,0.4041209816932678,0.333747535943985
18640,1.0,0.2593119144439697,0.3969484865665436,0.4158577620983124
18641,1.0,0.23156636953353882,0.24101461470127106,0.3417052924633026
18642,1.0,0.13923782110214233,0.15676146745681763,0.10749103128910065
18643,0.0,0.0944938063621521,0.1310504972934723,0.05178041011095047
18644,0.0,0.14100712537765503,0.19306232035160065,0.12446806579828262
18645,0.0,0.1254175901412964,0.21690239012241364,0.11357764899730682
18646,0.0,0.05785161256790161,0.13240669667720795,0.0349387526512146
18647,0.0,0.026945114135742188,0.102886863052845,0.01934538036584854
18648,0.0,0.023164451122283936,0.0630582943558693,0.016205310821533203
18649,0.0,0.02112126350402832,0.07731704413890839,0.012434858828783035
18650,0.0,0.021852076053619385,0.04410834610462189,0.019196512177586555
18651,0.0,0.07961922883987427,0.17323072254657745,0.05198122560977936
18652,0.0,0.08435237407684326,0.15961825847625732,0.06560349464416504
18653,0.0,0.08157438039779663,0.13642476499080658,0.08029478043317795
18654,0.0,0.07852470874786377,0.09538522362709045,0.06554114818572998
18655,0.0,0.04002809524536133,0.08867053687572479,0.03651060163974762
18656,0.0,0.06996095180511475,0.11371047794818878,0.05429593846201897
18657,0.0,0.09882289171218872,0.1374245285987854,0.09133615344762802
18658,0.0,0.06211841106414795,0.11529853940010071,0.0591251477599144
18659,0.0,0.05364328622817993,0.11519640684127808,0.038278259336948395
18660,0.0,0.032908856868743896,0.08000685274600983,0.022352414205670357
18661,0.0,0.04783213138580322,0.08922002464532852,0.03654651716351509
18662,0.0,0.020394444465637207,0.0404871366918087,0.015760725364089012
18663,0.0,0.0442928671836853,0.06334663182497025,0.02649708464741707
18664,0.0,0.057258427143096924,0.10983695834875107,0.04570480063557625
18665,0.0,0.05654078722000122,0.0932096466422081,0.04479658231139183
18666,0.0,0.06489014625549316,0.07415643334388733,0.04707567021250725
18667,0.0,0.03972148895263672,0.0664782002568245,0.03089320659637451
18668,0.0,0.04853558540344238,0.08082588762044907,0.03586232289671898
18669,0.0,0.029931366443634033,0.08967147767543793,0.02091982401907444
18670,0.0,0.05757880210876465,0.0927414670586586,0.04418690875172615
18671,0.0,0.04984027147293091,0.09681819379329681,0.04207303747534752
18672,0.0,0.0647246241569519,0.08372881263494492,0.04884226992726326
18673,0.0,0.0644497275352478,0.10568838566541672,0.07803065329790115
18674,0.0,0.07143521308898926,0.09152396023273468,0.06680413335561752
18675,0.0,0.04975932836532593,0.0803065374493599,0.031468894332647324
18676,0.0,0.10745120048522949,0.1261674165725708,0.10406109690666199
18677,1.0,0.08086270093917847,0.11138895899057388,0.07712728530168533
18678,0.0,0.04497116804122925,0.10238467156887054,0.03283748775720596
18679,0.0,0.04968208074569702,0.08509571105241776,0.04142647236585617
18680,0.0,0.043469011783599854,0.1090254858136177,0.04745803400874138
19203,0.0,0.12509608268737793,0.12952136993408203,0.08146174997091293
19204,0.0,0.11499249935150146,0.12721985578536987,0.05451909080147743
19205,0.0,0.052573561668395996,0.06240090727806091,0.038677576929330826
19206,0.0,0.03427547216415405,0.0783466026186943,0.01978614740073681
19207,0.0,0.03524845838546753,0.054068997502326965,0.017920954152941704
19208,0.0,0.0936422348022461,0.12259600311517715,0.05459403246641159
19209,0.0,0.2292640209197998,0.20877164602279663,0.24650295078754425
19210,0.0,0.1337299346923828,0.19021669030189514,0.10917680710554123
19211,0.0,0.14493727684020996,0.12754644453525543,0.06621124595403671
19212,0.0,0.10166198015213013,0.12339568138122559,0.058102987706661224
19213,0.0,0.1281537413597107,0.1133677139878273,0.07620471715927124
19214,0.0,0.06799602508544922,0.09764421731233597,0.03845575451850891
19215,0.0,0.040786802768707275,0.056561075150966644,0.017984433099627495
19216,0.0,0.0919802188873291,0.11681129783391953,0.06208977848291397
19217,0.0,0.20717853307724,0.20657208561897278,0.18795642256736755
19218,0.0,0.1367112398147583,0.1604452282190323,0.08669692277908325
19219,0.0,0.08077347278594971,0.14380601048469543,0.044556573033332825
19220,0.0,0.03912287950515747,0.07840509712696075,0.022523581981658936
19221,0.0,0.06698167324066162,0.09390334039926529,0.0525805801153183
19222,0.0,0.03173792362213135,0.05511859431862831,0.027555866166949272
19223,0.0,0.024432897567749023,0.07383708655834198,0.012826441787183285
19224,0.0,0.07229810953140259,0.09056956321001053,0.04558955505490303
19225,0.0,0.03154879808425903,0.06820417940616608,0.021739043295383453
19226,0.0,0.027419567108154297,0.04261341691017151,0.013237039558589458
19227,0.0,0.02317345142364502,0.04355232045054436,0.015617400407791138
19228,0.0,0.046951115131378174,0.058709342032670975,0.027075577527284622
19229,0.0,0.016120314598083496,0.03002849966287613,0.011678018607199192
19230,0.0,0.06329703330993652,0.10363733768463135,0.037352800369262695
19231,0.0,0.050524771213531494,0.10152507573366165,0.025466667488217354
19232,0.0,0.03897947072982788,0.06140229478478432,0.018780073150992393
19233,0.0,0.02418649196624756,0.052647486329078674,0.014002191834151745
19234,0.0,0.02026277780532837,0.05656718462705612,0.010717428289353848
19235,0.0,0.011337101459503174,0.010486030951142311,0.006432151887565851
19236,0.0,0.010091900825500488,0.007684504147619009,0.005543241742998362
19237,0.0,0.028920471668243408,0.055941008031368256,0.014252749271690845
19238,0.0,0.014734208583831787,0.029987799003720284,0.008850373327732086
19239,0.0,0.012616872787475586,0.015234922058880329,0.006204510573297739
19240,0.0,0.011202394962310791,0.014285685494542122,0.006178087089210749
19241,0.0,0.010471761226654053,0.01214578002691269,0.0065146503038704395
19242,0.0,0.02333742380142212,0.048650749027729034,0.015248535200953484
19243,0.0,0.01149296760559082,0.022254953160881996,0.007750764489173889
19244,0.0,0.011341869831085205,0.012752174399793148,0.006210356019437313
19245,0.0,0.010374307632446289,0.01635686308145523,0.00639721704646945
19246,0.0,0.010760247707366943,0.015446633100509644,0.006120109464973211
19247,0.0,0.009215712547302246,0.01130389142781496,0.006897367537021637
19248,0.0,0.026761233806610107,0.06088699400424957,0.01628611423075199
19249,0.0,0.012922525405883789,0.020389927551150322,0.009222998283803463
19250,0.0,0.027421534061431885,0.036862991750240326,0.013666613958775997
19251,0.0,0.03519439697265625,0.04765915870666504,0.03131118044257164
19252,0.0,0.021616816520690918,0.047219421714544296,0.017656385898590088
19253,0.0,0.04846978187561035,0.06962918490171432,0.03603322431445122
19254,0.0,0.06083273887634277,0.06076712906360626,0.06157654896378517
19777,1.0,0.513329029083252,0.3702329397201538,0.6346136331558228
19778,1.0,0.5053896903991699,0.5427539944648743,0.8827577829360962
19779,1.0,0.5625872611999512,0.7090483903884888,0.9259390830993652
19780,1.0,0.37006598711013794,0.568346381187439,0.7002253532409668
19781,1.0,0.27341437339782715,0.3605729341506958,0.4180111587047577
19782,1.0,0.24300265312194824,0.3214421570301056,0.3396286070346832
19783,1.0,0.17878085374832153,0.24358788132667542,0.145587757229805
19784,1.0,0.1833486557006836,0.23562031984329224,0.15271642804145813
19785,1.0,0.23627662658691406,0.2422894537448883,0.31721314787864685
19786,1.0,0.21685463190078735,0.3365394175052643,0.3034678101539612
19787,1.0,0.12939739227294922,0.20064878463745117,0.1578356772661209
19788,1.0,0.19718515872955322,0.20764751732349396,0.2295297235250473
19789,1.0,0.155034601688385,0.22885777056217194,0.19035778939723969
19790,1.0,0.11779332160949707,0.17115460336208344,0.07568089663982391
19791,1.0,0.09011703729629517,0.1440654695034027,0.04970511421561241
19792,0.0,0.1827755570411682,0.23525720834732056,0.21560829877853394
19793,1.0,0.17524737119674683,0.1940256655216217,0.13116401433944702
19794,1.0,0.1155250072479248,0.14592009782791138,0.09333698451519012
19795,1.0,0.15148812532424927,0.22695282101631165,0.2094491571187973
19796,1.0,0.10561150312423706,0.1713932305574417,0.15898506343364716
19797,0.0,0.06440621614456177,0.14529258012771606,0.07335232198238373
19798,0.0,0.0786777138710022,0.18821680545806885,0.06254452466964722
19799,0.0,0.051007747650146484,0.07026790827512741,0.032779511064291
19800,0.0,0.027853846549987793,0.04180717468261719,0.02359280176460743
19801,0.0,0.03231292963027954,0.04652936011552811,0.027779527008533478
19802,0.0,0.030671775341033936,0.04008379206061363,0.023309731855988503
19803,0.0,0.028791427612304688,0.04104991257190704,0.028176670894026756
19804,0.0,0.02560138702392578,0.03999694064259529,0.02680962160229683
19805,0.0,0.023878276348114014,0.042839016765356064,0.025878645479679108
19806,0.0,0.026603519916534424,0.0361599400639534,0.021606143563985825
19807,0.0,0.020917892456054688,0.031853046268224716,0.021770557388663292
19808,0.0,0.05243867635726929,0.09484083950519562,0.03911082074046135
19809,1.0,0.0295829176902771,0.08185100555419922,0.04490198194980621
19810,0.0,0.030296027660369873,0.03412443771958351,0.03056105598807335
19811,0.0,0.028336048126220703,0.04156896099448204,0.02544003166258335
19812,0.0,0.015931546688079834,0.010081116110086441,0.0105418860912323
19813,0.0,0.01049584150314331,0.009025861509144306,0.006014860235154629
19814,0.0,0.010619282722473145,0.012121940031647682,0.006467187311500311
19815,0.0,0.011084794998168945,0.008984552696347237,0.008607243187725544
19816,0.0,0.012780547142028809,0.01988532952964306,0.011190750636160374
19817,0.0,0.012028872966766357,0.023567259311676025,0.010385059751570225
19818,0.0,0.013563036918640137,0.020309768617153168,0.012367024086415768
19819,0.0,0.013416469097137451,0.02040773071348667,0.012322872877120972
19820,0.0,0.04413086175918579,0.06936779618263245,0.06663819402456284
19821,1.0,0.020172953605651855,0.07546401768922806,0.02460070513188839
19822,0.0,0.020179271697998047,0.022769181057810783,0.013626480475068092
19823,0.0,0.022241175174713135,0.03051585517823696,0.018016600981354713
19824,0.0,0.017464876174926758,0.019768666476011276,0.013693803921341896
19825,0.0,0.049555420875549316,0.06934692710638046,0.047188594937324524
19826,1.0,0.10541921854019165,0.25606802105903625,0.12214601039886475
19827,1.0,0.08105891942977905,0.12162908166646957,0.07002619653940201
19828,0.0,0.16739141941070557,0.19079194962978363,0.15103085339069366
20351,1.0,0.04275977611541748,0.01368715614080429,0.03942610323429108
20352,1.0,0.045560479164123535,0.011487884446978569,0.04696721211075783
20353,1.0,0.18630266189575195,0.2513539493083954,0.23133252561092377
20354,1.0,0.05656886100769043,0.08927850425243378,0.0746576339006424
20355,1.0,0.1822924017906189,0.1878640055656433,0.16130729019641876
20356,1.0,0.23270368576049805,0.17062877118587494,0.32354146242141724
20357,1.0,0.3050091862678528,0.20478607714176178,0.37707194685935974
20358,1.0,0.32749223709106445,0.24248357117176056,0.42489027976989746
20359,1.0,0.5807375907897949,0.5725656151771545,0.856509804725647
20360,1.0,0.6910402774810791,0.8471469879150391,0.9748834371566772
20361,1.0,0.7268656492233276,0.813571572303772,0.9631691575050354
20362,1.0,0.6561981439590454,0.7606202960014343,0.9105084538459778
20363,1.0,0.5818604230880737,0.6204062104225159,0.8418346643447876
20364,1.0,0.6421617865562439,0.753002941608429,0.8910801410675049
20365,1.0,0.6644166707992554,0.7707050442695618,0.9597043991088867
20366,1.0,0.7017430663108826,0.9287101030349731,0.9786098003387451
20367,1.0,0.7214155197143555,0.9303080439567566,0.9720221757888794
20368,1.0,0.7484689950942993,0.9332704544067383,0.9804434180259705
20369,1.0,0.7307051420211792,0.9032958149909973,0.9777496457099915
20370,1.0,0.7487419843673706,0.9132411479949951,0.9700839519500732
20371,1.0,0.7163857221603394,0.8030511736869812,0.9465160369873047
20372,1.0,0.693220853805542,0.8313676714897156,0.9540642499923706
20373,1.0,0.6802955865859985,0.8782787919044495,0.9411106705665588
20374,1.0,0.6278719902038574,0.6745569109916687,0.8544304966926575
20375,1.0,0.585247278213501,0.5827955603599548,0.8008098602294922
20376,1.0,0.47950494289398193,0.5399086475372314,0.6884958744049072
20377,1.0,0.5702067613601685,0.5519258379936218,0.7900393009185791
20378,1.0,0.6158260107040405,0.641179084777832,0.9272264242172241
20379,1.0,0.7531983852386475,0.835042417049408,0.978166937828064
20380,1.0,0.7167378664016724,0.8131344318389893,0.9381405711174011
20381,1.0,0.44449764490127563,0.5465371608734131,0.6569058895111084
20382,1.0,0.31960028409957886,0.5344825983047485,0.4734121263027191
20383,1.0,0.3159794211387634,0.43321797251701355,0.5062246322631836
20384,1.0,0.23314815759658813,0.18992234766483307,0.22398999333381653
20385,1.0,0.09493237733840942,0.17207570374011993,0.12323053181171417
20386,1.0,0.07681727409362793,0.13642840087413788,0.10478173941373825
20387,1.0,0.13377583026885986,0.1358591467142105,0.17157557606697083
20388,1.0,0.06323897838592529,0.09510380774736404,0.07398504763841629
20389,1.0,0.047122180461883545,0.06277476251125336,0.052319083362817764
20390,1.0,0.04186373949050903,0.06433384865522385,0.055755775421857834
20391,1.0,0.04161912202835083,0.03986462950706482,0.043632037937641144
20392,1.0,0.03174656629562378,0.010471696965396404,0.034561362117528915
20393,1.0,0.03339278697967529,0.026300840079784393,0.04003055393695831
20394,1.0,0.03135734796524048,0.025286169722676277,0.036084044724702835
20395,1.0,0.037928998470306396,0.029213950037956238,0.0557795986533165
20396,1.0,0.03438615798950195,0.02089904621243477,0.034600939601659775
20397,1.0,0.09653633832931519,0.11240951716899872,0.11469805985689163
20398,1.0,0.07304233312606812,0.05624079331755638,0.07106277346611023
20399,1.0,0.055333733558654785,0.03184453025460243,0.056561507284641266
20400,1.0,0.0584641695022583,0.04371059685945511,0.05633614584803581
20401,1.0,0.09314829111099243,0.0361955426633358,0.09914270043373108
20402,1.0,0.06244629621505737,0.01963065378367901,0.06654902547597885
20925,0.0,0.06989222764968872,0.07631334662437439,0.051153697073459625
20926,0.0,0.042939066886901855,0.03345028683543205,0.03856382146477699
20927,0.0,0.04450798034667969,0.028950326144695282,0.04171537607908249
20928,0.0,0.05247741937637329,0.048710037022829056,0.06455163657665253
20929,0.0,0.05385345220565796,0.057586535811424255,0.054330699145793915
20930,0.0,0.17730987071990967,0.21806678175926208,0.18886831402778625
20931,1.0,0.10705631971359253,0.12618416547775269,0.0802813172340393
20932,0.0,0.17699050903320312,0.2090810388326645,0.1752765029668808
20933,1.0,0.25306057929992676,0.24911898374557495,0.28560736775398254
20934,1.0,0.14711952209472656,0.20930473506450653,0.1614457666873932
20935,0.0,0.09454172849655151,0.1426202803850174,0.09896603226661682
20936,0.0,0.23513263463974,0.23136819899082184,0.24338994920253754
20937,1.0,0.11922967433929443,0.18473714590072632,0.13137011229991913
20938,0.0,0.17773395776748657,0.2755008935928345,0.18440908193588257
20939,1.0,0.13353067636489868,0.162540465593338,0.13512133061885834
20940,0.0,0.0819021463394165,0.11487054079771042,0.09293625503778458
20941,0.0,0.0819283127784729,0.09342195838689804,0.09715861827135086
20942,0.0,0.0670703649520874,0.08583329617977142,0.06154540926218033
20943,0.0,0.052997589111328125,0.0459856279194355,0.0680680125951767
20944,0.0,0.046467125415802,0.03855236992239952,0.05738160014152527
20945,0.0,0.04906231164932251,0.04032769054174423,0.056586701422929764
20946,0.0,0.0436742901802063,0.0283603984862566,0.04292085021734238
20947,0.0,0.09503030776977539,0.13594163954257965,0.083172507584095
20948,1.0,0.10169738531112671,0.09495598077774048,0.0818864107131958
20949,0.0,0.06007957458496094,0.050168681889772415,0.04423229768872261
20950,0.0,0.058728694915771484,0.0423736609518528,0.03763386234641075
20951,0.0,0.08696532249450684,0.12685053050518036,0.0887649655342102
20952,1.0,0.06106162071228027,0.051231563091278076,0.03909231349825859
20953,0.0,0.09213554859161377,0.12112338840961456,0.07365627586841583
20954,1.0,0.09877848625183105,0.11085564643144608,0.06427263468503952
20955,0.0,0.10861486196517944,0.13902442157268524,0.10860685259103775
20956,1.0,0.11680668592453003,0.16673630475997925,0.1088896095752716
20957,1.0,0.1321042776107788,0.1546836644411087,0.10411667078733444
20958,1.0,0.1727914810180664,0.16944624483585358,0.1778559386730194
20959,1.0,0.13406974077224731,0.16945479810237885,0.0981442928314209
20960,1.0,0.10977298021316528,0.1641864776611328,0.09292983263731003
20961,0.0,0.1089828610420227,0.11649470031261444,0.12818379700183868
20962,1.0,0.0900341272354126,0.12385617941617966,0.07860275357961655
20963,0.0,0.04788607358932495,0.1004011258482933,0.0557025745511055
20964,0.0,0.03157699108123779,0.07995567470788956,0.025826629251241684
20965,0.0,0.0746416449546814,0.1284082978963852,0.0926881805062294
20966,1.0,0.04108142852783203,0.04274354130029678,0.051788702607154846
20967,0.0,0.03459489345550537,0.04392796382308006,0.0349888801574707
20968,0.0,0.03698575496673584,0.049101702868938446,0.04080715402960777
20969,0.0,0.036445438861846924,0.03848109021782875,0.04018143564462662
20970,0.0,0.027502596378326416,0.03275683894753456,0.03249337524175644
20971,0.0,0.026504695415496826,0.031316109001636505,0.031128056347370148
20972,0.0,0.08051002025604248,0.11868082731962204,0.10122576355934143
20973,1.0,0.1347583532333374,0.15110133588314056,0.1301511824131012
20974,1.0,0.17359459400177002,0.19536027312278748,0.26329490542411804
20975,1.0,0.20809191465377808,0.1605575829744339,0.19747629761695862
20976,1.0,0.19401049613952637,0.17689920961856842,0.22688685357570648
21499,0.0,0.3899157643318176,0.37987568974494934,0.46436622738838196
21500,0.0,0.427842915058136,0.45160308480262756,0.503053605556488
21501,0.0,0.5133934020996094,0.5393024682998657,0.6929442882537842
21502,0.0,0.5783747434616089,0.5879594087600708,0.8039023876190186
21503,1.0,0.44365495443344116,0.713360071182251,0.6403952836990356
21504,0.0,0.5089221000671387,0.6148546934127808,0.7629497647285461
21505,1.0,0.4734475612640381,0.6307172775268555,0.7175737619400024
21506,1.0,0.40683555603027344,0.6051120162010193,0.5697370767593384
21507,1.0,0.41695982217788696,0.5931903719902039,0.5870597958564758
21508,1.0,0.3949126601219177,0.5798547863960266,0.5613231062889099
21509,1.0,0.3894427418708801,0.607550859451294,0.5409062504768372
21510,0.0,0.29335880279541016,0.41502735018730164,0.31220299005508423
21511,0.0,0.3027009963989258,0.3795662522315979,0.2850455641746521
21512,0.0,0.45524972677230835,0.44106853008270264,0.5546406507492065
21513,0.0,0.4887846112251282,0.6022171974182129,0.7527047395706177
21514,1.0,0.5081864595413208,0.6207187175750732,0.6877802610397339
21515,1.0,0.378113329410553,0.6068792343139648,0.48818540573120117
21516,1.0,0.2909232974052429,0.3291209638118744,0.3793983459472656
21517,0.0,0.24356430768966675,0.3239729702472687,0.3245982825756073
21518,0.0,0.24002325534820557,0.36455225944519043,0.32977768778800964
21519,0.0,0.24832791090011597,0.26943689584732056,0.17854227125644684
21520,0.0,0.1660367250442505,0.2729683816432953,0.15602269768714905
21521,0.0,0.23622775077819824,0.2199336290359497,0.19416673481464386
21522,0.0,0.19496160745620728,0.2128637135028839,0.1505865901708603
21523,0.0,0.19431698322296143,0.2624315321445465,0.20746733248233795
21524,0.0,0.17366832494735718,0.2034703642129898,0.12527118623256683
21525,0.0,0.13992267847061157,0.17526951432228088,0.08289092034101486
21526,0.0,0.18055343627929688,0.18478962779045105,0.12956054508686066
21527,0.0,0.16796904802322388,0.1397549957036972,0.1091272160410881
21528,0.0,0.12516510486602783,0.11841565370559692,0.08806867897510529
21529,0.0,0.10580313205718994,0.1217581182718277,0.07520773261785507
21530,0.0,0.08284866809844971,0.1218799576163292,0.04008638858795166
21531,0.0,0.07090753316879272,0.11745753139257431,0.03933517262339592
21532,0.0,0.08492279052734375,0.13540934026241302,0.056260619312524796
21533,0.0,0.12282764911651611,0.20038361847400665,0.12671101093292236
21534,0.0,0.20505905151367188,0.3170217275619507,0.17298251390457153
21535,0.0,0.1782996654510498,0.25282445549964905,0.19454820454120636
21536,0.0,0.18663948774337769,0.21691060066223145,0.15200570225715637
21537,0.0,0.10993236303329468,0.14800623059272766,0.09087865799665451
21538,0.0,0.11654007434844971,0.1341531127691269,0.0803995132446289
21539,0.0,0.15117955207824707,0.1574128270149231,0.1001676619052887
21540,0.0,0.11006343364715576,0.1415049135684967,0.08143670856952667
21541,0.0,0.12586426734924316,0.186370387673378,0.07921284437179565
21542,0.0,0.13367003202438354,0.16897346079349518,0.1029898151755333
21543,0.0,0.106967031955719,0.1309102475643158,0.07464081794023514
21544,0.0,0.15351754426956177,0.14906612038612366,0.1498049646615982
21545,0.0,0.13015031814575195,0.13918158411979675,0.09748370200395584
21546,0.0,0.07585358619689941,0.15376128256320953,0.054379209876060486
21547,0.0,0.06625783443450928,0.11457763612270355,0.04834537208080292
21548,0.0,0.06227719783782959,0.1179598718881607,0.05351383611559868
21549,0.0,0.16871589422225952,0.15993385016918182,0.13592596352100372
21550,0.0,0.11291790008544922,0.08649593591690063,0.08867325633764267
22073,0.0,0.14785605669021606,0.1820833534002304,0.27239683270454407
22074,1.0,0.07412773370742798,0.1825082153081894,0.14846432209014893
22075,0.0,0.13356566429138184,0.15988782048225403,0.19469265639781952
22076,1.0,0.20135992765426636,0.2137848436832428,0.35110726952552795
22077,1.0,0.22813308238983154,0.23520202934741974,0.31553879380226135
22078,1.0,0.24223428964614868,0.2732319235801697,0.318541020154953
22079,1.0,0.0982276201248169,0.1448071002960205,0.13079752027988434
22080,0.0,0.17320799827575684,0.18147945404052734,0.20447424054145813
22081,1.0,0.162713885307312,0.21130551397800446,0.2518180310726166
22082,1.0,0.08719289302825928,0.18093612790107727,0.08106143772602081
22083,0.0,0.1363418698310852,0.2312464416027069,0.210290789604187
22084,1.0,0.19824659824371338,0.21371714770793915,0.3130977153778076
22085,1.0,0.09426361322402954,0.12629574537277222,0.12400176376104355
22086,0.0,0.15255260467529297,0.1621195673942566,0.21929095685482025
22087,1.0,0.09064555168151855,0.15166036784648895,0.10932907462120056
22088,0.0,0.2015758752822876,0.3204093277454376,0.2088194489479065
22089,1.0,0.1399804949760437,0.22539931535720825,0.14523956179618835
22090,0.0,0.07410550117492676,0.11478546261787415,0.07888374477624893
22091,0.0,0.0733913779258728,0.12872742116451263,0.07233237475156784
22092,0.0,0.09747457504272461,0.11235249787569046,0.1433636099100113
22093,0.0,0.03865629434585571,0.046848539263010025,0.041515253484249115
22094,0.0,0.035400390625,0.034526195377111435,0.033285822719335556
22095,0.0,0.1048319935798645,0.12425359338521957,0.10905151069164276
22096,1.0,0.13517868518829346,0.16833557188510895,0.144430011510849
22097,1.0,0.07288199663162231,0.0879274532198906,0.04460899531841278
22098,0.0,0.06288343667984009,0.09888553619384766,0.04893317073583603
22099,0.0,0.05398857593536377,0.08709528297185898,0.03939526900649071
22100,0.0,0.0918700098991394,0.11340555548667908,0.10759537667036057
22101,1.0,0.09914666414260864,0.12590211629867554,0.09958658367395401
22102,1.0,0.06078183650970459,0.09790808707475662,0.03486734628677368
22103,0.0,0.04601263999938965,0.08133677393198013,0.035725485533475876
22104,0.0,0.034329891204833984,0.09249269217252731,0.01497531309723854
22105,0.0,0.029730796813964844,0.03929926082491875,0.028095275163650513
22106,0.0,0.02095741033554077,0.03174033761024475,0.018632929772138596
22107,0.0,0.018882036209106445,0.020840320736169815,0.014456871896982193
22108,0.0,0.017494618892669678,0.019755413755774498,0.014405932277441025
22109,0.0,0.017916560173034668,0.023301299661397934,0.013197150081396103
22110,0.0,0.01833629608154297,0.021376686170697212,0.012235591188073158
22111,0.0,0.0500333309173584,0.07699616998434067,0.06786495447158813
22112,1.0,0.04393583536148071,0.09812656790018082,0.06364402920007706
22113,0.0,0.08429598808288574,0.11110100150108337,0.09012994170188904
22114,1.0,0.14007771015167236,0.19167029857635498,0.2095334529876709
22115,1.0,0.06628537178039551,0.11348308622837067,0.06271959841251373
22116,0.0,0.11665910482406616,0.09922388195991516,0.13208776712417603
22117,1.0,0.04375052452087402,0.10536308586597443,0.043605342507362366
22118,0.0,0.03984367847442627,0.0741209015250206,0.04445718973875046
22119,0.0,0.08766788244247437,0.1155773401260376,0.1298501193523407
22120,1.0,0.1596829891204834,0.24857985973358154,0.2667013704776764
22121,1.0,0.09042775630950928,0.1325187236070633,0.10364996641874313
22122,0.0,0.13688069581985474,0.11629478633403778,0.1400860697031021
22123,1.0,0.08055877685546875,0.11745376884937286,0.18576407432556152
22124,0.0,0.0760834813117981,0.15461201965808868,0.11569470912218094
22647,0.0,0.13823044300079346,0.23117583990097046,0.09535744041204453
22648,0.0,0.09182298183441162,0.2706199586391449,0.056598808616399765
22649,0.0,0.12601900100708008,0.22528956830501556,0.1332067847251892
22650,0.0,0.14032191038131714,0.2222318798303604,0.10928407311439514
22651,0.0,0.11762779951095581,0.219550222158432,0.08589169383049011
22652,0.0,0.1365821361541748,0.2549894154071808,0.1518951803445816
22653,0.0,0.18155813217163086,0.2775905728340149,0.12476920336484909
22654,0.0,0.143582284450531,0.25791096687316895,0.09447937458753586
22655,0.0,0.18150407075881958,0.3617463707923889,0.1012810617685318
22656,0.0,0.10630077123641968,0.25377732515335083,0.05005105584859848
22657,0.0,0.09995180368423462,0.23909738659858704,0.08057335019111633
22658,0.0,0.056536197662353516,0.14586026966571808,0.0436529740691185
22659,0.0,0.049411237239837646,0.12402557581663132,0.02891458198428154
22660,0.0,0.028667032718658447,0.07982747256755829,0.02248026244342327
22661,0.0,0.0335545539855957,0.10627125203609467,0.018877368420362473
22662,0.0,0.031139254570007324,0.04542098566889763,0.024971086531877518
22663,0.0,0.08915328979492188,0.16050846874713898,0.07782772928476334
22664,0.0,0.09775805473327637,0.32613134384155273,0.10615909099578857
22665,0.0,0.15736299753189087,0.25493863224983215,0.11224793642759323
22666,0.0,0.13892394304275513,0.1817537248134613,0.09739664942026138
22667,0.0,0.13770240545272827,0.18961098790168762,0.08432600647211075
22668,0.0,0.0656973123550415,0.1555226892232895,0.034311797469854355
22669,0.0,0.04675614833831787,0.09823484718799591,0.021153293550014496
22670,0.0,0.030882298946380615,0.10332038253545761,0.01320271659642458
22671,0.0,0.03103691339492798,0.0689522847533226,0.009953578934073448
22672,0.0,0.021955788135528564,0.04677770286798477,0.00854579359292984
22673,0.0,0.01792013645172119,0.03343123570084572,0.008702000603079796
22674,0.0,0.016797900199890137,0.047741252928972244,0.008007681928575039
22675,0.0,0.014458060264587402,0.04376177862286568,0.006626288406550884
22676,0.0,0.016195058822631836,0.04405820742249489,0.006084035150706768
22677,0.0,0.014432966709136963,0.03180282935500145,0.005823078099638224
22678,0.0,0.011200249195098877,0.025785060599446297,0.002977057360112667
22679,0.0,0.026502668857574463,0.08666634559631348,0.012688827700912952
22680,0.0,0.019480526447296143,0.09599354863166809,0.010350938886404037
22681,0.0,0.015580594539642334,0.03402106463909149,0.004332341253757477
22682,0.0,0.02844250202178955,0.09290780127048492,0.017834383994340897
22683,0.0,0.017460882663726807,0.08606565743684769,0.008516431786119938
22684,0.0,0.012615203857421875,0.044574104249477386,0.007098989095538855
22685,0.0,0.013702750205993652,0.07683950662612915,0.00813749898225069
22686,0.0,0.013702034950256348,0.05652529373764992,0.006757196970283985
22687,0.0,0.012908399105072021,0.031481195241212845,0.005683486815541983
22688,0.0,0.0315852165222168,0.1405138075351715,0.029471347108483315
22689,0.0,0.019427359104156494,0.07870714366436005,0.018458688631653786
22690,0.0,0.01688826084136963,0.04609603062272072,0.01229182817041874
22691,0.0,0.015947997570037842,0.04784906655550003,0.009415790438652039
22692,0.0,0.01635122299194336,0.04693038761615753,0.011413619853556156
22693,0.0,0.032912492752075195,0.11086641997098923,0.027522217482328415
22694,0.0,0.02159637212753296,0.08823144435882568,0.02128898911178112
22695,0.0,0.0358772873878479,0.11810971796512604,0.029189635068178177
22696,0.0,0.03301507234573364,0.07136992365121841,0.025424890220165253
22697,0.0,0.07508629560470581,0.15900841355323792,0.07019521296024323
22698,0.0,0.0741690993309021,0.17756041884422302,0.06900493055582047
23221,0.0,0.07598888874053955,0.07683651149272919,0.07738355547189713
23222,0.0,0.04416763782501221,0.08061978965997696,0.04835416004061699
23223,0.0,0.08572173118591309,0.07557316869497299,0.08800344914197922
23224,0.0,0.041612863540649414,0.06971542537212372,0.04771656543016434
23225,0.0,0.03379017114639282,0.05337338149547577,0.035052862018346786
23226,0.0,0.022935092449188232,0.031175218522548676,0.024070117622613907
23227,0.0,0.02246379852294922,0.024676714092493057,0.025446955114603043
23228,0.0,0.018016278743743896,0.021515734493732452,0.02096944861114025
23229,0.0,0.018293678760528564,0.024678505957126617,0.021297167986631393
23230,0.0,0.018703877925872803,0.015955645591020584,0.02091226726770401
23231,0.0,0.07604044675827026,0.08391252905130386,0.07251498103141785
23232,0.0,0.033862948417663574,0.07080931216478348,0.04166700690984726
23233,0.0,0.028379201889038086,0.03208274021744728,0.0235820934176445
23234,0.0,0.08322679996490479,0.08102219551801682,0.08534200489521027
23235,0.0,0.15845537185668945,0.21192266047000885,0.23392963409423828
23236,1.0,0.1815587878227234,0.19040988385677338,0.17741116881370544
23237,0.0,0.3107373118400574,0.29350173473358154,0.40777814388275146
23238,1.0,0.5193881988525391,0.436448872089386,0.6492810249328613
23239,1.0,0.5369757413864136,0.6137871146202087,0.931175708770752
23240,1.0,0.6778274178504944,0.8321273922920227,0.965918242931366
23241,1.0,0.6016854047775269,0.739977240562439,0.9319400787353516
23242,1.0,0.588799238204956,0.812974214553833,0.9585540294647217
23243,1.0,0.5987899303436279,0.7429224848747253,0.9263245463371277
23244,1.0,0.52779221534729,0.6618751883506775,0.8117223978042603
23245,1.0,0.5471887588500977,0.6420701146125793,0.8229221105575562
23246,1.0,0.6437355279922485,0.6427956223487854,0.9145852327346802
23247,1.0,0.6303319334983826,0.6469683051109314,0.8954735398292542
23248,1.0,0.5344063639640808,0.5603457093238831,0.7738186120986938
23249,1.0,0.47510039806365967,0.5200044512748718,0.6807102560997009
23250,1.0,0.4117385745048523,0.5497660040855408,0.6087924838066101
23251,1.0,0.3708900809288025,0.5341399312019348,0.5361304879188538
23252,1.0,0.3091660141944885,0.4311712682247162,0.431068480014801
23253,1.0,0.2634512186050415,0.27129557728767395,0.4142920672893524
23254,1.0,0.22723889350891113,0.24558235704898834,0.3696281909942627
23255,1.0,0.20142221450805664,0.23681136965751648,0.2877967953681946
23256,0.0,0.2152208685874939,0.24562795460224152,0.3239019811153412
23257,1.0,0.20764869451522827,0.20516535639762878,0.24417467415332794
23258,0.0,0.18181121349334717,0.19217807054519653,0.23675386607646942
23259,1.0,0.1656537652015686,0.17834122478961945,0.18126802146434784
23260,0.0,0.07535719871520996,0.129275381565094,0.09093005955219269
23261,0.0,0.07934194803237915,0.11675386875867844,0.06291430443525314
23262,0.0,0.06952053308486938,0.11549105495214462,0.0751936063170433
23263,0.0,0.10084325075149536,0.12546856701374054,0.11746326088905334
23264,0.0,0.045278966426849365,0.09879949688911438,0.05623241141438484
23265,0.0,0.08057063817977905,0.10547757148742676,0.07492668181657791
23266,0.0,0.0905228853225708,0.16768771409988403,0.11522577702999115
23267,0.0,0.041256070137023926,0.09338589012622833,0.039951760321855545
23268,0.0,0.09994882345199585,0.12044955044984818,0.08796970546245575
23269,0.0,0.04770320653915405,0.08839986473321915,0.06564239412546158
23270,0.0,0.033121466636657715,0.08071208000183105,0.02932455949485302
23271,0.0,0.03166574239730835,0.070090651512146,0.053388435393571854
23272,0.0,0.029911518096923828,0.1148240938782692,0.05002773553133011
23795,1.0,0.5794990062713623,0.599826991558075,0.8959423899650574
23796,1.0,0.7058606147766113,0.8585743308067322,0.9714581370353699
23797,1.0,0.7062240242958069,0.8615670800209045,0.9619470238685608
23798,1.0,0.684404730796814,0.8099694848060608,0.9790951013565063
23799,1.0,0.7411326169967651,0.9071557521820068,0.9897263646125793
23800,1.0,0.7148796916007996,0.9596455693244934,0.9896789789199829
23801,1.0,0.6434311866760254,0.8953810334205627,0.9554436802864075
23802,1.0,0.6567152142524719,0.8415356278419495,0.9330227375030518
23803,1.0,0.6167953014373779,0.8964449167251587,0.964070200920105
23804,1.0,0.6582742929458618,0.9045290350914001,0.9714383482933044
23805,1.0,0.634442925453186,0.904446005821228,0.9627026915550232
23806,1.0,0.6380246877670288,0.901035487651825,0.948135495185852
23807,1.0,0.7071343660354614,0.8812156915664673,0.9661285281181335
23808,1.0,0.7379632592201233,0.9422243237495422,0.9916269779205322
23809,1.0,0.7089975476264954,0.9668011665344238,0.9950336217880249
23810,1.0,0.7330882549285889,0.9635008573532104,0.9940616488456726
23811,1.0,0.7219505310058594,0.967471718788147,0.9899270534515381
23812,1.0,0.7241458892822266,0.9749959111213684,0.9912712574005127
23813,1.0,0.7233469486236572,0.9722898602485657,0.9925548434257507
23814,1.0,0.7467558979988098,0.9680108428001404,0.99082350730896
23815,1.0,0.7270547151565552,0.9453210234642029,0.9885925054550171
23816,1.0,0.7546107769012451,0.9562563300132751,0.9874334931373596
23817,1.0,0.7055999040603638,0.9504228830337524,0.9707319140434265
23818,1.0,0.7111959457397461,0.9305310249328613,0.9785159826278687
23819,1.0,0.6854802966117859,0.9315322637557983,0.9767385721206665
23820,1.0,0.6995788216590881,0.9227231740951538,0.9782330989837646
23821,1.0,0.7454269528388977,0.9041330814361572,0.9796858429908752
23822,1.0,0.7138382792472839,0.875872790813446,0.9681910872459412
23823,1.0,0.6846943497657776,0.9144517183303833,0.9715335369110107
23824,1.0,0.6778515577316284,0.9186587333679199,0.9641910791397095
23825,1.0,0.6528611779212952,0.8106688857078552,0.9405501484870911
23826,1.0,0.6166194081306458,0.7810395359992981,0.8872291445732117
23827,1.0,0.5963202714920044,0.7887475490570068,0.9129036664962769
23828,1.0,0.5921963453292847,0.725557267665863,0.8496471643447876
23829,1.0,0.5817531943321228,0.5715704560279846,0.7451489567756653
23830,1.0,0.5244539976119995,0.4436217248439789,0.7307154536247253
23831,1.0,0.5542632341384888,0.5252810716629028,0.8102167248725891
23832,1.0,0.4794503450393677,0.41004812717437744,0.7039768695831299
23833,1.0,0.5122170448303223,0.410640686750412,0.6962311267852783
23834,1.0,0.45646995306015015,0.4000645577907562,0.6402801275253296
23835,1.0,0.5081638097763062,0.6057789325714111,0.7628901600837708
23836,1.0,0.5432258248329163,0.49912282824516296,0.7807597517967224
23837,1.0,0.43248260021209717,0.4593406021595001,0.6241739988327026
23838,1.0,0.3357136845588684,0.32556605339050293,0.47534430027008057
23839,1.0,0.5014139413833618,0.461704820394516,0.7193571925163269
23840,1.0,0.42854422330856323,0.5117289423942566,0.6400251984596252
23841,1.0,0.3251943588256836,0.37853214144706726,0.48824557662010193
23842,1.0,0.4367483854293823,0.45739251375198364,0.6456851363182068
23843,1.0,0.38295358419418335,0.4700433313846588,0.6491655111312866
23844,1.0,0.3154618740081787,0.30278483033180237,0.48753857612609863
23845,0.0,0.34331774711608887,0.29225149750709534,0.4999196529388428
23846,0.0,0.2648587226867676,0.3012847304344177,0.4057784974575043
24369,0.0,0.07478439807891846,0.07786721736192703,0.08850204199552536
24370,0.0,0.16033732891082764,0.20847903192043304,0.22783589363098145
24371,0.0,0.2741181254386902,0.33823850750923157,0.3835165202617645
24372,0.0,0.28674018383026123,0.3385471701622009,0.47788500785827637
24373,0.0,0.4810742139816284,0.4116226136684418,0.6436971426010132
24374,1.0,0.27853327989578247,0.3759349584579468,0.38173916935920715
24375,0.0,0.2769889831542969,0.30157947540283203,0.32328858971595764
24376,0.0,0.3394742012023926,0.33055317401885986,0.43523675203323364
24377,0.0,0.3564552068710327,0.40626832842826843,0.5729672908782959
24378,1.0,0.23443907499313354,0.2841498553752899,0.2935514450073242
24379,0.0,0.12775230407714844,0.1984333097934723,0.13230709731578827
24380,0.0,0.12661898136138916,0.12085993587970734,0.1342296004295349
24381,0.0,0.264923632144928,0.36912059783935547,0.34536445140838623
24382,0.0,0.12030106782913208,0.18377192318439484,0.131004199385643
24383,0.0,0.15837186574935913,0.24351318180561066,0.22209157049655914
24384,0.0,0.17085403203964233,0.26937833428382874,0.25022780895233154
24385,0.0,0.115048348903656,0.1956351101398468,0.1659894585609436
24386,0.0,0.07549172639846802,0.11415515840053558,0.09596426784992218
24387,0.0,0.178755521774292,0.2777588367462158,0.2816661298274994
24388,0.0,0.1991945505142212,0.22207120060920715,0.22375501692295074
24389,0.0,0.18617594242095947,0.20462562143802643,0.16938528418540955
24390,0.0,0.19290047883987427,0.2611244320869446,0.32777124643325806
24391,1.0,0.14075899124145508,0.15497736632823944,0.11832427233457565
24392,0.0,0.1489325761795044,0.17362789809703827,0.14644426107406616
24393,1.0,0.3935076594352722,0.35603809356689453,0.6130640506744385
24394,1.0,0.3385885953903198,0.33194786310195923,0.5016276836395264
24395,1.0,0.20225465297698975,0.20480820536613464,0.2781883180141449
24396,0.0,0.10444599390029907,0.17168715596199036,0.13854576647281647
24397,0.0,0.10356837511062622,0.15067075192928314,0.11156570166349411
24398,0.0,0.07074087858200073,0.15619410574436188,0.0800398737192154
24399,0.0,0.05760270357131958,0.10063081234693527,0.05385084077715874
24400,0.0,0.05066525936126709,0.1538439691066742,0.05004429072141647
24401,0.0,0.08094257116317749,0.1492411494255066,0.10011787712574005
24402,0.0,0.07689332962036133,0.13073715567588806,0.08659777790307999
24403,0.0,0.04664933681488037,0.11126141995191574,0.04919099435210228
24404,0.0,0.07598775625228882,0.1278741955757141,0.10564685612916946
24405,0.0,0.060388803482055664,0.1456865519285202,0.070693738758564
24406,0.0,0.034647226333618164,0.05493946745991707,0.033238235861063004
24407,0.0,0.05674082040786743,0.09750884771347046,0.07814216613769531
24408,0.0,0.039633989334106445,0.05939261615276337,0.036416567862033844
24409,0.0,0.07293027639389038,0.09254518151283264,0.07914760708808899
24410,0.0,0.04323357343673706,0.05147526040673256,0.041634347289800644
24411,0.0,0.08645236492156982,0.10682694613933563,0.10350444167852402
24412,0.0,0.09921938180923462,0.0940229669213295,0.13628531992435455
24413,0.0,0.10792630910873413,0.14173710346221924,0.1330137997865677
24414,0.0,0.14450573921203613,0.1415870636701584,0.16502590477466583
24415,0.0,0.06763613224029541,0.09104001522064209,0.10621181130409241
24416,0.0,0.05689835548400879,0.08246671408414841,0.07135576009750366
24417,0.0,0.05535435676574707,0.06640861183404922,0.06400467455387115
24418,0.0,0.17214441299438477,0.21987101435661316,0.19748422503471375
24419,0.0,0.2746700048446655,0.25720587372779846,0.3426245450973511
24420,0.0,0.1309005618095398,0.08728443831205368,0.1710718721151352
24943,0.0,0.2080364227294922,0.22970861196517944,0.11542331427335739
24944,0.0,0.20853722095489502,0.24651020765304565,0.12318941950798035
24945,0.0,0.19879990816116333,0.25613927841186523,0.11580906063318253
24946,0.0,0.25367528200149536,0.41161397099494934,0.35307812690734863
24947,0.0,0.3425480127334595,0.6326937079429626,0.3219103217124939
24948,0.0,0.34280818700790405,0.5408061742782593,0.2617683708667755
24949,0.0,0.3211798667907715,0.47155842185020447,0.26842615008354187
24950,0.0,0.20522290468215942,0.33733561635017395,0.12330400198698044
24951,0.0,0.26517796516418457,0.31452998518943787,0.10302938520908356
24952,0.0,0.3079788088798523,0.4443694055080414,0.2119847983121872
24953,0.0,0.26342278718948364,0.3707943856716156,0.12121459096670151
24954,0.0,0.24620920419692993,0.3518344759941101,0.08575864881277084
24955,0.0,0.2097194790840149,0.37867218255996704,0.08513101190328598
24956,0.0,0.21328753232955933,0.3301321864128113,0.10263392329216003
24957,0.0,0.16615170240402222,0.26153188943862915,0.06006511300802231
24958,0.0,0.19475364685058594,0.3299584984779358,0.10715681314468384
24959,0.0,0.22554832696914673,0.3202102780342102,0.16018596291542053
24960,0.0,0.17712628841400146,0.3010543882846832,0.10174877941608429
24961,0.0,0.1548590064048767,0.17820993065834045,0.05134991928935051
24962,0.0,0.1588437557220459,0.20266492664813995,0.05659450218081474
24963,0.0,0.16695576906204224,0.20445309579372406,0.06830516457557678
24964,0.0,0.2191677689552307,0.3049403429031372,0.07978159189224243
24965,0.0,0.2758512496948242,0.5075609087944031,0.24698428809642792
24966,0.0,0.2877768278121948,0.47949349880218506,0.16782893240451813
24967,0.0,0.32824862003326416,0.5707902312278748,0.33612900972366333
24968,0.0,0.29097670316696167,0.5032829642295837,0.2287474423646927
24969,0.0,0.3094945549964905,0.5656935572624207,0.32321542501449585
24970,0.0,0.25928324460983276,0.49431443214416504,0.15929405391216278
24971,0.0,0.2825939655303955,0.6170945167541504,0.19211962819099426
24972,0.0,0.27684497833251953,0.5909200310707092,0.1858386993408203
24973,0.0,0.24366724491119385,0.4995475113391876,0.14709466695785522
24974,0.0,0.1140892505645752,0.2470564842224121,0.0425092838704586
24975,0.0,0.11475419998168945,0.1599581241607666,0.04486602544784546
24976,0.0,0.09894895553588867,0.09622805565595627,0.03729095682501793
24977,0.0,0.06917840242385864,0.08191540092229843,0.022049300372600555
24978,0.0,0.09597128629684448,0.06370265781879425,0.04503786191344261
24979,0.0,0.0711362361907959,0.0837782546877861,0.024202244356274605
24980,0.0,0.061636149883270264,0.05867530778050423,0.018903765827417374
24981,0.0,0.11384928226470947,0.14639869332313538,0.08321952819824219
24982,0.0,0.09675276279449463,0.17518815398216248,0.03408626839518547
24983,0.0,0.0817071795463562,0.09906968474388123,0.027439553290605545
24984,0.0,0.0753372311592102,0.06144348904490471,0.020167186856269836
24985,0.0,0.06650716066360474,0.08098602294921875,0.017584243789315224
24986,0.0,0.1021619439125061,0.09302704781293869,0.04149308055639267
24987,0.0,0.104647696018219,0.15007434785366058,0.055817652493715286
24988,0.0,0.08706879615783691,0.1066456139087677,0.048766013234853745
24989,0.0,0.0731469988822937,0.08960239589214325,0.029574722051620483
24990,0.0,0.05830508470535278,0.056575775146484375,0.02123245783150196
24991,0.0,0.06235867738723755,0.05935530364513397,0.023941274732351303
24992,0.0,0.054359495639801025,0.05241858586668968,0.022696340456604958
24993,0.0,0.056156933307647705,0.05622369050979614,0.018977278843522072
24994,0.0,0.048325538635253906,0.08397585898637772,0.021898441016674042
25517,0.0,0.3411083221435547,0.30895760655403137,0.46579498052597046
25518,1.0,0.33656030893325806,0.34027522802352905,0.5397737622261047
25519,1.0,0.30170613527297974,0.3518593907356262,0.3705992102622986
25520,1.0,0.3148784637451172,0.27814561128616333,0.3652825951576233
25521,1.0,0.383280873298645,0.27826088666915894,0.5676774978637695
25522,1.0,0.5852928161621094,0.5316527485847473,0.8462609052658081
25523,1.0,0.6430768966674805,0.7593970894813538,0.8791952729225159
25524,1.0,0.6544033288955688,0.7360386252403259,0.8974159359931946
25525,1.0,0.6110009551048279,0.7516515851020813,0.9308658242225647
25526,1.0,0.5660689473152161,0.7145741581916809,0.8790796399116516
25527,1.0,0.45112425088882446,0.5456472635269165,0.5936727523803711
25528,1.0,0.3235829472541809,0.36639276146888733,0.4032493829727173
25529,1.0,0.29847824573516846,0.36239147186279297,0.2935406565666199
25530,1.0,0.3555186986923218,0.3293822109699249,0.40832582116127014
25531,1.0,0.21104377508163452,0.29921916127204895,0.27232059836387634
25532,1.0,0.18972235918045044,0.3103538453578949,0.29194748401641846
25533,1.0,0.18828558921813965,0.37732940912246704,0.19385524094104767
25534,1.0,0.2689276933670044,0.3086352050304413,0.34270796179771423
25535,1.0,0.09629595279693604,0.2361261248588562,0.09445016831159592
25536,0.0,0.12093245983123779,0.22908620536327362,0.1689034104347229
25537,1.0,0.13272905349731445,0.25227090716362,0.14342544972896576
25538,0.0,0.060070812702178955,0.1844380497932434,0.0906272754073143
25539,0.0,0.08365565538406372,0.16344048082828522,0.09354255348443985
25540,1.0,0.09054601192474365,0.13474585115909576,0.10219291597604752
25541,0.0,0.05318713188171387,0.06636156886816025,0.05955350771546364
25542,0.0,0.05472034215927124,0.057801730930805206,0.07397696375846863
25543,0.0,0.07696676254272461,0.12915700674057007,0.09578128904104233
25544,1.0,0.07915735244750977,0.13856543600559235,0.11179184913635254
25545,1.0,0.08763080835342407,0.12309898436069489,0.10568026453256607
25546,1.0,0.08654069900512695,0.08716702461242676,0.07665765285491943
25547,1.0,0.07819569110870361,0.09818579256534576,0.07341453433036804
25548,1.0,0.04930150508880615,0.0941004678606987,0.02105007879436016
25549,0.0,0.0952712893486023,0.13205018639564514,0.12080677598714828
25550,1.0,0.08613312244415283,0.1267714947462082,0.11163631081581116
25551,1.0,0.05722153186798096,0.11489713937044144,0.035246919840574265
25552,0.0,0.052272140979766846,0.09207119792699814,0.052166879177093506
25553,0.0,0.04065150022506714,0.11606981605291367,0.042515866458415985
25554,0.0,0.028501689434051514,0.04735586792230606,0.025776589289307594
25555,0.0,0.01831573247909546,0.03629675135016441,0.017624827101826668
25556,0.0,0.06897139549255371,0.10986247658729553,0.09500441700220108
25557,1.0,0.07536345720291138,0.11040282994508743,0.09577465802431107
25558,1.0,0.10226982831954956,0.13200391829013824,0.11322402954101562
25559,1.0,0.26167792081832886,0.31228742003440857,0.45336422324180603
25560,1.0,0.4599558711051941,0.5431180596351624,0.7264567017555237
25561,1.0,0.2155759334564209,0.32844308018684387,0.38677552342414856
25562,0.0,0.18690508604049683,0.2485981434583664,0.36452364921569824
25563,1.0,0.20353424549102783,0.2796311378479004,0.2864570915699005
25564,1.0,0.13458353281021118,0.13125236332416534,0.14991922676563263
25565,1.0,0.12596255540847778,0.14626282453536987,0.11642159521579742
25566,1.0,0.11374342441558838,0.11305014044046402,0.12600460648536682
25567,1.0,0.1035834550857544,0.13687461614608765,0.1873602271080017
25568,0.0,0.1802372932434082,0.1447763592004776,0.2205255776643753
26091,0.0,0.06483006477355957,0.06151620298624039,0.05010760575532913
26092,0.0,0.05748903751373291,0.07432354241609573,0.036837805062532425
26093,0.0,0.0431254506111145,0.04384629428386688,0.030518194660544395
26094,0.0,0.046042799949645996,0.03127496317028999,0.035302139818668365
26095,0.0,0.045782268047332764,0.03319108486175537,0.02982574887573719
26096,0.0,0.05100506544113159,0.051068440079689026,0.03951922431588173
26097,0.0,0.04810816049575806,0.038081757724285126,0.03475698083639145
26098,0.0,0.19204121828079224,0.1935788244009018,0.16073301434516907
26099,0.0,0.1079561710357666,0.13329564034938812,0.06434689462184906
26100,0.0,0.1880354881286621,0.21668297052383423,0.1449727714061737
26101,0.0,0.14718860387802124,0.16692666709423065,0.10250277072191238
26102,0.0,0.2856956720352173,0.28437045216560364,0.26094505190849304
26103,0.0,0.49450987577438354,0.4332684278488159,0.5701873898506165
26104,1.0,0.34196245670318604,0.2794524133205414,0.3893297612667084
26105,0.0,0.309978187084198,0.27356383204460144,0.307461142539978
26106,1.0,0.3746764063835144,0.3097822070121765,0.4911292791366577
26107,1.0,0.3450091481208801,0.34262946248054504,0.43798813223838806
26108,0.0,0.49707841873168945,0.3658848702907562,0.46364519000053406
26109,1.0,0.5077420473098755,0.37802237272262573,0.6608120203018188
26110,1.0,0.33470749855041504,0.34979888796806335,0.46234896779060364
26111,1.0,0.29266291856765747,0.2854273021221161,0.36031976342201233
26112,1.0,0.28114551305770874,0.34008681774139404,0.3854983448982239
26113,1.0,0.22416061162948608,0.196910098195076,0.27507483959198
26114,1.0,0.1675778031349182,0.19897082448005676,0.18643644452095032
26115,0.0,0.136102557182312,0.18860413134098053,0.12596949934959412
26116,0.0,0.10127836465835571,0.12807340919971466,0.11420771479606628
26117,0.0,0.13523739576339722,0.16394872963428497,0.10001692175865173
26118,0.0,0.10088801383972168,0.11115913093090057,0.08709239214658737
26119,0.0,0.10981160402297974,0.11338699609041214,0.09101298451423645
26120,0.0,0.0719946026802063,0.09374392032623291,0.061044931411743164
26121,0.0,0.05510646104812622,0.07600381225347519,0.04231293126940727
26122,0.0,0.07684117555618286,0.12688089907169342,0.06159258261322975
26123,0.0,0.0832819938659668,0.1327977180480957,0.07829230278730392
26124,0.0,0.050047993659973145,0.10776869207620621,0.053408753126859665
26125,0.0,0.04221677780151367,0.08806819468736649,0.032392051070928574
26126,0.0,0.03808063268661499,0.055873870849609375,0.03556500002741814
26127,0.0,0.0624467134475708,0.10192564874887466,0.07173893600702286
26128,0.0,0.031643569469451904,0.06368986517190933,0.0303998664021492
26129,0.0,0.06881237030029297,0.08864021301269531,0.05480573698878288
26130,0.0,0.03538227081298828,0.06999596953392029,0.03547952324151993
26131,0.0,0.0716436505317688,0.09819739311933517,0.06339564174413681
26132,0.0,0.033495187759399414,0.05745084211230278,0.02896357886493206
26133,0.0,0.03359329700469971,0.08270672708749771,0.033002737909555435
26134,0.0,0.030636906623840332,0.042468175292015076,0.022363698109984398
26135,0.0,0.03302699327468872,0.032577984035015106,0.029732972383499146
26136,0.0,0.07185781002044678,0.10390403866767883,0.0629458948969841
26137,0.0,0.032953858375549316,0.03857511654496193,0.021121514961123466
26138,0.0,0.033782362937927246,0.06036403775215149,0.033922456204891205
26139,0.0,0.03456079959869385,0.03885788097977638,0.033919841051101685
26140,0.0,0.036331355571746826,0.03834737837314606,0.026499982923269272
26141,0.0,0.05146664381027222,0.03964322432875633,0.047906294465065
26142,0.0,0.049382030963897705,0.043616823852062225,0.03747447207570076
26665,0.0,0.23679524660110474,0.32905781269073486,0.35216084122657776
26666,0.0,0.2289239764213562,0.35729244351387024,0.2799889147281647
26667,1.0,0.17816144227981567,0.2787605822086334,0.2291380912065506
26668,0.0,0.1403774619102478,0.2843800485134125,0.16473177075386047
26669,0.0,0.0762818455696106,0.17809097468852997,0.09168128669261932
26670,0.0,0.19220787286758423,0.34535452723503113,0.2063235640525818
26671,0.0,0.23631936311721802,0.3629947304725647,0.35890981554985046
26672,1.0,0.23527276515960693,0.3526518642902374,0.325692743062973
26673,0.0,0.2563827633857727,0.4124148488044739,0.36106938123703003
26674,1.0,0.19946759939193726,0.365987628698349,0.2724514901638031
26675,0.0,0.18283718824386597,0.32313328981399536,0.21563613414764404
26676,0.0,0.10396939516067505,0.1886850744485855,0.1042276993393898
26677,0.0,0.19495528936386108,0.34775421023368835,0.22555327415466309
26678,0.0,0.13705039024353027,0.197706401348114,0.1359625607728958
26679,0.0,0.07266354560852051,0.14829687774181366,0.08842720091342926
26680,0.0,0.06255066394805908,0.11436678469181061,0.08387620747089386
26681,0.0,0.14176344871520996,0.2815215587615967,0.14482757449150085
26682,0.0,0.09703785181045532,0.2917318642139435,0.09090616554021835
26683,0.0,0.053294360637664795,0.13599105179309845,0.06000406667590141
26684,0.0,0.08785152435302734,0.24264511466026306,0.11273401230573654
26685,0.0,0.078940749168396,0.12672637403011322,0.05635330080986023
26686,0.0,0.042632877826690674,0.16333678364753723,0.047485675662755966
26687,0.0,0.03258240222930908,0.07792152464389801,0.017911354079842567
26688,0.0,0.05831068754196167,0.1399887055158615,0.032745759934186935
26689,0.0,0.05408889055252075,0.10733118653297424,0.028717856854200363
26690,0.0,0.030520379543304443,0.08737900108098984,0.017739439383149147
26691,0.0,0.041310787200927734,0.11807999014854431,0.026895757764577866
26692,0.0,0.04868924617767334,0.12269783020019531,0.03365024924278259
26693,0.0,0.05797964334487915,0.13364391028881073,0.03044792078435421
26694,0.0,0.06008845567703247,0.12498855590820312,0.030844058841466904
26695,0.0,0.0765841007232666,0.11289295554161072,0.03451092168688774
26696,0.0,0.05851173400878906,0.1119130477309227,0.02038276381790638
26697,0.0,0.0674014687538147,0.11875418573617935,0.026399994269013405
26698,0.0,0.03346359729766846,0.09735693782567978,0.016800906509160995
26699,0.0,0.05570715665817261,0.12752850353717804,0.0268991831690073
26700,0.0,0.03029465675354004,0.13123011589050293,0.01894562505185604
26701,0.0,0.02273339033126831,0.07913155853748322,0.02389848418533802
26702,0.0,0.015407383441925049,0.05511631816625595,0.014089595526456833
26703,0.0,0.016482174396514893,0.07187823951244354,0.01662004366517067
26704,0.0,0.010731756687164307,0.0541665256023407,0.0091831274330616
26705,0.0,0.011110246181488037,0.053174711763858795,0.01004649605602026
26706,0.0,0.012493431568145752,0.025721540674567223,0.015683570876717567
26707,0.0,0.016314804553985596,0.04830118641257286,0.028741180896759033
26708,0.0,0.017995893955230713,0.0417824313044548,0.024826854467391968
26709,0.0,0.015231907367706299,0.020908208563923836,0.011294535361230373
26710,0.0,0.01611429452896118,0.023309139534831047,0.014238359406590462
26711,0.0,0.0500522255897522,0.15635888278484344,0.05556535720825195
26712,0.0,0.032883286476135254,0.054286856204271317,0.032252028584480286
26713,0.0,0.021232783794403076,0.04328281804919243,0.019507596269249916
26714,0.0,0.038366496562957764,0.04704603925347328,0.04413953423500061
26715,0.0,0.09587651491165161,0.1689436137676239,0.12871290743350983
26716,0.0,0.09423017501831055,0.11402036249637604,0.10852572321891785
27239,0.0,0.17898613214492798,0.2530936598777771,0.1485992819070816
27240,0.0,0.20718097686767578,0.16630244255065918,0.1631648987531662
27241,0.0,0.20111888647079468,0.19059428572654724,0.14516085386276245
27242,0.0,0.34415096044540405,0.2869337499141693,0.3385777175426483
27243,0.0,0.32388782501220703,0.27285197377204895,0.3391087055206299
27244,0.0,0.3436529040336609,0.2569246292114258,0.3243510127067566
27245,0.0,0.3153403401374817,0.20858429372310638,0.27598652243614197
27246,0.0,0.3288601040840149,0.21893328428268433,0.2714811861515045
27247,0.0,0.3036508560180664,0.2626704275608063,0.30438295006752014
27248,0.0,0.31341373920440674,0.37213215231895447,0.30193030834198
27249,0.0,0.286310613155365,0.3165549039840698,0.25559407472610474
27250,0.0,0.24134933948516846,0.1984574794769287,0.1693430095911026
27251,0.0,0.33675187826156616,0.4288767874240875,0.37617719173431396
27252,0.0,0.46118634939193726,0.4480302035808563,0.5544536709785461
27253,0.0,0.5344867706298828,0.7280504107475281,0.8842455744743347
27254,1.0,0.6659061908721924,0.9320956468582153,0.9558734893798828
27255,1.0,0.6330450177192688,0.9096089601516724,0.963149905204773
27256,1.0,0.6150766611099243,0.8922796845436096,0.945187509059906
27257,1.0,0.5913666486740112,0.8067543506622314,0.8301481604576111
27258,1.0,0.5918498635292053,0.7730461359024048,0.8188270330429077
27259,1.0,0.5888622999191284,0.7578082084655762,0.8350860476493835
27260,1.0,0.5192693471908569,0.7060337662696838,0.6758463978767395
27261,1.0,0.5200281739234924,0.6917434930801392,0.7077847719192505
27262,1.0,0.5199205279350281,0.6381562352180481,0.7259588241577148
27263,1.0,0.4416590929031372,0.5207895040512085,0.6426915526390076
27264,1.0,0.3848477602005005,0.48635345697402954,0.5129159688949585
27265,1.0,0.38164806365966797,0.4455069899559021,0.4663901627063751
27266,1.0,0.3616097569465637,0.4468577206134796,0.4144855737686157
27267,1.0,0.3058202862739563,0.3644602596759796,0.3196256160736084
27268,1.0,0.3403032422065735,0.3360562026500702,0.3284597396850586
27269,0.0,0.210643470287323,0.23554478585720062,0.20382322371006012
27270,0.0,0.16861897706985474,0.15914864838123322,0.15714247524738312
27271,0.0,0.1919233798980713,0.2575695812702179,0.16897687315940857
27272,0.0,0.1674431562423706,0.20725931227207184,0.12128687649965286
27273,0.0,0.1322440505027771,0.16935263574123383,0.08042474091053009
27274,0.0,0.1653451919555664,0.1903366893529892,0.1604948788881302
27275,0.0,0.14997059106826782,0.19220075011253357,0.15440824627876282
27276,0.0,0.17110216617584229,0.237976536154747,0.23199564218521118
27277,0.0,0.1590939164161682,0.18550466001033783,0.10471615940332413
27278,0.0,0.12781977653503418,0.22107765078544617,0.10285279154777527
27279,0.0,0.09914892911911011,0.09826946258544922,0.07317300885915756
27280,0.0,0.15314269065856934,0.1495683789253235,0.12262409180402756
27281,0.0,0.1264612078666687,0.13794411718845367,0.09373506158590317
27282,0.0,0.1373060941696167,0.14246836304664612,0.11407236754894257
27283,0.0,0.23538005352020264,0.28066661953926086,0.3712542951107025
27284,0.0,0.18762332201004028,0.18441177904605865,0.14876103401184082
27285,0.0,0.14922374486923218,0.1455485224723816,0.0921495333313942
27286,0.0,0.18468278646469116,0.16665244102478027,0.18509432673454285
27287,0.0,0.17576444149017334,0.1837410181760788,0.1219281330704689
27288,0.0,0.14825481176376343,0.1343819946050644,0.13847245275974274
27289,0.0,0.18476897478103638,0.16211500763893127,0.13494691252708435
27290,0.0,0.15058761835098267,0.13705302774906158,0.11195702105760574
27813,1.0,0.03920888900756836,0.027180546894669533,0.03375457972288132
27814,1.0,0.035264015197753906,0.019763434305787086,0.02692771703004837
27815,1.0,0.03100961446762085,0.01954948715865612,0.019849026575684547
27816,1.0,0.038745105266571045,0.02978275902569294,0.03119686059653759
27817,1.0,0.03590017557144165,0.026786232367157936,0.029955316334962845
27818,1.0,0.04074949026107788,0.03997867554426193,0.03631986305117607
27819,1.0,0.03569376468658447,0.027576159685850143,0.02901969663798809
27820,1.0,0.03887057304382324,0.037506770342588425,0.03535207733511925
27821,1.0,0.03336864709854126,0.03441375866532326,0.027347277849912643
27822,1.0,0.03269994258880615,0.03658647462725639,0.029420848935842514
27823,1.0,0.03840434551239014,0.02789386175572872,0.03323257714509964
27824,1.0,0.04287385940551758,0.04582425206899643,0.03917109593749046
27825,1.0,0.042199552059173584,0.04350867494940758,0.03708689287304878
27826,1.0,0.040847837924957275,0.0440092533826828,0.042388517409563065
27827,1.0,0.15456146001815796,0.2128729671239853,0.14000588655471802
27828,1.0,0.2274283766746521,0.22695393860340118,0.23296061158180237
27829,1.0,0.08678340911865234,0.12703698873519897,0.1249246746301651
27830,1.0,0.06388324499130249,0.0878782644867897,0.07066205888986588
27831,1.0,0.07498222589492798,0.09229931235313416,0.0745949000120163
27832,1.0,0.06215471029281616,0.07295127958059311,0.06606931239366531
27833,1.0,0.16390442848205566,0.16683241724967957,0.1400878131389618
27834,1.0,0.07798761129379272,0.1112915575504303,0.07101040333509445
27835,1.0,0.05518752336502075,0.08157400786876678,0.04729807376861572
27836,1.0,0.061105549335479736,0.06478899717330933,0.05632038787007332
27837,1.0,0.1574786901473999,0.18451304733753204,0.14206562936306
27838,1.0,0.09682458639144897,0.1143144741654396,0.09643852710723877
27839,1.0,0.07041573524475098,0.1167762279510498,0.06256870925426483
27840,1.0,0.05931943655014038,0.0803755670785904,0.05792180821299553
27841,1.0,0.055938661098480225,0.09543638676404953,0.05703387036919594
27842,1.0,0.0919870138168335,0.11712565273046494,0.09941257536411285
27843,1.0,0.10601657629013062,0.12835635244846344,0.13772660493850708
27844,1.0,0.16999971866607666,0.12988018989562988,0.1781110167503357
27845,1.0,0.15137100219726562,0.18438926339149475,0.17516784369945526
27846,1.0,0.1756313443183899,0.16512702405452728,0.14708825945854187
27847,1.0,0.20042765140533447,0.17200469970703125,0.22954756021499634
27848,1.0,0.1829432249069214,0.17018231749534607,0.20098565518856049
27849,1.0,0.11633771657943726,0.1290256828069687,0.10568223148584366
27850,1.0,0.25785696506500244,0.2615728974342346,0.29691973328590393
27851,1.0,0.2087717056274414,0.22469019889831543,0.24634428322315216
27852,1.0,0.16925537586212158,0.17615482211112976,0.20173558592796326
27853,1.0,0.1716325879096985,0.1856745183467865,0.20305652916431427
27854,1.0,0.21726137399673462,0.2064187079668045,0.3027527630329132
27855,1.0,0.17076057195663452,0.16147027909755707,0.2397012561559677
27856,1.0,0.17598694562911987,0.17009297013282776,0.2042330503463745
27857,1.0,0.1199876070022583,0.13408297300338745,0.12158099561929703
27858,1.0,0.10167980194091797,0.12410826236009598,0.10608507692813873
27859,1.0,0.06426572799682617,0.09448037296533585,0.06492064893245697
27860,1.0,0.0613287091255188,0.1017303392291069,0.07114508748054504
27861,1.0,0.041220009326934814,0.06917721778154373,0.045565661042928696
27862,1.0,0.03803139925003052,0.05265647917985916,0.037787098437547684
27863,1.0,0.054331421852111816,0.0589897520840168,0.06357430666685104
27864,1.0,0.05269789695739746,0.05659019574522972,0.060890622437000275
28387,1.0,0.20704728364944458,0.25766420364379883,0.27128100395202637
28388,1.0,0.1531638503074646,0.14319568872451782,0.18412508070468903
28389,1.0,0.10273462533950806,0.19715718924999237,0.1452767550945282
28390,1.0,0.10610151290893555,0.07422076165676117,0.12735556066036224
28391,1.0,0.096305251121521,0.06390932202339172,0.11676954478025436
28392,1.0,0.0707550048828125,0.04547950625419617,0.0891932025551796
28393,1.0,0.06104999780654907,0.030099747702479362,0.07043002545833588
28394,1.0,0.06001091003417969,0.032688938081264496,0.06991451978683472
28395,1.0,0.04585152864456177,0.022167446091771126,0.05477895960211754
28396,1.0,0.0635610818862915,0.049184441566467285,0.09139317274093628
28397,1.0,0.06624794006347656,0.052916258573532104,0.10699282586574554
28398,1.0,0.22243046760559082,0.22837243974208832,0.2828432321548462
28399,1.0,0.2884519696235657,0.26930156350135803,0.3727456331253052
28400,1.0,0.27859997749328613,0.3234435021877289,0.38302746415138245
28401,1.0,0.39578938484191895,0.24853551387786865,0.5259902477264404
28402,1.0,0.6855044364929199,0.5380354523658752,0.8745713233947754
28403,1.0,0.7465020418167114,0.6260034441947937,0.9289602637290955
28404,1.0,0.6997007131576538,0.754494845867157,0.9184170961380005
28405,1.0,0.7363574504852295,0.8483482599258423,0.9442052245140076
28406,1.0,0.5775490999221802,0.7102000713348389,0.8255817294120789
28407,1.0,0.43635082244873047,0.540682315826416,0.7018846273422241
28408,1.0,0.5227466821670532,0.6009950041770935,0.7556615471839905
28409,1.0,0.48501986265182495,0.4722001254558563,0.6857540011405945
28410,1.0,0.461994469165802,0.4130876362323761,0.6413859128952026
28411,1.0,0.4591648578643799,0.466187447309494,0.6014243364334106
28412,1.0,0.3783506751060486,0.3587211072444916,0.5418739914894104
28413,1.0,0.43981021642684937,0.38138338923454285,0.5519869327545166
28414,1.0,0.36620402336120605,0.3111300766468048,0.475294291973114
28415,1.0,0.28322625160217285,0.23005899786949158,0.3197968602180481
28416,1.0,0.2494426965713501,0.2039441168308258,0.29048487544059753
28417,1.0,0.14321595430374146,0.18066169321537018,0.16866625845432281
28418,1.0,0.09681081771850586,0.13571998476982117,0.10498134046792984
28419,1.0,0.16550743579864502,0.2019454389810562,0.18703021109104156
28420,1.0,0.20669537782669067,0.21094872057437897,0.27667707204818726
28421,1.0,0.20541423559188843,0.1991044580936432,0.29420235753059387
28422,1.0,0.11179333925247192,0.14077888429164886,0.15422728657722473
28423,1.0,0.10336726903915405,0.1464003473520279,0.1176433339715004
28424,1.0,0.1386427879333496,0.1880006492137909,0.1628069132566452
28425,1.0,0.16202670335769653,0.17511369287967682,0.2635938227176666
28426,1.0,0.20181041955947876,0.20265428721904755,0.24140664935112
28427,1.0,0.08809006214141846,0.1047668606042862,0.1129605695605278
28428,1.0,0.07923752069473267,0.1047295331954956,0.10158157348632812
28429,1.0,0.07468551397323608,0.13630348443984985,0.09572804719209671
28430,1.0,0.1461780071258545,0.14482788741588593,0.18655073642730713
28431,1.0,0.13881796598434448,0.19466044008731842,0.21939270198345184
28432,1.0,0.16582101583480835,0.15151196718215942,0.18798886239528656
28433,1.0,0.23314446210861206,0.18052425980567932,0.37220391631126404
28434,1.0,0.14891791343688965,0.11901909112930298,0.2544628083705902
28435,1.0,0.0941041111946106,0.0984753742814064,0.12186486274003983
28436,1.0,0.08675312995910645,0.1061829999089241,0.11829469352960587
28437,1.0,0.28053510189056396,0.2179359644651413,0.37160059809684753
28438,1.0,0.18977081775665283,0.19761480391025543,0.24062593281269073
28961,1.0,0.11429882049560547,0.17345918715000153,0.15119174122810364
28962,0.0,0.17145109176635742,0.18525362014770508,0.20945405960083008
28963,1.0,0.14286494255065918,0.16338616609573364,0.18362325429916382
28964,0.0,0.07201504707336426,0.12558020651340485,0.07905304431915283
28965,0.0,0.16173964738845825,0.1987733393907547,0.20285457372665405
28966,1.0,0.21479058265686035,0.31031373143196106,0.27735182642936707
28967,1.0,0.09293609857559204,0.13566960394382477,0.12332552671432495
28968,0.0,0.14886748790740967,0.16007544100284576,0.1988580822944641
28969,1.0,0.10686975717544556,0.1547073870897293,0.11800967156887054
28970,0.0,0.07811880111694336,0.14686062932014465,0.10261060297489166
28971,0.0,0.06718116998672485,0.07345253974199295,0.08127681165933609
28972,0.0,0.07235676050186157,0.060450706630945206,0.06870834529399872
28973,0.0,0.15453886985778809,0.22836430370807648,0.1686074137687683
28974,1.0,0.08935731649398804,0.14358949661254883,0.08960405737161636
28975,0.0,0.06241905689239502,0.06571625918149948,0.075363390147686
28976,0.0,0.06684988737106323,0.07036223262548447,0.08812274038791656
28977,0.0,0.06656461954116821,0.08808450400829315,0.10840704292058945
28978,0.0,0.038260817527770996,0.04942532256245613,0.05600538104772568
28979,0.0,0.03666156530380249,0.05598343536257744,0.051962755620479584
28980,0.0,0.03392690420150757,0.0354212187230587,0.04787643998861313
28981,0.0,0.03490358591079712,0.04579621180891991,0.040827952325344086
28982,0.0,0.03569453954696655,0.06766875088214874,0.04032333567738533
28983,0.0,0.02982807159423828,0.037544894963502884,0.031706735491752625
28984,0.0,0.030650794506072998,0.03870188444852829,0.03263034299015999
28985,0.0,0.02918010950088501,0.03213879093527794,0.0295574851334095
28986,0.0,0.029330909252166748,0.03743909299373627,0.031247779726982117
28987,0.0,0.02596825361251831,0.037491604685783386,0.026814637705683708
28988,0.0,0.023503482341766357,0.029886474832892418,0.022684967145323753
28989,0.0,0.023299455642700195,0.038133654743433,0.025860710069537163
28990,0.0,0.06481814384460449,0.1152237057685852,0.045044269412755966
28991,1.0,0.046403706073760986,0.06752656400203705,0.049121614545583725
28992,0.0,0.03217107057571411,0.0635945275425911,0.027768749743700027
28993,0.0,0.028148412704467773,0.03446020931005478,0.02703983150422573
28994,0.0,0.0329325795173645,0.053762976080179214,0.028776656836271286
28995,0.0,0.018021702766418457,0.02854151464998722,0.022063499316573143
28996,0.0,0.017575204372406006,0.03118719719350338,0.022362664341926575
28997,0.0,0.014950215816497803,0.03776613995432854,0.020854702219367027
28998,0.0,0.016264617443084717,0.03570248931646347,0.022698814049363136
28999,0.0,0.016086578369140625,0.04267183318734169,0.023531103506684303
29000,0.0,0.0164872407913208,0.022201498970389366,0.014464400708675385
29001,0.0,0.01601773500442505,0.03906848654150963,0.02096417173743248
29002,0.0,0.01708829402923584,0.027482472360134125,0.022531040012836456
29003,0.0,0.05308818817138672,0.11632157862186432,0.06022472307085991
29004,1.0,0.03782832622528076,0.04554539546370506,0.044147271662950516
29005,0.0,0.059715092182159424,0.08800769597291946,0.05828345566987991
29006,1.0,0.09919333457946777,0.1347108781337738,0.103997141122818
29007,1.0,0.2518236041069031,0.22803187370300293,0.4780501127243042
29008,1.0,0.41143590211868286,0.382790744304657,0.7147687077522278
29009,1.0,0.5493595600128174,0.5728851556777954,0.7883756160736084
29010,1.0,0.3264811038970947,0.3792850375175476,0.5008793473243713
29011,1.0,0.633643388748169,0.46875858306884766,0.9227353930473328
29012,1.0,0.42854928970336914,0.45634105801582336,0.6455345749855042
29535,0.0,0.02557551860809326,0.032501500099897385,0.03047304041683674
29536,0.0,0.02478879690170288,0.04794265702366829,0.03173353523015976
29537,0.0,0.01782768964767456,0.021645015105605125,0.020378097891807556
29538,0.0,0.0190279483795166,0.023935146629810333,0.021004188805818558
29539,0.0,0.08010584115982056,0.10537666082382202,0.09214470535516739
29540,0.0,0.10208767652511597,0.18816612660884857,0.15089285373687744
29541,0.0,0.0527607798576355,0.08716660737991333,0.08274372667074203
29542,0.0,0.04132485389709473,0.08694630861282349,0.048742759972810745
29543,0.0,0.0373765230178833,0.0663372352719307,0.058195799589157104
29544,0.0,0.10954934358596802,0.11058148741722107,0.11130715906620026
29545,0.0,0.03765738010406494,0.07871996611356735,0.05016585439443588
29546,0.0,0.09230732917785645,0.12224164605140686,0.08372348546981812
29547,0.0,0.043903231620788574,0.04967482015490532,0.05649516358971596
29548,0.0,0.1277826428413391,0.1738150715827942,0.1646755039691925
29549,0.0,0.06352424621582031,0.11402258276939392,0.08853301405906677
29550,0.0,0.13029378652572632,0.12749771773815155,0.15935111045837402
29551,0.0,0.12608671188354492,0.1641322523355484,0.1904238611459732
29552,0.0,0.11336410045623779,0.1271543800830841,0.1273433268070221
29553,0.0,0.13619935512542725,0.12803222239017487,0.1752588301897049
29554,0.0,0.13236182928085327,0.15224401652812958,0.1913711577653885
29555,0.0,0.13942527770996094,0.12475395202636719,0.16029033064842224
29556,0.0,0.16165930032730103,0.1565408557653427,0.16029755771160126
29557,1.0,0.11481624841690063,0.14018291234970093,0.14126086235046387
29558,0.0,0.07449394464492798,0.10697568207979202,0.07168950885534286
29559,0.0,0.14405673742294312,0.11719854921102524,0.14995218813419342
29560,1.0,0.24657243490219116,0.27475544810295105,0.31793075799942017
29561,1.0,0.1338796615600586,0.1390906721353531,0.16702479124069214
29562,1.0,0.15611052513122559,0.1334460824728012,0.14544294774532318
29563,1.0,0.14551568031311035,0.14604434370994568,0.20133210718631744
29564,1.0,0.16166138648986816,0.14232705533504486,0.20995935797691345
29565,1.0,0.12253856658935547,0.1197485625743866,0.15550026297569275
29566,1.0,0.101112961769104,0.098268523812294,0.08284443616867065
29567,1.0,0.068123459815979,0.11316769570112228,0.05382456257939339
29568,0.0,0.06219959259033203,0.1094079315662384,0.04816526919603348
29569,1.0,0.0742119550704956,0.09558774530887604,0.07411571592092514
29570,1.0,0.044439494609832764,0.08314730226993561,0.032859496772289276
29571,0.0,0.0290071964263916,0.08491489291191101,0.01584467664361
29572,0.0,0.026586949825286865,0.09100136160850525,0.01996510848402977
29573,0.0,0.04942023754119873,0.08932392299175262,0.034457262605428696
29574,0.0,0.03112161159515381,0.07083248347043991,0.033749621361494064
29575,0.0,0.039916038513183594,0.05704418197274208,0.034466661512851715
29576,0.0,0.025286614894866943,0.07450000941753387,0.029993252828717232
29577,0.0,0.03804051876068115,0.07113955169916153,0.04533388093113899
29578,0.0,0.02188926935195923,0.06977667659521103,0.026338668540120125
29579,0.0,0.01651179790496826,0.05830156430602074,0.013895883224904537
29580,0.0,0.013416528701782227,0.037196166813373566,0.01252406183630228
29581,0.0,0.037776410579681396,0.08618952333927155,0.041059065610170364
29582,0.0,0.013933897018432617,0.019795740023255348,0.01502502616494894
29583,0.0,0.0470963716506958,0.0741187259554863,0.048889610916376114
29584,0.0,0.09381520748138428,0.12283641844987869,0.10627792030572891
29585,0.0,0.043826520442962646,0.07870656251907349,0.06285633146762848
29586,0.0,0.036277949810028076,0.08945631235837936,0.045365359634160995
30109,0.0,0.07684874534606934,0.14614447951316833,0.06987908482551575
30110,0.0,0.043087899684906006,0.09798898547887802,0.05461619049310684
30111,0.0,0.030500292778015137,0.09514155983924866,0.03172415494918823
30112,0.0,0.18619370460510254,0.31491997838020325,0.3146621584892273
30113,1.0,0.37106382846832275,0.5930477976799011,0.553309440612793
30114,1.0,0.5068644285202026,0.5814203023910522,0.81416255235672
30115,1.0,0.559390664100647,0.771467924118042,0.9171307682991028
30116,1.0,0.5964558124542236,0.7799071073532104,0.9527390003204346
30117,1.0,0.45313310623168945,0.6243711709976196,0.8841625452041626
30118,1.0,0.37940657138824463,0.4747030735015869,0.7444819808006287
30119,1.0,0.2451763153076172,0.35459327697753906,0.4250725507736206
30120,1.0,0.25764572620391846,0.35142019391059875,0.43052607774734497
30121,1.0,0.24749886989593506,0.2951293885707855,0.46015504002571106
30122,1.0,0.2971731424331665,0.30642881989479065,0.48044630885124207
30123,1.0,0.2103084921836853,0.26009008288383484,0.3117477297782898
30124,1.0,0.13150757551193237,0.1735866665840149,0.16194559633731842
30125,0.0,0.17369860410690308,0.23772841691970825,0.24726513028144836
30126,1.0,0.15584242343902588,0.21892929077148438,0.1565929800271988
30127,0.0,0.05931663513183594,0.1551678478717804,0.06069878488779068
30128,0.0,0.054106831550598145,0.11293627321720123,0.04821893572807312
30129,0.0,0.03648877143859863,0.08061909675598145,0.029429981485009193
30130,0.0,0.03618079423904419,0.04511325806379318,0.03954091668128967
30131,0.0,0.02937847375869751,0.02880624681711197,0.019428526982665062
30132,0.0,0.07364910840988159,0.12211082130670547,0.05671530216932297
30133,0.0,0.06886416673660278,0.07742917537689209,0.06853567063808441
30134,0.0,0.04397088289260864,0.04513101279735565,0.03881772235035896
30135,0.0,0.04274493455886841,0.04781819134950638,0.03553583845496178
30136,0.0,0.037515878677368164,0.029624035581946373,0.02944823168218136
30137,0.0,0.023751437664031982,0.022087806835770607,0.024561701342463493
30138,0.0,0.02294856309890747,0.028256727382540703,0.02028808742761612
30139,0.0,0.020112931728363037,0.02262432500720024,0.01672649197280407
30140,0.0,0.01826953887939453,0.02182905375957489,0.015114415436983109
30141,0.0,0.01613903045654297,0.007339310832321644,0.01446737814694643
30142,0.0,0.015581905841827393,0.006134356837719679,0.014935140497982502
30143,0.0,0.015138626098632812,0.0060610040090978146,0.012698951177299023
30144,0.0,0.014060020446777344,0.004336148966103792,0.011885014362633228
30145,0.0,0.011612951755523682,0.004211334511637688,0.010439291596412659
30146,0.0,0.011263132095336914,0.004092049784958363,0.009048608131706715
30147,0.0,0.008598387241363525,0.003918074537068605,0.006443265359848738
30148,0.0,0.008161962032318115,0.004332812037318945,0.006739088799804449
30149,0.0,0.007031261920928955,0.004347993526607752,0.005835275631397963
30150,0.0,0.007391095161437988,0.0053863320499658585,0.00536572840064764
30151,0.0,0.007144927978515625,0.0041337525472044945,0.005511369556188583
30152,0.0,0.008037924766540527,0.004405484069138765,0.0062500848434865475
30153,0.0,0.00942903757095337,0.014218654483556747,0.009212433360517025
30154,0.0,0.008222043514251709,0.004836442414671183,0.006328442133963108
30155,0.0,0.008222043514251709,0.004671422298997641,0.006452711299061775
30156,0.0,0.008249640464782715,0.005149398930370808,0.006399942096322775
30157,0.0,0.008675813674926758,0.01328319776803255,0.007290133275091648
30158,0.0,0.009115099906921387,0.008295505307614803,0.006208166480064392
30159,0.0,0.01292276382446289,0.008958613499999046,0.00977803859859705
30160,0.0,0.01336580514907837,0.013965141028165817,0.010628706775605679
30683,0.0,0.017615556716918945,0.012610730715095997,0.020957332104444504
30684,0.0,0.01762402057647705,0.019121017307043076,0.021786781027913094
30685,0.0,0.016411423683166504,0.02183840423822403,0.015949957072734833
30686,0.0,0.01759892702102661,0.014875265769660473,0.018213709816336632
30687,0.0,0.017405688762664795,0.013208267278969288,0.017971863970160484
30688,0.0,0.017329037189483643,0.024284929037094116,0.01942504197359085
30689,0.0,0.07416540384292603,0.06846777349710464,0.06706131249666214
30690,0.0,0.10470092296600342,0.13688793778419495,0.10615383088588715
30691,0.0,0.19727849960327148,0.22594311833381653,0.2321968525648117
30692,1.0,0.15870553255081177,0.17323680222034454,0.12373731285333633
30693,0.0,0.049502670764923096,0.08456332236528397,0.039731334894895554
30694,0.0,0.03918910026550293,0.04913727939128876,0.029636995866894722
30695,0.0,0.03082907199859619,0.059012118726968765,0.034702591598033905
30696,0.0,0.026038050651550293,0.03153334930539131,0.026643583551049232
30697,0.0,0.01838064193725586,0.019828611984848976,0.02471551112830639
30698,0.0,0.019603848457336426,0.025104867294430733,0.023098837584257126
30699,0.0,0.022230684757232666,0.03854077309370041,0.028305279091000557
30700,0.0,0.02056407928466797,0.03417275846004486,0.024561339989304543
30701,0.0,0.019904136657714844,0.02566337026655674,0.024178948253393173
30702,0.0,0.02053356170654297,0.03246111422777176,0.024507854133844376
30703,0.0,0.02400386333465576,0.04252755641937256,0.023368190973997116
30704,0.0,0.02659207582473755,0.045820049941539764,0.02660013921558857
30705,0.0,0.020084083080291748,0.037959519773721695,0.01864338107407093
30706,0.0,0.029495954513549805,0.0604783296585083,0.025655075907707214
30707,0.0,0.08120936155319214,0.16398409008979797,0.06567736715078354
30708,0.0,0.24568063020706177,0.2441483587026596,0.3098128139972687
30709,1.0,0.18854248523712158,0.1921169012784958,0.21687471866607666
30710,1.0,0.32369232177734375,0.22695699334144592,0.25851696729660034
30711,1.0,0.25649863481521606,0.20078665018081665,0.3305981755256653
30712,1.0,0.16099274158477783,0.1393301635980606,0.14895416796207428
30713,0.0,0.10462653636932373,0.1001347005367279,0.07941919565200806
30714,0.0,0.08025950193405151,0.09907503426074982,0.08945188671350479
30715,0.0,0.11257809400558472,0.16431069374084473,0.11402244865894318
30716,0.0,0.04186522960662842,0.050604358315467834,0.04439805820584297
30717,0.0,0.0904967188835144,0.12245019525289536,0.07900308072566986
30718,0.0,0.10297876596450806,0.11283721774816513,0.11498720198869705
30719,0.0,0.05961185693740845,0.08555580675601959,0.07728685438632965
30720,0.0,0.03470093011856079,0.06094525009393692,0.03274959698319435
30721,0.0,0.10086852312088013,0.14132477343082428,0.1229957863688469
30722,1.0,0.048234760761260986,0.10213544219732285,0.04686306044459343
30723,0.0,0.08375084400177002,0.11670053005218506,0.05944119766354561
30724,1.0,0.0991053581237793,0.1513632833957672,0.11604641377925873
30725,1.0,0.10613995790481567,0.15029732882976532,0.0896134302020073
30726,1.0,0.09678101539611816,0.14030858874320984,0.08727040141820908
30727,0.0,0.03769993782043457,0.10061976313591003,0.02642611227929592
30728,0.0,0.05600053071975708,0.09229452162981033,0.03765108063817024
30729,0.0,0.029278874397277832,0.08723842352628708,0.033636707812547684
30730,0.0,0.019927680492401123,0.048711568117141724,0.016865743324160576
30731,0.0,0.052359163761138916,0.09778030216693878,0.05225428193807602
30732,0.0,0.06865745782852173,0.13919366896152496,0.0673728808760643
30733,0.0,0.1184588074684143,0.14540502429008484,0.1285838633775711
30734,1.0,0.05201774835586548,0.10972757637500763,0.06884118914604187
31257,0.0,0.4478057622909546,0.5362457036972046,0.591596245765686
31258,1.0,0.4044750928878784,0.5282630324363708,0.42072227597236633
31259,0.0,0.33200836181640625,0.3306090831756592,0.31371384859085083
31260,0.0,0.5414544343948364,0.48781490325927734,0.6876224875450134
31261,1.0,0.41592997312545776,0.5700411200523376,0.4698958992958069
31262,0.0,0.5023180246353149,0.5462732315063477,0.691157877445221
31263,1.0,0.44257980585098267,0.6000727415084839,0.5832585096359253
31264,0.0,0.35896724462509155,0.4489203989505768,0.3875129818916321
31265,0.0,0.3902342915534973,0.5180774927139282,0.4896146059036255
31266,0.0,0.4442403316497803,0.6105952262878418,0.6304802894592285
31267,1.0,0.4403364658355713,0.673825204372406,0.6539024114608765
31268,1.0,0.3871120810508728,0.6069949269294739,0.5290130972862244
31269,0.0,0.3258434534072876,0.42890816926956177,0.3841818571090698
31270,0.0,0.2989148497581482,0.44144347310066223,0.36343368887901306
31271,0.0,0.366743266582489,0.4490582346916199,0.3586415946483612
31272,0.0,0.4428292512893677,0.5743333697319031,0.5909671187400818
31273,0.0,0.4142470359802246,0.6669179797172546,0.5112919211387634
31274,0.0,0.3102465867996216,0.4487116038799286,0.39348646998405457
31275,0.0,0.27361446619033813,0.3800419569015503,0.4632117450237274
31276,1.0,0.2728528380393982,0.4725593030452728,0.40653133392333984
31277,0.0,0.3220653533935547,0.42995524406433105,0.32729727029800415
31278,0.0,0.2722908854484558,0.3821081519126892,0.36998605728149414
31279,0.0,0.2564879059791565,0.283099502325058,0.24757465720176697
31280,0.0,0.23645490407943726,0.2584078907966614,0.22965587675571442
31281,0.0,0.21543347835540771,0.27662578225135803,0.17724056541919708
31282,0.0,0.19905662536621094,0.14606817066669464,0.15797917544841766
31283,0.0,0.14995217323303223,0.13778863847255707,0.08490845561027527
31284,0.0,0.15182822942733765,0.16909530758857727,0.11422500759363174
31285,0.0,0.11488449573516846,0.1335669755935669,0.08224066346883774
31286,0.0,0.18812817335128784,0.1580563336610794,0.15089181065559387
31287,0.0,0.16152942180633545,0.13356181979179382,0.1112467423081398
31288,0.0,0.11588776111602783,0.11798865348100662,0.06702073663473129
31289,0.0,0.11353766918182373,0.1344485729932785,0.06793653964996338
31290,0.0,0.12919574975967407,0.13345858454704285,0.07919370383024216
31291,0.0,0.10382825136184692,0.1361207365989685,0.07000607252120972
31292,0.0,0.10639190673828125,0.1379825323820114,0.09217772632837296
31293,0.0,0.11635518074035645,0.15990059077739716,0.08276078850030899
31294,0.0,0.14162099361419678,0.15666908025741577,0.12363600730895996
31295,0.0,0.10854971408843994,0.13350889086723328,0.08452901989221573
31296,0.0,0.07773083448410034,0.17337796092033386,0.05493169650435448
31297,0.0,0.09922182559967041,0.1307990550994873,0.08462060987949371
31298,0.0,0.1289513111114502,0.1656612902879715,0.11022894829511642
31299,0.0,0.1412298083305359,0.19222325086593628,0.1409790813922882
31300,0.0,0.1357676386833191,0.15355826914310455,0.10887324810028076
31301,0.0,0.11691546440124512,0.13805292546749115,0.090690016746521
31302,0.0,0.2646498680114746,0.3132878243923187,0.3720788359642029
31303,0.0,0.31446564197540283,0.3858453035354614,0.40383610129356384
31304,0.0,0.3795775771141052,0.4899425208568573,0.5558016300201416
31305,0.0,0.2895878553390503,0.433114618062973,0.39572370052337646
31306,0.0,0.2537950277328491,0.19762732088565826,0.2820493280887604
31307,0.0,0.3084176182746887,0.28433939814567566,0.3299601972103119
31308,0.0,0.2712809443473816,0.18530312180519104,0.27931880950927734
31831,0.0,0.290601909160614,0.23635010421276093,0.3043045103549957
31832,0.0,0.26215213537216187,0.25362634658813477,0.2894081175327301
31833,0.0,0.28497475385665894,0.3120049834251404,0.3202461898326874
31834,0.0,0.3355588912963867,0.3749770224094391,0.3440343141555786
31835,1.0,0.28946495056152344,0.24501807987689972,0.30900782346725464
31836,0.0,0.2380688190460205,0.1818583905696869,0.19609838724136353
31837,0.0,0.255712628364563,0.20640157163143158,0.25460413098335266
31838,0.0,0.24254071712493896,0.18918263912200928,0.21476931869983673
31839,0.0,0.2089860439300537,0.19755879044532776,0.12093795835971832
31840,0.0,0.2366529107093811,0.20946301519870758,0.18311117589473724
31841,0.0,0.1725873351097107,0.20365193486213684,0.1128840371966362
31842,0.0,0.17096757888793945,0.18576841056346893,0.0762479305267334
31843,0.0,0.19084566831588745,0.16985389590263367,0.14288797974586487
31844,0.0,0.2396324872970581,0.2529570460319519,0.2485423982143402
31845,0.0,0.24971061944961548,0.2703760266304016,0.22959910333156586
31846,0.0,0.19198334217071533,0.19547471404075623,0.20794422924518585
31847,0.0,0.17364078760147095,0.19839288294315338,0.1367606222629547
31848,0.0,0.16518926620483398,0.23645833134651184,0.13220109045505524
31849,0.0,0.2686288356781006,0.2016354352235794,0.3360510766506195
31850,0.0,0.20491325855255127,0.25316956639289856,0.1728527992963791
31851,0.0,0.14443868398666382,0.1868569254875183,0.08626975119113922
31852,0.0,0.1541193127632141,0.31639182567596436,0.11678244173526764
31853,0.0,0.14626604318618774,0.260780930519104,0.08835893869400024
31854,0.0,0.24158507585525513,0.28371983766555786,0.3279142677783966
31855,0.0,0.23031234741210938,0.2730075716972351,0.2540803551673889
31856,0.0,0.37706178426742554,0.3747788369655609,0.5186594724655151
31857,0.0,0.5123993158340454,0.5714733004570007,0.6924365162849426
31858,0.0,0.4385994076728821,0.42811131477355957,0.5830475091934204
31859,0.0,0.3877847194671631,0.41542375087738037,0.491200715303421
31860,0.0,0.3763434886932373,0.36936885118484497,0.5283063650131226
31861,0.0,0.3671242594718933,0.42975306510925293,0.531417965888977
31862,0.0,0.43943852186203003,0.45817312598228455,0.6851148009300232
31863,1.0,0.5142335295677185,0.59013432264328,0.800638735294342
31864,1.0,0.3712596297264099,0.4893834888935089,0.5522177815437317
31865,0.0,0.36393940448760986,0.44396525621414185,0.5346823334693909
31866,0.0,0.30132222175598145,0.3451150059700012,0.42600899934768677
31867,0.0,0.3384263515472412,0.3793575167655945,0.5613786578178406
31868,0.0,0.403777539730072,0.4169233739376068,0.6580985188484192
31869,1.0,0.2873671054840088,0.31840580701828003,0.4411284625530243
31870,0.0,0.19333279132843018,0.19715949892997742,0.2599218189716339
31871,0.0,0.2604149580001831,0.2878769636154175,0.37179556488990784
31872,1.0,0.20755326747894287,0.21080940961837769,0.20672841370105743
31873,0.0,0.15894943475723267,0.13056877255439758,0.16449742019176483
31874,0.0,0.246171772480011,0.2902297079563141,0.3660888969898224
31875,1.0,0.36013954877853394,0.4967312514781952,0.46553167700767517
31876,1.0,0.2525014877319336,0.402913361787796,0.2928375005722046
31877,0.0,0.18484866619110107,0.18395157158374786,0.11854571849107742
31878,0.0,0.24080890417099,0.19835354387760162,0.26540160179138184
31879,0.0,0.17812007665634155,0.21433869004249573,0.16804088652133942
31880,0.0,0.0969398021697998,0.08749595284461975,0.06929002702236176
31881,0.0,0.13948369026184082,0.15460360050201416,0.155890554189682
31882,0.0,0.11819422245025635,0.12536971271038055,0.10522179305553436
32405,0.0,0.015395402908325195,0.020836276933550835,0.0181154515594244
32406,0.0,0.019155800342559814,0.0426056906580925,0.022816475480794907
32407,0.0,0.023083388805389404,0.03223467990756035,0.02829212322831154
32408,0.0,0.01635366678237915,0.018820634111762047,0.017893195152282715
32409,0.0,0.019854187965393066,0.04424913600087166,0.02455596625804901
32410,0.0,0.03758734464645386,0.04369797930121422,0.040121447294950485
32411,0.0,0.03028184175491333,0.044192779809236526,0.03304516524076462
32412,0.0,0.0283510684967041,0.0501367524266243,0.03170929104089737
32413,0.0,0.025997042655944824,0.05363146960735321,0.02813718467950821
32414,0.0,0.19841408729553223,0.27831435203552246,0.32306617498397827
32415,1.0,0.2088552713394165,0.2810653746128082,0.24540923535823822
32416,1.0,0.13755953311920166,0.2217980921268463,0.1409035176038742
32417,0.0,0.0995592474937439,0.12489565461874008,0.08381424844264984
32418,0.0,0.1178508996963501,0.14463482797145844,0.17599204182624817
32419,1.0,0.04196512699127197,0.08444620668888092,0.062291886657476425
32420,0.0,0.052771151065826416,0.055439986288547516,0.05019344389438629
32421,0.0,0.20426249504089355,0.20042449235916138,0.22515681385993958
32422,1.0,0.12000709772109985,0.14187738299369812,0.12642523646354675
32423,0.0,0.04564720392227173,0.06368422508239746,0.04304809495806694
32424,0.0,0.053738296031951904,0.0684397965669632,0.052712831646203995
32425,0.0,0.04701155424118042,0.07922118157148361,0.045691926032304764
32426,0.0,0.13188773393630981,0.15679112076759338,0.1279842108488083
32427,1.0,0.14698368310928345,0.1496492624282837,0.1984023153781891
32428,1.0,0.20855504274368286,0.17374704778194427,0.23585644364356995
32429,1.0,0.15172356367111206,0.18218933045864105,0.19902966916561127
32430,1.0,0.14418244361877441,0.13500343263149261,0.16079849004745483
32431,1.0,0.1317569613456726,0.10754144936800003,0.129573255777359
32432,1.0,0.16031938791275024,0.16237741708755493,0.17875483632087708
32433,1.0,0.13401579856872559,0.12405124306678772,0.15377040207386017
32434,1.0,0.14939481019973755,0.14400047063827515,0.1860009729862213
32435,1.0,0.13377302885055542,0.1316184103488922,0.11128032207489014
32436,1.0,0.15581071376800537,0.11518260836601257,0.17415395379066467
32437,1.0,0.14347290992736816,0.14151109755039215,0.15049239993095398
32438,1.0,0.18969476222991943,0.14208005368709564,0.2126840204000473
32439,1.0,0.1920759677886963,0.16312462091445923,0.2528638243675232
32440,1.0,0.1024664044380188,0.10924510657787323,0.1273195594549179
32441,0.0,0.08881145715713501,0.1391068547964096,0.11379136145114899
32442,1.0,0.09369134902954102,0.09898561984300613,0.10382409393787384
32443,1.0,0.07763046026229858,0.10070697963237762,0.06683046370744705
32444,1.0,0.03960251808166504,0.06626163423061371,0.03139461949467659
32445,0.0,0.03438854217529297,0.0709698423743248,0.03744548559188843
32446,0.0,0.0196874737739563,0.0646316260099411,0.021659716963768005
32447,0.0,0.03488779067993164,0.08332768827676773,0.03537273406982422
32448,1.0,0.01739799976348877,0.07214764505624771,0.015945596620440483
32449,0.0,0.015324115753173828,0.04584365710616112,0.012049145996570587
32450,0.0,0.014129102230072021,0.04765896499156952,0.011773303151130676
32451,0.0,0.012833595275878906,0.0640350878238678,0.011367322877049446
32452,0.0,0.009121477603912354,0.0054148356430232525,0.008155797608196735
32453,0.0,0.009930551052093506,0.008717093616724014,0.00902664102613926
32454,0.0,0.010682761669158936,0.008630082942545414,0.010457059368491173
32455,0.0,0.014688849449157715,0.009886992163956165,0.013245400041341782
32456,0.0,0.015235602855682373,0.012051515281200409,0.012970617972314358
32979,1.0,0.046814560890197754,0.036144375801086426,0.050356436520814896
32980,1.0,0.047957539558410645,0.024479828774929047,0.05223897844552994
32981,1.0,0.19956082105636597,0.2547609806060791,0.2406773567199707
32982,1.0,0.1380634307861328,0.11082674562931061,0.14263460040092468
32983,1.0,0.07866233587265015,0.07464129477739334,0.0743672251701355
32984,1.0,0.0784410834312439,0.07478433102369308,0.08878880739212036
32985,1.0,0.08033359050750732,0.10360441356897354,0.07530460506677628
32986,1.0,0.058783113956451416,0.03421301394701004,0.055623773485422134
32987,1.0,0.032881736755371094,0.03581990674138069,0.0398409366607666
32988,1.0,0.03346341848373413,0.042227890342473984,0.0417293906211853
32989,1.0,0.05301856994628906,0.03694801405072212,0.0647408589720726
32990,1.0,0.04998582601547241,0.029653189703822136,0.05379542335867882
32991,1.0,0.18854284286499023,0.18896692991256714,0.21276132762432098
32992,1.0,0.27500706911087036,0.19998317956924438,0.3621096611022949
32993,1.0,0.08543586730957031,0.09490366280078888,0.12357661128044128
32994,1.0,0.2529696822166443,0.21298448741436005,0.30771979689598083
32995,1.0,0.1855940818786621,0.15755966305732727,0.279339462518692
32996,1.0,0.2315303087234497,0.2563367187976837,0.3021385669708252
32997,1.0,0.14593392610549927,0.09917128086090088,0.2136913537979126
32998,1.0,0.23641443252563477,0.2385472059249878,0.28858283162117004
32999,1.0,0.4845556616783142,0.2679395079612732,0.6370460987091064
33000,1.0,0.5143857598304749,0.36351698637008667,0.669258177280426
33001,1.0,0.5739655494689941,0.44693318009376526,0.7155936360359192
33002,1.0,0.6516718864440918,0.550993800163269,0.8916340470314026
33003,1.0,0.6303900480270386,0.6770246624946594,0.8902682065963745
33004,1.0,0.5039821267127991,0.48537471890449524,0.6835392713546753
33005,1.0,0.44366568326950073,0.4408160448074341,0.5736278295516968
33006,1.0,0.39874255657196045,0.4180235266685486,0.48943474888801575
33007,1.0,0.342778742313385,0.3003174960613251,0.4029366970062256
33008,1.0,0.21318084001541138,0.19100214540958405,0.2610149681568146
33009,1.0,0.14630663394927979,0.1735047847032547,0.16821877658367157
33010,1.0,0.09289193153381348,0.11932796239852905,0.1093408465385437
33011,1.0,0.07943350076675415,0.0979367047548294,0.10470838099718094
33012,1.0,0.04946577548980713,0.057275015860795975,0.05188518762588501
33013,1.0,0.0342404842376709,0.034285202622413635,0.04028024151921272
33014,1.0,0.03315991163253784,0.032427988946437836,0.0455356203019619
33015,1.0,0.03357648849487305,0.03230571746826172,0.03966405987739563
33016,1.0,0.03138941526412964,0.024234622716903687,0.03828493878245354
33017,1.0,0.030704021453857422,0.02542801946401596,0.03847817704081535
33018,1.0,0.03206700086593628,0.022789310663938522,0.03743888437747955
33019,1.0,0.03208810091018677,0.016705356538295746,0.03135215863585472
33020,1.0,0.032214581966400146,0.01712024211883545,0.03394472226500511
33021,1.0,0.02868872880935669,0.025944054126739502,0.035503242164850235
33022,1.0,0.03108137845993042,0.024823909625411034,0.03416946530342102
33023,1.0,0.03313565254211426,0.03209428861737251,0.05264401435852051
33024,1.0,0.03382992744445801,0.021843742579221725,0.035619206726551056
33025,1.0,0.031222939491271973,0.02799621969461441,0.034235939383506775
33026,1.0,0.03559553623199463,0.031209589913487434,0.04813604801893234
33027,1.0,0.0391879677772522,0.030876077711582184,0.04159541428089142
33028,1.0,0.04472583532333374,0.02882511168718338,0.04266784340143204
33029,1.0,0.06692969799041748,0.03337806090712547,0.06516596674919128
33030,1.0,0.06990587711334229,0.03051014617085457,0.06724584102630615
33553,0.0,0.5249564051628113,0.6279675364494324,0.5862569808959961
33554,1.0,0.5230068564414978,0.5897952318191528,0.5146214962005615
33555,1.0,0.3850927948951721,0.5675679445266724,0.4197339415550232
33556,0.0,0.43112754821777344,0.5245305299758911,0.4245181977748871
33557,0.0,0.49354660511016846,0.5340825319290161,0.44995421171188354
33558,0.0,0.41806095838546753,0.5041725039482117,0.37304627895355225
33559,0.0,0.3618648648262024,0.458983451128006,0.3206077218055725
33560,0.0,0.25216221809387207,0.3538193702697754,0.21255682408809662
33561,0.0,0.4820345640182495,0.5913990139961243,0.6178776025772095
33562,0.0,0.4557393789291382,0.6112034320831299,0.5234426259994507
33563,0.0,0.40190327167510986,0.5877477526664734,0.37033724784851074
33564,0.0,0.2920514941215515,0.341024249792099,0.2020341455936432
33565,0.0,0.2905035614967346,0.3708136975765228,0.28023892641067505
33566,0.0,0.23587173223495483,0.27349624037742615,0.17501962184906006
33567,0.0,0.2322380542755127,0.34894871711730957,0.17093458771705627
33568,0.0,0.2351486086845398,0.3308243751525879,0.17391027510166168
33569,0.0,0.10221529006958008,0.25786706805229187,0.07250797748565674
33570,0.0,0.1558879017829895,0.2883766293525696,0.1178155392408371
33571,0.0,0.1773461103439331,0.32553526759147644,0.1341477930545807
33572,0.0,0.17479759454727173,0.26890936493873596,0.1658654361963272
33573,0.0,0.19462931156158447,0.27183306217193604,0.13786570727825165
33574,0.0,0.07371193170547485,0.1745869219303131,0.047678206115961075
33575,0.0,0.10340267419815063,0.12862445414066315,0.06753137707710266
33576,0.0,0.12799447774887085,0.14740566909313202,0.07238863408565521
33577,0.0,0.10849130153656006,0.10335725545883179,0.08711522072553635
33578,0.0,0.11435848474502563,0.11338964104652405,0.08318723738193512
33579,0.0,0.0893702507019043,0.11284727603197098,0.07580108940601349
33580,0.0,0.06062501668930054,0.08986329287290573,0.03722170367836952
33581,0.0,0.05528742074966431,0.07489053905010223,0.043161988258361816
33582,0.0,0.04231822490692139,0.101931631565094,0.01858823373913765
33583,0.0,0.018992066383361816,0.02691866271197796,0.016493426635861397
33584,0.0,0.019302725791931152,0.033227864652872086,0.011496178805828094
33585,0.0,0.01766151189804077,0.028802506625652313,0.009961772710084915
33586,0.0,0.017443478107452393,0.032658860087394714,0.016567209735512733
33587,0.0,0.01822352409362793,0.025731319561600685,0.01649387553334236
33588,0.0,0.07667344808578491,0.11494382470846176,0.0669918954372406
33589,0.0,0.13192927837371826,0.23653782904148102,0.11923744529485703
33590,0.0,0.11155468225479126,0.14764924347400665,0.07141949981451035
33591,0.0,0.1272658109664917,0.1701817363500595,0.0943014845252037
33592,0.0,0.12550783157348633,0.17370033264160156,0.08009360730648041
33593,0.0,0.08557134866714478,0.14696484804153442,0.05691509693861008
33594,0.0,0.08400720357894897,0.10931277275085449,0.07464475184679031
33595,0.0,0.08123433589935303,0.10809748619794846,0.06387998163700104
33596,0.0,0.03759187459945679,0.09102155268192291,0.03740379959344864
33597,0.0,0.1263388991355896,0.15345118939876556,0.11554577201604843
33598,0.0,0.2544342875480652,0.2483997344970703,0.26862832903862
33599,0.0,0.14778780937194824,0.15893393754959106,0.14359702169895172
33600,0.0,0.08771669864654541,0.12045864015817642,0.06168472766876221
33601,0.0,0.09838688373565674,0.1259216070175171,0.06423699855804443
33602,0.0,0.0826418399810791,0.15700960159301758,0.05388079956173897
33603,0.0,0.042837679386138916,0.09659574180841446,0.03418136388063431
33604,0.0,0.18488579988479614,0.22533009946346283,0.16781412065029144
34127,0.0,0.05211448669433594,0.04202793911099434,0.07193228602409363
34128,0.0,0.04918563365936279,0.035773951560258865,0.06708057224750519
34129,0.0,0.16068017482757568,0.1547728031873703,0.18077850341796875
34130,0.0,0.12553495168685913,0.11204543709754944,0.1452472060918808
34131,0.0,0.0643567442893982,0.05114862695336342,0.061659280210733414
34132,0.0,0.20896434783935547,0.16483694314956665,0.23944693803787231
34133,0.0,0.20007890462875366,0.14996567368507385,0.27788031101226807
34134,0.0,0.14131706953048706,0.09961196780204773,0.17755815386772156
34135,0.0,0.06097215414047241,0.06345253437757492,0.07438681274652481
34136,0.0,0.09091454744338989,0.08134584128856659,0.11458812654018402
34137,0.0,0.2350425124168396,0.1589723527431488,0.21241538226604462
34138,0.0,0.1275845170021057,0.10204002261161804,0.1303996443748474
34139,0.0,0.08812427520751953,0.09072951972484589,0.10650231689214706
34140,0.0,0.08383446931838989,0.0648353174328804,0.09284775704145432
34141,0.0,0.08195102214813232,0.05787798389792442,0.08490785211324692
34142,0.0,0.075478196144104,0.06967484205961227,0.09047427028417587
34143,0.0,0.06747370958328247,0.053387608379125595,0.10367969423532486
34144,0.0,0.0622822642326355,0.045055024325847626,0.10619579255580902
34145,0.0,0.201887845993042,0.19595545530319214,0.2710988223552704
34146,0.0,0.1565694808959961,0.14676468074321747,0.20058821141719818
34147,0.0,0.22099357843399048,0.2261103242635727,0.23312461376190186
34148,0.0,0.16848969459533691,0.14028941094875336,0.2165909707546234
34149,0.0,0.10278123617172241,0.10766583681106567,0.12547965347766876
34150,0.0,0.1660720705986023,0.1666581928730011,0.2002277672290802
34151,0.0,0.1898762583732605,0.1819768100976944,0.21634487807750702
34152,0.0,0.12687355279922485,0.0915188118815422,0.1608148068189621
34153,0.0,0.22114670276641846,0.17899255454540253,0.24158792197704315
34154,0.0,0.22773927450180054,0.20709405839443207,0.30270859599113464
34155,0.0,0.21196097135543823,0.21815192699432373,0.22020234167575836
34156,0.0,0.23891276121139526,0.18413877487182617,0.3087695240974426
34157,0.0,0.1609901785850525,0.14647358655929565,0.15720397233963013
34158,0.0,0.16862910985946655,0.1472691148519516,0.2228660136461258
34159,0.0,0.14017170667648315,0.16184020042419434,0.18101029098033905
34160,0.0,0.14346057176589966,0.1527286022901535,0.1564980000257492
34161,0.0,0.1481052041053772,0.15542279183864594,0.23019611835479736
34162,0.0,0.14275985956192017,0.19001618027687073,0.21801815927028656
34163,0.0,0.15072882175445557,0.1435135453939438,0.17477919161319733
34164,0.0,0.10096961259841919,0.13148455321788788,0.1757119596004486
34165,0.0,0.18039822578430176,0.16367101669311523,0.22228166460990906
34166,0.0,0.1984272599220276,0.18616093695163727,0.21559081971645355
34167,0.0,0.1757051944732666,0.1491246074438095,0.18404261767864227
34168,0.0,0.2453528642654419,0.17902526259422302,0.4449591338634491
34169,0.0,0.23207706212997437,0.21146860718727112,0.29322531819343567
34170,0.0,0.17937052249908447,0.15065938234329224,0.1934918910264969
34171,0.0,0.17975455522537231,0.195288747549057,0.2315235137939453
34172,0.0,0.21893197298049927,0.21533483266830444,0.3058089017868042
34173,0.0,0.19018250703811646,0.22938835620880127,0.23405443131923676
34174,0.0,0.13345855474472046,0.11431983858346939,0.17866314947605133
34175,0.0,0.08325761556625366,0.08885756134986877,0.12378212809562683
34176,0.0,0.3085726499557495,0.22157302498817444,0.3923381268978119
34177,0.0,0.3363586664199829,0.20242805778980255,0.35715651512145996
34178,0.0,0.23593389987945557,0.18524259328842163,0.34064748883247375
34701,0.0,0.13212674856185913,0.2313302606344223,0.11668461561203003
34702,0.0,0.125657320022583,0.17513638734817505,0.10124337673187256
34703,0.0,0.1803392767906189,0.17417599260807037,0.15646986663341522
34704,0.0,0.2138621211051941,0.36181971430778503,0.2280254065990448
34705,0.0,0.17990005016326904,0.18773099780082703,0.17629562318325043
34706,0.0,0.1553494930267334,0.1876581758260727,0.1419421136379242
34707,0.0,0.19183069467544556,0.2250809669494629,0.24469824135303497
34708,0.0,0.1996222734451294,0.20421110093593597,0.24500183761119843
34709,0.0,0.23347705602645874,0.28435778617858887,0.30092552304267883
34710,0.0,0.23779863119125366,0.35255762934684753,0.2871721684932709
34711,0.0,0.24779939651489258,0.33017396926879883,0.257703959941864
34712,0.0,0.11433792114257812,0.1689748615026474,0.10446418821811676
34713,0.0,0.07950818538665771,0.16487599909305573,0.09332799166440964
34714,0.0,0.1837214231491089,0.26489949226379395,0.19209381937980652
34715,0.0,0.19712448120117188,0.2746967673301697,0.28223565220832825
34716,0.0,0.16320037841796875,0.27144694328308105,0.2557848393917084
34717,0.0,0.1685175895690918,0.2664014995098114,0.22428013384342194
34718,0.0,0.12440693378448486,0.22503194212913513,0.14755575358867645
34719,0.0,0.1562434434890747,0.237385556101799,0.2067669928073883
34720,0.0,0.13435685634613037,0.25174975395202637,0.16587130725383759
34721,0.0,0.0830802321434021,0.15742304921150208,0.0846438780426979
34722,0.0,0.1060720682144165,0.20690959692001343,0.12032797187566757
34723,0.0,0.07210779190063477,0.13853000104427338,0.05189703032374382
34724,0.0,0.08641862869262695,0.15774524211883545,0.07426249980926514
34725,0.0,0.0669202208518982,0.08570868521928787,0.05644689127802849
34726,0.0,0.053543925285339355,0.11340789496898651,0.04907401651144028
34727,0.0,0.041039466857910156,0.0382816344499588,0.044602349400520325
34728,0.0,0.07016968727111816,0.11283309012651443,0.06285779178142548
34729,0.0,0.04845321178436279,0.05297805741429329,0.031520772725343704
34730,0.0,0.04013681411743164,0.04983881115913391,0.030391188338398933
34731,0.0,0.03406417369842529,0.04026678577065468,0.027136847376823425
34732,0.0,0.035035133361816406,0.0580144003033638,0.03688988462090492
34733,0.0,0.057003915309906006,0.11818160861730576,0.05173484608530998
34734,0.0,0.04655414819717407,0.0742262527346611,0.03364109620451927
34735,0.0,0.037264347076416016,0.09122458100318909,0.03823965787887573
34736,0.0,0.030822336673736572,0.07608304917812347,0.020051980391144753
34737,0.0,0.02530878782272339,0.09778392314910889,0.01993570849299431
34738,0.0,0.014433145523071289,0.029250355437397957,0.011665720492601395
34739,0.0,0.05813378095626831,0.12401864677667618,0.0656062662601471
34740,0.0,0.06921732425689697,0.13948039710521698,0.06834770739078522
34741,0.0,0.10487246513366699,0.12211308628320694,0.1037428230047226
34742,0.0,0.0993349552154541,0.11975320428609848,0.1028095930814743
34743,0.0,0.05215895175933838,0.08573895692825317,0.057354629039764404
34744,0.0,0.08862358331680298,0.14355888962745667,0.10123244673013687
34745,0.0,0.07535433769226074,0.1345708966255188,0.09593504667282104
34746,0.0,0.05493426322937012,0.07571721076965332,0.05381432920694351
34747,0.0,0.07775133848190308,0.15182317793369293,0.08175713568925858
34748,0.0,0.10531270503997803,0.13936010003089905,0.12945397198200226
34749,0.0,0.11629092693328857,0.12075242400169373,0.11380894482135773
34750,0.0,0.07056254148483276,0.10634474456310272,0.08947080373764038
34751,0.0,0.17638397216796875,0.16843703389167786,0.19952958822250366
34752,0.0,0.22509276866912842,0.24209411442279816,0.30083778500556946
35275,0.0,0.148562490940094,0.15974578261375427,0.09819377958774567
35276,0.0,0.0689094066619873,0.093590646982193,0.05159194767475128
35277,0.0,0.15881073474884033,0.18344388902187347,0.13453790545463562
35278,1.0,0.1440795660018921,0.11857541650533676,0.17829138040542603
35279,0.0,0.12713974714279175,0.09500505030155182,0.07681445777416229
35280,0.0,0.16362416744232178,0.12758798897266388,0.09744741767644882
35281,1.0,0.14101707935333252,0.1020803228020668,0.14234554767608643
35282,0.0,0.15652501583099365,0.09444238990545273,0.0986095517873764
35283,0.0,0.1684296727180481,0.10995674133300781,0.1577351689338684
35284,0.0,0.1504269242286682,0.10283875465393066,0.11483649909496307
35285,0.0,0.1312832236289978,0.13205330073833466,0.0808294415473938
35286,0.0,0.09731048345565796,0.08263538032770157,0.05476955696940422
35287,0.0,0.10093516111373901,0.11475919187068939,0.0740814134478569
35288,0.0,0.06781399250030518,0.08530819416046143,0.07006383687257767
35289,0.0,0.09257382154464722,0.0962119922041893,0.06645714491605759
35290,0.0,0.11450368165969849,0.12078286707401276,0.1019950583577156
35291,0.0,0.09745585918426514,0.10254307091236115,0.0712384358048439
35292,0.0,0.04300600290298462,0.05630376935005188,0.0487615205347538
35293,0.0,0.035711824893951416,0.08426029235124588,0.03186230733990669
35294,0.0,0.02875584363937378,0.05547536164522171,0.026539860293269157
35295,0.0,0.02669811248779297,0.060459647327661514,0.02268318645656109
35296,0.0,0.15366089344024658,0.19127021729946136,0.1662922352552414
35297,0.0,0.12391012907028198,0.20252908766269684,0.11889723688364029
35298,0.0,0.335493803024292,0.3509059548377991,0.5321295857429504
35299,1.0,0.4989163875579834,0.4791387915611267,0.7155976891517639
35300,1.0,0.6520935893058777,0.6215265989303589,0.810299813747406
35301,1.0,0.49320173263549805,0.49662479758262634,0.6626865267753601
35302,1.0,0.392722487449646,0.4389202892780304,0.5296416282653809
35303,1.0,0.36017853021621704,0.37167343497276306,0.4842706620693207
35304,1.0,0.37277090549468994,0.419217973947525,0.5275266170501709
35305,1.0,0.28693997859954834,0.24776875972747803,0.36751314997673035
35306,1.0,0.41867393255233765,0.36975032091140747,0.6067661046981812
35307,1.0,0.4859039783477783,0.48075857758522034,0.7249581217765808
35308,1.0,0.335573673248291,0.3985140025615692,0.5007176995277405
35309,1.0,0.2991076111793518,0.33429276943206787,0.3734362721443176
35310,1.0,0.317039430141449,0.3141343295574188,0.4088982343673706
35311,1.0,0.2456778883934021,0.27797481417655945,0.3134947717189789
35312,1.0,0.2181113362312317,0.1963481903076172,0.25426381826400757
35313,1.0,0.19578343629837036,0.1781175434589386,0.22043578326702118
35314,1.0,0.15788835287094116,0.17715123295783997,0.19920165836811066
35315,1.0,0.14012879133224487,0.16238489747047424,0.1547725647687912
35316,1.0,0.11327904462814331,0.10336050391197205,0.10200398415327072
35317,1.0,0.09068012237548828,0.08631469309329987,0.08863131701946259
35318,0.0,0.08814191818237305,0.08053398132324219,0.05111738294363022
35319,0.0,0.07482993602752686,0.08366265147924423,0.04824182763695717
35320,0.0,0.09491926431655884,0.10305853933095932,0.06344179064035416
35321,1.0,0.09062373638153076,0.09362726658582687,0.07274807244539261
35322,1.0,0.11468756198883057,0.10861968994140625,0.1051940843462944
35323,1.0,0.1544293761253357,0.1885613054037094,0.21632906794548035
35324,1.0,0.11377400159835815,0.1378585547208786,0.13458572328090668
35325,1.0,0.11788582801818848,0.09357868880033493,0.09130160510540009
35326,0.0,0.11627012491226196,0.08486857265233994,0.10579223930835724
35849,0.0,0.10642409324645996,0.12655854225158691,0.12225636839866638
35850,0.0,0.12380492687225342,0.1424238383769989,0.15009567141532898
35851,0.0,0.15762829780578613,0.171770378947258,0.25645697116851807
35852,0.0,0.13410109281539917,0.17182068526744843,0.2093769907951355
35853,0.0,0.2099047303199768,0.19439207017421722,0.2742585837841034
35854,1.0,0.09674340486526489,0.16049399971961975,0.1146492138504982
35855,0.0,0.15328913927078247,0.14711542427539825,0.2192530781030655
35856,0.0,0.16697931289672852,0.19383499026298523,0.2740911543369293
35857,1.0,0.24484658241271973,0.23466970026493073,0.33572515845298767
35858,1.0,0.17560875415802002,0.2111714482307434,0.15742309391498566
35859,0.0,0.16201001405715942,0.173259899020195,0.14020003378391266
35860,0.0,0.1634601354598999,0.16451050341129303,0.2255401313304901
35861,1.0,0.07235634326934814,0.14366821944713593,0.1277332305908203
35862,0.0,0.04067730903625488,0.15422938764095306,0.029282117262482643
35863,0.0,0.10842067003250122,0.17100150883197784,0.11077594757080078
35864,0.0,0.25871509313583374,0.24646520614624023,0.3087034523487091
35865,1.0,0.12417006492614746,0.12974105775356293,0.11036045104265213
35866,0.0,0.06568241119384766,0.15939980745315552,0.049152735620737076
35867,0.0,0.10065847635269165,0.11728084832429886,0.08671069145202637
35868,0.0,0.07276207208633423,0.1333778351545334,0.0543551966547966
35869,0.0,0.04761481285095215,0.07905884832143784,0.037413209676742554
35870,0.0,0.13690966367721558,0.2177990972995758,0.1328219771385193
35871,0.0,0.09751284122467041,0.15921907126903534,0.0803571492433548
35872,0.0,0.050685346126556396,0.0980742797255516,0.03467036411166191
35873,0.0,0.0880092978477478,0.10922963172197342,0.09580492228269577
35874,0.0,0.06686818599700928,0.09504616260528564,0.053037237375974655
35875,0.0,0.09186214208602905,0.15685854852199554,0.06861735135316849
35876,1.0,0.09731179475784302,0.17169427871704102,0.09273511171340942
35877,0.0,0.11239653825759888,0.12998749315738678,0.10752806812524796
35878,1.0,0.10840731859207153,0.16332992911338806,0.07002653926610947
35879,0.0,0.06799352169036865,0.11541620641946793,0.07769392430782318
35880,0.0,0.09744042158126831,0.1153298169374466,0.07456804811954498
35881,1.0,0.052290260791778564,0.1263163685798645,0.04373325780034065
35882,0.0,0.08000856637954712,0.11524524539709091,0.0720323696732521
35883,0.0,0.05418664216995239,0.1057213693857193,0.034782297909259796
35884,0.0,0.025533318519592285,0.10036342591047287,0.021109825000166893
35885,0.0,0.03715384006500244,0.09588868916034698,0.029809100553393364
35886,1.0,0.047327399253845215,0.107706218957901,0.04597058147192001
35887,0.0,0.0810164213180542,0.12256667017936707,0.07715203613042831
35888,1.0,0.04553711414337158,0.09882385283708572,0.04351061210036278
35889,0.0,0.029646873474121094,0.1012420505285263,0.027048131451010704
35890,0.0,0.025552034378051758,0.06943495571613312,0.020171979442238808
35891,0.0,0.04737842082977295,0.06956768780946732,0.05202867463231087
35892,0.0,0.02182871103286743,0.06377261877059937,0.026846319437026978
35893,0.0,0.018609225749969482,0.02826855331659317,0.014793911948800087
35894,0.0,0.052708566188812256,0.0540081262588501,0.0468120202422142
35895,0.0,0.03928351402282715,0.07976700365543365,0.05710206925868988
35896,0.0,0.018633723258972168,0.03459828346967697,0.014771923422813416
35897,0.0,0.02164018154144287,0.04797210171818733,0.023496534675359726
35898,0.0,0.04805779457092285,0.07240452617406845,0.04142734780907631
35899,0.0,0.04460841417312622,0.11423764377832413,0.0794474184513092
35900,0.0,0.08951961994171143,0.13937436044216156,0.12131272256374359
36423,0.0,0.21555405855178833,0.16559074819087982,0.19157181680202484
36424,0.0,0.3272168040275574,0.31818416714668274,0.3661627769470215
36425,1.0,0.2744157314300537,0.22930307686328888,0.22243787348270416
36426,0.0,0.1883583664894104,0.1714450865983963,0.11088492721319199
36427,0.0,0.17376071214675903,0.16083115339279175,0.10263524204492569
36428,0.0,0.2501896023750305,0.2218753546476364,0.21328212320804596
36429,0.0,0.14676380157470703,0.13602086901664734,0.10834981501102448
36430,0.0,0.13490670919418335,0.1305208057165146,0.08030631393194199
36431,0.0,0.22141599655151367,0.13612128794193268,0.18675553798675537
36432,0.0,0.24690520763397217,0.19671443104743958,0.24795900285243988
36433,0.0,0.18302452564239502,0.19453676044940948,0.15219804644584656
36434,0.0,0.15385007858276367,0.15997856855392456,0.08174237608909607
36435,0.0,0.13313430547714233,0.1215505599975586,0.06407840549945831
36436,0.0,0.14040625095367432,0.1242748498916626,0.1016395092010498
36437,0.0,0.17803245782852173,0.11815709620714188,0.12431357055902481
36438,0.0,0.1633334755897522,0.1515139490365982,0.16822248697280884
36439,0.0,0.15697360038757324,0.1476956009864807,0.14760692417621613
36440,0.0,0.15123993158340454,0.15597347915172577,0.1329890638589859
36441,0.0,0.16474634408950806,0.1389990746974945,0.11495030671358109
36442,0.0,0.16954082250595093,0.17196449637413025,0.13533076643943787
36443,0.0,0.268513023853302,0.2830870747566223,0.28732097148895264
36444,0.0,0.2946475148200989,0.3633347749710083,0.3853341042995453
36445,0.0,0.2355433702468872,0.26353853940963745,0.2369270771741867
36446,0.0,0.39099931716918945,0.42923492193222046,0.5479772090911865
36447,0.0,0.5044763088226318,0.6300987601280212,0.8140543103218079
36448,1.0,0.5711376667022705,0.8121689558029175,0.8886640071868896
36449,1.0,0.6208044290542603,0.7470112442970276,0.8613624572753906
36450,1.0,0.5362162590026855,0.5894861817359924,0.7298130393028259
36451,1.0,0.4686385989189148,0.5684396624565125,0.6008092164993286
36452,1.0,0.5492746829986572,0.5465741157531738,0.7569677829742432
36453,1.0,0.5982390642166138,0.5491030812263489,0.8192077875137329
36454,1.0,0.5427967309951782,0.5780401825904846,0.7103126049041748
36455,1.0,0.4796634316444397,0.5993546843528748,0.6234244704246521
36456,1.0,0.4333146810531616,0.5502741932868958,0.5187801718711853
36457,1.0,0.44485658407211304,0.5151583552360535,0.5903581976890564
36458,0.0,0.3385162353515625,0.36720165610313416,0.41876164078712463
36459,1.0,0.3696667551994324,0.29301103949546814,0.5619516372680664
36460,1.0,0.38415080308914185,0.31956952810287476,0.5743069648742676
36461,1.0,0.20601999759674072,0.20586684346199036,0.2535187005996704
36462,0.0,0.15034526586532593,0.17785108089447021,0.18611449003219604
36463,0.0,0.16078388690948486,0.1962098628282547,0.19318729639053345
36464,0.0,0.13416141271591187,0.07595545053482056,0.09505710005760193
36465,0.0,0.11644965410232544,0.06564450263977051,0.06756316870450974
36466,0.0,0.09217971563339233,0.06128440052270889,0.0600382536649704
36467,0.0,0.0831804871559143,0.057800281792879105,0.04412222281098366
36468,0.0,0.09389019012451172,0.11443651467561722,0.0773591473698616
36469,0.0,0.10776448249816895,0.10910171270370483,0.09511437267065048
36470,0.0,0.0874091386795044,0.09713900089263916,0.07045818120241165
36471,0.0,0.0987100601196289,0.09486965090036392,0.08097348362207413
36472,0.0,0.078372061252594,0.07115894556045532,0.06361118704080582
36473,0.0,0.09973543882369995,0.06689485162496567,0.07299252599477768
36474,0.0,0.09353464841842651,0.06939800083637238,0.07919718325138092
36997,0.0,0.031432151794433594,0.025720927864313126,0.044002238661050797
36998,0.0,0.05064964294433594,0.026225320994853973,0.05538349971175194
36999,0.0,0.09876435995101929,0.16554172337055206,0.08679117262363434
37000,1.0,0.05591464042663574,0.08325204253196716,0.07301837205886841
37001,0.0,0.16622710227966309,0.14459770917892456,0.17899274826049805
37002,1.0,0.11583530902862549,0.09035373479127884,0.1516517847776413
37003,0.0,0.08453226089477539,0.1000375971198082,0.08788388967514038
37004,0.0,0.04141271114349365,0.06712577491998672,0.053085777908563614
37005,0.0,0.10772335529327393,0.11235933005809784,0.15445610880851746
37006,1.0,0.05527520179748535,0.09262839704751968,0.07882197201251984
37007,0.0,0.06668591499328613,0.03706870228052139,0.0664454773068428
37008,0.0,0.1533302664756775,0.13427338004112244,0.21185463666915894
37009,1.0,0.24588388204574585,0.18355128169059753,0.3763830363750458
37010,1.0,0.14099937677383423,0.09557096660137177,0.20236088335514069
37011,0.0,0.382811963558197,0.31154102087020874,0.5998764634132385
37012,1.0,0.37675678730010986,0.25640514492988586,0.41743752360343933
37013,1.0,0.3624269962310791,0.32680949568748474,0.4311121106147766
37014,1.0,0.3561900854110718,0.24632029235363007,0.43376484513282776
37015,1.0,0.2947568893432617,0.27964115142822266,0.40950459241867065
37016,1.0,0.40204912424087524,0.32000142335891724,0.5928056836128235
37017,1.0,0.25205814838409424,0.21169240772724152,0.349003404378891
37018,0.0,0.2951553463935852,0.2338446080684662,0.3889714777469635
37019,1.0,0.2796730399131775,0.23634783923625946,0.3229339122772217
37020,1.0,0.19949328899383545,0.18702854216098785,0.2656635344028473
37021,1.0,0.2515329122543335,0.22265386581420898,0.3819911479949951
37022,1.0,0.22299474477767944,0.19231633841991425,0.3154963254928589
37023,1.0,0.20066434144973755,0.17932964861392975,0.22088801860809326
37024,1.0,0.18375235795974731,0.13853012025356293,0.23812450468540192
37025,1.0,0.22390902042388916,0.16672185063362122,0.2661136984825134
37026,1.0,0.2716217041015625,0.16040797531604767,0.3405996859073639
37027,1.0,0.16224795579910278,0.12948060035705566,0.20689824223518372
37028,0.0,0.1619555950164795,0.11254455894231796,0.1966787725687027
37029,1.0,0.1621190309524536,0.15072782337665558,0.19838044047355652
37030,1.0,0.13726067543029785,0.17633676528930664,0.18294213712215424
37031,0.0,0.08908271789550781,0.10731290280818939,0.11632808297872543
37032,0.0,0.07591164112091064,0.11800359189510345,0.08812583237886429
37033,0.0,0.05681586265563965,0.09632880240678787,0.0687069371342659
37034,0.0,0.09490984678268433,0.11331064999103546,0.13566827774047852
37035,1.0,0.0896729826927185,0.1254616230726242,0.11495910584926605
37036,0.0,0.062008798122406006,0.06925599277019501,0.06413497030735016
37037,0.0,0.0501437783241272,0.07865658402442932,0.06297808140516281
37038,0.0,0.05174136161804199,0.07819277793169022,0.055577315390110016
37039,0.0,0.02949213981628418,0.013256831094622612,0.030356811359524727
37040,0.0,0.02791649103164673,0.0281441118568182,0.03833584114909172
37041,0.0,0.03608715534210205,0.03862129524350166,0.049805957823991776
37042,0.0,0.03600418567657471,0.020053043961524963,0.037673138082027435
37043,0.0,0.02731841802597046,0.0173117034137249,0.03502480685710907
37044,0.0,0.03829610347747803,0.03392266109585762,0.04209524765610695
37045,0.0,0.04221576452255249,0.030523862689733505,0.04825250431895256
37046,0.0,0.04259634017944336,0.02509319968521595,0.04207110032439232
37047,0.0,0.06616771221160889,0.023905687034130096,0.05856989324092865
37048,0.0,0.037067294120788574,0.028684763237833977,0.03502251207828522
37571,1.0,0.26944708824157715,0.20690962672233582,0.3636632263660431
37572,1.0,0.25075626373291016,0.1751837581396103,0.3150516152381897
37573,1.0,0.1898370385169983,0.1456782966852188,0.20246930420398712
37574,1.0,0.3547060489654541,0.26243218779563904,0.5336282253265381
37575,1.0,0.4733281135559082,0.5228415727615356,0.8277972340583801
37576,1.0,0.4136967658996582,0.4446076452732086,0.6791284680366516
37577,1.0,0.3409225344657898,0.3421166241168976,0.5097531080245972
37578,1.0,0.3167732357978821,0.32570865750312805,0.47170472145080566
37579,1.0,0.3704829216003418,0.3578607738018036,0.5677619576454163
37580,1.0,0.3103777766227722,0.3400645852088928,0.4031972885131836
37581,1.0,0.24979150295257568,0.21675865352153778,0.28448522090911865
37582,1.0,0.22356349229812622,0.20582394301891327,0.2467534840106964
37583,1.0,0.449285626411438,0.4414577782154083,0.6823515892028809
37584,1.0,0.5293771624565125,0.6605220437049866,0.8828322291374207
37585,1.0,0.6392381191253662,0.771518349647522,0.9358316659927368
37586,1.0,0.5427966117858887,0.60311359167099,0.7926710844039917
37587,1.0,0.48410844802856445,0.5095146894454956,0.6709252595901489
37588,1.0,0.45927727222442627,0.5267260670661926,0.6869518160820007
37589,1.0,0.4148440957069397,0.46604523062705994,0.640842616558075
37590,1.0,0.371623158454895,0.5277678966522217,0.5693159699440002
37591,1.0,0.4453105330467224,0.5355437397956848,0.7094491720199585
37592,1.0,0.48059046268463135,0.5335545539855957,0.7269210815429688
37593,1.0,0.5314233899116516,0.5771569609642029,0.7435005903244019
37594,1.0,0.44506680965423584,0.46657851338386536,0.6465759873390198
37595,1.0,0.4649418592453003,0.45306944847106934,0.6021957397460938
37596,1.0,0.5877408981323242,0.5100705623626709,0.7211152911186218
37597,1.0,0.5521456599235535,0.5467845797538757,0.6537361145019531
37598,1.0,0.4486132860183716,0.46521565318107605,0.5401173830032349
37599,1.0,0.44358253479003906,0.4308982193470001,0.5362119674682617
37600,1.0,0.3989477753639221,0.3953699469566345,0.42225345969200134
37601,1.0,0.27751225233078003,0.2530558109283447,0.34317663311958313
37602,1.0,0.2712883949279785,0.254482239484787,0.3032550513744354
37603,1.0,0.2320200800895691,0.23761093616485596,0.28586345911026
37604,1.0,0.22259891033172607,0.2627246081829071,0.31598570942878723
37605,1.0,0.2550455927848816,0.2787570059299469,0.3849243223667145
37606,1.0,0.20983678102493286,0.249263733625412,0.27108103036880493
37607,1.0,0.1823062300682068,0.23838220536708832,0.18924327194690704
37608,1.0,0.1511043906211853,0.17556853592395782,0.1654859185218811
37609,1.0,0.17517614364624023,0.23845086991786957,0.22373510897159576
37610,1.0,0.09706932306289673,0.15200665593147278,0.15812639892101288
37611,0.0,0.09089547395706177,0.11328866332769394,0.10289178043603897
37612,1.0,0.05441337823867798,0.11077180504798889,0.09475285559892654
37613,0.0,0.05083566904067993,0.08416380733251572,0.06138234958052635
37614,0.0,0.034678637981414795,0.03645368292927742,0.04764774814248085
37615,0.0,0.03517448902130127,0.06263011693954468,0.0544433631002903
37616,0.0,0.030317485332489014,0.05792040005326271,0.0511169359087944
37617,0.0,0.07266676425933838,0.1247943863272667,0.09934616088867188
37618,1.0,0.04551178216934204,0.06461049616336823,0.08730390667915344
37619,0.0,0.0986970067024231,0.13267970085144043,0.12238199263811111
37620,1.0,0.05781757831573486,0.06901516020298004,0.09948104619979858
37621,0.0,0.07211571931838989,0.05478024110198021,0.10755348950624466
37622,0.0,0.05259472131729126,0.03359868377447128,0.09538356214761734
38145,0.0,0.10242992639541626,0.12397265434265137,0.11878063529729843
38146,0.0,0.1905527114868164,0.13047970831394196,0.19943679869174957
38147,0.0,0.2995063066482544,0.2266932725906372,0.327567458152771
38148,0.0,0.4612657427787781,0.3855856955051422,0.589042067527771
38149,1.0,0.19867807626724243,0.17740626633167267,0.2759200632572174
38150,0.0,0.15358710289001465,0.14257577061653137,0.17130620777606964
38151,0.0,0.1450098752975464,0.14957962930202484,0.23328517377376556
38152,0.0,0.16236627101898193,0.11846891045570374,0.19563625752925873
38153,0.0,0.060465216636657715,0.07962653785943985,0.04621930047869682
38154,0.0,0.1317082643508911,0.15601150691509247,0.15006716549396515
38155,0.0,0.13845294713974,0.1120988205075264,0.14699947834014893
38156,0.0,0.07363402843475342,0.09306477755308151,0.05264144390821457
38157,0.0,0.044232070446014404,0.06732908636331558,0.030829306691884995
38158,0.0,0.15840637683868408,0.2185240238904953,0.14966782927513123
38159,0.0,0.061535000801086426,0.10264294594526291,0.06586490571498871
38160,0.0,0.11505216360092163,0.0977943167090416,0.08367227017879486
38161,0.0,0.15568488836288452,0.1525842547416687,0.16581730544567108
38162,0.0,0.13573706150054932,0.11740937829017639,0.11688818782567978
38163,0.0,0.13665425777435303,0.1035870611667633,0.1427169144153595
38164,0.0,0.1072433590888977,0.09116237610578537,0.07372568547725677
38165,0.0,0.10723704099655151,0.10033170878887177,0.11869719624519348
38166,0.0,0.10773104429244995,0.12184824794530869,0.1089828759431839
38167,0.0,0.05064427852630615,0.08228795230388641,0.03835581615567207
38168,0.0,0.05979263782501221,0.08536075800657272,0.04085207358002663
38169,0.0,0.11641943454742432,0.13758130371570587,0.08539237082004547
38170,0.0,0.06662601232528687,0.09278928488492966,0.057932112365961075
38171,0.0,0.04447305202484131,0.07408105581998825,0.02901451475918293
38172,0.0,0.046541810035705566,0.06127180904150009,0.031412702053785324
38173,0.0,0.04801654815673828,0.04542882740497589,0.05021338537335396
38174,0.0,0.08156633377075195,0.13013575971126556,0.08574478328227997
38175,0.0,0.08402204513549805,0.1145738735795021,0.1061190664768219
38176,0.0,0.10962814092636108,0.1256519854068756,0.1219872310757637
38177,0.0,0.12329971790313721,0.1299447864294052,0.13725195825099945
38178,0.0,0.10038703680038452,0.0978560745716095,0.08028774708509445
38179,0.0,0.09472590684890747,0.08697622269392014,0.0915403813123703
38180,0.0,0.10815340280532837,0.10533183068037033,0.12323613464832306
38181,0.0,0.10610496997833252,0.11083398014307022,0.12468203157186508
38182,0.0,0.07431727647781372,0.10503167659044266,0.07756439596414566
38183,0.0,0.06035614013671875,0.077901192009449,0.045710280537605286
38184,0.0,0.06919753551483154,0.1216563954949379,0.09338140487670898
38185,0.0,0.132773756980896,0.17788749933242798,0.16597656905651093
38186,0.0,0.05330681800842285,0.08954636752605438,0.04472637176513672
38187,0.0,0.03243672847747803,0.0669676810503006,0.025165747851133347
38188,0.0,0.026676595211029053,0.07237076759338379,0.028738798573613167
38189,0.0,0.05751913785934448,0.11689820885658264,0.07797885686159134
38190,0.0,0.06630885601043701,0.120732881128788,0.07984287291765213
38191,0.0,0.06736153364181519,0.10242465138435364,0.07951033115386963
38192,0.0,0.06065940856933594,0.07642051577568054,0.05827951431274414
38193,0.0,0.02766317129135132,0.07537507265806198,0.025677625089883804
38194,0.0,0.06058084964752197,0.09171248972415924,0.05708128958940506
38195,0.0,0.08113527297973633,0.07522326707839966,0.12289116531610489
38196,0.0,0.03548634052276611,0.1057857796549797,0.03929903730750084
38719,1.0,0.061934053897857666,0.04833375662565231,0.07229146361351013
38720,1.0,0.060082852840423584,0.041207265108823776,0.06437945365905762
38721,1.0,0.0638279914855957,0.07954302430152893,0.0637928918004036
38722,1.0,0.06761813163757324,0.05478832870721817,0.08973322063684464
38723,1.0,0.06191068887710571,0.03457718342542648,0.061993151903152466
38724,1.0,0.06322050094604492,0.05151072144508362,0.07778876274824142
38725,1.0,0.05985260009765625,0.023381657898426056,0.058653324842453
38726,1.0,0.05537980794906616,0.021726958453655243,0.06523385643959045
38727,1.0,0.05045151710510254,0.020038658753037453,0.056378308683633804
38728,1.0,0.0656355619430542,0.048715922981500626,0.07969576865434647
38729,1.0,0.06517660617828369,0.07724504917860031,0.08958020061254501
38730,1.0,0.06609398126602173,0.04193607345223427,0.08511821925640106
38731,1.0,0.06287527084350586,0.06485649198293686,0.0899387076497078
38732,1.0,0.06863576173782349,0.05032159388065338,0.0547480583190918
38733,1.0,0.0635187029838562,0.0422569140791893,0.08971694111824036
38734,1.0,0.06261736154556274,0.05797840282320976,0.09351319819688797
38735,1.0,0.3715197443962097,0.3316899240016937,0.6022369861602783
38736,1.0,0.3369210958480835,0.33500468730926514,0.3931100368499756
38737,1.0,0.5892744064331055,0.45465973019599915,0.8229690194129944
38738,1.0,0.7127384543418884,0.6501982808113098,0.9268929958343506
38739,1.0,0.6720780730247498,0.6302425861358643,0.8956370949745178
38740,1.0,0.5388005971908569,0.525717556476593,0.7674489617347717
38741,1.0,0.4718449115753174,0.46072229743003845,0.7315536141395569
38742,1.0,0.4319971203804016,0.42564550042152405,0.5290433168411255
38743,1.0,0.38267749547958374,0.3923861086368561,0.5415287017822266
38744,1.0,0.34732091426849365,0.3404269814491272,0.445718377828598
38745,1.0,0.4014952778816223,0.3142727017402649,0.49561986327171326
38746,1.0,0.2912723422050476,0.3259531259536743,0.4739001989364624
38747,1.0,0.4112080931663513,0.3413255512714386,0.5530811548233032
38748,1.0,0.3477467894554138,0.2602768838405609,0.5036605000495911
38749,1.0,0.31607264280319214,0.24964426457881927,0.41574886441230774
38750,1.0,0.24668395519256592,0.20324741303920746,0.29466408491134644
38751,1.0,0.15335798263549805,0.16922472417354584,0.27545565366744995
38752,1.0,0.2335679531097412,0.19471265375614166,0.29272112250328064
38753,1.0,0.23630911111831665,0.19471003115177155,0.33275946974754333
38754,1.0,0.14822334051132202,0.14651061594486237,0.19857081770896912
38755,1.0,0.0904586911201477,0.18460866808891296,0.11316341161727905
38756,1.0,0.07862335443496704,0.18103422224521637,0.10920961201190948
38757,1.0,0.11108499765396118,0.14836254715919495,0.13098658621311188
38758,1.0,0.13200217485427856,0.1610824316740036,0.1627955436706543
38759,1.0,0.0662078857421875,0.08580069988965988,0.06990618258714676
38760,1.0,0.06030774116516113,0.07584825158119202,0.0715523362159729
38761,1.0,0.054160237312316895,0.0685325637459755,0.05767376720905304
38762,1.0,0.056133389472961426,0.05242558941245079,0.06196444854140282
38763,1.0,0.03880983591079712,0.05443461239337921,0.07342123240232468
38764,1.0,0.037426769733428955,0.03156370669603348,0.049586113542318344
38765,1.0,0.03717386722564697,0.039584822952747345,0.07575774937868118
38766,1.0,0.03727006912231445,0.03265560045838356,0.0599219836294651
38767,1.0,0.04484105110168457,0.02696300484240055,0.04653790220618248
38768,1.0,0.05010485649108887,0.03658652678132057,0.048926159739494324
38769,1.0,0.070140540599823,0.0595407597720623,0.07126554101705551
38770,1.0,0.08084166049957275,0.06621819734573364,0.09455171227455139
39293,0.0,0.02593153715133667,0.07690386474132538,0.02010265924036503
39294,0.0,0.020573437213897705,0.07947519421577454,0.019980790093541145
39295,0.0,0.014613509178161621,0.029674453660845757,0.013767353259027004
39296,0.0,0.0627216100692749,0.0800255835056305,0.04959392175078392
39297,0.0,0.08608263731002808,0.1168806180357933,0.08286241441965103
39298,0.0,0.09587383270263672,0.10378635674715042,0.06858088076114655
39299,0.0,0.10860753059387207,0.09849151968955994,0.10564437508583069
39300,0.0,0.12060528993606567,0.11363708227872849,0.11297813057899475
39301,0.0,0.1348949670791626,0.12657733261585236,0.09592647850513458
39302,0.0,0.09271454811096191,0.11226166039705276,0.06521649658679962
39303,0.0,0.039759278297424316,0.06448046118021011,0.039730433374643326
39304,0.0,0.09083366394042969,0.11594230681657791,0.07110679149627686
39305,0.0,0.038023412227630615,0.055521246045827866,0.036592137068510056
39306,0.0,0.11043429374694824,0.10678911954164505,0.07391924411058426
39307,0.0,0.22655194997787476,0.2762158215045929,0.22395896911621094
39308,0.0,0.3646897077560425,0.2801107168197632,0.3828325867652893
39309,0.0,0.19483065605163574,0.1785627156496048,0.1741650253534317
39310,0.0,0.20761102437973022,0.16336524486541748,0.14085818827152252
39311,0.0,0.21232378482818604,0.17412473261356354,0.26347488164901733
39312,0.0,0.17050224542617798,0.1637635976076126,0.19308115541934967
39313,0.0,0.11697989702224731,0.1405472308397293,0.08039359748363495
39314,0.0,0.0881989598274231,0.15242521464824677,0.06768181920051575
39315,0.0,0.08221381902694702,0.16292136907577515,0.06953341513872147
39316,0.0,0.18835508823394775,0.21196980774402618,0.1306629180908203
39317,0.0,0.08462178707122803,0.17017249763011932,0.09254187345504761
39318,0.0,0.10947680473327637,0.12481437623500824,0.07064056396484375
39319,0.0,0.16346955299377441,0.16572105884552002,0.18497703969478607
39320,0.0,0.16323190927505493,0.17797508835792542,0.16448916494846344
39321,0.0,0.15080034732818604,0.17244571447372437,0.10744538903236389
39322,0.0,0.14362072944641113,0.177653506398201,0.14847922325134277
39323,0.0,0.1665021777153015,0.17018063366413116,0.1509992629289627
39324,0.0,0.1842937469482422,0.1871495097875595,0.17097234725952148
39325,0.0,0.13128602504730225,0.1589389145374298,0.16123351454734802
39326,0.0,0.12324082851409912,0.14229093492031097,0.0834428146481514
39327,0.0,0.1506723165512085,0.15983733534812927,0.15516744554042816
39328,0.0,0.12239617109298706,0.15351170301437378,0.10444546490907669
39329,0.0,0.11820608377456665,0.13131503760814667,0.12094814330339432
39330,0.0,0.18886512517929077,0.14779609441757202,0.16900275647640228
39331,0.0,0.19610393047332764,0.182426318526268,0.2182573825120926
39332,0.0,0.12404334545135498,0.14672663807868958,0.09835761040449142
39333,0.0,0.10734152793884277,0.1376400738954544,0.07987742125988007
39334,0.0,0.09881055355072021,0.13164390623569489,0.07887210696935654
39335,0.0,0.1299559473991394,0.17711903154850006,0.10864801704883575
39336,0.0,0.10937374830245972,0.13854382932186127,0.08994664996862411
39337,0.0,0.053667426109313965,0.09527670592069626,0.030714433640241623
39338,0.0,0.09741032123565674,0.138930544257164,0.04688184708356857
39339,0.0,0.07661211490631104,0.10108290612697601,0.054080717265605927
39340,0.0,0.08412027359008789,0.10668778419494629,0.0474211759865284
39341,0.0,0.13586121797561646,0.20976579189300537,0.15034419298171997
39342,0.0,0.085396409034729,0.14403338730335236,0.07402272522449493
39343,0.0,0.09685629606246948,0.12003659456968307,0.08404554426670074
39344,0.0,0.05878716707229614,0.10403960943222046,0.06833808124065399
39867,0.0,0.10002785921096802,0.1294051855802536,0.12498515844345093
39868,0.0,0.10675424337387085,0.11937553435564041,0.1135052964091301
39869,0.0,0.1139371395111084,0.11213353276252747,0.08948313444852829
39870,0.0,0.055299460887908936,0.10017254203557968,0.06031472235918045
39871,0.0,0.24060571193695068,0.22966547310352325,0.2261997014284134
39872,0.0,0.14063715934753418,0.1548430621623993,0.11809846758842468
39873,0.0,0.12451928853988647,0.11866999417543411,0.08990587294101715
39874,0.0,0.0761328935623169,0.0852712094783783,0.053013987839221954
39875,0.0,0.12425661087036133,0.14044329524040222,0.11240613460540771
39876,0.0,0.09760022163391113,0.13878166675567627,0.08860434591770172
39877,0.0,0.04432260990142822,0.09433777630329132,0.04877987876534462
39878,0.0,0.034665703773498535,0.11015846580266953,0.025390444323420525
39879,0.0,0.03126412630081177,0.09241852164268494,0.03369339928030968
39880,0.0,0.0967443585395813,0.15289926528930664,0.057974886149168015
39881,0.0,0.03924763202667236,0.0776791051030159,0.02602977678179741
39882,0.0,0.03843843936920166,0.09934809058904648,0.018697701394557953
39883,0.0,0.08833944797515869,0.14261189103126526,0.06045824661850929
39884,0.0,0.12412422895431519,0.20540857315063477,0.11289256811141968
39885,0.0,0.1060900092124939,0.18480809032917023,0.09362605214118958
39886,0.0,0.11082369089126587,0.13998669385910034,0.0766899436712265
39887,0.0,0.16903239488601685,0.15817104279994965,0.1667337566614151
39888,0.0,0.15857338905334473,0.18718115985393524,0.11800004541873932
39889,0.0,0.08202528953552246,0.1472918689250946,0.05556333810091019
39890,0.0,0.06437331438064575,0.10415764153003693,0.03647715598344803
39891,0.0,0.09414678812026978,0.13222834467887878,0.07313262671232224
39892,0.0,0.07832711935043335,0.13206300139427185,0.07158265262842178
39893,0.0,0.09994286298751831,0.1389467716217041,0.05818156152963638
39894,0.0,0.07320290803909302,0.12752436101436615,0.05178312584757805
39895,0.0,0.07636487483978271,0.09139914065599442,0.04058588668704033
39896,0.0,0.075467050075531,0.10497049242258072,0.06288434565067291
39897,0.0,0.05831533670425415,0.0732630044221878,0.035270895808935165
39898,0.0,0.051978111267089844,0.06201817840337753,0.036089617758989334
39899,0.0,0.054975926876068115,0.050763022154569626,0.041765328496694565
39900,0.0,0.05206221342086792,0.06322035938501358,0.038193702697753906
39901,0.0,0.03267186880111694,0.06552066653966904,0.028826188296079636
39902,0.0,0.05898118019104004,0.06389322876930237,0.042144570499658585
39903,0.0,0.03228491544723511,0.08661357313394547,0.02482791803777218
39904,0.0,0.04694777727127075,0.048932209610939026,0.030290933325886726
39905,0.0,0.05807065963745117,0.08202935755252838,0.06853776425123215
39906,0.0,0.059448182582855225,0.08521053194999695,0.0634775459766388
39907,0.0,0.0492822527885437,0.0715894103050232,0.03305313363671303
39908,0.0,0.046423912048339844,0.06535203009843826,0.03638285771012306
39909,0.0,0.10974544286727905,0.10948193818330765,0.11148109287023544
39910,0.0,0.09020185470581055,0.1667022705078125,0.07573461532592773
39911,0.0,0.0729188323020935,0.1492011696100235,0.04993453994393349
39912,0.0,0.07305264472961426,0.12284275144338608,0.046092722564935684
39913,0.0,0.05888557434082031,0.11554915457963943,0.05330485478043556
39914,0.0,0.080710768699646,0.1233828216791153,0.060611624270677567
39915,0.0,0.08115994930267334,0.13487525284290314,0.06940685212612152
39916,0.0,0.061120450496673584,0.11991295218467712,0.05256150662899017
39917,0.0,0.12732964754104614,0.14485298097133636,0.09985541552305222
39918,0.0,0.09652698040008545,0.13937979936599731,0.08099903166294098
40441,0.0,0.193733811378479,0.3313823938369751,0.20722083747386932
40442,0.0,0.3794281482696533,0.4979170858860016,0.5172368884086609
40443,1.0,0.5696836113929749,0.5151796340942383,0.7167656421661377
40444,1.0,0.4627982974052429,0.5166353583335876,0.5765231847763062
40445,1.0,0.41569674015045166,0.525929868221283,0.6181977391242981
40446,1.0,0.3978491425514221,0.6431063413619995,0.5199428200721741
40447,1.0,0.49426066875457764,0.6382157802581787,0.7548161745071411
40448,1.0,0.39752691984176636,0.6075209379196167,0.5615905523300171
40449,1.0,0.3813234567642212,0.5769132375717163,0.5501846075057983
40450,1.0,0.3784381151199341,0.6045005321502686,0.4376152455806732
40451,1.0,0.3280629515647888,0.4390800893306732,0.34532812237739563
40452,0.0,0.21387070417404175,0.33339396119117737,0.21539972722530365
40453,0.0,0.22565460205078125,0.3605155944824219,0.2129862904548645
40454,0.0,0.2232469916343689,0.4309251010417938,0.21558567881584167
40455,1.0,0.12829726934432983,0.23850245773792267,0.14033232629299164
40456,0.0,0.07986325025558472,0.15778060257434845,0.06950469315052032
40457,0.0,0.06965869665145874,0.14259277284145355,0.056458041071891785
40458,0.0,0.14892303943634033,0.33963626623153687,0.16721366345882416
40459,1.0,0.08022338151931763,0.12765827775001526,0.10031050443649292
40460,0.0,0.04553675651550293,0.1156347393989563,0.05691128596663475
40461,0.0,0.05715447664260864,0.10412020236253738,0.06370288133621216
40462,0.0,0.12425887584686279,0.24862217903137207,0.1884784698486328
40463,0.0,0.05762141942977905,0.08292096108198166,0.04591761529445648
40464,0.0,0.09330666065216064,0.12499825656414032,0.08540098369121552
40465,0.0,0.11111438274383545,0.13536755740642548,0.11582142114639282
40466,1.0,0.0936661958694458,0.12427426874637604,0.08326727896928787
40467,0.0,0.05922865867614746,0.0862492099404335,0.05786867439746857
40468,0.0,0.07513386011123657,0.11643776297569275,0.08019013702869415
40469,0.0,0.08017867803573608,0.11904635280370712,0.11210649460554123
40470,0.0,0.08491116762161255,0.1250087022781372,0.08634471893310547
40471,1.0,0.07847273349761963,0.11317192018032074,0.0795244500041008
40472,0.0,0.04715627431869507,0.13601714372634888,0.04026544466614723
40473,0.0,0.07626551389694214,0.1422828733921051,0.06688026338815689
40474,1.0,0.08364558219909668,0.15189120173454285,0.09349493682384491
40475,0.0,0.07547426223754883,0.1259087473154068,0.06862152367830276
40476,0.0,0.11842566728591919,0.13379918038845062,0.1424350142478943
40477,1.0,0.11039799451828003,0.1798127293586731,0.09657986462116241
40478,0.0,0.05412578582763672,0.08707819133996964,0.05035572871565819
40479,0.0,0.08871293067932129,0.16784252226352692,0.09876170009374619
40480,1.0,0.05910754203796387,0.10971560329198837,0.05645293369889259
40481,0.0,0.09705489873886108,0.1661798357963562,0.12501037120819092
40482,0.0,0.09020096063613892,0.12981508672237396,0.10554482042789459
40483,0.0,0.05290478467941284,0.10672824829816818,0.08521568775177002
40484,0.0,0.07227462530136108,0.11045238375663757,0.08929986506700516
40485,0.0,0.09742718935012817,0.15596754848957062,0.14924968779087067
40486,1.0,0.11978095769882202,0.18735910952091217,0.13996173441410065
40487,0.0,0.06948167085647583,0.13521532714366913,0.09573589265346527
40488,0.0,0.04254555702209473,0.08257830142974854,0.058280572295188904
40489,0.0,0.04848885536193848,0.09890414029359818,0.06430946290493011
40490,0.0,0.21328163146972656,0.32111984491348267,0.20704244077205658
40491,1.0,0.29124170541763306,0.2916252017021179,0.40006279945373535
40492,1.0,0.21183347702026367,0.20411884784698486,0.2798514664173126
41015,0.0,0.10311692953109741,0.11518719047307968,0.13035088777542114
41016,0.0,0.1142876148223877,0.15953995287418365,0.1370808482170105
41017,0.0,0.11039108037948608,0.14111077785491943,0.11128690838813782
41018,0.0,0.3347528576850891,0.36099445819854736,0.45645859837532043
41019,0.0,0.49985188245773315,0.6633636355400085,0.8295409083366394
41020,1.0,0.34166187047958374,0.4977370798587799,0.6276730298995972
41021,1.0,0.3218623995780945,0.3990025222301483,0.5720909237861633
41022,1.0,0.4268417954444885,0.4844600558280945,0.7406840324401855
41023,1.0,0.22761034965515137,0.3195056915283203,0.3746488392353058
41024,0.0,0.19088882207870483,0.242325559258461,0.27059608697891235
41025,0.0,0.17776155471801758,0.23476450145244598,0.20797334611415863
41026,0.0,0.14056479930877686,0.18162526190280914,0.11156286299228668
41027,0.0,0.12353730201721191,0.14906056225299835,0.13910984992980957
41028,0.0,0.1145254373550415,0.14427806437015533,0.13122284412384033
41029,0.0,0.05833476781845093,0.11195112764835358,0.06189237907528877
41030,0.0,0.06940692663192749,0.10521075129508972,0.05945338308811188
41031,0.0,0.1690329909324646,0.2020038664340973,0.17693519592285156
41032,0.0,0.0945391058921814,0.1431860327720642,0.09595795720815659
41033,0.0,0.027005374431610107,0.04866651073098183,0.019374951720237732
41034,0.0,0.045721232891082764,0.059677544981241226,0.03789926692843437
41035,0.0,0.050401151180267334,0.07743068784475327,0.04213287681341171
41036,0.0,0.1322634220123291,0.1494433879852295,0.12555530667304993
41037,0.0,0.08807200193405151,0.1205977126955986,0.06823495030403137
41038,0.0,0.059526801109313965,0.08445443958044052,0.05263868719339371
41039,0.0,0.06276655197143555,0.06997250020503998,0.05719425529241562
41040,0.0,0.06401097774505615,0.10398447513580322,0.05679177865386009
41041,0.0,0.03205728530883789,0.03702612966299057,0.03127039223909378
41042,0.0,0.03250926733016968,0.0411127544939518,0.036282721906900406
41043,0.0,0.0801311731338501,0.11024793237447739,0.08783482760190964
41044,0.0,0.059718549251556396,0.04873500019311905,0.054207753390073776
41045,0.0,0.031035125255584717,0.03317935764789581,0.020030084997415543
41046,0.0,0.028411149978637695,0.031546451151371,0.018040888011455536
41047,0.0,0.022686123847961426,0.02993324026465416,0.013668934814631939
41048,0.0,0.014888226985931396,0.01406107097864151,0.012180821038782597
41049,0.0,0.014459311962127686,0.012989225797355175,0.010548653081059456
41050,0.0,0.013687312602996826,0.013710406608879566,0.010254214517772198
41051,0.0,0.01116931438446045,0.006538417190313339,0.008509499952197075
41052,0.0,0.011600673198699951,0.013216564431786537,0.009701121598482132
41053,0.0,0.009904265403747559,0.01311185397207737,0.008323654532432556
41054,0.0,0.00863116979598999,0.005569096188992262,0.007364389020949602
41055,0.0,0.008505761623382568,0.005960941780358553,0.007236449513584375
41056,0.0,0.008002042770385742,0.006445394363254309,0.007089490536600351
41057,0.0,0.023961782455444336,0.05602198466658592,0.020852452144026756
41058,0.0,0.03513377904891968,0.06293705105781555,0.032864369451999664
41059,0.0,0.019427895545959473,0.036946892738342285,0.019097018986940384
41060,0.0,0.018252432346343994,0.03618906810879707,0.014713107608258724
41061,0.0,0.03684729337692261,0.06432761996984482,0.034263111650943756
41062,0.0,0.015709519386291504,0.03256448730826378,0.01474993396550417
41063,0.0,0.014089107513427734,0.014610576443374157,0.012651278637349606
41064,0.0,0.045082032680511475,0.05796726047992706,0.038727689534425735
41065,0.0,0.0254707932472229,0.04089749604463577,0.029266638681292534
41066,0.0,0.02027571201324463,0.01878981851041317,0.017547346651554108
41589,0.0,0.18218523263931274,0.1851944476366043,0.20446446537971497
41590,0.0,0.13846814632415771,0.1767786145210266,0.09714880585670471
41591,0.0,0.18823027610778809,0.22944259643554688,0.22329245507717133
41592,0.0,0.3917441964149475,0.43943461775779724,0.5642411708831787
41593,0.0,0.3414953947067261,0.47020936012268066,0.4778312146663666
41594,0.0,0.2586939334869385,0.37462538480758667,0.3974379301071167
41595,0.0,0.3502931594848633,0.5161566734313965,0.4565880000591278
41596,0.0,0.20242440700531006,0.2749601900577545,0.16768279671669006
41597,0.0,0.2874000072479248,0.4133667051792145,0.2690815329551697
41598,0.0,0.2554752230644226,0.3841882646083832,0.23823140561580658
41599,0.0,0.16391664743423462,0.27062129974365234,0.12731614708900452
41600,0.0,0.10884606838226318,0.15016214549541473,0.08164835721254349
41601,0.0,0.16884136199951172,0.2608954608440399,0.14966419339179993
41602,0.0,0.18800383806228638,0.24800418317317963,0.21048447489738464
41603,0.0,0.1153607964515686,0.21757295727729797,0.1180858463048935
41604,0.0,0.08061689138412476,0.14752401411533356,0.08069559931755066
41605,0.0,0.07769232988357544,0.1235559731721878,0.08454436808824539
41606,0.0,0.05911320447921753,0.10933227837085724,0.06322221457958221
41607,0.0,0.126786470413208,0.17406101524829865,0.13677319884300232
41608,0.0,0.17833995819091797,0.2220076471567154,0.2184116095304489
41609,0.0,0.1141136884689331,0.1776396632194519,0.13651743531227112
41610,0.0,0.07073259353637695,0.12419628351926804,0.07236262410879135
41611,0.0,0.07065784931182861,0.09917023032903671,0.0683637261390686
41612,0.0,0.05850493907928467,0.11106254905462265,0.04362615942955017
41613,0.0,0.12666428089141846,0.1358611136674881,0.13864681124687195
41614,0.0,0.10905194282531738,0.11586392670869827,0.06625618785619736
41615,0.0,0.07491350173950195,0.09267765283584595,0.0597715824842453
41616,0.0,0.09640759229660034,0.11831247806549072,0.09453601390123367
41617,0.0,0.06108593940734863,0.0852343887090683,0.05879871919751167
41618,0.0,0.04163485765457153,0.06380508095026016,0.02659226767718792
41619,0.0,0.03130310773849487,0.026136836037039757,0.031227121129631996
41620,0.0,0.029948949813842773,0.03965001553297043,0.029650883749127388
41621,0.0,0.016790688037872314,0.03099111281335354,0.012552507221698761
41622,0.0,0.017461419105529785,0.03229096904397011,0.021063288673758507
41623,0.0,0.06706893444061279,0.142343670129776,0.08778685331344604
41624,0.0,0.18804919719696045,0.2909972369670868,0.2772701382637024
41625,0.0,0.13078999519348145,0.20495252311229706,0.1248856633901596
41626,0.0,0.11302274465560913,0.13590815663337708,0.08185667544603348
41627,0.0,0.12473481893539429,0.19965045154094696,0.1118096336722374
41628,0.0,0.156671941280365,0.18356575071811676,0.17077523469924927
41629,0.0,0.11754441261291504,0.1645383983850479,0.1292731910943985
41630,0.0,0.1210142970085144,0.13628561794757843,0.11963818222284317
41631,0.0,0.08745115995407104,0.13957761228084564,0.10072489082813263
41632,0.0,0.10686010122299194,0.15294530987739563,0.11334001272916794
41633,0.0,0.16125839948654175,0.19667121767997742,0.22215840220451355
41634,0.0,0.0973355770111084,0.16440993547439575,0.10670109838247299
41635,0.0,0.09831088781356812,0.1379154473543167,0.09614971280097961
41636,0.0,0.14432388544082642,0.1606111228466034,0.1858210414648056
41637,0.0,0.11180824041366577,0.13878531754016876,0.12717638909816742
41638,0.0,0.0652933120727539,0.13761195540428162,0.06799338757991791
41639,0.0,0.04945814609527588,0.09886618703603745,0.05453796684741974
41640,0.0,0.10212796926498413,0.12468091398477554,0.13597704470157623
42163,0.0,0.2398279905319214,0.41014957427978516,0.17867940664291382
42164,0.0,0.34974205493927,0.4197418987751007,0.5529507398605347
42165,0.0,0.38352346420288086,0.6438304781913757,0.7039715647697449
42166,0.0,0.25002050399780273,0.36925384402275085,0.26583346724510193
42167,0.0,0.1708468198776245,0.2133503258228302,0.11653605103492737
42168,0.0,0.16656315326690674,0.2985069453716278,0.1254843920469284
42169,0.0,0.13243699073791504,0.20150230824947357,0.07155013084411621
42170,0.0,0.15531474351882935,0.1921609789133072,0.09346260130405426
42171,0.0,0.20665478706359863,0.23392130434513092,0.18245314061641693
42172,0.0,0.16079634428024292,0.2374560832977295,0.15907853841781616
42173,0.0,0.17931538820266724,0.3440394103527069,0.18058927357196808
42174,0.0,0.13734805583953857,0.19312609732151031,0.08372937142848969
42175,0.0,0.10152840614318848,0.11270970851182938,0.05584918335080147
42176,0.0,0.10322433710098267,0.11726614832878113,0.05233877897262573
42177,0.0,0.10791885852813721,0.14280256628990173,0.05627523362636566
42178,0.0,0.07118099927902222,0.14981673657894135,0.051412489265203476
42179,0.0,0.05435681343078613,0.13227654993534088,0.02736627124249935
42180,0.0,0.041159629821777344,0.09524430334568024,0.022718343883752823
42181,0.0,0.03127676248550415,0.07628446072340012,0.016600890085101128
42182,0.0,0.01801377534866333,0.04682520031929016,0.012500278651714325
42183,0.0,0.019745945930480957,0.06534204632043839,0.011520164087414742
42184,0.0,0.1253466010093689,0.1574883759021759,0.14917778968811035
42185,0.0,0.12603837251663208,0.23593445122241974,0.09867490082979202
42186,0.0,0.09279555082321167,0.16329452395439148,0.06636406481266022
42187,0.0,0.10289400815963745,0.13056954741477966,0.0820472240447998
42188,0.0,0.06049323081970215,0.12546777725219727,0.05967941880226135
42189,0.0,0.06944036483764648,0.10107047855854034,0.04626210033893585
42190,0.0,0.06960076093673706,0.11834698915481567,0.06525624543428421
42191,0.0,0.07511979341506958,0.10287658870220184,0.05430946499109268
42192,0.0,0.04554033279418945,0.10540186613798141,0.03779167681932449
42193,0.0,0.0641356110572815,0.11141791194677353,0.0488530695438385
42194,0.0,0.03851073980331421,0.09489968419075012,0.023990575224161148
42195,0.0,0.027354001998901367,0.08624625951051712,0.018205517902970314
42196,0.0,0.03483235836029053,0.053263090550899506,0.022339288145303726
42197,0.0,0.02993685007095337,0.0926031842827797,0.026798579841852188
42198,0.0,0.04763948917388916,0.06384210288524628,0.02824787050485611
42199,0.0,0.04800724983215332,0.08816861361265182,0.04188281297683716
42200,0.0,0.03158968687057495,0.08131501823663712,0.01908799260854721
42201,0.0,0.02447420358657837,0.05043235793709755,0.016942434012889862
42202,0.0,0.021913111209869385,0.07214556634426117,0.017647242173552513
42203,0.0,0.04264181852340698,0.05409792438149452,0.03103027306497097
42204,0.0,0.017104387283325195,0.05218692868947983,0.011231453157961369
42205,0.0,0.01563042402267456,0.022667478770017624,0.009625302627682686
42206,0.0,0.015528082847595215,0.02348772995173931,0.01126453373581171
42207,0.0,0.043921828269958496,0.07014892250299454,0.04138250648975372
42208,0.0,0.04883331060409546,0.15460799634456635,0.04906949773430824
42209,0.0,0.02524852752685547,0.06598746031522751,0.02191617153584957
42210,0.0,0.0444486141204834,0.10107120126485825,0.03640320152044296
42211,0.0,0.02748584747314453,0.08262147754430771,0.030143732205033302
42212,0.0,0.023288071155548096,0.04002147167921066,0.01876019686460495
42213,0.0,0.027680516242980957,0.04454189911484718,0.03296629339456558
42214,0.0,0.08156412839889526,0.07828053086996078,0.07183489203453064
42737,1.0,0.05808520317077637,0.11442960053682327,0.07170899957418442
42738,0.0,0.12669849395751953,0.1300499439239502,0.10682079195976257
42739,0.0,0.04556316137313843,0.0826602429151535,0.0621524378657341
42740,0.0,0.0322687029838562,0.05384127423167229,0.035793185234069824
42741,0.0,0.1035224199295044,0.11537480354309082,0.1088222786784172
42742,0.0,0.1501900553703308,0.15034358203411102,0.17909222841262817
42743,0.0,0.05238199234008789,0.07568294554948807,0.06953062117099762
42744,0.0,0.1959611177444458,0.16071133315563202,0.21217399835586548
42745,1.0,0.18306750059127808,0.16649584472179413,0.20124348998069763
42746,1.0,0.0851944088935852,0.14276985824108124,0.08538419008255005
42747,0.0,0.17803913354873657,0.1568528562784195,0.18512293696403503
42748,1.0,0.15236634016036987,0.15776512026786804,0.13693082332611084
42749,0.0,0.06036734580993652,0.10666362941265106,0.06402682512998581
42750,0.0,0.1034809947013855,0.1211557388305664,0.09567081183195114
42751,0.0,0.20992976427078247,0.2058030515909195,0.3067387640476227
42752,1.0,0.2991792559623718,0.21074196696281433,0.40055450797080994
42753,1.0,0.5687371492385864,0.5050313472747803,0.7549216747283936
42754,1.0,0.3061675429344177,0.24079985916614532,0.4373481571674347
42755,1.0,0.22226089239120483,0.1486140936613083,0.2668627202510834
42756,1.0,0.20813971757888794,0.15651166439056396,0.2525171637535095
42757,0.0,0.1726992130279541,0.13433486223220825,0.1875574141740799
42758,1.0,0.12263482809066772,0.11432023346424103,0.1489134430885315
42759,0.0,0.13831114768981934,0.1516420692205429,0.15122464299201965
42760,1.0,0.17060238122940063,0.13971075415611267,0.17503952980041504
42761,1.0,0.09822070598602295,0.10896413028240204,0.08685127645730972
42762,0.0,0.06724035739898682,0.09465848654508591,0.05036565288901329
42763,0.0,0.06238245964050293,0.10226299613714218,0.04352925345301628
42764,0.0,0.053018808364868164,0.08141312003135681,0.048633720725774765
42765,0.0,0.023914456367492676,0.029867416247725487,0.02035384438931942
42766,0.0,0.022991955280303955,0.01799246482551098,0.017375387251377106
42767,0.0,0.018829703330993652,0.009611294604837894,0.01458719838410616
42768,0.0,0.053525447845458984,0.07186738401651382,0.05922597646713257
42769,0.0,0.027732670307159424,0.04879434406757355,0.025730054825544357
42770,0.0,0.05957520008087158,0.05311724171042442,0.0455925427377224
42771,0.0,0.03494906425476074,0.04439274221658707,0.024868303909897804
42772,0.0,0.02859264612197876,0.04042452573776245,0.02312404103577137
42773,0.0,0.019824683666229248,0.016621645539999008,0.015246236696839333
42774,0.0,0.011980056762695312,0.009997636079788208,0.00894441083073616
42775,0.0,0.009133219718933105,0.004872264806181192,0.007679940201342106
42776,0.0,0.008906424045562744,0.00488869845867157,0.007777701131999493
42777,0.0,0.008809685707092285,0.004860656801611185,0.007768044248223305
42778,0.0,0.008874475955963135,0.004803495481610298,0.007905728183686733
42779,0.0,0.03080606460571289,0.050669800490140915,0.03343634307384491
42780,1.0,0.019265353679656982,0.060668110847473145,0.021816331893205643
42781,0.0,0.018455445766448975,0.031957291066646576,0.014646344818174839
42782,0.0,0.01681309938430786,0.042116016149520874,0.018291175365447998
42783,0.0,0.0135154128074646,0.051207415759563446,0.012740688398480415
42784,0.0,0.010206758975982666,0.007251086179167032,0.009017466567456722
42785,0.0,0.010631203651428223,0.010254817083477974,0.008029073476791382
42786,0.0,0.03693675994873047,0.05011620745062828,0.030119217932224274
42787,0.0,0.02434062957763672,0.03780257701873779,0.025260699912905693
42788,0.0,0.02140176296234131,0.017483755946159363,0.019715750589966774
43311,0.0,0.018249571323394775,0.030573291704058647,0.022122999653220177
43312,0.0,0.1270161271095276,0.13430453836917877,0.12053468078374863
43313,1.0,0.16635173559188843,0.17219007015228271,0.17639242112636566
43314,1.0,0.40826332569122314,0.3767884373664856,0.6487295627593994
43315,1.0,0.6348056793212891,0.6326964497566223,0.8857686519622803
43316,1.0,0.5410319566726685,0.6279758810997009,0.8748970031738281
43317,1.0,0.4131370186805725,0.4670778810977936,0.7119898200035095
43318,1.0,0.3785390853881836,0.37798595428466797,0.6972163915634155
43319,1.0,0.30943024158477783,0.3254677355289459,0.5117771029472351
43320,1.0,0.3088846802711487,0.3478963077068329,0.386573851108551
43321,1.0,0.26186835765838623,0.29591694474220276,0.40255922079086304
43322,0.0,0.20319253206253052,0.24650700390338898,0.24642904102802277
43323,1.0,0.248895525932312,0.25699910521507263,0.2815250754356384
43324,1.0,0.10977053642272949,0.14933349192142487,0.15648548305034637
43325,0.0,0.12266457080841064,0.1352001130580902,0.1414429247379303
43326,1.0,0.17128604650497437,0.1716727763414383,0.1912984549999237
43327,1.0,0.23126423358917236,0.2442980706691742,0.3864414095878601
43328,1.0,0.13621962070465088,0.1718652844429016,0.24475903809070587
43329,0.0,0.0898740291595459,0.15749886631965637,0.11705116182565689
43330,0.0,0.16283756494522095,0.1693326085805893,0.2119245082139969
43331,1.0,0.08147227764129639,0.1060977652668953,0.0859060138463974
43332,0.0,0.1412583589553833,0.15263855457305908,0.15447333455085754
43333,1.0,0.08885800838470459,0.07544110715389252,0.09056378901004791
43334,0.0,0.10924816131591797,0.13076120615005493,0.12996657192707062
43335,1.0,0.08923518657684326,0.07838581502437592,0.10679478198289871
43336,0.0,0.11181265115737915,0.1275804340839386,0.13352109491825104
43337,1.0,0.06968033313751221,0.06844985485076904,0.04995137080550194
43338,0.0,0.06262153387069702,0.08031053841114044,0.062419213354587555
43339,0.0,0.05073058605194092,0.045110877603292465,0.04132336378097534
43340,0.0,0.04924881458282471,0.034491971135139465,0.036191605031490326
43341,0.0,0.07405173778533936,0.09183920174837112,0.07543429732322693
43342,1.0,0.09574627876281738,0.12611788511276245,0.12602540850639343
43343,1.0,0.0827474594116211,0.21071156859397888,0.09525099396705627
43344,0.0,0.06850308179855347,0.09226684272289276,0.07852242887020111
43345,0.0,0.054100751876831055,0.0999908447265625,0.057789936661720276
43346,0.0,0.03271377086639404,0.09267871826887131,0.035405274480581284
43347,0.0,0.014097213745117188,0.015160146169364452,0.014652813784778118
43348,0.0,0.015084028244018555,0.008161810226738453,0.018185772001743317
43349,0.0,0.0124167799949646,0.004996474366635084,0.011627945117652416
43350,0.0,0.01287376880645752,0.010058080777525902,0.011739698238670826
43351,0.0,0.011136114597320557,0.005145339760929346,0.01150570809841156
43352,0.0,0.009647250175476074,0.005856162868440151,0.008323500864207745
43353,0.0,0.00885772705078125,0.004706256557255983,0.007606463972479105
43354,0.0,0.009083211421966553,0.008073880337178707,0.006624232046306133
43355,0.0,0.010325610637664795,0.012061357498168945,0.009122860617935658
43356,0.0,0.009830474853515625,0.004880308173596859,0.00902706291526556
43357,0.0,0.009567081928253174,0.009746021591126919,0.00836171954870224
43358,0.0,0.00944375991821289,0.005079266149550676,0.00790831632912159
43359,0.0,0.009886503219604492,0.020414860919117928,0.008840403519570827
43360,0.0,0.010273456573486328,0.013968224637210369,0.00805692933499813
43361,0.0,0.013703405857086182,0.018460795283317566,0.010648677125573158
43362,0.0,0.015710055828094482,0.019917437806725502,0.012637319043278694
43885,0.0,0.07198303937911987,0.1034061536192894,0.071992427110672
43886,0.0,0.21524250507354736,0.25850993394851685,0.2031196802854538
43887,1.0,0.2437359094619751,0.25767889618873596,0.23010720312595367
43888,1.0,0.24235469102859497,0.36583149433135986,0.2629363536834717
43889,1.0,0.22023361921310425,0.2896730899810791,0.2500457167625427
43890,1.0,0.2530466914176941,0.24992670118808746,0.3149436414241791
43891,1.0,0.2318286895751953,0.23822061717510223,0.20873837172985077
43892,1.0,0.25739389657974243,0.2637333571910858,0.23885095119476318
43893,1.0,0.16216182708740234,0.2000739574432373,0.15819445252418518
43894,0.0,0.10898834466934204,0.22737345099449158,0.11989642679691315
43895,0.0,0.09582334756851196,0.12997004389762878,0.10172374546527863
43896,0.0,0.08211040496826172,0.08704479783773422,0.06166510283946991
43897,0.0,0.0606989860534668,0.0668831542134285,0.06427670270204544
43898,0.0,0.19538956880569458,0.33183589577674866,0.1735215038061142
43899,1.0,0.11306518316268921,0.16767831146717072,0.108478844165802
43900,0.0,0.16406911611557007,0.22160577774047852,0.180733785033226
43901,1.0,0.22689634561538696,0.2625211477279663,0.2665182054042816
43902,1.0,0.08672410249710083,0.158250093460083,0.09907985478639603
43903,0.0,0.19417577981948853,0.29385340213775635,0.2519066333770752
43904,1.0,0.1693553328514099,0.19590610265731812,0.1446593552827835
43905,0.0,0.17168951034545898,0.21825861930847168,0.1997927874326706
43906,1.0,0.16238969564437866,0.25560688972473145,0.1911478191614151
43907,1.0,0.1457703709602356,0.15912584960460663,0.12016769498586655
43908,1.0,0.09116971492767334,0.11705735325813293,0.058702778071165085
43909,1.0,0.08105486631393433,0.09264931082725525,0.06961148977279663
43910,0.0,0.07073312997817993,0.13137038052082062,0.05191522464156151
43911,0.0,0.07380807399749756,0.1320592164993286,0.05425471067428589
43912,1.0,0.06421428918838501,0.06925343722105026,0.03868447244167328
43913,0.0,0.049358367919921875,0.05675067380070686,0.031913600862026215
43914,0.0,0.047556281089782715,0.049700405448675156,0.026596087962388992
43915,0.0,0.038765788078308105,0.04777686297893524,0.023642754182219505
43916,0.0,0.024721860885620117,0.03783155605196953,0.017402339726686478
43917,0.0,0.05493849515914917,0.08716984838247299,0.046078190207481384
43918,1.0,0.03874218463897705,0.07051966339349747,0.026127709075808525
43919,0.0,0.06869256496429443,0.0962596908211708,0.053335465490818024
43920,1.0,0.11917048692703247,0.1579255312681198,0.11273488402366638
43921,1.0,0.10954290628433228,0.13833674788475037,0.0880836546421051
43922,1.0,0.05490219593048096,0.12208535522222519,0.040894657373428345
43923,0.0,0.0486377477645874,0.13416866958141327,0.047303538769483566
43924,0.0,0.04075056314468384,0.15072380006313324,0.04092303290963173
43925,0.0,0.10687881708145142,0.20762421190738678,0.10254643112421036
43926,1.0,0.06717574596405029,0.14896954596042633,0.06463658809661865
43927,0.0,0.0887036919593811,0.13806495070457458,0.08948089927434921
43928,1.0,0.06562727689743042,0.10762801766395569,0.057794518768787384
43929,0.0,0.053392887115478516,0.09199302643537521,0.05190691351890564
43930,0.0,0.033100664615631104,0.0436054952442646,0.022133611142635345
43931,0.0,0.0374794602394104,0.04300569370388985,0.03692207112908363
43932,0.0,0.026751339435577393,0.03727918490767479,0.029587622731924057
43933,0.0,0.031396448612213135,0.027838027104735374,0.022756731137633324
43934,0.0,0.03697425127029419,0.04578489437699318,0.0371326208114624
43935,0.0,0.05439960956573486,0.07800581306219101,0.03618767485022545
43936,0.0,0.07084965705871582,0.056346625089645386,0.08187896758317947
44459,0.0,0.16778206825256348,0.20112887024879456,0.13524846732616425
44460,0.0,0.14638084173202515,0.1478499472141266,0.09454936534166336
44461,0.0,0.1379847526550293,0.18035970628261566,0.0681786984205246
44462,0.0,0.11961138248443604,0.14872197806835175,0.06076338514685631
44463,0.0,0.28259629011154175,0.2748129665851593,0.2913600504398346
44464,0.0,0.31155872344970703,0.41081947088241577,0.40582048892974854
44465,0.0,0.36310404539108276,0.6852229833602905,0.6430355906486511
44466,0.0,0.36618733406066895,0.6566680669784546,0.5617351531982422
44467,0.0,0.42832010984420776,0.6326485872268677,0.7908871173858643
44468,1.0,0.545783281326294,0.8456626534461975,0.8782129287719727
44469,1.0,0.48468470573425293,0.7977519035339355,0.7568562626838684
44470,1.0,0.4656199812889099,0.6498516798019409,0.5951805710792542
44471,1.0,0.4357854127883911,0.6309741139411926,0.5403026938438416
44472,1.0,0.514359176158905,0.6250264644622803,0.6985630989074707
44473,1.0,0.5622318983078003,0.683951735496521,0.9185016751289368
44474,1.0,0.577176034450531,0.9500044584274292,0.976344108581543
44475,1.0,0.535969078540802,0.9480676054954529,0.9274070262908936
44476,1.0,0.5861908197402954,0.9518306255340576,0.9698660373687744
44477,1.0,0.5983957052230835,0.9398283958435059,0.9885225296020508
44478,1.0,0.5240586400032043,0.956046462059021,0.9477589726448059
44479,1.0,0.5655516982078552,0.9503041505813599,0.9727464914321899
44480,1.0,0.5578678846359253,0.9634079933166504,0.9656945466995239
44481,1.0,0.5618054866790771,0.9409726858139038,0.9491862058639526
44482,1.0,0.5418243408203125,0.9466231465339661,0.9354532957077026
44483,1.0,0.6540123820304871,0.9528759717941284,0.9784747362136841
44484,1.0,0.6438270807266235,0.9460992217063904,0.9861049056053162
44485,1.0,0.5884605646133423,0.9394031763076782,0.9639098644256592
44486,1.0,0.577569842338562,0.9250088334083557,0.9342970252037048
44487,1.0,0.5514463186264038,0.9201523661613464,0.9377695918083191
44488,1.0,0.6078610420227051,0.9233490228652954,0.9419399499893188
44489,1.0,0.5550346374511719,0.9194887280464172,0.906951367855072
44490,1.0,0.5237550735473633,0.8684124946594238,0.8374696969985962
44491,1.0,0.4757270812988281,0.8903011083602905,0.8264846205711365
44492,1.0,0.44185006618499756,0.9152615070343018,0.7919340133666992
44493,1.0,0.4368867874145508,0.9116148948669434,0.7376768589019775
44494,1.0,0.32376283407211304,0.801130473613739,0.5735287070274353
44495,1.0,0.2944367527961731,0.8322420120239258,0.5727003812789917
44496,1.0,0.29211896657943726,0.7444491386413574,0.554521381855011
44497,1.0,0.2462630271911621,0.4438260793685913,0.21351955831050873
44498,0.0,0.15244096517562866,0.39145010709762573,0.10066533833742142
44499,0.0,0.15240448713302612,0.3103727400302887,0.14195653796195984
44500,0.0,0.1483280062675476,0.3317463994026184,0.09385436773300171
44501,0.0,0.08378618955612183,0.12189127504825592,0.04306521639227867
44502,0.0,0.09967577457427979,0.06442539393901825,0.06282617151737213
44503,0.0,0.07513749599456787,0.04330143705010414,0.04420144855976105
44504,0.0,0.07936149835586548,0.04508068040013313,0.05229721590876579
44505,0.0,0.07789313793182373,0.046137597411870956,0.03682932257652283
44506,0.0,0.10645681619644165,0.07349561154842377,0.06081186980009079
44507,0.0,0.08255499601364136,0.07400664687156677,0.036618392914533615
44508,0.0,0.0713074803352356,0.03866758197546005,0.03881313279271126
44509,0.0,0.06932097673416138,0.050232499837875366,0.034803662449121475
44510,0.0,0.07130634784698486,0.053701579570770264,0.036438118666410446
45033,0.0,0.2902902364730835,0.2074912041425705,0.12707415223121643
45034,0.0,0.3574376702308655,0.4106501638889313,0.3572413921356201
45035,0.0,0.41294437646865845,0.41724923253059387,0.5628283023834229
45036,0.0,0.456118643283844,0.43106913566589355,0.5035166144371033
45037,0.0,0.40204858779907227,0.3762970566749573,0.4254431128501892
45038,0.0,0.41871315240859985,0.3156702220439911,0.466818243265152
45039,0.0,0.34931474924087524,0.28907954692840576,0.22852784395217896
45040,0.0,0.3474208116531372,0.3098282516002655,0.2704888582229614
45041,0.0,0.44136345386505127,0.3645181655883789,0.4135390520095825
45042,0.0,0.32525157928466797,0.23600687086582184,0.2659773826599121
45043,0.0,0.26796579360961914,0.2176668345928192,0.18394291400909424
45044,0.0,0.23215579986572266,0.19535548985004425,0.07413297891616821
45045,0.0,0.2143077850341797,0.2400866448879242,0.0836070328950882
45046,0.0,0.20260852575302124,0.2530866861343384,0.10702817142009735
45047,0.0,0.15745991468429565,0.19800469279289246,0.07193473726511002
45048,0.0,0.13895177841186523,0.14350570738315582,0.0903574749827385
45049,0.0,0.200425922870636,0.19448459148406982,0.1488238126039505
45050,0.0,0.28248029947280884,0.4322121739387512,0.39194968342781067
45051,0.0,0.18794763088226318,0.2841707468032837,0.10707823187112808
45052,0.0,0.20256251096725464,0.18304690718650818,0.11006749421358109
45053,0.0,0.18279480934143066,0.29531097412109375,0.10368657112121582
45054,0.0,0.14725416898727417,0.1825646162033081,0.0682068020105362
45055,0.0,0.0995328426361084,0.15451395511627197,0.040210459381341934
45056,0.0,0.12196344137191772,0.24731700122356415,0.05562402307987213
45057,0.0,0.1410955786705017,0.18762843310832977,0.08224345743656158
45058,0.0,0.19993460178375244,0.29731717705726624,0.14276652038097382
45059,0.0,0.20590639114379883,0.2063426375389099,0.1581633985042572
45060,0.0,0.23070549964904785,0.1783156394958496,0.17680323123931885
45061,0.0,0.32648998498916626,0.24020372331142426,0.3056546449661255
45062,0.0,0.28283053636550903,0.21120697259902954,0.22708429396152496
45063,0.0,0.2166447639465332,0.1591520458459854,0.1408795416355133
45064,0.0,0.19378340244293213,0.2437249720096588,0.1405969113111496
45065,0.0,0.2375769019126892,0.22777582705020905,0.22442956268787384
45066,0.0,0.16367650032043457,0.14510338008403778,0.12045865505933762
45067,0.0,0.14908051490783691,0.1589878648519516,0.10720056295394897
45068,0.0,0.2090492844581604,0.1603018194437027,0.20771779119968414
45069,0.0,0.17888528108596802,0.18108923733234406,0.14729969203472137
45070,0.0,0.16845834255218506,0.14440655708312988,0.14297807216644287
45071,0.0,0.09883147478103638,0.117291159927845,0.0680069550871849
45072,0.0,0.10935729742050171,0.10933596640825272,0.1101541668176651
45073,0.0,0.0834423303604126,0.09473124146461487,0.05326898396015167
45074,0.0,0.11135083436965942,0.09937574714422226,0.06305941939353943
45075,0.0,0.08424985408782959,0.12916196882724762,0.06234399601817131
45076,0.0,0.09676599502563477,0.07743212580680847,0.05682588368654251
45077,0.0,0.08251959085464478,0.06989824771881104,0.0472712516784668
45078,0.0,0.14354956150054932,0.14952656626701355,0.10703565925359726
45079,0.0,0.10961931943893433,0.12066396325826645,0.0873713493347168
45080,0.0,0.09629166126251221,0.0923900231719017,0.057455822825431824
45081,0.0,0.09839701652526855,0.08035436272621155,0.07306670397520065
45082,0.0,0.07850277423858643,0.07551737874746323,0.04029408097267151
45083,0.0,0.09028065204620361,0.05735565721988678,0.04927236959338188
45084,0.0,0.08204847574234009,0.07673919945955276,0.030360115692019463
45607,0.0,0.2279644012451172,0.22233512997627258,0.28089389204978943
45608,0.0,0.17496198415756226,0.1782088428735733,0.15110619366168976
45609,0.0,0.30759501457214355,0.28871485590934753,0.3476942479610443
45610,0.0,0.35359764099121094,0.3646855056285858,0.43285027146339417
45611,0.0,0.1991485357284546,0.2062971293926239,0.17468830943107605
45612,0.0,0.16381728649139404,0.1921052783727646,0.14543843269348145
45613,0.0,0.24521130323410034,0.3063648045063019,0.2372736781835556
45614,0.0,0.16505205631256104,0.18102674186229706,0.1596485823392868
45615,0.0,0.36152350902557373,0.48067331314086914,0.5411064624786377
45616,0.0,0.37861335277557373,0.5028265118598938,0.444475919008255
45617,0.0,0.25982892513275146,0.35229578614234924,0.2494162917137146
45618,0.0,0.16051006317138672,0.19707998633384705,0.08859694749116898
45619,0.0,0.15579110383987427,0.2728710174560547,0.14667846262454987
45620,0.0,0.13573479652404785,0.18873944878578186,0.1255393773317337
45621,0.0,0.09449493885040283,0.15278325974941254,0.09501803666353226
45622,0.0,0.14370393753051758,0.24649304151535034,0.15043193101882935
45623,0.0,0.20188146829605103,0.2952319383621216,0.2250499427318573
45624,0.0,0.1783818006515503,0.26885631680488586,0.2063436210155487
45625,0.0,0.16144955158233643,0.26160740852355957,0.20920751988887787
45626,0.0,0.3642963767051697,0.4647901952266693,0.7398865222930908
45627,1.0,0.567685604095459,0.6969324946403503,0.7968267798423767
45628,0.0,0.3110855221748352,0.4716144800186157,0.48062029480934143
45629,0.0,0.21755468845367432,0.3082673251628876,0.23279604315757751
45630,0.0,0.25497329235076904,0.37611711025238037,0.28568482398986816
45631,0.0,0.20693379640579224,0.19647294282913208,0.18436193466186523
45632,0.0,0.13143789768218994,0.1275232881307602,0.1053556576371193
45633,0.0,0.09390711784362793,0.09971187263727188,0.06563267111778259
45634,0.0,0.0860181450843811,0.12963247299194336,0.06761922687292099
45635,0.0,0.054793477058410645,0.08097278326749802,0.0438929982483387
45636,0.0,0.11568742990493774,0.2080240100622177,0.09457267075777054
45637,0.0,0.12880265712738037,0.14502915740013123,0.09482305496931076
45638,0.0,0.07510071992874146,0.13039237260818481,0.05112062394618988
45639,0.0,0.12806659936904907,0.1596907675266266,0.09429296851158142
45640,0.0,0.10336470603942871,0.14120331406593323,0.08533269912004471
45641,0.0,0.05971479415893555,0.09303201735019684,0.05848652496933937
45642,0.0,0.04874449968338013,0.08713152259588242,0.04830145835876465
45643,0.0,0.07817262411117554,0.15516920387744904,0.06655383855104446
45644,0.0,0.08906716108322144,0.11260683834552765,0.07434697449207306
45645,0.0,0.09802550077438354,0.11373764276504517,0.1404765248298645
45646,0.0,0.0951187014579773,0.1407509595155716,0.0739671066403389
45647,0.0,0.07141995429992676,0.11994142085313797,0.06367705762386322
45648,0.0,0.09041887521743774,0.09488784521818161,0.11466071009635925
45649,0.0,0.06445443630218506,0.10057413578033447,0.07378547638654709
45650,0.0,0.04173779487609863,0.08207080513238907,0.05066968873143196
45651,0.0,0.03912365436553955,0.07575342804193497,0.046573035418987274
45652,0.0,0.03171819448471069,0.07487291097640991,0.03737393394112587
45653,0.0,0.018844425678253174,0.02774900756776333,0.02695283852517605
45654,0.0,0.01890873908996582,0.028602609410881996,0.023777134716510773
45655,0.0,0.050749778747558594,0.07982558012008667,0.06370440870523453
45656,0.0,0.04388892650604248,0.054362304508686066,0.04860604554414749
45657,0.0,0.08141285181045532,0.08934342861175537,0.08079883456230164
45658,0.0,0.08416521549224854,0.05669756606221199,0.0926283672451973
46181,0.0,0.12748777866363525,0.1708354651927948,0.17835578322410583
46182,0.0,0.09139525890350342,0.10587408393621445,0.11976304650306702
46183,0.0,0.03955000638961792,0.09182222932577133,0.037459250539541245
46184,0.0,0.03118067979812622,0.05920425429940224,0.032823171466588974
46185,0.0,0.031982362270355225,0.05656193941831589,0.03567928820848465
46186,0.0,0.01827073097229004,0.025778038427233696,0.018934128805994987
46187,0.0,0.018170714378356934,0.016902605071663857,0.020813025534152985
46188,0.0,0.01872563362121582,0.02042185515165329,0.021565718576312065
46189,0.0,0.018293678760528564,0.019015200436115265,0.02185259386897087
46190,0.0,0.018758296966552734,0.020307527855038643,0.02416391298174858
46191,0.0,0.018452942371368408,0.01795107126235962,0.020633433014154434
46192,0.0,0.018674731254577637,0.02816700004041195,0.0225279051810503
46193,0.0,0.01937013864517212,0.022657886147499084,0.022467682138085365
46194,0.0,0.019659817218780518,0.02647579088807106,0.02317737601697445
46195,0.0,0.016727983951568604,0.02279389649629593,0.02115888148546219
46196,0.0,0.0756879448890686,0.0834043100476265,0.07168230414390564
46197,0.0,0.03838646411895752,0.07581327110528946,0.05229155719280243
46198,0.0,0.03586101531982422,0.05723382160067558,0.02768276259303093
46199,0.0,0.02543628215789795,0.049390099942684174,0.02750428579747677
46200,0.0,0.1109047532081604,0.1527051478624344,0.09171681106090546
46201,0.0,0.049039363861083984,0.09744072705507278,0.055945124477148056
46202,0.0,0.1437293291091919,0.14883382618427277,0.12300658226013184
46203,0.0,0.29407697916030884,0.3288264870643616,0.3267391324043274
46204,1.0,0.5176305770874023,0.4097215235233307,0.7612048387527466
46205,1.0,0.5656490325927734,0.6247351765632629,0.8787553906440735
46206,1.0,0.5243479013442993,0.5561147332191467,0.82749342918396
46207,1.0,0.6342111229896545,0.7816029787063599,0.9681465029716492
46208,1.0,0.5982992649078369,0.6890929341316223,0.9283247590065002
46209,1.0,0.5635212659835815,0.6331627368927002,0.8965575098991394
46210,1.0,0.5043953061103821,0.5694562196731567,0.8462910056114197
46211,1.0,0.4169977903366089,0.5532036423683167,0.7007681131362915
46212,1.0,0.4363340735435486,0.60366290807724,0.7546656131744385
46213,1.0,0.49608349800109863,0.519927978515625,0.8152902126312256
46214,1.0,0.4886539578437805,0.5496459603309631,0.7212181687355042
46215,1.0,0.5520472526550293,0.46164214611053467,0.7709093689918518
46216,1.0,0.442316472530365,0.46106410026550293,0.6877540349960327
46217,1.0,0.4428063631057739,0.4800306260585785,0.7108542323112488
46218,1.0,0.4499712586402893,0.40426763892173767,0.6492542028427124
46219,1.0,0.4267844557762146,0.42657792568206787,0.6903199553489685
46220,1.0,0.32717806100845337,0.35234320163726807,0.5321714282035828
46221,1.0,0.31002819538116455,0.2949380874633789,0.5000101327896118
46222,1.0,0.2200174331665039,0.2005632519721985,0.341607928276062
46223,1.0,0.19802320003509521,0.18661804497241974,0.28866082429885864
46224,1.0,0.1453370451927185,0.12554532289505005,0.1751578450202942
46225,1.0,0.12587499618530273,0.15568017959594727,0.14686912298202515
46226,0.0,0.13122773170471191,0.1801217943429947,0.14539296925067902
46227,0.0,0.10384845733642578,0.1469399333000183,0.11099787801504135
46228,0.0,0.16706663370132446,0.19734029471874237,0.22172804176807404
46229,0.0,0.09403407573699951,0.15227146446704865,0.15242964029312134
46230,0.0,0.09974402189254761,0.16714614629745483,0.0968264490365982
46231,0.0,0.11922061443328857,0.14739511907100677,0.20264802873134613
46232,0.0,0.08992201089859009,0.15655194222927094,0.12228166311979294
46755,0.0,0.33358198404312134,0.46276968717575073,0.4136865735054016
46756,0.0,0.24242562055587769,0.40058279037475586,0.2894442677497864
46757,0.0,0.3221604824066162,0.4918150305747986,0.34743252396583557
46758,0.0,0.3106974959373474,0.45516297221183777,0.33769580721855164
46759,0.0,0.2975651025772095,0.3681636452674866,0.2526678740978241
46760,0.0,0.30633217096328735,0.40107372403144836,0.31389182806015015
46761,0.0,0.27796465158462524,0.47054699063301086,0.2916296422481537
46762,0.0,0.2868558168411255,0.28297480940818787,0.295218825340271
46763,0.0,0.33857864141464233,0.5596242547035217,0.4187934100627899
46764,0.0,0.2989698052406311,0.4678683578968048,0.2872163951396942
46765,0.0,0.22038984298706055,0.3765064477920532,0.21945714950561523
46766,0.0,0.21979546546936035,0.29916396737098694,0.13260158896446228
46767,0.0,0.2111918330192566,0.3590106964111328,0.17252451181411743
46768,0.0,0.1049683690071106,0.20829690992832184,0.08870339393615723
46769,0.0,0.07410788536071777,0.16092191636562347,0.06593760848045349
46770,0.0,0.17184454202651978,0.26696914434432983,0.1759456992149353
46771,0.0,0.17648905515670776,0.29942551255226135,0.17525243759155273
46772,0.0,0.06548905372619629,0.13286051154136658,0.06732425838708878
46773,0.0,0.04590582847595215,0.1074463501572609,0.04722621291875839
46774,0.0,0.05223804712295532,0.08323163539171219,0.05192175880074501
46775,0.0,0.04823702573776245,0.06668146699666977,0.04270739480853081
46776,0.0,0.1119183897972107,0.21309813857078552,0.10414337366819382
46777,0.0,0.08776605129241943,0.16761399805545807,0.07441342622041702
46778,0.0,0.1403394341468811,0.1411323994398117,0.11600195616483688
46779,0.0,0.09566080570220947,0.12153163552284241,0.09030230343341827
46780,0.0,0.09662288427352905,0.131416454911232,0.0895831286907196
46781,0.0,0.0996280312538147,0.11907131224870682,0.11403694748878479
46782,0.0,0.09029501676559448,0.13177815079689026,0.0759241059422493
46783,0.0,0.08062875270843506,0.12430557608604431,0.06626290827989578
46784,0.0,0.06729251146316528,0.11231610924005508,0.03436800837516785
46785,0.0,0.07406723499298096,0.12343660742044449,0.06689752638339996
46786,0.0,0.04816776514053345,0.10372782498598099,0.03515639528632164
46787,0.0,0.033613383769989014,0.0639171376824379,0.021899757906794548
46788,0.0,0.02627861499786377,0.03028041124343872,0.02678573504090309
46789,0.0,0.06478720903396606,0.13127557933330536,0.07126997411251068
46790,0.0,0.08381688594818115,0.13158152997493744,0.06560240685939789
46791,0.0,0.05426812171936035,0.1184472143650055,0.049245063215494156
46792,0.0,0.038381218910217285,0.09712900221347809,0.03417648375034332
46793,0.0,0.08692765235900879,0.16887719929218292,0.10158877074718475
46794,0.0,0.034560561180114746,0.07848209142684937,0.029386239126324654
46795,0.0,0.059224605560302734,0.103482186794281,0.045661330223083496
46796,0.0,0.06804090738296509,0.08365160971879959,0.08154353499412537
46797,0.0,0.03932696580886841,0.05664696916937828,0.04056032747030258
46798,0.0,0.0332372784614563,0.052370473742485046,0.032921455800533295
46799,0.0,0.10249155759811401,0.169489324092865,0.1566391885280609
46800,0.0,0.132470965385437,0.20519159734249115,0.14794817566871643
46801,0.0,0.16916877031326294,0.20851019024848938,0.2341325581073761
46802,0.0,0.1241222620010376,0.1631801277399063,0.12298234552145004
46803,0.0,0.08079355955123901,0.170805424451828,0.07151418924331665
46804,0.0,0.15862685441970825,0.2056419402360916,0.17267173528671265
46805,0.0,0.172504723072052,0.14663547277450562,0.27841252088546753
46806,0.0,0.12655854225158691,0.13539761304855347,0.17353643476963043
47329,0.0,0.02664881944656372,0.0379132516682148,0.024117933586239815
47330,0.0,0.08007031679153442,0.09977878630161285,0.08922310173511505
47331,0.0,0.15426647663116455,0.2798120081424713,0.20887836813926697
47332,1.0,0.13866174221038818,0.16201451420783997,0.14850261807441711
47333,0.0,0.1342669129371643,0.14567451179027557,0.14042630791664124
47334,0.0,0.1290556788444519,0.13805925846099854,0.13091827929019928
47335,0.0,0.12002140283584595,0.12779268622398376,0.12977316975593567
47336,0.0,0.1290072202682495,0.14787334203720093,0.1607608050107956
47337,0.0,0.23600244522094727,0.20986968278884888,0.27949461340904236
47338,1.0,0.4838380217552185,0.384665846824646,0.5963990688323975
47339,1.0,0.24231702089309692,0.18752360343933105,0.27477529644966125
47340,0.0,0.1791917085647583,0.14280034601688385,0.14533604681491852
47341,0.0,0.1487487554550171,0.12471070885658264,0.15603172779083252
47342,0.0,0.10418891906738281,0.09653668850660324,0.12757554650306702
47343,0.0,0.17951607704162598,0.16134977340698242,0.2212829887866974
47344,1.0,0.20932549238204956,0.17435969412326813,0.25866463780403137
47345,0.0,0.4078543186187744,0.3370169699192047,0.6175214648246765
47346,1.0,0.2543531060218811,0.2141304761171341,0.30091923475265503
47347,0.0,0.12656700611114502,0.11800951510667801,0.12278220802545547
47348,0.0,0.06382197141647339,0.08786982297897339,0.052117008715867996
47349,0.0,0.06608796119689941,0.08562302589416504,0.06591406464576721
47350,0.0,0.15394973754882812,0.1500595360994339,0.16751879453659058
47351,0.0,0.05985760688781738,0.08487766981124878,0.04186094552278519
47352,0.0,0.04083985090255737,0.0504416786134243,0.025866638869047165
47353,0.0,0.04748070240020752,0.04627058282494545,0.03460782766342163
47354,0.0,0.12270146608352661,0.14635780453681946,0.09868132323026657
47355,0.0,0.04382205009460449,0.06307077407836914,0.028933407738804817
47356,0.0,0.05358731746673584,0.08269257843494415,0.03445637598633766
47357,0.0,0.09124124050140381,0.10909885168075562,0.07751448452472687
47358,0.0,0.09768795967102051,0.10082993656396866,0.10074015706777573
47359,0.0,0.08882790803909302,0.0896761417388916,0.08883858472108841
47360,0.0,0.116970956325531,0.0977305993437767,0.09810199588537216
47361,0.0,0.0809561014175415,0.11631281673908234,0.08035137504339218
47362,0.0,0.05652695894241333,0.0824270024895668,0.04995860159397125
47363,0.0,0.04733461141586304,0.08609778434038162,0.03726287558674812
47364,0.0,0.07135522365570068,0.08775914460420609,0.0680316835641861
47365,0.0,0.053542256355285645,0.07252903282642365,0.052958618849515915
47366,0.0,0.030047714710235596,0.05109371244907379,0.024665795266628265
47367,0.0,0.05646997690200806,0.0715319812297821,0.053344376385211945
47368,0.0,0.03167659044265747,0.06268949806690216,0.028613923117518425
47369,0.0,0.024195730686187744,0.07154583930969238,0.023682760074734688
47370,0.0,0.015542924404144287,0.05142981931567192,0.014075415208935738
47371,0.0,0.03503012657165527,0.07239238917827606,0.04341930150985718
47372,0.0,0.03789573907852173,0.05532871186733246,0.03809649869799614
47373,0.0,0.019911348819732666,0.044725753366947174,0.01802024245262146
47374,0.0,0.01795119047164917,0.029753105714917183,0.016400817781686783
47375,0.0,0.015973567962646484,0.028205223381519318,0.01399326603859663
47376,0.0,0.011754810810089111,0.010944856330752373,0.009469741024076939
47377,0.0,0.01009279489517212,0.008200548589229584,0.008544993586838245
47378,0.0,0.037003278732299805,0.052016161382198334,0.03287921100854874
47379,0.0,0.024006128311157227,0.03419186547398567,0.025568628683686256
47380,0.0,0.021707475185394287,0.020245781168341637,0.019919825717806816
47903,0.0,0.14673113822937012,0.16316892206668854,0.19834372401237488
47904,0.0,0.057605624198913574,0.10188890993595123,0.058310218155384064
47905,0.0,0.07302021980285645,0.11216496676206589,0.05072840303182602
47906,0.0,0.08543145656585693,0.10505792498588562,0.09801530838012695
47907,0.0,0.12440532445907593,0.11748863011598587,0.1365346610546112
47908,0.0,0.1963956356048584,0.1503085196018219,0.18721722066402435
47909,0.0,0.07141685485839844,0.10018830746412277,0.0770365446805954
47910,0.0,0.042871057987213135,0.056687429547309875,0.025707058608531952
47911,0.0,0.09096485376358032,0.10248929262161255,0.09855638444423676
47912,0.0,0.03832119703292847,0.08225209265947342,0.050832945853471756
47913,0.0,0.07531553506851196,0.0795891061425209,0.05203970521688461
47914,0.0,0.13512307405471802,0.14893384277820587,0.16353024542331696
47915,0.0,0.06252658367156982,0.08407452702522278,0.06081685423851013
47916,0.0,0.11487168073654175,0.10579249262809753,0.08996884524822235
47917,0.0,0.06504350900650024,0.10267006605863571,0.06061507761478424
47918,0.0,0.044431328773498535,0.06876640021800995,0.034977853298187256
47919,0.0,0.02862083911895752,0.04943634569644928,0.025635505095124245
47920,0.0,0.09330570697784424,0.10823093354701996,0.10416208207607269
47921,0.0,0.034743428230285645,0.06114676967263222,0.037765469402074814
47922,0.0,0.08048880100250244,0.08728820830583572,0.05681055784225464
47923,0.0,0.045155346393585205,0.06776048988103867,0.047102030366659164
47924,0.0,0.10458767414093018,0.1326172798871994,0.08894482254981995
47925,0.0,0.09921449422836304,0.1394447684288025,0.09286969900131226
47926,0.0,0.31000083684921265,0.30106380581855774,0.37989625334739685
47927,1.0,0.4236829876899719,0.4006023108959198,0.5127611756324768
47928,1.0,0.5482678413391113,0.5872328281402588,0.8074818849563599
47929,1.0,0.4893667697906494,0.4993319809436798,0.6463344693183899
47930,1.0,0.5080796480178833,0.39279764890670776,0.6760368347167969
47931,1.0,0.443229615688324,0.5433184504508972,0.6146882176399231
47932,1.0,0.3791554570198059,0.3996443748474121,0.509964108467102
47933,1.0,0.2979890704154968,0.2641245424747467,0.31327056884765625
47934,1.0,0.2828460931777954,0.3441323935985565,0.33047106862068176
47935,1.0,0.253975510597229,0.20151139795780182,0.3054932653903961
47936,1.0,0.21826684474945068,0.20053145289421082,0.2277716100215912
47937,1.0,0.24650311470031738,0.23878154158592224,0.29253295063972473
47938,1.0,0.19685888290405273,0.1464478224515915,0.18623627722263336
47939,1.0,0.317828893661499,0.2925032377243042,0.3301030993461609
47940,1.0,0.25787538290023804,0.2820291519165039,0.3604481816291809
47941,1.0,0.16420972347259521,0.17155565321445465,0.15612392127513885
47942,1.0,0.12295633554458618,0.13786791265010834,0.12973089516162872
47943,1.0,0.10716897249221802,0.12994752824306488,0.08858716487884521
47944,0.0,0.09311842918395996,0.08004061132669449,0.056074172258377075
47945,0.0,0.09694403409957886,0.09589904546737671,0.07107388973236084
47946,1.0,0.11181378364562988,0.09088465571403503,0.09697373956441879
47947,0.0,0.06408989429473877,0.07574953883886337,0.03234848752617836
47948,0.0,0.07388603687286377,0.09987317770719528,0.0477057546377182
47949,0.0,0.08602535724639893,0.10016413033008575,0.06908007711172104
47950,0.0,0.09575313329696655,0.11268086731433868,0.0663442388176918
47951,0.0,0.08515870571136475,0.09988129138946533,0.07024608552455902
47952,0.0,0.039916038513183594,0.08869802206754684,0.024276820942759514
47953,0.0,0.04065215587615967,0.08913731575012207,0.030505917966365814
47954,0.0,0.03586709499359131,0.11479120701551437,0.036764904856681824
48477,0.0,0.2586609721183777,0.24307307600975037,0.33821189403533936
48478,0.0,0.23422080278396606,0.26938411593437195,0.29899778962135315
48479,0.0,0.20400142669677734,0.22689451277256012,0.24434448778629303
48480,0.0,0.2805659770965576,0.23435154557228088,0.29468438029289246
48481,1.0,0.24371802806854248,0.22295600175857544,0.29279401898384094
48482,0.0,0.21932882070541382,0.1963357776403427,0.23626086115837097
48483,0.0,0.3549460172653198,0.4302460849285126,0.5543689727783203
48484,1.0,0.3299235701560974,0.3256036043167114,0.43099409341812134
48485,0.0,0.25327157974243164,0.3003622889518738,0.3183169662952423
48486,1.0,0.19639742374420166,0.3193901479244232,0.18847936391830444
48487,0.0,0.21981394290924072,0.24996337294578552,0.18690353631973267
48488,0.0,0.13894379138946533,0.20147408545017242,0.12389302253723145
48489,0.0,0.10293769836425781,0.16096699237823486,0.05983104184269905
48490,0.0,0.14910876750946045,0.1894780844449997,0.1253315955400467
48491,0.0,0.044870078563690186,0.07989200949668884,0.037281252443790436
48492,0.0,0.13746941089630127,0.20852786302566528,0.12753288447856903
48493,0.0,0.12029129266738892,0.1440816968679428,0.09693871438503265
48494,0.0,0.06940966844558716,0.09948699921369553,0.05946218967437744
48495,0.0,0.059402287006378174,0.09626094996929169,0.05577367544174194
48496,0.0,0.06398802995681763,0.0951545462012291,0.056253861635923386
48497,0.0,0.04183685779571533,0.05114318057894707,0.037910789251327515
48498,0.0,0.044116079807281494,0.05903288349509239,0.04660722240805626
48499,0.0,0.040106356143951416,0.05096902698278427,0.03993035852909088
48500,0.0,0.041104018688201904,0.04920422285795212,0.04271531105041504
48501,0.0,0.0397183895111084,0.049417268484830856,0.04066300019621849
48502,0.0,0.04184454679489136,0.04811050742864609,0.046524062752723694
48503,0.0,0.03729987144470215,0.042766470462083817,0.04290970414876938
48504,0.0,0.035066306591033936,0.03689537197351456,0.036437246948480606
48505,0.0,0.031124472618103027,0.03514653816819191,0.03039446659386158
48506,0.0,0.0295257568359375,0.03251300007104874,0.030827153474092484
48507,0.0,0.025274276733398438,0.028723446652293205,0.027743631973862648
48508,0.0,0.023142993450164795,0.029574336484074593,0.02418694458901882
48509,0.0,0.02314704656600952,0.033162377774715424,0.02554553933441639
48510,0.0,0.023741066455841064,0.03725377470254898,0.025808556005358696
48511,0.0,0.023365795612335205,0.03314214199781418,0.025472622364759445
48512,0.0,0.020894348621368408,0.032158732414245605,0.023548008874058723
48513,0.0,0.02015131711959839,0.030236586928367615,0.02454875223338604
48514,0.0,0.020929336547851562,0.024531522765755653,0.025975322350859642
48515,0.0,0.020907878875732422,0.03146817535161972,0.025854991748929024
48516,0.0,0.07016456127166748,0.1270322948694229,0.07355526834726334
48517,0.0,0.03302586078643799,0.05056707561016083,0.023055199533700943
48518,0.0,0.03297269344329834,0.05516841262578964,0.023110779002308846
48519,0.0,0.03136259317398071,0.04005176201462746,0.030298464000225067
48520,0.0,0.0295712947845459,0.03786957263946533,0.026724817231297493
48521,0.0,0.018242359161376953,0.02304166741669178,0.01758413203060627
48522,0.0,0.024676978588104248,0.030062396079301834,0.024193935096263885
48523,0.0,0.020234763622283936,0.025829076766967773,0.019400034099817276
48524,0.0,0.02445608377456665,0.028422556817531586,0.025829512625932693
48525,0.0,0.028655707836151123,0.027745870873332024,0.028639385476708412
48526,0.0,0.03268235921859741,0.031671926379203796,0.02971169538795948
48527,0.0,0.04931902885437012,0.05080269277095795,0.05218236893415451
48528,0.0,0.048597872257232666,0.041979387402534485,0.0543784461915493
49051,0.0,0.28310585021972656,0.3324066400527954,0.21767622232437134
49052,0.0,0.23061013221740723,0.2983526587486267,0.23199385404586792
49053,0.0,0.16509127616882324,0.22233638167381287,0.1279117614030838
49054,0.0,0.15460079908370972,0.22863830626010895,0.1320548951625824
49055,0.0,0.13413119316101074,0.15526030957698822,0.07459485530853271
49056,0.0,0.20912683010101318,0.3058934509754181,0.21891355514526367
49057,0.0,0.1746808886528015,0.2160673588514328,0.16683875024318695
49058,0.0,0.1972740888595581,0.21145209670066833,0.15588080883026123
49059,0.0,0.2140493392944336,0.2333878129720688,0.23026347160339355
49060,0.0,0.20852679014205933,0.264123797416687,0.19874776899814606
49061,0.0,0.21923857927322388,0.27363938093185425,0.24983012676239014
49062,0.0,0.19180798530578613,0.23543739318847656,0.1988079994916916
49063,0.0,0.1676086187362671,0.2348688691854477,0.148458793759346
49064,0.0,0.19927632808685303,0.23468542098999023,0.22295716404914856
49065,0.0,0.12648993730545044,0.09967344999313354,0.09613300114870071
49066,0.0,0.16449880599975586,0.2678438425064087,0.16276969015598297
49067,0.0,0.1797388195991516,0.252664178609848,0.1667676568031311
49068,0.0,0.1977596879005432,0.25177690386772156,0.23030216991901398
49069,0.0,0.08636540174484253,0.1638660877943039,0.0717456042766571
49070,0.0,0.13501614332199097,0.18859383463859558,0.11179506778717041
49071,0.0,0.1670486330986023,0.18842460215091705,0.1453753560781479
49072,0.0,0.149350106716156,0.1509178727865219,0.0982520803809166
49073,0.0,0.10262680053710938,0.12326539307832718,0.08104673773050308
49074,0.0,0.08296579122543335,0.15083958208560944,0.05837487056851387
49075,0.0,0.15697616338729858,0.1958272010087967,0.1364327073097229
49076,0.0,0.17669779062271118,0.18879300355911255,0.10154758393764496
49077,0.0,0.14391106367111206,0.14630471169948578,0.09244781732559204
49078,0.0,0.10738718509674072,0.13341578841209412,0.0758884847164154
49079,0.0,0.11618399620056152,0.13391108810901642,0.07390516251325607
49080,0.0,0.10505461692810059,0.1543194055557251,0.06789805740118027
49081,0.0,0.12379181385040283,0.1538548320531845,0.11559730768203735
49082,0.0,0.17161959409713745,0.24485839903354645,0.14850029349327087
49083,0.0,0.1615457534790039,0.2075837105512619,0.12002833932638168
49084,0.0,0.12484550476074219,0.1202847808599472,0.06358055025339127
49085,0.0,0.09272533655166626,0.11103209108114243,0.049677327275276184
49086,0.0,0.08483755588531494,0.13420622050762177,0.04742550849914551
49087,0.0,0.08418405055999756,0.1533692479133606,0.07348863035440445
49088,0.0,0.08509576320648193,0.1401645690202713,0.049656644463539124
49089,0.0,0.057998061180114746,0.08410603553056717,0.032939884811639786
49090,0.0,0.04771244525909424,0.10318828374147415,0.028842048719525337
49091,0.0,0.04028600454330444,0.0996432900428772,0.029431376606225967
49092,0.0,0.05508500337600708,0.06435847282409668,0.03471207246184349
49093,0.0,0.05131131410598755,0.061830610036849976,0.028921984136104584
49094,0.0,0.061903178691864014,0.08910415321588516,0.036306463181972504
49095,0.0,0.11354172229766846,0.15197603404521942,0.1141711100935936
49096,0.0,0.07969623804092407,0.11008436977863312,0.054729726165533066
49097,0.0,0.06859809160232544,0.09642166644334793,0.03953035920858383
49098,0.0,0.08197164535522461,0.11679902672767639,0.07474129647016525
49099,0.0,0.05264514684677124,0.13064198195934296,0.035073358565568924
49100,0.0,0.16565781831741333,0.19981233775615692,0.130359947681427
49101,0.0,0.14558303356170654,0.11745934933423996,0.1567518413066864
49102,0.0,0.1373019814491272,0.17296145856380463,0.17378810048103333
49625,0.0,0.37265545129776,0.34650105237960815,0.5303632616996765
49626,0.0,0.3436804413795471,0.35893508791923523,0.36628642678260803
49627,0.0,0.29985272884368896,0.32123997807502747,0.3522230088710785
49628,0.0,0.19203656911849976,0.1968456506729126,0.17215758562088013
49629,0.0,0.4444958567619324,0.4377225339412689,0.5138617157936096
49630,0.0,0.3197115659713745,0.3683387339115143,0.4435141980648041
49631,0.0,0.2533408999443054,0.24663998186588287,0.22119024395942688
49632,0.0,0.22411131858825684,0.2623741030693054,0.19964751601219177
49633,0.0,0.18423932790756226,0.19899655878543854,0.16991226375102997
49634,0.0,0.18694299459457397,0.22593729197978973,0.1830197125673294
49635,0.0,0.23188543319702148,0.25916072726249695,0.21902301907539368
49636,0.0,0.10913491249084473,0.20652928948402405,0.08183933049440384
49637,0.0,0.08231866359710693,0.15666580200195312,0.05520393326878548
49638,0.0,0.06826204061508179,0.0889352411031723,0.04144955426454544
49639,0.0,0.14809519052505493,0.19834540784358978,0.08787747472524643
49640,0.0,0.20012283325195312,0.2928047776222229,0.23435275256633759
49641,0.0,0.09045851230621338,0.1508549302816391,0.14644011855125427
49642,0.0,0.1105847954750061,0.1607687920331955,0.11645953357219696
49643,0.0,0.06774550676345825,0.09825646132230759,0.07106359302997589
49644,0.0,0.046799540519714355,0.07596206665039062,0.03528231009840965
49645,0.0,0.05248671770095825,0.067589670419693,0.04433993250131607
49646,0.0,0.16357004642486572,0.1958429515361786,0.13961757719516754
49647,0.0,0.13684946298599243,0.18326660990715027,0.15130169689655304
49648,0.0,0.13468503952026367,0.16687189042568207,0.15179529786109924
49649,0.0,0.11908835172653198,0.1742771714925766,0.12479881942272186
49650,0.0,0.13880300521850586,0.13069401681423187,0.15344657003879547
49651,0.0,0.1517089605331421,0.1512717306613922,0.14878223836421967
49652,0.0,0.08526146411895752,0.11664406955242157,0.08968406170606613
49653,0.0,0.07221442461013794,0.13126978278160095,0.05558445677161217
49654,0.0,0.08368313312530518,0.11692029237747192,0.07785720378160477
49655,0.0,0.07320535182952881,0.11281885951757431,0.08874676376581192
49656,0.0,0.0403745174407959,0.1450227051973343,0.036364130675792694
49657,0.0,0.03326159715652466,0.09201263636350632,0.023270538076758385
49658,0.0,0.02845311164855957,0.0589967742562294,0.021469734609127045
49659,0.0,0.05671137571334839,0.10541831701993942,0.03975527361035347
49660,0.0,0.07284146547317505,0.13880275189876556,0.0752277821302414
49661,0.0,0.051295697689056396,0.13006678223609924,0.04973920062184334
49662,0.0,0.06063634157180786,0.08811880648136139,0.045939020812511444
49663,0.0,0.02652662992477417,0.06436928361654282,0.024364957585930824
49664,0.0,0.03653156757354736,0.08920635282993317,0.03064969927072525
49665,0.0,0.018714606761932373,0.023060668259859085,0.013273237273097038
49666,0.0,0.05928915739059448,0.08524138480424881,0.051284823566675186
49667,0.0,0.018914401531219482,0.03081660531461239,0.015573752112686634
49668,0.0,0.02182328701019287,0.027542712166905403,0.012891060672700405
49669,0.0,0.08776134252548218,0.11790774017572403,0.08366642147302628
49670,0.0,0.05350369215011597,0.1026451364159584,0.05848345160484314
49671,0.0,0.042799949645996094,0.08479008823633194,0.04130350798368454
49672,0.0,0.06612247228622437,0.08692753314971924,0.06594469398260117
49673,0.0,0.14034110307693481,0.1312934160232544,0.17058065533638
49674,0.0,0.06969201564788818,0.11510096490383148,0.08109092712402344
49675,0.0,0.17008036375045776,0.13176536560058594,0.21564123034477234
49676,0.0,0.14209985733032227,0.16585756838321686,0.18637187778949738
50199,1.0,0.43527883291244507,0.5479171276092529,0.6712566614151001
50200,1.0,0.33967113494873047,0.36809980869293213,0.5686116218566895
50201,1.0,0.27003079652786255,0.31613877415657043,0.47232621908187866
50202,0.0,0.10961896181106567,0.1975332796573639,0.12820890545845032
50203,0.0,0.13263267278671265,0.1626860797405243,0.11465639621019363
50204,1.0,0.17847251892089844,0.20260000228881836,0.18109700083732605
50205,1.0,0.3347007632255554,0.5298181772232056,0.6819703578948975
50206,1.0,0.3496944308280945,0.49839112162590027,0.52686607837677
50207,1.0,0.3494020104408264,0.35511210560798645,0.5578100681304932
50208,1.0,0.40175026655197144,0.3822912871837616,0.5922185182571411
50209,1.0,0.2253178358078003,0.2436075061559677,0.32287880778312683
50210,1.0,0.1461261510848999,0.19666801393032074,0.14007367193698883
50211,0.0,0.10113859176635742,0.1816120445728302,0.0728476271033287
50212,0.0,0.14594602584838867,0.18336082994937897,0.11279106140136719
50213,1.0,0.06865215301513672,0.10455527901649475,0.07996118068695068
50214,0.0,0.04206889867782593,0.06442555040121078,0.03991866856813431
50215,0.0,0.14086365699768066,0.1816544234752655,0.11619139462709427
50216,1.0,0.23401129245758057,0.38897791504859924,0.33914101123809814
50217,1.0,0.24356526136398315,0.36285459995269775,0.34901559352874756
50218,1.0,0.18204396963119507,0.19138026237487793,0.2666773796081543
50219,1.0,0.15714281797409058,0.18829472362995148,0.16804593801498413
50220,1.0,0.1143004298210144,0.14171072840690613,0.0959264487028122
50221,0.0,0.09991949796676636,0.136868417263031,0.08680151402950287
50222,1.0,0.25292712450027466,0.2529255449771881,0.22218848764896393
50223,1.0,0.29963934421539307,0.23108424246311188,0.28584906458854675
50224,1.0,0.15115773677825928,0.18049322068691254,0.17088918387889862
50225,1.0,0.15589797496795654,0.12728093564510345,0.12077543884515762
50226,1.0,0.16298949718475342,0.13782253861427307,0.17932619154453278
50227,1.0,0.31421613693237305,0.2544719874858856,0.2193605899810791
50228,1.0,0.24435728788375854,0.1616499274969101,0.2081868201494217
50229,0.0,0.2667607069015503,0.25243327021598816,0.2813085913658142
50230,1.0,0.2134305238723755,0.23260487616062164,0.24092581868171692
50231,1.0,0.2070285677909851,0.16859541833400726,0.25662529468536377
50232,1.0,0.2187333106994629,0.1537889838218689,0.315714031457901
50233,1.0,0.2032090425491333,0.17802204191684723,0.23848950862884521
50234,1.0,0.10702651739120483,0.11330225318670273,0.13716952502727509
50235,0.0,0.09655916690826416,0.11395779997110367,0.10686443746089935
50236,1.0,0.15121561288833618,0.1608257293701172,0.1853102445602417
50237,1.0,0.0757250189781189,0.1290944665670395,0.08219116181135178
50238,1.0,0.06675046682357788,0.1060594692826271,0.06428654491901398
50239,0.0,0.03334718942642212,0.09601152688264847,0.028319107368588448
50240,0.0,0.04967612028121948,0.08153422176837921,0.04759834334254265
50241,1.0,0.0646975040435791,0.10858204960823059,0.08210307359695435
50242,1.0,0.03327536582946777,0.07037174701690674,0.036504413932561874
50243,0.0,0.06597453355789185,0.08742330968379974,0.05316692218184471
50244,1.0,0.06192821264266968,0.1058739498257637,0.0697273463010788
50245,0.0,0.04954195022583008,0.0915089026093483,0.0419558510184288
50246,0.0,0.0866386890411377,0.12370694428682327,0.11047521978616714
50247,1.0,0.05310654640197754,0.1059781089425087,0.06827250868082047
50248,0.0,0.07849627733230591,0.0970361977815628,0.07053161412477493
50249,1.0,0.06074833869934082,0.09476640075445175,0.09679228067398071
50250,0.0,0.07802647352218628,0.1209070086479187,0.10167799890041351
50773,0.0,0.03317749500274658,0.062294717878103256,0.047475118190050125
50774,0.0,0.022852838039398193,0.02494519017636776,0.024048734456300735
50775,0.0,0.021330952644348145,0.03066343627870083,0.019930165261030197
50776,0.0,0.1015424132347107,0.12753671407699585,0.09606701880693436
50777,1.0,0.19499224424362183,0.27801018953323364,0.2537432014942169
50778,1.0,0.19033706188201904,0.18392473459243774,0.2002769559621811
50779,1.0,0.15668243169784546,0.17318379878997803,0.09790003299713135
50780,0.0,0.055677175521850586,0.07890300452709198,0.04435781389474869
50781,0.0,0.0398179292678833,0.0705060064792633,0.036600012332201004
50782,0.0,0.09390807151794434,0.11042281985282898,0.10208071768283844
50783,0.0,0.03622621297836304,0.06393659859895706,0.041905034333467484
50784,0.0,0.02499014139175415,0.037501104176044464,0.018018027767539024
50785,0.0,0.08092731237411499,0.10178495943546295,0.08076489716768265
50786,0.0,0.11629706621170044,0.13708314299583435,0.1403549760580063
50787,0.0,0.04404163360595703,0.07598008215427399,0.055781763046979904
50788,0.0,0.11006742715835571,0.11179491877555847,0.08642499893903732
50789,1.0,0.21161824464797974,0.18919037282466888,0.24269357323646545
50790,1.0,0.1534661054611206,0.15952028334140778,0.14490735530853271
50791,0.0,0.14708572626113892,0.1521199345588684,0.1337585747241974
50792,1.0,0.2587549090385437,0.19738195836544037,0.27754488587379456
50793,1.0,0.41150176525115967,0.356781005859375,0.47675156593322754
50794,1.0,0.43611621856689453,0.36186039447784424,0.514257550239563
50795,1.0,0.4468403458595276,0.42100420594215393,0.5787538886070251
50796,1.0,0.43030738830566406,0.45393890142440796,0.6076529622077942
50797,1.0,0.3294488191604614,0.4279485046863556,0.44675004482269287
50798,1.0,0.352262020111084,0.36538904905319214,0.438842236995697
50799,1.0,0.3247218728065491,0.3334057629108429,0.40896108746528625
50800,1.0,0.31216174364089966,0.34307366609573364,0.35977205634117126
50801,1.0,0.394156813621521,0.41197118163108826,0.5382819771766663
50802,1.0,0.33221662044525146,0.27077269554138184,0.42562136054039
50803,1.0,0.2650322914123535,0.2266118824481964,0.2556169033050537
50804,1.0,0.19903886318206787,0.252066433429718,0.226301372051239
50805,1.0,0.22334879636764526,0.25316569209098816,0.2685117721557617
50806,1.0,0.24020153284072876,0.23051272332668304,0.2865346372127533
50807,1.0,0.16446667909622192,0.17632156610488892,0.18148194253444672
50808,1.0,0.11875778436660767,0.15699630975723267,0.0979539081454277
50809,1.0,0.23544073104858398,0.2777751386165619,0.2432391494512558
50810,1.0,0.29659420251846313,0.32240545749664307,0.35947462916374207
50811,1.0,0.16090631484985352,0.19056390225887299,0.19542483985424042
50812,1.0,0.12147367000579834,0.16729021072387695,0.12283705174922943
50813,1.0,0.1344274878501892,0.18050014972686768,0.12942999601364136
50814,1.0,0.10952705144882202,0.11974604427814484,0.09097287058830261
50815,1.0,0.08447849750518799,0.12148209661245346,0.057437699288129807
50816,1.0,0.08946257829666138,0.10732121765613556,0.07723186910152435
50817,1.0,0.03960174322128296,0.08806489408016205,0.025941316038370132
50818,0.0,0.055856406688690186,0.09233494102954865,0.03899310156702995
50819,0.0,0.032457828521728516,0.10547492653131485,0.029368296265602112
50820,0.0,0.022527039051055908,0.07559055835008621,0.015071708709001541
50821,0.0,0.016946375370025635,0.0314350351691246,0.021345585584640503
50822,0.0,0.014981389045715332,0.031656984239816666,0.014571762643754482
50823,0.0,0.06491643190383911,0.10622065514326096,0.05900184065103531
50824,0.0,0.09834319353103638,0.17458948493003845,0.13470128178596497
51347,1.0,0.040511369705200195,0.01795870251953602,0.04127030074596405
51348,1.0,0.06139761209487915,0.053470343351364136,0.07295183837413788
51349,1.0,0.056469619274139404,0.07181037962436676,0.055124007165431976
51350,1.0,0.039842188358306885,0.0240927841514349,0.03875679895281792
51351,1.0,0.04898756742477417,0.024305937811732292,0.0408327542245388
51352,1.0,0.04921764135360718,0.028324654325842857,0.06191440299153328
51353,1.0,0.05084240436553955,0.023496480658650398,0.047965679317712784
51354,1.0,0.051616013050079346,0.02087485045194626,0.0494481697678566
51355,1.0,0.03526812791824341,0.0556686595082283,0.03849885240197182
51356,1.0,0.03141528367996216,0.028194449841976166,0.034847814589738846
51357,1.0,0.04105699062347412,0.024392105638980865,0.039824895560741425
51358,1.0,0.05048340559005737,0.040943972766399384,0.06322827190160751
51359,1.0,0.054050326347351074,0.04745805636048317,0.06597337126731873
51360,1.0,0.05645871162414551,0.042405616492033005,0.0719708576798439
51361,1.0,0.054142773151397705,0.04273812100291252,0.048765890300273895
51362,1.0,0.05247926712036133,0.022130489349365234,0.04933125898241997
51363,1.0,0.060145676136016846,0.04830038547515869,0.07867958396673203
51364,1.0,0.053826332092285156,0.05321342870593071,0.08307360112667084
51365,1.0,0.29614758491516113,0.256718248128891,0.46874138712882996
51366,1.0,0.6270575523376465,0.5528246164321899,0.9046952724456787
51367,1.0,0.7552400827407837,0.7665371894836426,0.9432269930839539
51368,1.0,0.6967856884002686,0.6650367975234985,0.9392408728599548
51369,1.0,0.7696531414985657,0.8669677972793579,0.9850262999534607
51370,1.0,0.7629067897796631,0.9243200421333313,0.9862948060035706
51371,1.0,0.7426503896713257,0.9366444945335388,0.9906995892524719
51372,1.0,0.7600680589675903,0.9594284892082214,0.9917824268341064
51373,1.0,0.7764310240745544,0.9335055351257324,0.991142988204956
51374,1.0,0.7698609828948975,0.9300105571746826,0.9860736131668091
51375,1.0,0.7510585784912109,0.893412172794342,0.9625505805015564
51376,1.0,0.6994503736495972,0.910400390625,0.957891583442688
51377,1.0,0.6792996525764465,0.8148441314697266,0.9340828657150269
51378,1.0,0.6236525774002075,0.7888756394386292,0.9132953882217407
51379,1.0,0.649266242980957,0.7029863595962524,0.8748843669891357
51380,1.0,0.6077236533164978,0.6958999633789062,0.8615236878395081
51381,1.0,0.5072529315948486,0.5482924580574036,0.7308651804924011
51382,1.0,0.393222451210022,0.44871601462364197,0.5942232012748718
51383,1.0,0.3855552673339844,0.3469632863998413,0.5718511343002319
51384,1.0,0.31056058406829834,0.35049617290496826,0.4162512421607971
51385,1.0,0.2215670943260193,0.2496894896030426,0.28960543870925903
51386,1.0,0.21203666925430298,0.22082242369651794,0.28895965218544006
51387,1.0,0.08745354413986206,0.15891459584236145,0.1331774890422821
51388,1.0,0.14315617084503174,0.17784284055233002,0.21210481226444244
51389,1.0,0.06374067068099976,0.1009632870554924,0.09316835552453995
51390,1.0,0.11183327436447144,0.14977332949638367,0.14062389731407166
51391,1.0,0.17948263883590698,0.1609157770872116,0.25401046872138977
51392,1.0,0.19157123565673828,0.14652162790298462,0.1992492377758026
51393,1.0,0.07686960697174072,0.11958158016204834,0.08085320889949799
51394,1.0,0.08544737100601196,0.140023335814476,0.11401315033435822
51395,1.0,0.08616459369659424,0.174285888671875,0.11704923957586288
51396,1.0,0.06721186637878418,0.06169693171977997,0.07510312646627426
51397,1.0,0.13626039028167725,0.09789828956127167,0.21851487457752228
51398,1.0,0.1235617995262146,0.11155661195516586,0.16918636858463287
51921,0.0,0.13011950254440308,0.19673074781894684,0.11082837730646133
51922,0.0,0.1982455849647522,0.1869795173406601,0.21174481511116028
51923,0.0,0.058886826038360596,0.215151846408844,0.04850713536143303
51924,0.0,0.15603524446487427,0.17621201276779175,0.14709793031215668
51925,1.0,0.3825031518936157,0.34458407759666443,0.40976259112358093
51926,1.0,0.449904203414917,0.4357386827468872,0.6662120819091797
51927,1.0,0.3359033465385437,0.30346593260765076,0.46013182401657104
51928,1.0,0.2020120620727539,0.20228636264801025,0.192481130361557
51929,1.0,0.27546584606170654,0.2748943567276001,0.2778613567352295
51930,1.0,0.2976718544960022,0.40176552534103394,0.42713314294815063
51931,1.0,0.26720553636550903,0.241607666015625,0.2698996365070343
51932,1.0,0.2041788101196289,0.22652310132980347,0.23301202058792114
51933,0.0,0.19171136617660522,0.21996642649173737,0.18658936023712158
51934,0.0,0.2502428889274597,0.25092458724975586,0.2781319320201874
51935,1.0,0.3531886339187622,0.5011047124862671,0.6684290170669556
51936,1.0,0.4594809412956238,0.7290217280387878,0.866239607334137
51937,1.0,0.6235953569412231,0.913501501083374,0.9613630771636963
51938,1.0,0.6166662573814392,0.8660467267036438,0.9149274230003357
51939,1.0,0.6343121528625488,0.8721765279769897,0.9557709693908691
51940,1.0,0.6246787309646606,0.9212315082550049,0.9434182643890381
51941,1.0,0.5790042877197266,0.8189844489097595,0.8549307584762573
51942,1.0,0.5663553476333618,0.8338449001312256,0.8145589232444763
51943,1.0,0.5763269662857056,0.7859852313995361,0.8325557708740234
51944,1.0,0.5450237989425659,0.7435662746429443,0.7766231298446655
51945,1.0,0.5017211437225342,0.588585615158081,0.6760836839675903
51946,1.0,0.464169979095459,0.5323652029037476,0.6298341751098633
51947,1.0,0.4796091318130493,0.5268267393112183,0.6404415369033813
51948,1.0,0.44509196281433105,0.524520754814148,0.5998467803001404
51949,1.0,0.3491585850715637,0.47010549902915955,0.4606727361679077
51950,1.0,0.3219761252403259,0.4631616175174713,0.43361955881118774
51951,1.0,0.30712783336639404,0.37862980365753174,0.3636190891265869
51952,1.0,0.2254999279975891,0.285073459148407,0.29217395186424255
51953,0.0,0.17192739248275757,0.2016865313053131,0.19868110120296478
51954,1.0,0.1684049367904663,0.191602885723114,0.19936618208885193
51955,0.0,0.21688222885131836,0.21802571415901184,0.3240256607532501
51956,1.0,0.18543922901153564,0.2373511791229248,0.21234674751758575
51957,1.0,0.1673782467842102,0.2009936422109604,0.22126832604408264
51958,1.0,0.16325688362121582,0.18992330133914948,0.22202910482883453
51959,1.0,0.1547291874885559,0.18429715931415558,0.18868297338485718
51960,0.0,0.12081283330917358,0.185435950756073,0.13115204870700836
51961,0.0,0.08742552995681763,0.15239804983139038,0.08888877928256989
51962,0.0,0.09064257144927979,0.1339094638824463,0.0736958459019661
51963,0.0,0.044929444789886475,0.09457018226385117,0.03495781123638153
51964,0.0,0.023859620094299316,0.09160833805799484,0.020536227151751518
51965,0.0,0.08333539962768555,0.12640143930912018,0.0842471644282341
51966,0.0,0.1800714135169983,0.17500734329223633,0.21419289708137512
51967,1.0,0.0844760537147522,0.17549176514148712,0.06052928417921066
51968,0.0,0.19338059425354004,0.17811648547649384,0.20257604122161865
51969,1.0,0.18185490369796753,0.16231437027454376,0.27427518367767334
51970,1.0,0.08903628587722778,0.10533516108989716,0.09762820601463318
51971,0.0,0.12028765678405762,0.16658271849155426,0.12077164649963379
51972,0.0,0.07400447130203247,0.16816945374011993,0.09187246859073639
52495,0.0,0.022629141807556152,0.03882763907313347,0.020209958776831627
52496,0.0,0.043895184993743896,0.0478554405272007,0.030711906030774117
52497,0.0,0.0171433687210083,0.011879462748765945,0.01235987339168787
52498,0.0,0.023129761219024658,0.02851046621799469,0.018263038247823715
52499,0.0,0.11053520441055298,0.10994771122932434,0.09237746894359589
52500,0.0,0.06592953205108643,0.09161429107189178,0.04488498717546463
52501,0.0,0.0302656888961792,0.029409566894173622,0.017073143273591995
52502,0.0,0.043313443660736084,0.04620932415127754,0.028057649731636047
52503,0.0,0.02198970317840576,0.02881273254752159,0.016743000596761703
52504,0.0,0.032712578773498535,0.033056650310754776,0.025904880836606026
52505,0.0,0.03302961587905884,0.034831319004297256,0.027594750747084618
52506,0.0,0.040333688259124756,0.052098046988248825,0.03745913505554199
52507,0.0,0.037735819816589355,0.037796445190906525,0.030945781618356705
52508,0.0,0.11869388818740845,0.11336962133646011,0.12193910032510757
52509,0.0,0.0340045690536499,0.050580643117427826,0.044505711644887924
52510,0.0,0.05233222246170044,0.06357117742300034,0.04283556714653969
52511,0.0,0.29598069190979004,0.2917250394821167,0.2522280812263489
52512,1.0,0.21051031351089478,0.227556511759758,0.2746835947036743
52513,0.0,0.32422226667404175,0.34196874499320984,0.4012269377708435
52514,1.0,0.4922730326652527,0.6157544851303101,0.7836400866508484
52515,1.0,0.23401230573654175,0.363584965467453,0.4491284191608429
52516,0.0,0.220034658908844,0.25167402625083923,0.3164422810077667
52517,1.0,0.2464248538017273,0.2731408178806305,0.3240829408168793
52518,1.0,0.24976158142089844,0.23241585493087769,0.2948988080024719
52519,1.0,0.15960407257080078,0.19076386094093323,0.19914212822914124
52520,1.0,0.18016570806503296,0.19453896582126617,0.27736708521842957
52521,1.0,0.13096976280212402,0.1128515973687172,0.20579685270786285
52522,0.0,0.05912905931472778,0.12733782827854156,0.07032697647809982
52523,0.0,0.09259408712387085,0.11554349213838577,0.11954684555530548
52524,0.0,0.10496073961257935,0.10645231604576111,0.12745824456214905
52525,1.0,0.06962794065475464,0.1668347716331482,0.07719845324754715
52526,0.0,0.046863675117492676,0.11014819145202637,0.05618240311741829
52527,0.0,0.03909468650817871,0.12012199312448502,0.028603985905647278
52528,0.0,0.023190677165985107,0.076360322535038,0.016729943454265594
52529,0.0,0.013558149337768555,0.009504464454948902,0.010692748241126537
52530,0.0,0.014629840850830078,0.011587653309106827,0.011555065400898457
52531,0.0,0.01348787546157837,0.008236282505095005,0.011029043234884739
52532,0.0,0.012240588665008545,0.005055236630141735,0.009609388187527657
52533,0.0,0.008493185043334961,0.005437873303890228,0.005936137866228819
52534,0.0,0.008378267288208008,0.016284309327602386,0.007213477976620197
52535,0.0,0.00825655460357666,0.016382211819291115,0.0069549838081002235
52536,0.0,0.024244487285614014,0.04787509888410568,0.02201191522181034
52537,0.0,0.01613926887512207,0.03364977613091469,0.01646334119141102
52538,0.0,0.013631284236907959,0.06487583369016647,0.010900348424911499
52539,0.0,0.014102041721343994,0.023662662133574486,0.01242623757570982
52540,0.0,0.011806368827819824,0.009161315858364105,0.008922205306589603
52541,0.0,0.011485040187835693,0.01202177070081234,0.010668247006833553
52542,0.0,0.011535227298736572,0.01196925900876522,0.010872806422412395
52543,0.0,0.010159552097320557,0.026846574619412422,0.008942728862166405
52544,0.0,0.011362016201019287,0.022000499069690704,0.010122429579496384
52545,0.0,0.013872742652893066,0.02793020009994507,0.011855372227728367
52546,0.0,0.017076611518859863,0.01824582926928997,0.01927587017416954
53069,0.0,0.38695818185806274,0.3439117968082428,0.5693945288658142
53070,1.0,0.14510780572891235,0.17449122667312622,0.12954743206501007
53071,0.0,0.19382613897323608,0.28652632236480713,0.22921521961688995
53072,0.0,0.2985001802444458,0.41812676191329956,0.2740839123725891
53073,1.0,0.40492939949035645,0.39055389165878296,0.45649176836013794
53074,1.0,0.5741934776306152,0.560759425163269,0.7211641073226929
53075,1.0,0.34923285245895386,0.45854201912879944,0.5159122347831726
53076,0.0,0.18042385578155518,0.24667297303676605,0.22945313155651093
53077,0.0,0.2440328598022461,0.36991170048713684,0.29772669076919556
53078,1.0,0.4916420578956604,0.527463436126709,0.5016946792602539
53079,1.0,0.28854912519454956,0.3619018793106079,0.3122924864292145
53080,0.0,0.2014417052268982,0.3242724537849426,0.19221918284893036
53081,1.0,0.21593159437179565,0.37482893466949463,0.24831408262252808
53082,0.0,0.22045832872390747,0.420728862285614,0.25007107853889465
53083,1.0,0.24998027086257935,0.4124467074871063,0.3577928841114044
53084,1.0,0.1654052734375,0.29818975925445557,0.19779632985591888
53085,0.0,0.13075262308120728,0.2733736038208008,0.1607441008090973
53086,0.0,0.13062620162963867,0.2399294525384903,0.13047370314598083
53087,0.0,0.06788474321365356,0.14962388575077057,0.09966136515140533
53088,0.0,0.10035532712936401,0.23771324753761292,0.10842651128768921
53089,1.0,0.11061131954193115,0.16294392943382263,0.10536166280508041
53090,0.0,0.056137681007385254,0.11082888394594193,0.06349243223667145
53091,0.0,0.05295407772064209,0.10250093787908554,0.05317822843790054
53092,0.0,0.12139147520065308,0.18843932449817657,0.09923283755779266
53093,1.0,0.07607299089431763,0.10993527621030807,0.06174812465906143
53094,0.0,0.1594628095626831,0.2518492043018341,0.17562507092952728
53095,1.0,0.16456705331802368,0.18509702384471893,0.12744663655757904
53096,1.0,0.13031107187271118,0.13297706842422485,0.09621378034353256
53097,0.0,0.06993299722671509,0.10090567916631699,0.053931187838315964
53098,0.0,0.10489040613174438,0.16342349350452423,0.08569509536027908
53099,1.0,0.08531248569488525,0.13018403947353363,0.07175049185752869
53100,0.0,0.05536699295043945,0.11514589935541153,0.05086053907871246
53101,0.0,0.04365396499633789,0.08960504084825516,0.03705205023288727
53102,0.0,0.0678895115852356,0.11134808510541916,0.06124052777886391
53103,0.0,0.06094062328338623,0.14805303514003754,0.06379158049821854
53104,0.0,0.035900235176086426,0.0455133318901062,0.028051285073161125
53105,0.0,0.02859354019165039,0.06277480721473694,0.023372458294034004
53106,0.0,0.02621936798095703,0.06329137086868286,0.021978793665766716
53107,0.0,0.023804903030395508,0.030757389962673187,0.02681165188550949
53108,0.0,0.015123724937438965,0.04560695216059685,0.015357977710664272
53109,0.0,0.014041543006896973,0.030214620754122734,0.014426806941628456
53110,0.0,0.05417656898498535,0.12570680677890778,0.0654396116733551
53111,0.0,0.06278979778289795,0.14377082884311676,0.1024126186966896
53112,0.0,0.13041478395462036,0.14091362059116364,0.20814599096775055
53113,1.0,0.11256539821624756,0.20772391557693481,0.14477206766605377
53114,1.0,0.09542113542556763,0.12319330871105194,0.11075227707624435
53115,0.0,0.05889296531677246,0.09254053980112076,0.06777183711528778
53116,0.0,0.09597241878509521,0.15455570816993713,0.13446155190467834
53117,1.0,0.07985037565231323,0.10757030546665192,0.06788308173418045
53118,0.0,0.11974990367889404,0.23284581303596497,0.1574612706899643
53119,0.0,0.128157377243042,0.11186879128217697,0.11950815469026566
53120,0.0,0.09632676839828491,0.1679646521806717,0.11709877848625183
53643,0.0,0.035181403160095215,0.031235646456480026,0.04258501157164574
53644,0.0,0.12955248355865479,0.14741815626621246,0.10648253560066223
53645,1.0,0.04083383083343506,0.08982614427804947,0.04576454684138298
53646,0.0,0.1577097773551941,0.1817755103111267,0.13161931931972504
53647,1.0,0.13459783792495728,0.16857101023197174,0.17549365758895874
53648,1.0,0.1875017285346985,0.17992539703845978,0.21917927265167236
53649,1.0,0.17270535230636597,0.1534912884235382,0.25074028968811035
53650,1.0,0.08629405498504639,0.11688438057899475,0.12603183090686798
53651,0.0,0.13959288597106934,0.14798539876937866,0.1398964673280716
53652,1.0,0.13814109563827515,0.16872553527355194,0.12374415248632431
53653,0.0,0.09547877311706543,0.1549239158630371,0.1050923690199852
53654,0.0,0.19675379991531372,0.23317304253578186,0.15854725241661072
53655,1.0,0.13714194297790527,0.19234159588813782,0.13177722692489624
53656,0.0,0.049152255058288574,0.10009478032588959,0.04223538935184479
53657,0.0,0.07738685607910156,0.10232723504304886,0.10923541337251663
53658,1.0,0.23752593994140625,0.23979179561138153,0.26993513107299805
53659,1.0,0.13160961866378784,0.2022371143102646,0.1661323606967926
53660,0.0,0.06402528285980225,0.12259287387132645,0.06496309489011765
53661,0.0,0.07015013694763184,0.11063642054796219,0.07789342850446701
53662,1.0,0.17948675155639648,0.199752077460289,0.25828468799591064
53663,1.0,0.05921119451522827,0.12488634884357452,0.06837061792612076
53664,0.0,0.06303375959396362,0.09615865349769592,0.059735529124736786
53665,0.0,0.09565144777297974,0.1079944372177124,0.08494210243225098
53666,1.0,0.09920299053192139,0.12237998843193054,0.10273578763008118
53667,1.0,0.05692845582962036,0.12391001731157303,0.06562670320272446
53668,0.0,0.05232727527618408,0.10450740158557892,0.047608382999897
53669,0.0,0.04710131883621216,0.1096041351556778,0.043425895273685455
53670,0.0,0.08470112085342407,0.1485844999551773,0.08330639451742172
53671,1.0,0.05624377727508545,0.1371501237154007,0.05263717472553253
53672,0.0,0.04949080944061279,0.090030737221241,0.04263421893119812
53673,0.0,0.03945267200469971,0.09690911322832108,0.0324002206325531
53674,0.0,0.028777360916137695,0.12903425097465515,0.020376509055495262
53675,0.0,0.01452547311782837,0.008067825809121132,0.009056971408426762
53676,0.0,0.031019151210784912,0.05622531846165657,0.020677778869867325
53677,1.0,0.019205927848815918,0.07599975913763046,0.026039186865091324
53678,0.0,0.018222808837890625,0.036252982914447784,0.0158098042011261
53679,0.0,0.019350528717041016,0.036216311156749725,0.019987566396594048
53680,0.0,0.01268070936203003,0.02966405637562275,0.010462409816682339
53681,0.0,0.009481310844421387,0.009980480186641216,0.010642806068062782
53682,0.0,0.010049700736999512,0.012252041138708591,0.00998360849916935
53683,0.0,0.010128796100616455,0.021850895136594772,0.00980540830641985
53684,0.0,0.01025766134262085,0.008195401169359684,0.011476594023406506
53685,0.0,0.010786116123199463,0.013376316986978054,0.011317984201014042
53686,0.0,0.03715246915817261,0.06752783805131912,0.046300966292619705
53687,1.0,0.0751345157623291,0.131642147898674,0.08053027093410492
53688,1.0,0.03098154067993164,0.05335645005106926,0.0317082516849041
53689,0.0,0.04534965753555298,0.10469891875982285,0.04026312008500099
53690,1.0,0.08088421821594238,0.10456950962543488,0.09553487598896027
53691,1.0,0.06710231304168701,0.14220832288265228,0.06404547393321991
53692,1.0,0.0599513053894043,0.09591443091630936,0.08286987245082855
53693,0.0,0.04121500253677368,0.0568399615585804,0.05973871424794197
53694,0.0,0.08846431970596313,0.08685200661420822,0.12395714223384857
54217,0.0,0.055290818214416504,0.06847543269395828,0.06119163706898689
54218,0.0,0.038176000118255615,0.030141741037368774,0.055683620274066925
54219,0.0,0.03685474395751953,0.02983039617538452,0.04958030581474304
54220,0.0,0.09758526086807251,0.0825149342417717,0.12726908922195435
54221,0.0,0.15661096572875977,0.16493186354637146,0.2336672693490982
54222,0.0,0.20643889904022217,0.1296745240688324,0.30508098006248474
54223,0.0,0.15660232305526733,0.12236566841602325,0.1698535531759262
54224,0.0,0.0680609941482544,0.06147155165672302,0.11132826656103134
54225,0.0,0.05873310565948486,0.07376944273710251,0.07762260735034943
54226,0.0,0.04371744394302368,0.03279537707567215,0.06473951786756516
54227,0.0,0.09083783626556396,0.07478375732898712,0.09647881984710693
54228,0.0,0.03597646951675415,0.043360091745853424,0.05143432691693306
54229,0.0,0.06315505504608154,0.060007426887750626,0.08698368817567825
54230,0.0,0.030714571475982666,0.031714119017124176,0.05565614253282547
54231,0.0,0.11642974615097046,0.10815523564815521,0.15391843020915985
54232,0.0,0.23970246315002441,0.21536563336849213,0.3122175335884094
54233,0.0,0.2964440584182739,0.26489198207855225,0.4965348541736603
54234,0.0,0.18192189931869507,0.1826082319021225,0.3046315312385559
54235,0.0,0.23656988143920898,0.17646171152591705,0.30343079566955566
54236,0.0,0.3053298592567444,0.2319437712430954,0.44106796383857727
54237,0.0,0.262581467628479,0.24820122122764587,0.4033769369125366
54238,0.0,0.27046650648117065,0.17858551442623138,0.3338402509689331
54239,0.0,0.20893847942352295,0.15933628380298615,0.30483683943748474
54240,0.0,0.1873023509979248,0.18284179270267487,0.2984201908111572
54241,0.0,0.11053586006164551,0.10292476415634155,0.1286664456129074
54242,0.0,0.10587894916534424,0.0923137292265892,0.13846613466739655
54243,0.0,0.09006571769714355,0.09599335491657257,0.10382939130067825
54244,0.0,0.11272108554840088,0.13036130368709564,0.1366940438747406
54245,0.0,0.14508551359176636,0.13382932543754578,0.1905207633972168
54246,0.0,0.11056363582611084,0.06390120089054108,0.13661721348762512
54247,0.0,0.12677091360092163,0.11154007911682129,0.1313917487859726
54248,0.0,0.08959686756134033,0.05126824602484703,0.12000493705272675
54249,0.0,0.16156005859375,0.1373790055513382,0.17689202725887299
54250,0.0,0.11909276247024536,0.0894150510430336,0.16159433126449585
54251,0.0,0.16491049528121948,0.10997941344976425,0.2072746306657791
54252,0.0,0.08956646919250488,0.07216858863830566,0.12498345971107483
54253,0.0,0.15735387802124023,0.12555526196956635,0.2034885287284851
54254,0.0,0.1565479040145874,0.12458784878253937,0.2584352195262909
54255,0.0,0.12158644199371338,0.09615649282932281,0.1832950860261917
54256,0.0,0.08524572849273682,0.09663533419370651,0.1178024634718895
54257,0.0,0.11446917057037354,0.1152820736169815,0.13786345720291138
54258,0.0,0.1764596700668335,0.156215101480484,0.2703975439071655
54259,0.0,0.11394500732421875,0.08448674529790878,0.16940182447433472
54260,0.0,0.10973721742630005,0.1030922383069992,0.12016686797142029
54261,0.0,0.15868467092514038,0.1970873475074768,0.21469658613204956
54262,0.0,0.0955049991607666,0.11587013304233551,0.1505274474620819
54263,0.0,0.09728038311004639,0.11145024746656418,0.13013119995594025
54264,0.0,0.07855403423309326,0.07741303741931915,0.11938944458961487
54265,0.0,0.06525635719299316,0.06293946504592896,0.0910625010728836
54266,0.0,0.06481307744979858,0.038560885936021805,0.06950665265321732
54267,0.0,0.11072415113449097,0.042268406599760056,0.169430673122406
54268,0.0,0.06066852807998657,0.05497274547815323,0.10251126438379288
54791,0.0,0.2912594676017761,0.35145628452301025,0.2950771450996399
54792,0.0,0.1460493803024292,0.22388185560703278,0.15240147709846497
54793,0.0,0.24897998571395874,0.33815819025039673,0.3553500473499298
54794,1.0,0.19688647985458374,0.2982643246650696,0.2174469232559204
54795,0.0,0.2531015872955322,0.27552688121795654,0.37481456995010376
54796,1.0,0.3545885682106018,0.4755057692527771,0.5334430932998657
54797,1.0,0.24121665954589844,0.3638881742954254,0.3220643699169159
54798,0.0,0.15254360437393188,0.2169332355260849,0.12243000417947769
54799,0.0,0.16316449642181396,0.2592701315879822,0.13131631910800934
54800,0.0,0.1637902855873108,0.28326159715652466,0.11412478238344193
54801,0.0,0.08788561820983887,0.12799444794654846,0.06272216141223907
54802,0.0,0.09133201837539673,0.15676771104335785,0.07076839357614517
54803,0.0,0.08879619836807251,0.13923677802085876,0.0674864873290062
54804,0.0,0.08857297897338867,0.12870506942272186,0.047738779336214066
54805,0.0,0.043160855770111084,0.10442043095827103,0.02741706557571888
54806,0.0,0.06931650638580322,0.16344042122364044,0.04819052666425705
54807,0.0,0.10840284824371338,0.18653658032417297,0.08504828810691833
54808,0.0,0.09636610746383667,0.1441614180803299,0.07678365707397461
54809,0.0,0.08539170026779175,0.13057133555412292,0.09660185128450394
54810,0.0,0.13787710666656494,0.14950396120548248,0.13308490812778473
54811,0.0,0.07043606042861938,0.10659315437078476,0.05992932617664337
54812,0.0,0.1866815686225891,0.28218674659729004,0.2487698793411255
54813,0.0,0.09648764133453369,0.14604853093624115,0.07688391208648682
54814,0.0,0.06379228830337524,0.14874128997325897,0.04604214429855347
54815,0.0,0.05334889888763428,0.07686769962310791,0.04109392315149307
54816,0.0,0.1898147463798523,0.2172859162092209,0.19684317708015442
54817,0.0,0.10389411449432373,0.15343037247657776,0.09603726863861084
54818,0.0,0.06800174713134766,0.10239314287900925,0.04408103600144386
54819,0.0,0.055794358253479004,0.11262588202953339,0.029460763558745384
54820,0.0,0.08329224586486816,0.12273623049259186,0.07515984028577805
54821,0.0,0.101543128490448,0.13542483747005463,0.09731321781873703
54822,0.0,0.05602598190307617,0.12566082179546356,0.04674370959401131
54823,0.0,0.028655290603637695,0.10594942420721054,0.02066102996468544
54824,0.0,0.04220998287200928,0.12711139023303986,0.038611460477113724
54825,0.0,0.025240421295166016,0.02124844305217266,0.019663158804178238
54826,0.0,0.011036396026611328,0.013094184920191765,0.008579796180129051
54827,0.0,0.030911564826965332,0.06497267633676529,0.028516238555312157
54828,0.0,0.037995874881744385,0.08789423853158951,0.04225587472319603
54829,0.0,0.05385369062423706,0.08315721899271011,0.03750692307949066
54830,0.0,0.03073221445083618,0.06528936326503754,0.028294388204813004
54831,0.0,0.052734971046447754,0.07597605139017105,0.05067748576402664
54832,0.0,0.061886727809906006,0.10460422188043594,0.06665358692407608
54833,0.0,0.04055088758468628,0.08483143150806427,0.046406663954257965
54834,0.0,0.05364573001861572,0.10010933876037598,0.04586587846279144
54835,0.0,0.03190922737121582,0.09685910493135452,0.041831545531749725
54836,0.0,0.05310028791427612,0.07366997748613358,0.04907078668475151
54837,0.0,0.05426746606826782,0.14105936884880066,0.05856814607977867
54838,0.0,0.06132298707962036,0.11613287776708603,0.05575793236494064
54839,0.0,0.08209550380706787,0.16967661678791046,0.07627584040164948
54840,0.0,0.0559578537940979,0.11035110801458359,0.05023143067955971
54841,0.0,0.11310678720474243,0.1674177348613739,0.13443626463413239
54842,0.0,0.13953876495361328,0.21569706499576569,0.19870957732200623
55365,0.0,0.03305250406265259,0.028406426310539246,0.02665391005575657
55366,0.0,0.033238232135772705,0.02370503917336464,0.0263698510825634
55367,0.0,0.031553447246551514,0.029076728969812393,0.022852947935461998
55368,0.0,0.15752238035202026,0.13923415541648865,0.12078384310007095
55369,1.0,0.08960908651351929,0.09859971702098846,0.06638395041227341
55370,0.0,0.17888563871383667,0.19358807802200317,0.1392180472612381
55371,1.0,0.11796146631240845,0.12500254809856415,0.0927019715309143
55372,0.0,0.07482320070266724,0.10382559150457382,0.06747878342866898
55373,0.0,0.042842864990234375,0.08226165920495987,0.03138389438390732
55374,0.0,0.05043870210647583,0.06978457421064377,0.03855649381875992
55375,0.0,0.03488039970397949,0.030688215047121048,0.031421028077602386
55376,0.0,0.044566571712493896,0.044281501322984695,0.04129914566874504
55377,0.0,0.04228919744491577,0.04576195776462555,0.03892345353960991
55378,0.0,0.042168498039245605,0.038775645196437836,0.043724603950977325
55379,0.0,0.03447312116622925,0.030092112720012665,0.036616139113903046
55380,0.0,0.045939087867736816,0.039930809289216995,0.042970627546310425
55381,0.0,0.2480698823928833,0.19044741988182068,0.24039308726787567
55382,1.0,0.12598085403442383,0.15044407546520233,0.11801864951848984
55383,0.0,0.15952211618423462,0.19412608444690704,0.1816253662109375
55384,1.0,0.4336774945259094,0.42453017830848694,0.5671901702880859
55385,1.0,0.29651230573654175,0.24865694344043732,0.27203017473220825
55386,1.0,0.43677419424057007,0.38627734780311584,0.3600296378135681
55387,1.0,0.36783212423324585,0.3926014304161072,0.5562183260917664
55388,1.0,0.39189255237579346,0.2800305187702179,0.5776792168617249
55389,1.0,0.3225345015525818,0.24268610775470734,0.44825035333633423
55390,1.0,0.28528571128845215,0.3180459141731262,0.4282941222190857
55391,1.0,0.24716836214065552,0.23003455996513367,0.3093832731246948
55392,1.0,0.175187349319458,0.17260146141052246,0.1895848512649536
55393,0.0,0.13745498657226562,0.14176589250564575,0.12412479519844055
55394,1.0,0.15001362562179565,0.14669060707092285,0.15462300181388855
55395,1.0,0.20383572578430176,0.18669769167900085,0.2524733543395996
55396,1.0,0.15786957740783691,0.18087203800678253,0.17344869673252106
55397,1.0,0.11687850952148438,0.11865232139825821,0.08644429594278336
55398,1.0,0.13487863540649414,0.1396556943655014,0.11015164107084274
55399,1.0,0.0699148178100586,0.12209032475948334,0.060427259653806686
55400,0.0,0.11319988965988159,0.11822772026062012,0.08903756737709045
55401,1.0,0.11473506689071655,0.120484858751297,0.09638262540102005
55402,1.0,0.06489735841751099,0.10697541385889053,0.06506448984146118
55403,0.0,0.09926241636276245,0.11004383116960526,0.09148848056793213
55404,1.0,0.051233768463134766,0.108613520860672,0.054275888949632645
55405,0.0,0.0293351411819458,0.0818752646446228,0.027232706546783447
55406,0.0,0.022326946258544922,0.0339096263051033,0.01919669844210148
55407,0.0,0.022289693355560303,0.041529908776283264,0.018513578921556473
55408,0.0,0.06752562522888184,0.1288684606552124,0.05872216075658798
55409,1.0,0.06749260425567627,0.0941099002957344,0.08325058966875076
55410,1.0,0.1329987645149231,0.1198950707912445,0.1702631413936615
55411,1.0,0.05977630615234375,0.1150316596031189,0.05474289879202843
55412,0.0,0.10974359512329102,0.1351320594549179,0.11101836711168289
55413,1.0,0.11887836456298828,0.12207140773534775,0.09538105130195618
55414,1.0,0.06109154224395752,0.14863452315330505,0.06674623489379883
55415,0.0,0.07285511493682861,0.10197049379348755,0.07208213955163956
55416,0.0,0.08129376173019409,0.2014845460653305,0.08224519342184067
55939,1.0,0.3015041947364807,0.25721338391304016,0.3660997152328491
55940,0.0,0.3334503173828125,0.33555343747138977,0.33089035749435425
55941,1.0,0.3425428867340088,0.4403090476989746,0.46608737111091614
55942,1.0,0.33102989196777344,0.5062914490699768,0.41321200132369995
55943,0.0,0.22463172674179077,0.28125154972076416,0.18963725864887238
55944,0.0,0.28612595796585083,0.36318984627723694,0.28339529037475586
55945,0.0,0.2570595145225525,0.3694527745246887,0.30413901805877686
55946,0.0,0.19611096382141113,0.22150838375091553,0.17172572016716003
55947,0.0,0.29282766580581665,0.4183475971221924,0.3420618176460266
55948,0.0,0.26351726055145264,0.4169085621833801,0.28320202231407166
55949,0.0,0.2255936861038208,0.4070388674736023,0.22805967926979065
55950,0.0,0.22343850135803223,0.2767176926136017,0.23283113539218903
55951,0.0,0.1849350929260254,0.3155308961868286,0.2089209109544754
55952,0.0,0.16935378313064575,0.274636447429657,0.18647944927215576
55953,0.0,0.1562989354133606,0.26979541778564453,0.15850600600242615
55954,0.0,0.08305895328521729,0.1728954017162323,0.08246815204620361
55955,0.0,0.05779653787612915,0.07030680030584335,0.06533435732126236
55956,0.0,0.0500485897064209,0.08386700600385666,0.04682036116719246
55957,0.0,0.03279155492782593,0.055204860866069794,0.03821710869669914
55958,0.0,0.030385851860046387,0.041930872946977615,0.03784532845020294
55959,0.0,0.03325837850570679,0.04274317994713783,0.03645475208759308
55960,0.0,0.03288620710372925,0.04706389456987381,0.03379859775304794
55961,0.0,0.02921372652053833,0.03130050748586655,0.026345986872911453
55962,0.0,0.0969509482383728,0.16492848098278046,0.07555417716503143
55963,0.0,0.06972324848175049,0.09277189522981644,0.05916362628340721
55964,0.0,0.04678964614868164,0.04437946155667305,0.03685389831662178
55965,0.0,0.044225871562957764,0.042876724153757095,0.04282551631331444
55966,0.0,0.07443338632583618,0.12803210318088531,0.07093687355518341
55967,0.0,0.08320790529251099,0.11400510370731354,0.07301121205091476
55968,0.0,0.07017958164215088,0.11151927709579468,0.05928324908018112
55969,0.0,0.052763938903808594,0.08379090577363968,0.047017406672239304
55970,0.0,0.04616665840148926,0.12739384174346924,0.03815602511167526
55971,0.0,0.0265769362449646,0.03446599468588829,0.015575040131807327
55972,0.0,0.017667293548583984,0.033360984176397324,0.022204790264368057
55973,0.0,0.018336236476898193,0.02550726942718029,0.01812422089278698
55974,0.0,0.06327730417251587,0.12705174088478088,0.060674212872982025
55975,0.0,0.03236746788024902,0.08164037019014359,0.02262481302022934
55976,0.0,0.05607318878173828,0.08173789829015732,0.051853202283382416
55977,0.0,0.03375649452209473,0.06600789725780487,0.03745010495185852
55978,0.0,0.07300049066543579,0.14429044723510742,0.0710742399096489
55979,0.0,0.04040771722793579,0.04185463488101959,0.036655113101005554
55980,0.0,0.028144538402557373,0.04829323664307594,0.033925630152225494
55981,0.0,0.02246403694152832,0.03236126899719238,0.020361680537462234
55982,0.0,0.07474660873413086,0.12433431297540665,0.09190452098846436
55983,0.0,0.032786428928375244,0.04942045360803604,0.04504144936800003
55984,0.0,0.030184924602508545,0.04374893382191658,0.03141844645142555
55985,0.0,0.02898275852203369,0.028501227498054504,0.03281521052122116
55986,0.0,0.025876283645629883,0.037594024091959,0.02447139471769333
55987,0.0,0.02188974618911743,0.0373251773416996,0.02730930596590042
55988,0.0,0.11509031057357788,0.22897814214229584,0.11853519827127457
55989,0.0,0.047504723072052,0.05809095501899719,0.055735066533088684
55990,0.0,0.06114429235458374,0.04105614870786667,0.07914398610591888
56513,1.0,0.046262919902801514,0.03320217505097389,0.04865202307701111
56514,1.0,0.04034322500228882,0.03319120034575462,0.03483548015356064
56515,1.0,0.040415942668914795,0.025371823459863663,0.034738775342702866
56516,1.0,0.04261881113052368,0.036274466663599014,0.034348227083683014
56517,1.0,0.045815229415893555,0.03088613599538803,0.04462810233235359
56518,1.0,0.047069013118743896,0.040824055671691895,0.04565832018852234
56519,1.0,0.05197107791900635,0.0352470837533474,0.05130564421415329
56520,1.0,0.05132472515106201,0.04551229998469353,0.05196840688586235
56521,1.0,0.0445096492767334,0.03779077157378197,0.04657921940088272
56522,1.0,0.039536237716674805,0.032799843698740005,0.03376207873225212
56523,1.0,0.04563140869140625,0.03330668807029724,0.037481483072042465
56524,1.0,0.04940682649612427,0.06699194759130478,0.04947029799222946
56525,1.0,0.04905301332473755,0.0671544075012207,0.048496462404727936
56526,1.0,0.06409424543380737,0.09712490439414978,0.06997215002775192
56527,1.0,0.26087087392807007,0.27244624495506287,0.23827172815799713
56528,1.0,0.31388938426971436,0.33450597524642944,0.38594815135002136
56529,1.0,0.6208142042160034,0.5255641341209412,0.8090135455131531
56530,1.0,0.4521946907043457,0.31312257051467896,0.5801236033439636
56531,1.0,0.4736676812171936,0.3308684229850769,0.5805812478065491
56532,1.0,0.3943047523498535,0.32791513204574585,0.620488703250885
56533,1.0,0.31267356872558594,0.3159705102443695,0.4253506064414978
56534,1.0,0.40879833698272705,0.4119436740875244,0.5421134829521179
56535,1.0,0.3128315806388855,0.24395349621772766,0.46703457832336426
56536,1.0,0.4434204697608948,0.4376980662345886,0.6255549192428589
56537,1.0,0.6351816058158875,0.6458929777145386,0.8692307472229004
56538,1.0,0.6552256941795349,0.7127031683921814,0.915448784828186
56539,1.0,0.5922383666038513,0.586491584777832,0.8256500959396362
56540,1.0,0.42085736989974976,0.5031214356422424,0.5562313795089722
56541,1.0,0.31613653898239136,0.4364512264728546,0.42204874753952026
56542,1.0,0.30015623569488525,0.4310321509838104,0.42210835218429565
56543,1.0,0.25458937883377075,0.2551709711551666,0.28147169947624207
56544,1.0,0.19147944450378418,0.20240944623947144,0.1840316206216812
56545,1.0,0.1572219729423523,0.1766476184129715,0.16476848721504211
56546,1.0,0.1589566469192505,0.1798500120639801,0.17509210109710693
56547,1.0,0.08894068002700806,0.18327218294143677,0.08209029585123062
56548,1.0,0.06955558061599731,0.13257761299610138,0.06256207823753357
56549,1.0,0.049055278301239014,0.09253332763910294,0.04558277130126953
56550,1.0,0.0340195894241333,0.09517775475978851,0.034782666712999344
56551,1.0,0.0245475172996521,0.04656318202614784,0.034877244383096695
56552,1.0,0.025016486644744873,0.042505912482738495,0.03778557479381561
56553,1.0,0.024161994457244873,0.039815254509449005,0.026355400681495667
56554,1.0,0.02071559429168701,0.026506276801228523,0.024579599499702454
56555,1.0,0.02422797679901123,0.032891783863306046,0.041308142244815826
56556,1.0,0.024720072746276855,0.027176005765795708,0.029580598697066307
56557,1.0,0.026620805263519287,0.028444522991776466,0.03665631264448166
56558,1.0,0.028854191303253174,0.040908701717853546,0.04141199588775635
56559,1.0,0.02358466386795044,0.023017864674329758,0.028085704892873764
56560,1.0,0.023826420307159424,0.03046463057398796,0.03358307480812073
56561,1.0,0.02964860200881958,0.03203941509127617,0.03784465044736862
56562,1.0,0.029794394969940186,0.025584816932678223,0.02862125262618065
56563,1.0,0.052652180194854736,0.04384669288992882,0.06008379906415939
56564,1.0,0.051071107387542725,0.04559754207730293,0.07192362844944
57087,0.0,0.07341402769088745,0.134568989276886,0.08613696694374084
57088,0.0,0.0455288290977478,0.09031061083078384,0.04690340533852577
57089,0.0,0.04445105791091919,0.05937831848859787,0.03503865748643875
57090,0.0,0.08231359720230103,0.15498945116996765,0.09686201810836792
57091,0.0,0.04346621036529541,0.07395679503679276,0.0495857410132885
57092,0.0,0.040069520473480225,0.04167383536696434,0.035118475556373596
57093,0.0,0.02706688642501831,0.03806869685649872,0.022116227075457573
57094,0.0,0.16409677267074585,0.15287621319293976,0.18574073910713196
57095,0.0,0.10526126623153687,0.1284966915845871,0.13490140438079834
57096,0.0,0.1337066888809204,0.14966697990894318,0.18569110333919525
57097,0.0,0.08043146133422852,0.0740467831492424,0.08677510172128677
57098,0.0,0.04575616121292114,0.08536089211702347,0.04850553348660469
57099,0.0,0.050566911697387695,0.055063921958208084,0.04967743158340454
57100,0.0,0.024952292442321777,0.027737153694033623,0.027780724689364433
57101,0.0,0.026242494583129883,0.026411255821585655,0.03168876841664314
57102,0.0,0.14108353853225708,0.11453119665384293,0.16080708801746368
57103,0.0,0.2213730812072754,0.18559226393699646,0.29965662956237793
57104,0.0,0.41913360357284546,0.40797188878059387,0.5789011716842651
57105,1.0,0.5849554538726807,0.5081955194473267,0.6849882006645203
57106,1.0,0.39952582120895386,0.31067633628845215,0.6375516653060913
57107,1.0,0.3312554359436035,0.24453973770141602,0.5272178053855896
57108,1.0,0.31965118646621704,0.26278600096702576,0.416635125875473
57109,1.0,0.25888800621032715,0.2236143797636032,0.3399238884449005
57110,1.0,0.19292497634887695,0.17095234990119934,0.24712850153446198
57111,1.0,0.20243477821350098,0.16479377448558807,0.285290002822876
57112,1.0,0.2091618776321411,0.19883082807064056,0.2766738831996918
57113,1.0,0.16823869943618774,0.15155929327011108,0.1369638293981552
57114,1.0,0.1522037386894226,0.15378563106060028,0.10433399677276611
57115,0.0,0.15478014945983887,0.15835514664649963,0.1725640445947647
57116,0.0,0.17722755670547485,0.15706266462802887,0.23226290941238403
57117,1.0,0.14626622200012207,0.13751912117004395,0.14815779030323029
57118,0.0,0.08981281518936157,0.1271613985300064,0.08455649018287659
57119,0.0,0.060581982135772705,0.10440048575401306,0.06188095360994339
57120,0.0,0.05582308769226074,0.08936282992362976,0.03929346427321434
57121,0.0,0.06600373983383179,0.08225461095571518,0.050493281334638596
57122,0.0,0.07182008028030396,0.09677599370479584,0.06020914763212204
57123,0.0,0.027178406715393066,0.06797641515731812,0.023017382249236107
57124,0.0,0.026162028312683105,0.051772262901067734,0.02219870314002037
57125,0.0,0.023679792881011963,0.05079777538776398,0.020013879984617233
57126,0.0,0.011216223239898682,0.019336717203259468,0.007977021858096123
57127,0.0,0.008925080299377441,0.004924820736050606,0.008446641266345978
57128,0.0,0.00851970911026001,0.004677888471633196,0.00686069717630744
57129,0.0,0.008898615837097168,0.005231800489127636,0.008567612618207932
57130,0.0,0.009585559368133545,0.006202097982168198,0.009138650260865688
57131,0.0,0.010678291320800781,0.007700967602431774,0.009155540727078915
57132,0.0,0.010678291320800781,0.009364857338368893,0.009006297215819359
57133,0.0,0.009708940982818604,0.005506960675120354,0.00782824121415615
57134,0.0,0.027829766273498535,0.04443912208080292,0.025531284511089325
57135,0.0,0.014801442623138428,0.0378226637840271,0.017952384427189827
57136,0.0,0.04052090644836426,0.05042354017496109,0.03009357675909996
57137,0.0,0.0301855206489563,0.05569035932421684,0.02314487099647522
57138,0.0,0.05445367097854614,0.08030116558074951,0.0418478325009346
57661,0.0,0.016592860221862793,0.028642114251852036,0.018222089856863022
57662,0.0,0.016040682792663574,0.021212855353951454,0.01856321096420288
57663,0.0,0.016485929489135742,0.04203645884990692,0.015445842407643795
57664,0.0,0.016286790370941162,0.03754061087965965,0.015632793307304382
57665,0.0,0.016657710075378418,0.029722794890403748,0.019115019589662552
57666,0.0,0.017027616500854492,0.030169198289513588,0.019874535501003265
57667,0.0,0.016977429389953613,0.020428093150258064,0.01950441114604473
57668,0.0,0.017236948013305664,0.02740892395377159,0.02076706476509571
57669,0.0,0.017536580562591553,0.025232406333088875,0.020245352759957314
57670,0.0,0.020991742610931396,0.04680300131440163,0.0221552774310112
57671,0.0,0.017711758613586426,0.03126046434044838,0.02146744541823864
57672,0.0,0.020449578762054443,0.03445250168442726,0.02493835613131523
57673,0.0,0.019096791744232178,0.03225968778133392,0.022117437794804573
57674,0.0,0.01800990104675293,0.022204749286174774,0.022434677928686142
57675,0.0,0.01804274320602417,0.01902598887681961,0.021701058372855186
57676,0.0,0.018136262893676758,0.025408685207366943,0.02227497287094593
57677,0.0,0.02483159303665161,0.03721298277378082,0.029797792434692383
57678,0.0,0.02382206916809082,0.03135426342487335,0.026420244947075844
57679,0.0,0.02267223596572876,0.021075019612908363,0.01736542582511902
57680,0.0,0.07344740629196167,0.11275653541088104,0.0834512934088707
57681,0.0,0.03503209352493286,0.055255547165870667,0.037450142204761505
57682,0.0,0.11534202098846436,0.13201864063739777,0.0881241112947464
57683,0.0,0.13677603006362915,0.10554240643978119,0.13238365948200226
57684,0.0,0.23856204748153687,0.20481911301612854,0.30897876620292664
57685,1.0,0.4847278594970703,0.4026576280593872,0.5440264344215393
57686,1.0,0.5197176337242126,0.5538091063499451,0.8246327638626099
57687,1.0,0.4779277443885803,0.4079674184322357,0.6536485552787781
57688,1.0,0.48607659339904785,0.4212246835231781,0.7608259916305542
57689,1.0,0.6349879503250122,0.6518766283988953,0.9122915863990784
57690,1.0,0.6574102640151978,0.6688712239265442,0.9336387515068054
57691,1.0,0.5082287788391113,0.5031560063362122,0.8379918932914734
57692,1.0,0.335476815700531,0.3853287696838379,0.586603581905365
57693,1.0,0.27196604013442993,0.3781139552593231,0.4015469551086426
57694,1.0,0.2841148376464844,0.31852808594703674,0.42696017026901245
57695,1.0,0.2350028157234192,0.2702484726905823,0.4135289192199707
57696,1.0,0.23809951543807983,0.1873774230480194,0.397962361574173
57697,1.0,0.23018276691436768,0.22405117750167847,0.41336268186569214
57698,1.0,0.2043396234512329,0.2159716784954071,0.32341793179512024
57699,1.0,0.15113699436187744,0.09505423158407211,0.20003901422023773
57700,1.0,0.09492892026901245,0.0923159122467041,0.09320629388093948
57701,1.0,0.059260666370391846,0.11100923269987106,0.06155990809202194
57702,0.0,0.056831955909729004,0.08527156710624695,0.04503823071718216
57703,0.0,0.05670255422592163,0.077278271317482,0.05645885691046715
57704,0.0,0.03250455856323242,0.06723051518201828,0.02521193027496338
57705,0.0,0.02082979679107666,0.04320671409368515,0.015721822157502174
57706,0.0,0.04921025037765503,0.10657952725887299,0.04351287707686424
57707,1.0,0.04425555467605591,0.05818168818950653,0.03382387384772301
57708,0.0,0.046296656131744385,0.07184512913227081,0.03465563803911209
57709,1.0,0.07248181104660034,0.07446641474962234,0.075632244348526
57710,1.0,0.08718276023864746,0.08531263470649719,0.08286744356155396
57711,1.0,0.09272414445877075,0.09739958494901657,0.07590452581644058
57712,0.0,0.05297964811325073,0.08640485256910324,0.06262142211198807
58235,0.0,0.2629557251930237,0.3072567880153656,0.2056046724319458
58236,0.0,0.38901811838150024,0.4413253664970398,0.3703794777393341
58237,0.0,0.33594363927841187,0.38235950469970703,0.2999655604362488
58238,0.0,0.35763096809387207,0.357754647731781,0.32449087500572205
58239,0.0,0.25689542293548584,0.2094683051109314,0.19449996948242188
58240,0.0,0.20990419387817383,0.16607488691806793,0.09683578461408615
58241,0.0,0.17420440912246704,0.17445801198482513,0.07291014492511749
58242,0.0,0.16801297664642334,0.1818854808807373,0.0720733031630516
58243,0.0,0.17473679780960083,0.17591731250286102,0.07932764291763306
58244,0.0,0.17945706844329834,0.19664523005485535,0.11094217002391815
58245,0.0,0.12671154737472534,0.227945476770401,0.05470661446452141
58246,0.0,0.13229823112487793,0.14948499202728271,0.037053659558296204
58247,0.0,0.13835173845291138,0.14658011496067047,0.050803784281015396
58248,0.0,0.23006612062454224,0.19611576199531555,0.13796423375606537
58249,0.0,0.16856390237808228,0.15686769783496857,0.11280833184719086
58250,0.0,0.15517741441726685,0.1641595959663391,0.08837701380252838
58251,0.0,0.16070592403411865,0.22481191158294678,0.09909345209598541
58252,0.0,0.1974238157272339,0.2759256958961487,0.17309148609638214
58253,0.0,0.3412471413612366,0.5021323561668396,0.6297593712806702
58254,0.0,0.4498986601829529,0.6912577152252197,0.5444135665893555
58255,0.0,0.4652743339538574,0.685502827167511,0.5363813042640686
58256,0.0,0.5245589017868042,0.7589437365531921,0.8578124642372131
58257,1.0,0.5739815831184387,0.9349586963653564,0.9662094116210938
58258,1.0,0.5935113430023193,0.9124749898910522,0.9617806077003479
58259,1.0,0.5903122425079346,0.9640907049179077,0.9656039476394653
58260,1.0,0.6384549736976624,0.978955864906311,0.9839932322502136
58261,1.0,0.6170340776443481,0.9512883424758911,0.9677392840385437
58262,1.0,0.5731931924819946,0.9343237280845642,0.9512071013450623
58263,1.0,0.5938640832901001,0.9380386471748352,0.9694269895553589
58264,1.0,0.569800853729248,0.9095029830932617,0.9056265950202942
58265,1.0,0.5504375696182251,0.8912796974182129,0.8784903883934021
58266,1.0,0.5121947526931763,0.8710639476776123,0.8257476091384888
58267,1.0,0.4722505211830139,0.8715105056762695,0.8314632177352905
58268,1.0,0.47731345891952515,0.8752536773681641,0.8084203600883484
58269,1.0,0.4553489089012146,0.7589888572692871,0.7338781356811523
58270,1.0,0.3893411159515381,0.8312317728996277,0.5911656618118286
58271,1.0,0.4047964811325073,0.6987764835357666,0.6229692101478577
58272,1.0,0.37479424476623535,0.7000077962875366,0.5469751358032227
58273,1.0,0.36663365364074707,0.5797156691551208,0.5608579516410828
58274,1.0,0.2348650097846985,0.27524301409721375,0.2374892383813858
58275,1.0,0.23775768280029297,0.1762114018201828,0.19480323791503906
58276,0.0,0.2636043429374695,0.17720665037631989,0.21724914014339447
58277,1.0,0.2391147017478943,0.16029110550880432,0.22966384887695312
58278,0.0,0.2021540403366089,0.17721927165985107,0.12700441479682922
58279,0.0,0.19639289379119873,0.14249689877033234,0.11648286879062653
58280,0.0,0.2484791874885559,0.30359166860580444,0.1932300627231598
58281,0.0,0.22671270370483398,0.13161958754062653,0.13001227378845215
58282,0.0,0.15544146299362183,0.10170841217041016,0.04976268857717514
58283,0.0,0.16330868005752563,0.18525415658950806,0.07800848037004471
58284,0.0,0.264964759349823,0.2658788561820984,0.13686056435108185
58285,0.0,0.242925763130188,0.1550036072731018,0.2054547518491745
58286,0.0,0.16047292947769165,0.15273864567279816,0.09242428094148636
58809,0.0,0.08417999744415283,0.10602878779172897,0.0986529290676117
58810,1.0,0.058846354484558105,0.08637963980436325,0.04943113774061203
58811,0.0,0.11942672729492188,0.13200655579566956,0.09801232814788818
58812,1.0,0.057812511920928955,0.055608317255973816,0.06287141889333725
58813,0.0,0.05825328826904297,0.05960169434547424,0.05209016054868698
58814,0.0,0.1712183952331543,0.16492775082588196,0.1737382709980011
58815,1.0,0.08516418933868408,0.07769184559583664,0.07911660522222519
58816,0.0,0.05654388666152954,0.07409986853599548,0.05301052704453468
58817,0.0,0.04460012912750244,0.050355687737464905,0.03713683411478996
58818,0.0,0.05344736576080322,0.05961167812347412,0.0444255992770195
58819,0.0,0.039809226989746094,0.03790932893753052,0.038737546652555466
58820,0.0,0.044427692890167236,0.04512587934732437,0.0477568618953228
58821,0.0,0.04020535945892334,0.04136084392666817,0.042689330875873566
58822,0.0,0.04030734300613403,0.03722425177693367,0.04786481335759163
58823,0.0,0.025910794734954834,0.036084357649087906,0.03519866615533829
58824,0.0,0.04223877191543579,0.04065936803817749,0.05004466325044632
58825,0.0,0.047406911849975586,0.0565040223300457,0.05844838172197342
58826,0.0,0.043807148933410645,0.04029657319188118,0.05245498940348625
58827,0.0,0.11605310440063477,0.1979646235704422,0.12245004624128342
58828,1.0,0.1848551630973816,0.1668347716331482,0.24150799214839935
58829,1.0,0.09213358163833618,0.0944981798529625,0.10937545448541641
58830,0.0,0.06855076551437378,0.07088485360145569,0.06126786768436432
58831,0.0,0.07462430000305176,0.07513085752725601,0.07844256609678268
58832,0.0,0.060598790645599365,0.050123464316129684,0.05986283719539642
58833,0.0,0.09164965152740479,0.11481920629739761,0.08765330165624619
58834,1.0,0.1327148675918579,0.11660383641719818,0.17818810045719147
58835,1.0,0.11317521333694458,0.11415700614452362,0.10582511872053146
58836,1.0,0.1948719620704651,0.14571888744831085,0.2870849370956421
58837,1.0,0.35693246126174927,0.3076026737689972,0.4341162443161011
58838,1.0,0.5255379676818848,0.5781692862510681,0.7821899652481079
58839,1.0,0.7071595191955566,0.6843191385269165,0.9026505947113037
58840,1.0,0.6730790138244629,0.7321532964706421,0.9410641193389893
58841,1.0,0.47172218561172485,0.5364804267883301,0.7880862951278687
58842,1.0,0.2309190034866333,0.360260009765625,0.5116378664970398
58843,1.0,0.23815590143203735,0.3791402280330658,0.36859866976737976
58844,1.0,0.26592040061950684,0.385363906621933,0.41814684867858887
58845,1.0,0.14990007877349854,0.19335782527923584,0.2828647792339325
58846,1.0,0.13855493068695068,0.14613719284534454,0.21586844325065613
58847,1.0,0.09630441665649414,0.14257703721523285,0.0994211882352829
58848,1.0,0.07212954759597778,0.11511934548616409,0.09917516261339188
58849,1.0,0.08294111490249634,0.11663280427455902,0.13234451413154602
58850,1.0,0.09945017099380493,0.12543317675590515,0.1385757327079773
58851,1.0,0.039611756801605225,0.08269556611776352,0.03193766623735428
58852,0.0,0.06271350383758545,0.06545238196849823,0.08246022462844849
58853,1.0,0.05254948139190674,0.18548987805843353,0.046639081090688705
58854,0.0,0.08230417966842651,0.11027433723211288,0.081137515604496
58855,1.0,0.05256456136703491,0.09237431734800339,0.04727339372038841
58856,0.0,0.033404648303985596,0.07589437812566757,0.026668518781661987
58857,0.0,0.05903315544128418,0.07588575780391693,0.06238524988293648
58858,1.0,0.043623387813568115,0.08685674518346786,0.043526072055101395
58859,0.0,0.02425694465637207,0.025796476751565933,0.017172137275338173
58860,0.0,0.03985714912414551,0.041649408638477325,0.03407648950815201
59383,1.0,0.23229968547821045,0.2579001486301422,0.2856462597846985
59384,1.0,0.1101270318031311,0.15552420914173126,0.13764186203479767
59385,1.0,0.2071283459663391,0.21216021478176117,0.2217911034822464
59386,1.0,0.2925534248352051,0.2894400656223297,0.3835849165916443
59387,1.0,0.2508106827735901,0.23814179003238678,0.3595014214515686
59388,1.0,0.12287521362304688,0.12769156694412231,0.1675451099872589
59389,1.0,0.08467507362365723,0.09724855422973633,0.09966777265071869
59390,1.0,0.25500649213790894,0.1892959028482437,0.33787405490875244
59391,1.0,0.3703290820121765,0.2783450186252594,0.46671217679977417
59392,1.0,0.42754220962524414,0.4051596522331238,0.6082001328468323
59393,1.0,0.3618861436843872,0.3372964859008789,0.4872072637081146
59394,1.0,0.31606990098953247,0.2489321380853653,0.3445700705051422
59395,1.0,0.31103235483169556,0.3218458294868469,0.3865987956523895
59396,1.0,0.3151141405105591,0.29710474610328674,0.3754335343837738
59397,1.0,0.3221505880355835,0.3253577649593353,0.40258750319480896
59398,1.0,0.32777053117752075,0.35931798815727234,0.4018935263156891
59399,1.0,0.20667439699172974,0.2851361930370331,0.3092457056045532
59400,1.0,0.23158812522888184,0.3117320239543915,0.3036298453807831
59401,1.0,0.5153974294662476,0.4670813977718353,0.7429123520851135
59402,1.0,0.38573014736175537,0.33435431122779846,0.5272430181503296
59403,1.0,0.32400721311569214,0.3032636046409607,0.46990957856178284
59404,1.0,0.28261804580688477,0.3068743944168091,0.530733585357666
59405,1.0,0.4249839186668396,0.33059996366500854,0.5648921132087708
59406,1.0,0.3544955849647522,0.35959911346435547,0.4547172784805298
59407,1.0,0.3181384801864624,0.2767822742462158,0.41171276569366455
59408,1.0,0.2878894805908203,0.26070404052734375,0.4129781126976013
59409,1.0,0.31188488006591797,0.21900199353694916,0.3686710596084595
59410,1.0,0.17777591943740845,0.15875673294067383,0.21344664692878723
59411,1.0,0.17488354444503784,0.15542210638523102,0.21517427265644073
59412,1.0,0.16572928428649902,0.13868550956249237,0.1728113740682602
59413,1.0,0.14358478784561157,0.14969174563884735,0.1518215388059616
59414,1.0,0.12625712156295776,0.1450337916612625,0.1382228136062622
59415,1.0,0.15525007247924805,0.12474110722541809,0.17964579164981842
59416,1.0,0.17931205034255981,0.15468904376029968,0.22329173982143402
59417,1.0,0.13146376609802246,0.1256793588399887,0.16383185982704163
59418,1.0,0.1678813099861145,0.1563502848148346,0.21230420470237732
59419,1.0,0.1505565047264099,0.15234249830245972,0.22678226232528687
59420,1.0,0.306968629360199,0.3980644941329956,0.5805824995040894
59421,1.0,0.5057738423347473,0.7135185599327087,0.9151710867881775
59422,1.0,0.5347177982330322,0.7357590794563293,0.9221845865249634
59423,1.0,0.4948377013206482,0.6465007662773132,0.8388500809669495
59424,1.0,0.3707560896873474,0.554886519908905,0.6753815412521362
59425,1.0,0.3028745651245117,0.45716145634651184,0.569108784198761
59426,1.0,0.35860729217529297,0.5477204322814941,0.6400215029716492
59427,1.0,0.3455541729927063,0.49464771151542664,0.6835296750068665
59428,1.0,0.46274131536483765,0.6324658393859863,0.8481513857841492
59429,1.0,0.5110785961151123,0.8129317164421082,0.9532805681228638
59430,1.0,0.5214464068412781,0.7487056851387024,0.9532178640365601
59431,1.0,0.5078918933868408,0.7904272079467773,0.9321167469024658
59432,1.0,0.4800195097923279,0.6717867255210876,0.9091946482658386
59433,1.0,0.4412398934364319,0.5875856280326843,0.7476359009742737
59434,1.0,0.42208564281463623,0.5381350517272949,0.6897346377372742
59957,1.0,0.2152538299560547,0.14958463609218597,0.26097533106803894
59958,1.0,0.16695082187652588,0.1690903902053833,0.1762208789587021
59959,0.0,0.18891870975494385,0.20987948775291443,0.2397606074810028
59960,1.0,0.08928322792053223,0.11250294744968414,0.11552710831165314
59961,0.0,0.09566539525985718,0.12421374022960663,0.11610337346792221
59962,0.0,0.12735754251480103,0.11491671204566956,0.18358094990253448
59963,1.0,0.31295597553253174,0.2937576174736023,0.4912910461425781
59964,1.0,0.25918734073638916,0.21138586103916168,0.3469146192073822
59965,1.0,0.16203242540359497,0.17533500492572784,0.22791697084903717
59966,1.0,0.1963227391242981,0.18477483093738556,0.2797761559486389
59967,1.0,0.18502956628799438,0.14477361738681793,0.22728516161441803
59968,1.0,0.21547937393188477,0.14746977388858795,0.26775795221328735
59969,1.0,0.4036710858345032,0.25087615847587585,0.4767121374607086
59970,1.0,0.6560734510421753,0.48278340697288513,0.787926197052002
59971,1.0,0.5658086538314819,0.5411378741264343,0.7810879945755005
59972,1.0,0.6598226428031921,0.8319941163063049,0.9310328960418701
59973,1.0,0.6493579149246216,0.7065981030464172,0.8869549632072449
59974,1.0,0.6083256006240845,0.5762345194816589,0.8992822170257568
59975,1.0,0.6607372164726257,0.7732931971549988,0.8914417028427124
59976,1.0,0.545756459236145,0.5697033405303955,0.7530434131622314
59977,1.0,0.410749614238739,0.42714619636535645,0.5810805559158325
59978,1.0,0.5972638130187988,0.4800192713737488,0.8592084050178528
59979,1.0,0.7108571529388428,0.6101792454719543,0.8550119996070862
59980,1.0,0.6519125699996948,0.7296948432922363,0.8740435838699341
59981,1.0,0.576935887336731,0.6003630757331848,0.7733263373374939
59982,1.0,0.39914238452911377,0.4738479554653168,0.5272001028060913
59983,1.0,0.44052451848983765,0.4540572166442871,0.5048918724060059
59984,1.0,0.4025205969810486,0.3446715176105499,0.501340389251709
59985,1.0,0.47003644704818726,0.3060770630836487,0.5303924679756165
59986,1.0,0.4211995601654053,0.3281679153442383,0.5131313800811768
59987,1.0,0.34107691049575806,0.23700663447380066,0.40509170293807983
59988,1.0,0.2993971109390259,0.20922306180000305,0.3260965645313263
59989,1.0,0.298281729221344,0.22383157908916473,0.37803858518600464
59990,1.0,0.25783514976501465,0.24672512710094452,0.33694443106651306
59991,1.0,0.2595521807670593,0.22245356440544128,0.3014652132987976
59992,1.0,0.175967276096344,0.1699594110250473,0.20838722586631775
59993,1.0,0.17600750923156738,0.1537908911705017,0.19060803949832916
59994,1.0,0.11464285850524902,0.13706199824810028,0.14047788083553314
59995,0.0,0.15370559692382812,0.16622687876224518,0.1541333645582199
59996,1.0,0.08167046308517456,0.12565580010414124,0.09282159805297852
59997,0.0,0.060017406940460205,0.0654272511601448,0.05416351556777954
59998,0.0,0.10040074586868286,0.14517509937286377,0.12088590860366821
59999,1.0,0.1329062581062317,0.13660603761672974,0.21694529056549072
60000,1.0,0.16728007793426514,0.14413340389728546,0.23188677430152893
60001,1.0,0.12415969371795654,0.10521401464939117,0.21028785407543182
60002,0.0,0.08426487445831299,0.108079694211483,0.09845021367073059
60003,0.0,0.04598724842071533,0.06466048210859299,0.059701111167669296
60004,0.0,0.06590312719345093,0.08526503294706345,0.10145755112171173
60005,0.0,0.04383796453475952,0.03324408829212189,0.057951219379901886
60006,0.0,0.04365849494934082,0.029284872114658356,0.05526461452245712
60007,0.0,0.06993252038955688,0.02793509140610695,0.0822981595993042
60008,0.0,0.06730055809020996,0.02648298628628254,0.09219691902399063
60531,0.0,0.2717103958129883,0.21503685414791107,0.4234119951725006
60532,1.0,0.17912966012954712,0.17594216763973236,0.19755972921848297
60533,0.0,0.11534124612808228,0.18056030571460724,0.11125576496124268
60534,0.0,0.10124409198760986,0.09986258298158646,0.10585121810436249
60535,0.0,0.08289718627929688,0.08416404575109482,0.09386823326349258
60536,0.0,0.04160720109939575,0.028625110164284706,0.059994570910930634
60537,0.0,0.29072993993759155,0.23560912907123566,0.41114500164985657
60538,1.0,0.5355111360549927,0.4743325412273407,0.710727870464325
60539,1.0,0.32535016536712646,0.23776119947433472,0.4086514115333557
60540,1.0,0.5365215539932251,0.4989456236362457,0.7930511236190796
60541,1.0,0.5540376901626587,0.4368526339530945,0.7615193128585815
60542,1.0,0.39847612380981445,0.31165507435798645,0.5268251895904541
60543,1.0,0.6584980487823486,0.7343559265136719,0.9399962425231934
60544,1.0,0.6925386786460876,0.8504811525344849,0.9252283573150635
60545,1.0,0.7191928625106812,0.8588696122169495,0.9739892482757568
60546,1.0,0.7237682342529297,0.8881762623786926,0.9566287994384766
60547,1.0,0.6695387959480286,0.8500052094459534,0.940912663936615
60548,1.0,0.7425754070281982,0.8662655353546143,0.9551853537559509
60549,1.0,0.7273805141448975,0.9008849263191223,0.978769063949585
60550,1.0,0.7451738715171814,0.935015082359314,0.9610217809677124
60551,1.0,0.7743837237358093,0.8956418633460999,0.9706182479858398
60552,1.0,0.7766185402870178,0.9612095355987549,0.981667160987854
60553,1.0,0.7715612053871155,0.9177316427230835,0.9789056777954102
60554,1.0,0.764399528503418,0.9611350297927856,0.9799045324325562
60555,1.0,0.7303130626678467,0.9058026075363159,0.9671557545661926
60556,1.0,0.6985242366790771,0.8921859860420227,0.9630782604217529
60557,1.0,0.7565596699714661,0.8965770602226257,0.9670276641845703
60558,1.0,0.7704674601554871,0.8812426924705505,0.9560059309005737
60559,1.0,0.7002676129341125,0.7798604369163513,0.8943365216255188
60560,1.0,0.6529535055160522,0.7995375394821167,0.9002577662467957
60561,1.0,0.6109520196914673,0.699608564376831,0.8585984110832214
60562,1.0,0.4503043293952942,0.5557153224945068,0.6416906118392944
60563,1.0,0.38757026195526123,0.3465673327445984,0.5118715167045593
60564,1.0,0.3586704134941101,0.3355221450328827,0.5168240666389465
60565,1.0,0.34383726119995117,0.30839183926582336,0.4958495497703552
60566,1.0,0.2752659320831299,0.2373344451189041,0.3491244316101074
60567,1.0,0.22277003526687622,0.19146019220352173,0.30855584144592285
60568,1.0,0.15519040822982788,0.18130768835544586,0.17147693037986755
60569,0.0,0.2108883261680603,0.1885068267583847,0.268483966588974
60570,1.0,0.21976017951965332,0.17074328660964966,0.21144013106822968
60571,0.0,0.11204993724822998,0.150575652718544,0.15025636553764343
60572,0.0,0.1563752293586731,0.16418486833572388,0.1879274696111679
60573,1.0,0.14559489488601685,0.11140655726194382,0.15915708243846893
60574,0.0,0.06697088479995728,0.10193869471549988,0.05724886804819107
60575,0.0,0.05937016010284424,0.061490677297115326,0.07059591263532639
60576,0.0,0.062268197536468506,0.10407667607069016,0.06971463561058044
60577,0.0,0.03411757946014404,0.0280025415122509,0.03774065524339676
60578,0.0,0.039864301681518555,0.03546508774161339,0.0485483780503273
60579,0.0,0.04460543394088745,0.03992883861064911,0.04751608520746231
60580,0.0,0.050732553005218506,0.03961426764726639,0.05526632070541382
60581,0.0,0.07906162738800049,0.038389671593904495,0.0897224172949791
60582,0.0,0.07643431425094604,0.03685501590371132,0.08047156780958176
61105,0.0,0.2503812313079834,0.3052734136581421,0.37469494342803955
61106,0.0,0.28566974401474,0.32968848943710327,0.3444719612598419
61107,0.0,0.2507760524749756,0.28013524413108826,0.3262177109718323
61108,0.0,0.16570645570755005,0.2657931447029114,0.23473483324050903
61109,0.0,0.24344265460968018,0.295695036649704,0.24772422015666962
61110,0.0,0.26346200704574585,0.3372807800769806,0.27043694257736206
61111,0.0,0.2038564682006836,0.32211703062057495,0.23296363651752472
61112,0.0,0.18705439567565918,0.2625897228717804,0.19140326976776123
61113,0.0,0.18899887800216675,0.26726284623146057,0.26157474517822266
61114,0.0,0.18222147226333618,0.21294386684894562,0.2092113345861435
61115,0.0,0.07910233736038208,0.14978162944316864,0.07693543285131454
61116,0.0,0.07690680027008057,0.14607416093349457,0.08424827456474304
61117,0.0,0.0674331784248352,0.10229725390672684,0.06290672719478607
61118,0.0,0.060581326484680176,0.06079328432679176,0.05294513329863548
61119,0.0,0.04201096296310425,0.036704979836940765,0.035438328981399536
61120,0.0,0.04410916566848755,0.04482583329081535,0.04866297170519829
61121,0.0,0.04151517152786255,0.0572158545255661,0.037601128220558167
61122,0.0,0.0350649356842041,0.08834464102983475,0.019490927457809448
61123,0.0,0.10688769817352295,0.22848039865493774,0.09830344468355179
61124,0.0,0.15690487623214722,0.2482702136039734,0.18998795747756958
61125,0.0,0.10806196928024292,0.1593817174434662,0.08613862097263336
61126,0.0,0.0752115249633789,0.1585494726896286,0.06543745845556259
61127,0.0,0.10614687204360962,0.14214520156383514,0.0927150547504425
61128,0.0,0.09763962030410767,0.11314921081066132,0.05208072438836098
61129,0.0,0.07192099094390869,0.10554847866296768,0.05610676109790802
61130,0.0,0.07876044511795044,0.08439704775810242,0.04343479126691818
61131,0.0,0.056060731410980225,0.10773241519927979,0.04355538636445999
61132,0.0,0.06683403253555298,0.0854107216000557,0.0634641945362091
61133,0.0,0.08584243059158325,0.12394881993532181,0.056263137608766556
61134,0.0,0.048092544078826904,0.09376952797174454,0.0353812649846077
61135,0.0,0.04069465398788452,0.07965952903032303,0.023539328947663307
61136,0.0,0.03139448165893555,0.12378781288862228,0.016428085044026375
61137,0.0,0.01710301637649536,0.03718332201242447,0.007208194117993116
61138,0.0,0.051822006702423096,0.0812528133392334,0.06294102221727371
61139,0.0,0.048713624477386475,0.10984834283590317,0.02918751910328865
61140,0.0,0.07963818311691284,0.09579728543758392,0.09491906315088272
61141,0.0,0.08761096000671387,0.12239542603492737,0.11686549335718155
61142,0.0,0.04788327217102051,0.1197410449385643,0.04100877791643143
61143,0.0,0.028812885284423828,0.0566089041531086,0.026826824992895126
61144,0.0,0.056694984436035156,0.10120857506990433,0.0709763765335083
61145,0.0,0.0289839506149292,0.060435403138399124,0.02952468767762184
61146,0.0,0.06677377223968506,0.08894658088684082,0.08186089992523193
61147,0.0,0.05757403373718262,0.0644664615392685,0.05136336013674736
61148,0.0,0.11091196537017822,0.11596954613924026,0.11844751983880997
61149,0.0,0.060249149799346924,0.1208254024386406,0.0415668860077858
61150,0.0,0.04238903522491455,0.13147516548633575,0.04918334260582924
61151,0.0,0.0385553240776062,0.07314208894968033,0.03129534795880318
61152,0.0,0.02970057725906372,0.10668657720088959,0.028843631967902184
61153,0.0,0.024347424507141113,0.0348999984562397,0.024092305451631546
61154,0.0,0.02918475866317749,0.037805601954460144,0.03430440276861191
61155,0.0,0.049275994300842285,0.05176633223891258,0.04597059637308121
61156,0.0,0.05405551195144653,0.07329785078763962,0.06232771277427673
61679,1.0,0.1520153284072876,0.2542787790298462,0.15632526576519012
61680,0.0,0.09725290536880493,0.09031511843204498,0.11097265779972076
61681,0.0,0.10549592971801758,0.06299847364425659,0.11296495795249939
61682,0.0,0.29023659229278564,0.2256813496351242,0.31168919801712036
61683,1.0,0.2581167221069336,0.26082202792167664,0.2814922332763672
61684,1.0,0.13703793287277222,0.18532198667526245,0.20142672955989838
61685,0.0,0.25374406576156616,0.27199554443359375,0.3304443359375
61686,1.0,0.3146224617958069,0.30832457542419434,0.3648575246334076
61687,1.0,0.2597706913948059,0.33972010016441345,0.30190756916999817
61688,1.0,0.22574549913406372,0.3171349763870239,0.28766947984695435
61689,1.0,0.3152567744255066,0.33859023451805115,0.37654656171798706
61690,1.0,0.49135780334472656,0.41552531719207764,0.6108430624008179
61691,1.0,0.5939131379127502,0.49347880482673645,0.8831561803817749
61692,1.0,0.6354320645332336,0.6973795294761658,0.8826404809951782
61693,1.0,0.461017906665802,0.6336314678192139,0.7522310614585876
61694,1.0,0.39061522483825684,0.5313225388526917,0.5916476249694824
61695,1.0,0.26499366760253906,0.4457601308822632,0.38557031750679016
61696,1.0,0.21117746829986572,0.3754229247570038,0.3922520875930786
61697,1.0,0.233351469039917,0.4208751916885376,0.4694649279117584
61698,1.0,0.23087376356124878,0.42056772112846375,0.36278778314590454
61699,1.0,0.1903412938117981,0.33115267753601074,0.2772407531738281
61700,1.0,0.19210749864578247,0.312095046043396,0.2856781482696533
61701,1.0,0.17735940217971802,0.1671166718006134,0.1607562154531479
61702,1.0,0.1355433464050293,0.1748640239238739,0.15412835776805878
61703,1.0,0.12877410650253296,0.1468096375465393,0.16647134721279144
61704,1.0,0.10553568601608276,0.14931534230709076,0.1475023776292801
61705,1.0,0.11958473920822144,0.1427781879901886,0.15119390189647675
61706,1.0,0.12266343832015991,0.12671221792697906,0.10666196793317795
61707,1.0,0.10372358560562134,0.10622838139533997,0.09978410601615906
61708,1.0,0.07500690221786499,0.1094781756401062,0.05265852436423302
61709,0.0,0.07962018251419067,0.11613115668296814,0.0655030757188797
61710,0.0,0.08535516262054443,0.1835390031337738,0.10232654213905334
61711,1.0,0.09802818298339844,0.13530611991882324,0.07182697206735611
61712,1.0,0.08850067853927612,0.11521068215370178,0.09263241291046143
61713,1.0,0.07774698734283447,0.14153236150741577,0.060520805418491364
61714,0.0,0.06291741132736206,0.13395963609218597,0.05791887268424034
61715,0.0,0.09052753448486328,0.1376977264881134,0.10336022078990936
61716,1.0,0.09277760982513428,0.17386235296726227,0.13513611257076263
61717,1.0,0.10149121284484863,0.11200158298015594,0.1144205704331398
61718,1.0,0.12081581354141235,0.1417851597070694,0.12111280113458633
61719,1.0,0.12049627304077148,0.15710018575191498,0.14268669486045837
61720,1.0,0.14435195922851562,0.1121329590678215,0.16651101410388947
61721,1.0,0.10501241683959961,0.16157712042331696,0.1371578574180603
61722,1.0,0.08436423540115356,0.11276733130216599,0.10072046518325806
61723,0.0,0.06115943193435669,0.11533614993095398,0.0644238144159317
61724,0.0,0.055895864963531494,0.09602635353803635,0.056357238441705704
61725,0.0,0.12666189670562744,0.13363662362098694,0.18985842168331146
61726,1.0,0.0715475082397461,0.08603009581565857,0.09445302188396454
61727,0.0,0.13945162296295166,0.11842375248670578,0.17033150792121887
61728,1.0,0.18915259838104248,0.23708504438400269,0.27306297421455383
61729,1.0,0.25354039669036865,0.18822292983531952,0.3033246099948883
61730,1.0,0.23724061250686646,0.22220763564109802,0.3417787551879883
62253,0.0,0.6002292633056641,0.46986308693885803,0.6751427054405212
62254,0.0,0.5364325046539307,0.45952165126800537,0.6528580784797668
62255,0.0,0.4892323613166809,0.4942854940891266,0.45236384868621826
62256,0.0,0.5820678472518921,0.508789598941803,0.6087403297424316
62257,0.0,0.5323846340179443,0.5246618390083313,0.6163550615310669
62258,0.0,0.4584658145904541,0.4719792604446411,0.39402368664741516
62259,0.0,0.5293799638748169,0.4800311326980591,0.4383469223976135
62260,0.0,0.4560689926147461,0.41476136445999146,0.3858114182949066
62261,0.0,0.5393675565719604,0.44307658076286316,0.6125643253326416
62262,0.0,0.503727376461029,0.4941885769367218,0.461391419172287
62263,0.0,0.47131091356277466,0.5428200960159302,0.4440849721431732
62264,0.0,0.47560226917266846,0.4768315553665161,0.39219197630882263
62265,0.0,0.44975966215133667,0.5513507127761841,0.4646666646003723
62266,0.0,0.38656800985336304,0.5600390434265137,0.446830153465271
62267,0.0,0.40271931886672974,0.4954538345336914,0.5097464919090271
62268,0.0,0.4255334138870239,0.5394432544708252,0.4591650664806366
62269,0.0,0.3500649929046631,0.5024675726890564,0.3192571997642517
62270,0.0,0.3219572901725769,0.45530202984809875,0.3102259039878845
62271,0.0,0.23398321866989136,0.3673213720321655,0.19686603546142578
62272,0.0,0.20477670431137085,0.38625767827033997,0.20793552696704865
62273,0.0,0.440605103969574,0.5304182171821594,0.6593653559684753
62274,0.0,0.37087905406951904,0.5152331590652466,0.4644600749015808
62275,0.0,0.35041630268096924,0.3614780902862549,0.31909531354904175
62276,0.0,0.30139416456222534,0.40546900033950806,0.2995072603225708
62277,0.0,0.3527800440788269,0.4297015368938446,0.31492942571640015
62278,0.0,0.24781405925750732,0.36722975969314575,0.25403714179992676
62279,0.0,0.3554868698120117,0.39062872529029846,0.4278041422367096
62280,0.0,0.36643558740615845,0.45525121688842773,0.43289071321487427
62281,0.0,0.34358853101730347,0.3815509080886841,0.26745715737342834
62282,0.0,0.23392683267593384,0.2297893762588501,0.21245454251766205
62283,0.0,0.22535276412963867,0.19151276350021362,0.20813021063804626
62284,0.0,0.17627650499343872,0.1298283338546753,0.1437653750181198
62285,0.0,0.1953917145729065,0.24927401542663574,0.175606369972229
62286,0.0,0.16680490970611572,0.16284482181072235,0.13499590754508972
62287,0.0,0.15222662687301636,0.13690078258514404,0.11165806651115417
62288,0.0,0.23075979948043823,0.25381526350975037,0.25870001316070557
62289,0.0,0.1834721565246582,0.27584025263786316,0.14446446299552917
62290,0.0,0.14310920238494873,0.18131209909915924,0.09685476124286652
62291,0.0,0.1719350814819336,0.16198092699050903,0.14352484047412872
62292,0.0,0.19592612981796265,0.27364686131477356,0.1892913430929184
62293,0.0,0.18980282545089722,0.1945391595363617,0.2257101982831955
62294,0.0,0.1813431978225708,0.2090621441602707,0.24131034314632416
62295,0.0,0.16326284408569336,0.19795142114162445,0.1554795652627945
62296,0.0,0.17303746938705444,0.23171187937259674,0.17789088189601898
62297,0.0,0.32752639055252075,0.4398656189441681,0.5356242060661316
62298,0.0,0.2489452362060547,0.2891119420528412,0.2603561282157898
62299,0.0,0.2109113335609436,0.22502122819423676,0.20261423289775848
62300,0.0,0.2574249505996704,0.28741130232810974,0.3055058717727661
62301,0.0,0.19568365812301636,0.22062459588050842,0.1892966628074646
62302,0.0,0.20438706874847412,0.17540305852890015,0.20815077424049377
62303,0.0,0.12445187568664551,0.12359856814146042,0.08416077494621277
62304,0.0,0.1883872151374817,0.17509646713733673,0.1934131383895874
62827,0.0,0.06920313835144043,0.0932760238647461,0.06923675537109375
62828,0.0,0.09026998281478882,0.1376393735408783,0.10637129843235016
62829,0.0,0.09278208017349243,0.1070634201169014,0.10313811898231506
62830,0.0,0.04478907585144043,0.03907480835914612,0.04722333699464798
62831,0.0,0.03773856163024902,0.04803790524601936,0.03797484189271927
62832,0.0,0.029309630393981934,0.03943963348865509,0.03258046135306358
62833,0.0,0.09762996435165405,0.10956888645887375,0.1119128093123436
62834,0.0,0.043390095233917236,0.09768866002559662,0.046886708587408066
62835,0.0,0.030081629753112793,0.042530644685029984,0.027136599645018578
62836,0.0,0.03402823209762573,0.08502984046936035,0.032690320163965225
62837,0.0,0.02576577663421631,0.05449381470680237,0.029217617586255074
62838,0.0,0.023703932762145996,0.05448774993419647,0.026413481682538986
62839,0.0,0.020031094551086426,0.03318213298916817,0.022176368162035942
62840,0.0,0.019483864307403564,0.02598022297024727,0.024016601964831352
62841,0.0,0.019209742546081543,0.02445024438202381,0.024766158312559128
62842,0.0,0.08043354749679565,0.08193790912628174,0.08438198268413544
62843,0.0,0.05581378936767578,0.10506430268287659,0.0669250637292862
62844,0.0,0.09202361106872559,0.12594804167747498,0.07169283926486969
62845,0.0,0.1261950135231018,0.16184763610363007,0.12268328666687012
62846,0.0,0.04597049951553345,0.058460164815187454,0.05361688509583473
62847,0.0,0.09330117702484131,0.13180553913116455,0.0881190374493599
62848,0.0,0.27082359790802,0.23833505809307098,0.36077409982681274
62849,0.0,0.15787464380264282,0.16171371936798096,0.15590772032737732
62850,0.0,0.1272680163383484,0.12370198220014572,0.1142827719449997
62851,0.0,0.17109596729278564,0.13662907481193542,0.2009831666946411
62852,0.0,0.19649046659469604,0.15651701390743256,0.24642539024353027
62853,0.0,0.24436616897583008,0.16524212062358856,0.2326425164937973
62854,1.0,0.20799678564071655,0.17988671362400055,0.2197137176990509
62855,0.0,0.18543827533721924,0.2083771824836731,0.24689269065856934
62856,0.0,0.16268283128738403,0.10961975157260895,0.16642051935195923
62857,0.0,0.13202959299087524,0.11511217802762985,0.09854213148355484
62858,0.0,0.09767001867294312,0.09037762880325317,0.07097239792346954
62859,0.0,0.08376306295394897,0.09459888190031052,0.06161215156316757
62860,0.0,0.05353027582168579,0.09811931848526001,0.03863004222512245
62861,0.0,0.04352748394012451,0.10826367884874344,0.03226851299405098
62862,0.0,0.022082030773162842,0.02530786395072937,0.014980386011302471
62863,0.0,0.048912107944488525,0.0901130884885788,0.044605255126953125
62864,0.0,0.06328517198562622,0.09367188066244125,0.06932420283555984
62865,0.0,0.07219767570495605,0.0698540136218071,0.08934475481510162
62866,0.0,0.038259029388427734,0.07522428780794144,0.039590492844581604
62867,0.0,0.02670276165008545,0.0983109101653099,0.02569933980703354
62868,0.0,0.021164774894714355,0.07384579628705978,0.01885414309799671
62869,0.0,0.012400507926940918,0.052761249244213104,0.012271754443645477
62870,0.0,0.00935131311416626,0.005374528467655182,0.0083651477470994
62871,0.0,0.009269773960113525,0.005403398536145687,0.008220617659389973
62872,0.0,0.009279370307922363,0.005213211290538311,0.00764887360855937
62873,0.0,0.009269773960113525,0.0058548650704324245,0.008220617659389973
62874,0.0,0.009320557117462158,0.005790657829493284,0.0075156730599701405
62875,0.0,0.010103344917297363,0.013175325468182564,0.008749349042773247
62876,0.0,0.010911166667938232,0.009070896543562412,0.009538684971630573
62877,0.0,0.014470338821411133,0.008808170445263386,0.011512070894241333
62878,0.0,0.013398468494415283,0.008386777713894844,0.01169054675847292
63401,0.0,0.021055996417999268,0.034989334642887115,0.02156173810362816
63402,0.0,0.11196213960647583,0.13946335017681122,0.0969039723277092
63403,0.0,0.05346477031707764,0.07906800508499146,0.05045648664236069
63404,0.0,0.023461103439331055,0.03748837858438492,0.013668465428054333
63405,0.0,0.03290903568267822,0.044714972376823425,0.020942529663443565
63406,0.0,0.18189984560012817,0.20856185257434845,0.14548544585704803
63407,0.0,0.06712758541107178,0.08312509953975677,0.04490993916988373
63408,0.0,0.039083123207092285,0.054376017302274704,0.023709174245595932
63409,0.0,0.16320538520812988,0.15826019644737244,0.12437515705823898
63410,1.0,0.4937937259674072,0.5334582328796387,0.601155698299408
63411,1.0,0.21090829372406006,0.24580998718738556,0.19669604301452637
63412,0.0,0.2000514268875122,0.21587921679019928,0.1636407971382141
63413,0.0,0.22887921333312988,0.27712488174438477,0.22927607595920563
63414,1.0,0.23086798191070557,0.21950700879096985,0.24712815880775452
63415,0.0,0.14241725206375122,0.15473471581935883,0.12209533900022507
63416,0.0,0.15954220294952393,0.17571739852428436,0.1983124166727066
63417,0.0,0.23058855533599854,0.24111442267894745,0.23269085586071014
63418,0.0,0.08406656980514526,0.10834790766239166,0.09871818125247955
63419,0.0,0.15523403882980347,0.21744126081466675,0.17257869243621826
63420,0.0,0.24506503343582153,0.21433298289775848,0.2732771337032318
63421,0.0,0.36181241273880005,0.30956974625587463,0.47744959592819214
63422,1.0,0.2789909839630127,0.2189824879169464,0.33848753571510315
63423,0.0,0.23753833770751953,0.21957454085350037,0.2584089934825897
63424,0.0,0.23470360040664673,0.22587361931800842,0.2561757266521454
63425,1.0,0.23822718858718872,0.2207983136177063,0.3279169499874115
63426,0.0,0.09443092346191406,0.1276744306087494,0.09670837968587875
63427,0.0,0.11466473340988159,0.13489499688148499,0.10491117835044861
63428,0.0,0.0792497992515564,0.10700008273124695,0.06464771926403046
63429,0.0,0.05504220724105835,0.08159319311380386,0.04940313845872879
63430,0.0,0.10075360536575317,0.12755274772644043,0.09792207181453705
63431,0.0,0.13805902004241943,0.12796372175216675,0.12278151512145996
63432,0.0,0.12307888269424438,0.10372279584407806,0.10871903598308563
63433,0.0,0.06849992275238037,0.11393201351165771,0.05891720950603485
63434,0.0,0.05815917253494263,0.13874773681163788,0.05990695580840111
63435,0.0,0.037089645862579346,0.05738191679120064,0.03204988315701485
63436,0.0,0.028982818126678467,0.029329020529985428,0.02197614498436451
63437,0.0,0.01749473810195923,0.02819916047155857,0.01822032779455185
63438,0.0,0.016629278659820557,0.016228649765253067,0.01791170798242092
63439,0.0,0.052995264530181885,0.08252686262130737,0.06597426533699036
63440,0.0,0.025770843029022217,0.0832541286945343,0.031261950731277466
63441,0.0,0.023730814456939697,0.022095246240496635,0.01930168643593788
63442,0.0,0.02068847417831421,0.021846462041139603,0.016317488625645638
63443,0.0,0.019923090934753418,0.013682340271770954,0.013610690832138062
63444,0.0,0.01022881269454956,0.006710506975650787,0.005921725649386644
63445,0.0,0.0156782865524292,0.0218772254884243,0.010216360911726952
63446,0.0,0.01652991771697998,0.00849046092480421,0.013778066262602806
63447,0.0,0.011666536331176758,0.02292718179523945,0.007697715424001217
63448,0.0,0.017733991146087646,0.020827529951930046,0.013422241434454918
63449,0.0,0.01850980520248413,0.012593597173690796,0.011624252423644066
63450,0.0,0.012758851051330566,0.012855264358222485,0.007488703820854425
63451,0.0,0.016463398933410645,0.010780485346913338,0.010545383207499981
63452,0.0,0.014226377010345459,0.024326900020241737,0.00973001029342413
63975,1.0,0.6134905815124512,0.5576107501983643,0.8652844429016113
63976,1.0,0.6292195320129395,0.787126898765564,0.9393718242645264
63977,1.0,0.643459677696228,0.7108231782913208,0.9416517019271851
63978,1.0,0.6078928709030151,0.6961166858673096,0.9397976994514465
63979,1.0,0.5058103799819946,0.616502583026886,0.8754801154136658
63980,1.0,0.5665491223335266,0.6432469487190247,0.9578784704208374
63981,1.0,0.6571576595306396,0.85047447681427,0.9800021648406982
63982,1.0,0.6592890024185181,0.8595628142356873,0.9814152121543884
63983,1.0,0.6571576595306396,0.8810907006263733,0.9737008213996887
63984,1.0,0.6451008319854736,0.8881729245185852,0.9702537059783936
63985,1.0,0.6177753210067749,0.9329481720924377,0.9676898121833801
63986,1.0,0.5757670402526855,0.8904610276222229,0.9495207071304321
63987,1.0,0.6388888955116272,0.8864421844482422,0.9601926803588867
63988,1.0,0.6639153957366943,0.9679315090179443,0.9897747039794922
63989,1.0,0.6639153957366943,0.896731972694397,0.9919107556343079
63990,1.0,0.6636457443237305,0.9784976243972778,0.9932576417922974
63991,1.0,0.637184739112854,0.9744022488594055,0.9922235608100891
63992,1.0,0.6531545519828796,0.9780257344245911,0.9938492178916931
63993,1.0,0.6223949193954468,0.9634130001068115,0.9905547499656677
63994,1.0,0.6142431497573853,0.9429256319999695,0.9901254177093506
63995,1.0,0.5835036635398865,0.9022039771080017,0.98124760389328
63996,1.0,0.6225008964538574,0.9509891867637634,0.9894909262657166
63997,1.0,0.6216222047805786,0.9270147681236267,0.9849972724914551
63998,1.0,0.6235985159873962,0.944181501865387,0.985413134098053
63999,1.0,0.6644494533538818,0.9633741974830627,0.9815973043441772
64000,1.0,0.6736472845077515,0.9527789354324341,0.9827402830123901
64001,1.0,0.6885268688201904,0.949934720993042,0.9809730052947998
64002,1.0,0.6894010305404663,0.9531355500221252,0.9764103889465332
64003,1.0,0.6919553279876709,0.942335844039917,0.9761911630630493
64004,1.0,0.6801465749740601,0.9454801678657532,0.9726144671440125
64005,1.0,0.664101243019104,0.8940913677215576,0.9479207992553711
64006,1.0,0.6360222101211548,0.8770679831504822,0.9328556060791016
64007,1.0,0.6173526644706726,0.8581348657608032,0.9256170392036438
64008,1.0,0.5725492238998413,0.9278770089149475,0.9003516435623169
64009,1.0,0.5623456239700317,0.8641623854637146,0.88675457239151
64010,1.0,0.5180946588516235,0.8668731451034546,0.8525080680847168
64011,1.0,0.48673611879348755,0.7853642106056213,0.787217915058136
64012,1.0,0.4892953634262085,0.6814519166946411,0.8191839456558228
64013,1.0,0.547553300857544,0.7936232686042786,0.7877384424209595
64014,1.0,0.4034916162490845,0.6142850518226624,0.5766014456748962
64015,1.0,0.3879680037498474,0.355299711227417,0.4693153202533722
64016,1.0,0.34682542085647583,0.38031598925590515,0.38324570655822754
64017,1.0,0.31477344036102295,0.47377943992614746,0.3345809280872345
64018,0.0,0.3143516778945923,0.3410385251045227,0.2853681445121765
64019,0.0,0.29477638006210327,0.40356022119522095,0.35171398520469666
64020,1.0,0.23903512954711914,0.23314213752746582,0.2955915033817291
64021,0.0,0.18749111890792847,0.18794021010398865,0.1785741150379181
64022,0.0,0.3312385678291321,0.30044659972190857,0.3743627369403839
64023,1.0,0.3115139603614807,0.2509145736694336,0.3467063307762146
64024,0.0,0.26032954454421997,0.19921638071537018,0.31040599942207336
64025,0.0,0.26641011238098145,0.21592366695404053,0.3708367943763733
64026,0.0,0.2092299461364746,0.1429356336593628,0.26226937770843506
64549,1.0,0.47884273529052734,0.4843578040599823,0.7139986157417297
64550,1.0,0.5653083324432373,0.5119703412055969,0.8170972466468811
64551,1.0,0.2964152693748474,0.3869970142841339,0.5625825524330139
64552,0.0,0.09684163331985474,0.19071097671985626,0.11454489082098007
64553,0.0,0.10746997594833374,0.18373136222362518,0.11712581664323807
64554,0.0,0.0834084153175354,0.1664629727602005,0.09549631923437119
64555,0.0,0.026194512844085693,0.04913383722305298,0.019156668335199356
64556,0.0,0.09958833456039429,0.09674076735973358,0.10213614255189896
64557,1.0,0.22540360689163208,0.22194020450115204,0.2666746973991394
64558,1.0,0.28040069341659546,0.3619973063468933,0.4270842671394348
64559,1.0,0.23600542545318604,0.20031829178333282,0.2843986749649048
64560,1.0,0.14048969745635986,0.13835225999355316,0.13451331853866577
64561,0.0,0.0892258882522583,0.11367889493703842,0.07985363155603409
64562,0.0,0.05499178171157837,0.07530733942985535,0.06318347156047821
64563,0.0,0.035055339336395264,0.07889506965875626,0.04641932621598244
64564,0.0,0.19023799896240234,0.13914459943771362,0.24878360331058502
64565,1.0,0.3927754759788513,0.3477245569229126,0.5629244446754456
64566,1.0,0.24950909614562988,0.19538353383541107,0.3919554352760315
64567,0.0,0.18101030588150024,0.17517246305942535,0.20719623565673828
64568,1.0,0.11186277866363525,0.12839330732822418,0.1318449229001999
64569,0.0,0.09412544965744019,0.10965143889188766,0.09982547163963318
64570,0.0,0.07719922065734863,0.09758301079273224,0.09546193480491638
64571,0.0,0.06283295154571533,0.10572366416454315,0.07611604779958725
64572,0.0,0.03789323568344116,0.03687720745801926,0.04880471155047417
64573,0.0,0.03914320468902588,0.04479789733886719,0.0652485117316246
64574,0.0,0.11250072717666626,0.16306664049625397,0.14142213761806488
64575,0.0,0.06532251834869385,0.0518726110458374,0.08732620626688004
64576,0.0,0.05906945466995239,0.056657496839761734,0.0938016027212143
64577,0.0,0.11477851867675781,0.1519463062286377,0.21065670251846313
64578,0.0,0.07338660955429077,0.048023857176303864,0.10780351608991623
64579,0.0,0.08873748779296875,0.10313037037849426,0.15908411145210266
64580,0.0,0.05241096019744873,0.047582633793354034,0.07483967393636703
64581,0.0,0.09462332725524902,0.1320951282978058,0.16847260296344757
64582,0.0,0.11033689975738525,0.1244434341788292,0.2083589732646942
64583,1.0,0.08622950315475464,0.12939420342445374,0.13686606287956238
64584,0.0,0.1628340482711792,0.15645970404148102,0.26053380966186523
64585,1.0,0.0783388614654541,0.13830482959747314,0.13455092906951904
64586,0.0,0.1384115219116211,0.18577970564365387,0.2712385356426239
64587,1.0,0.11820703744888306,0.1919838935136795,0.1897403746843338
64588,0.0,0.11501437425613403,0.14920862019062042,0.20379309356212616
64589,1.0,0.13746380805969238,0.1828446388244629,0.2601095139980316
64590,1.0,0.15252000093460083,0.15415969491004944,0.25418126583099365
64591,1.0,0.12766492366790771,0.15395505726337433,0.16304448246955872
64592,0.0,0.0883646011352539,0.12342867255210876,0.08956596255302429
64593,0.0,0.08968758583068848,0.12716609239578247,0.08939836174249649
64594,1.0,0.234272301197052,0.21784240007400513,0.3776254951953888
64595,1.0,0.12360560894012451,0.1321326196193695,0.13362838327884674
64596,1.0,0.1621951460838318,0.2022705376148224,0.20985013246536255
64597,1.0,0.17910951375961304,0.19172139465808868,0.3960976302623749
64598,1.0,0.15302973985671997,0.15462473034858704,0.2583201825618744
64599,1.0,0.18418902158737183,0.13865408301353455,0.3377133905887604
64600,1.0,0.31618160009384155,0.3168007731437683,0.46362271904945374
65123,0.0,0.1355012059211731,0.18936169147491455,0.1237071305513382
65124,0.0,0.15553611516952515,0.2744603455066681,0.1807224452495575
65125,0.0,0.2614772319793701,0.2756619453430176,0.29572147130966187
65126,1.0,0.22306907176971436,0.1981756091117859,0.2146836668252945
65127,0.0,0.20961260795593262,0.2897305488586426,0.21220019459724426
65128,1.0,0.2868638038635254,0.29895949363708496,0.3420664072036743
65129,1.0,0.24015730619430542,0.23532715439796448,0.23139475286006927
65130,1.0,0.22172552347183228,0.2342059314250946,0.20971910655498505
65131,1.0,0.2075633406639099,0.2106865644454956,0.1992197334766388
65132,0.0,0.2093237042427063,0.24284139275550842,0.19900760054588318
65133,1.0,0.2719215750694275,0.27816301584243774,0.2944444417953491
65134,1.0,0.23292690515518188,0.22726990282535553,0.24669422209262848
65135,0.0,0.20373588800430298,0.23763541877269745,0.21098877489566803
65136,0.0,0.22041583061218262,0.25900566577911377,0.2767033278942108
65137,1.0,0.24175238609313965,0.25265488028526306,0.23528122901916504
65138,0.0,0.24113589525222778,0.3025191128253937,0.2602091431617737
65139,1.0,0.45400524139404297,0.49154534935951233,0.6465117335319519
65140,1.0,0.4532601237297058,0.4670683741569519,0.6891201138496399
65141,1.0,0.570111095905304,0.7380287647247314,0.8470989465713501
65142,1.0,0.4470898509025574,0.7126685380935669,0.6775999069213867
65143,1.0,0.3561413288116455,0.46894893050193787,0.41370195150375366
65144,1.0,0.3613981008529663,0.5047872066497803,0.47077468037605286
65145,1.0,0.25808823108673096,0.35908153653144836,0.36820945143699646
65146,0.0,0.20185434818267822,0.21849924325942993,0.26496002078056335
65147,0.0,0.35557907819747925,0.34180355072021484,0.344272255897522
65148,1.0,0.3963097929954529,0.3960994482040405,0.5703253149986267
65149,1.0,0.3855416774749756,0.4698759913444519,0.6290611028671265
65150,1.0,0.3758850693702698,0.35916686058044434,0.5486534833908081
65151,1.0,0.3326703906059265,0.3036271035671234,0.4276907444000244
65152,1.0,0.3732011318206787,0.3141181766986847,0.5058912038803101
65153,1.0,0.33201706409454346,0.3609219789505005,0.47279074788093567
65154,1.0,0.25691652297973633,0.29777032136917114,0.3574415147304535
65155,1.0,0.30237847566604614,0.3707523047924042,0.3918982148170471
65156,1.0,0.34436696767807007,0.43723687529563904,0.5159220695495605
65157,1.0,0.29221200942993164,0.36033865809440613,0.4291295111179352
65158,1.0,0.2717421054840088,0.2480466216802597,0.3486538231372833
65159,1.0,0.20845121145248413,0.2620662748813629,0.2542775571346283
65160,1.0,0.16446489095687866,0.2188735455274582,0.17727559804916382
65161,0.0,0.14670568704605103,0.17753882706165314,0.17203062772750854
65162,0.0,0.13906508684158325,0.15168887376785278,0.15290164947509766
65163,0.0,0.08493870496749878,0.15967251360416412,0.09908785670995712
65164,0.0,0.09552252292633057,0.11356762051582336,0.11071928590536118
65165,0.0,0.08760702610015869,0.10581894218921661,0.08223681896924973
65166,0.0,0.10778510570526123,0.10929103940725327,0.08742739260196686
65167,0.0,0.05244666337966919,0.10126274079084396,0.03883432596921921
65168,0.0,0.0480196475982666,0.09841974824666977,0.03940562531352043
65169,0.0,0.0943911075592041,0.14218200743198395,0.07509710639715195
65170,0.0,0.13808459043502808,0.14137516915798187,0.16405238211154938
65171,0.0,0.14038783311843872,0.125431627035141,0.15138094127178192
65172,0.0,0.14229333400726318,0.13303983211517334,0.14929206669330597
65173,0.0,0.07927089929580688,0.1211494728922844,0.08536812663078308
65174,0.0,0.15026146173477173,0.16481348872184753,0.16553260385990143
65697,1.0,0.3530527353286743,0.4311845004558563,0.8098028302192688
65698,1.0,0.5206544399261475,0.7447075247764587,0.9305714964866638
65699,1.0,0.44255757331848145,0.5784526467323303,0.8698019981384277
65700,1.0,0.4698925018310547,0.6214962601661682,0.8355689644813538
65701,1.0,0.38062959909439087,0.505559504032135,0.7379359602928162
65702,1.0,0.3682233691215515,0.5427184700965881,0.8097301125526428
65703,1.0,0.32720863819122314,0.5852362513542175,0.7507806420326233
65704,1.0,0.29585587978363037,0.40697920322418213,0.6740037798881531
65705,1.0,0.39409250020980835,0.47358816862106323,0.8851072788238525
65706,1.0,0.5019129514694214,0.6436283588409424,0.8884280920028687
65707,1.0,0.4085889458656311,0.44531214237213135,0.7700567245483398
65708,1.0,0.39932411909103394,0.43399953842163086,0.7048149704933167
65709,1.0,0.2866925001144409,0.41574886441230774,0.5332162380218506
65710,1.0,0.3680328130722046,0.42005598545074463,0.6783236265182495
65711,1.0,0.20351648330688477,0.28258997201919556,0.3238707184791565
65712,1.0,0.21688753366470337,0.2776760756969452,0.4015456438064575
65713,1.0,0.190673828125,0.250601589679718,0.25195959210395813
65714,1.0,0.16353601217269897,0.1884317845106125,0.24779491126537323
65715,1.0,0.14925026893615723,0.18879014253616333,0.24675846099853516
65716,1.0,0.13639068603515625,0.184679314494133,0.20115023851394653
65717,1.0,0.12411516904830933,0.1529841125011444,0.20810723304748535
65718,1.0,0.11554652452468872,0.1319723278284073,0.176921546459198
65719,0.0,0.06284022331237793,0.12021439522504807,0.09500890970230103
65720,0.0,0.07989442348480225,0.11084900051355362,0.1133912056684494
65721,1.0,0.07344222068786621,0.1379903107881546,0.0934872254729271
65722,1.0,0.10675686597824097,0.14374393224716187,0.12066422402858734
65723,1.0,0.08842873573303223,0.2138650268316269,0.12726877629756927
65724,0.0,0.06586194038391113,0.10287198424339294,0.08318257331848145
65725,1.0,0.04794973134994507,0.10623177886009216,0.11059796810150146
65726,0.0,0.10049766302108765,0.1295882910490036,0.12684284150600433
65727,1.0,0.09160655736923218,0.11360529810190201,0.17369291186332703
65728,1.0,0.06684571504592896,0.11067741364240646,0.09303714334964752
65729,0.0,0.06797873973846436,0.09150190651416779,0.0692419484257698
65730,1.0,0.07372492551803589,0.11926120519638062,0.1603775918483734
65731,0.0,0.03659510612487793,0.08112717419862747,0.04109941050410271
65732,0.0,0.0594213604927063,0.05589111149311066,0.056073691695928574
65733,1.0,0.03462439775466919,0.10022902488708496,0.06396714597940445
65734,0.0,0.04718965291976929,0.05650700256228447,0.05309848487377167
65735,0.0,0.03051578998565674,0.06966150552034378,0.045527610927820206
65736,0.0,0.025793135166168213,0.08684951812028885,0.031202679499983788
65737,0.0,0.016659438610076904,0.027873020619153976,0.020408492535352707
65738,0.0,0.04323190450668335,0.09789007157087326,0.037449125200510025
65739,0.0,0.020365417003631592,0.03043046034872532,0.024734217673540115
65740,0.0,0.019095122814178467,0.020898185670375824,0.018253033980727196
65741,0.0,0.047313809394836426,0.10066062957048416,0.05534537881612778
65742,0.0,0.02392059564590454,0.05625814571976662,0.03326138108968735
65743,0.0,0.019747376441955566,0.028056876733899117,0.019540898501873016
65744,0.0,0.05651891231536865,0.1112598404288292,0.07571449130773544
65745,0.0,0.10845571756362915,0.2385653704404831,0.17918485403060913
65746,1.0,0.11090606451034546,0.19312496483325958,0.12352267652750015
65747,1.0,0.1491304636001587,0.1851729452610016,0.25183427333831787
65748,1.0,0.08080172538757324,0.14892762899398804,0.21738970279693604
66271,1.0,0.057320237159729004,0.03798922896385193,0.07598660886287689
66272,1.0,0.05379253625869751,0.03263191133737564,0.07721024006605148
66273,1.0,0.05050724744796753,0.026610085740685463,0.05298036336898804
66274,1.0,0.05349618196487427,0.040905654430389404,0.07726901024580002
66275,1.0,0.05594712495803833,0.03831047937273979,0.07393009960651398
66276,1.0,0.041871070861816406,0.03504113852977753,0.06175386905670166
66277,1.0,0.04127627611160278,0.031640566885471344,0.05657259002327919
66278,1.0,0.05256766080856323,0.03472951799631119,0.0700521320104599
66279,1.0,0.0306776762008667,0.024745600298047066,0.04655737057328224
66280,1.0,0.030863642692565918,0.023552821949124336,0.03671315312385559
66281,1.0,0.045638442039489746,0.044720765203237534,0.0671452134847641
66282,1.0,0.051662445068359375,0.0484531968832016,0.07371440529823303
66283,1.0,0.05839270353317261,0.04308904707431793,0.08515747636556625
66284,1.0,0.05169564485549927,0.045414358377456665,0.07789634168148041
66285,1.0,0.11484843492507935,0.10907295346260071,0.1529567986726761
66286,1.0,0.2710099220275879,0.2291109263896942,0.3626910150051117
66287,1.0,0.3015681505203247,0.2682039439678192,0.4416898787021637
66288,1.0,0.14284640550613403,0.12381953001022339,0.26177704334259033
66289,1.0,0.23852640390396118,0.19565241038799286,0.3370301127433777
66290,1.0,0.3033596873283386,0.23883233964443207,0.3719884753227234
66291,1.0,0.16743314266204834,0.15378715097904205,0.26337552070617676
66292,1.0,0.27226608991622925,0.224409282207489,0.36702704429626465
66293,1.0,0.47148704528808594,0.29293951392173767,0.6607453227043152
66294,1.0,0.6409724950790405,0.4122658371925354,0.7263286709785461
66295,1.0,0.4222216010093689,0.29276615381240845,0.5317721366882324
66296,1.0,0.5530647039413452,0.37055981159210205,0.6849602460861206
66297,1.0,0.5582740902900696,0.3152279555797577,0.7038097381591797
66298,1.0,0.511107325553894,0.28824493288993835,0.5897862911224365
66299,1.0,0.4716663956642151,0.2659511864185333,0.5333297252655029
66300,1.0,0.3889680504798889,0.25606200098991394,0.4643676280975342
66301,1.0,0.2787718176841736,0.19369250535964966,0.2697903513908386
66302,1.0,0.1892235279083252,0.16929249465465546,0.20693212747573853
66303,1.0,0.14024627208709717,0.16787917912006378,0.17619474232196808
66304,1.0,0.1761312484741211,0.13268518447875977,0.20909461379051208
66305,1.0,0.16629546880722046,0.13941465318202972,0.23420116305351257
66306,1.0,0.21801352500915527,0.1635042130947113,0.27995944023132324
66307,1.0,0.12439984083175659,0.12195862084627151,0.18451113998889923
66308,1.0,0.07968658208847046,0.09844817966222763,0.10165182501077652
66309,1.0,0.0774720311164856,0.09606411308050156,0.13738247752189636
66310,1.0,0.06526058912277222,0.1043747216463089,0.09749292582273483
66311,1.0,0.046709299087524414,0.048881128430366516,0.0514054149389267
66312,1.0,0.03741955757141113,0.027224693447351456,0.04849756509065628
66313,1.0,0.03876817226409912,0.042658694088459015,0.06809858977794647
66314,1.0,0.03535252809524536,0.03432571887969971,0.05664479359984398
66315,1.0,0.04240018129348755,0.037647802382707596,0.07353739440441132
66316,1.0,0.04700738191604614,0.03194938972592354,0.07081466168165207
66317,1.0,0.03374481201171875,0.0357297845184803,0.053967878222465515
66318,1.0,0.04298281669616699,0.03798838332295418,0.06939942389726639
66319,1.0,0.046859800815582275,0.03367473930120468,0.06081632524728775
66320,1.0,0.05269497632980347,0.033009376376867294,0.06473413109779358
66321,1.0,0.08824324607849121,0.047638341784477234,0.11743024736642838
66322,1.0,0.08214795589447021,0.05097955837845802,0.09512992948293686
66845,1.0,0.5383417010307312,0.5574713349342346,0.7432079911231995
66846,1.0,0.5370217561721802,0.7095108032226562,0.8098811507225037
66847,1.0,0.45851433277130127,0.5920807123184204,0.6125876307487488
66848,1.0,0.3754224181175232,0.4478152096271515,0.4544050991535187
66849,1.0,0.43427759408950806,0.4742560386657715,0.5143278241157532
66850,1.0,0.3452976942062378,0.4007379114627838,0.38359206914901733
66851,1.0,0.31375741958618164,0.45523199439048767,0.4094955027103424
66852,1.0,0.23384904861450195,0.30641117691993713,0.17511500418186188
66853,0.0,0.24617475271224976,0.37035512924194336,0.2292850911617279
66854,0.0,0.2821640372276306,0.47998473048210144,0.31234481930732727
66855,1.0,0.1992582082748413,0.2935151159763336,0.18568812310695648
66856,0.0,0.08898711204528809,0.15390212833881378,0.06693705916404724
66857,0.0,0.10679042339324951,0.211013063788414,0.09701572358608246
66858,0.0,0.18247783184051514,0.298249751329422,0.17900940775871277
66859,0.0,0.08864110708236694,0.19740378856658936,0.08449447154998779
66860,0.0,0.04741036891937256,0.07682788372039795,0.0500364676117897
66861,0.0,0.05737990140914917,0.09249071031808853,0.06147821620106697
66862,0.0,0.04841327667236328,0.10614380240440369,0.052288223057985306
66863,0.0,0.03680062294006348,0.041350144892930984,0.055187154561281204
66864,0.0,0.030814051628112793,0.04473733529448509,0.03931036591529846
66865,0.0,0.03627496957778931,0.050259996205568314,0.04819321259856224
66866,0.0,0.032325685024261475,0.05548171326518059,0.04242343455553055
66867,0.0,0.02821969985961914,0.04078235477209091,0.027019120752811432
66868,0.0,0.030690670013427734,0.03368278220295906,0.02648671716451645
66869,0.0,0.02994304895401001,0.029119746759533882,0.030878407880663872
66870,0.0,0.02960515022277832,0.02818070724606514,0.022956466302275658
66871,0.0,0.023201346397399902,0.03400135785341263,0.028701428323984146
66872,0.0,0.02293473482131958,0.03171921893954277,0.023034367710351944
66873,0.0,0.021911442279815674,0.02826337143778801,0.021210817620158195
66874,0.0,0.023775756359100342,0.0279129259288311,0.020280448719859123
66875,0.0,0.018603086471557617,0.022545281797647476,0.01922275312244892
66876,0.0,0.01675999164581299,0.027405409142374992,0.015377783216536045
66877,0.0,0.01672673225402832,0.030203239992260933,0.012742752209305763
66878,0.0,0.015796959400177002,0.029577255249023438,0.018536342307925224
66879,0.0,0.016092956066131592,0.020367225632071495,0.01563297025859356
66880,0.0,0.014572501182556152,0.02885054610669613,0.011273123323917389
66881,0.0,0.014303267002105713,0.037960026413202286,0.011669179424643517
66882,0.0,0.013446927070617676,0.02974010445177555,0.012129467912018299
66883,0.0,0.014888644218444824,0.028128452599048615,0.01822498068213463
66884,0.0,0.014933347702026367,0.022117026150226593,0.011578049510717392
66885,0.0,0.01437598466873169,0.020170770585536957,0.014999128878116608
66886,0.0,0.014370262622833252,0.029462210834026337,0.021669283509254456
66887,0.0,0.014299333095550537,0.024353917688131332,0.020819706842303276
66888,0.0,0.017262160778045654,0.025242865085601807,0.02071210741996765
66889,0.0,0.01633632183074951,0.026271086186170578,0.023043585941195488
66890,0.0,0.01775902509689331,0.033169325441122055,0.020712045952677727
66891,0.0,0.01796138286590576,0.02442263253033161,0.02140664868056774
66892,0.0,0.01672506332397461,0.02763606794178486,0.023855162784457207
66893,0.0,0.01974433660507202,0.0321788415312767,0.020289121195673943
66894,0.0,0.025666654109954834,0.03465767949819565,0.031689926981925964
66895,0.0,0.03876757621765137,0.051944419741630554,0.038084276020526886
66896,0.0,0.04723244905471802,0.06285598129034042,0.07268284261226654
67419,0.0,0.3698393702507019,0.4444862902164459,0.5636001825332642
67420,1.0,0.2528383731842041,0.3406371474266052,0.3091026544570923
67421,0.0,0.26216769218444824,0.34518295526504517,0.2817128002643585
67422,0.0,0.29321449995040894,0.3371864855289459,0.3603955805301666
67423,0.0,0.19417345523834229,0.24019388854503632,0.21574246883392334
67424,0.0,0.2333030104637146,0.254982590675354,0.2649470865726471
67425,0.0,0.3168412446975708,0.39607569575309753,0.38374063372612
67426,1.0,0.2734302878379822,0.330653578042984,0.33927926421165466
67427,0.0,0.232510507106781,0.3168681263923645,0.2765346169471741
67428,1.0,0.2463124394416809,0.35634395480155945,0.28217554092407227
67429,0.0,0.10870462656021118,0.23034368455410004,0.1363457441329956
67430,0.0,0.10502982139587402,0.14645682275295258,0.10076981037855148
67431,0.0,0.2648400068283081,0.32640600204467773,0.2962563931941986
67432,1.0,0.24208039045333862,0.2782881557941437,0.27908816933631897
67433,0.0,0.16603249311447144,0.27660050988197327,0.18910908699035645
67434,0.0,0.202359139919281,0.26317399740219116,0.24022480845451355
67435,0.0,0.2772865891456604,0.3547497093677521,0.31063562631607056
67436,1.0,0.39880168437957764,0.4234788417816162,0.5277483463287354
67437,1.0,0.26196128129959106,0.35501235723495483,0.3672163486480713
67438,1.0,0.26795023679733276,0.410872220993042,0.3801223933696747
67439,1.0,0.24788326025009155,0.3098212778568268,0.304695188999176
67440,1.0,0.16427206993103027,0.3091229796409607,0.2677677273750305
67441,1.0,0.21536028385162354,0.19807305932044983,0.240108460187912
67442,1.0,0.4078366756439209,0.34971216320991516,0.608909547328949
67443,1.0,0.2781220078468323,0.29129114747047424,0.36535245180130005
67444,1.0,0.26596468687057495,0.31887227296829224,0.2607651352882385
67445,1.0,0.17496299743652344,0.18752317130565643,0.16526010632514954
67446,1.0,0.20866483449935913,0.18154528737068176,0.17342692613601685
67447,1.0,0.12985652685165405,0.17338141798973083,0.1241629496216774
67448,1.0,0.13987714052200317,0.16958704590797424,0.15391577780246735
67449,1.0,0.11480265855789185,0.15242698788642883,0.09512972086668015
67450,0.0,0.0829957127571106,0.13935434818267822,0.08580923080444336
67451,1.0,0.16359376907348633,0.16442015767097473,0.13247618079185486
67452,1.0,0.19397276639938354,0.2952401340007782,0.18523883819580078
67453,1.0,0.18487787246704102,0.29626327753067017,0.14611542224884033
67454,1.0,0.19503605365753174,0.16171152889728546,0.19287109375
67455,1.0,0.1623867154121399,0.20286791026592255,0.1683318316936493
67456,1.0,0.2747030258178711,0.3571408689022064,0.36298978328704834
67457,1.0,0.2615801692008972,0.29006218910217285,0.3608003258705139
67458,1.0,0.34396833181381226,0.39719143509864807,0.5790050029754639
67459,1.0,0.22856807708740234,0.21012665331363678,0.31737953424453735
67460,1.0,0.16455256938934326,0.1376369297504425,0.18484237790107727
67461,1.0,0.18258309364318848,0.14662586152553558,0.23821814358234406
67462,1.0,0.22705811262130737,0.1870831847190857,0.3158496916294098
67463,1.0,0.12355774641036987,0.12475987523794174,0.132595494389534
67464,1.0,0.2983308434486389,0.320252001285553,0.3592514097690582
67465,1.0,0.2189321517944336,0.2363487035036087,0.27199625968933105
67466,1.0,0.21610862016677856,0.18175150454044342,0.26759716868400574
67467,1.0,0.22449606657028198,0.18794246017932892,0.2747807502746582
67468,1.0,0.2595175504684448,0.23784388601779938,0.3548932373523712
67469,1.0,0.4715808629989624,0.39932745695114136,0.6663037538528442
67470,1.0,0.42229485511779785,0.2575039267539978,0.6053101420402527
67993,0.0,0.4217405915260315,0.4669439196586609,0.6427445411682129
67994,1.0,0.28744417428970337,0.36219334602355957,0.47877198457717896
67995,1.0,0.2476109266281128,0.38308829069137573,0.45429277420043945
67996,0.0,0.28831541538238525,0.4166549742221832,0.42326804995536804
67997,0.0,0.21540945768356323,0.2811836898326874,0.22021988034248352
67998,0.0,0.35747724771499634,0.42879581451416016,0.47477641701698303
67999,1.0,0.42757701873779297,0.5355551838874817,0.5869429111480713
68000,1.0,0.24065834283828735,0.34874624013900757,0.31892815232276917
68001,1.0,0.3166479468345642,0.4075706899166107,0.46981969475746155
68002,0.0,0.30101990699768066,0.45187264680862427,0.3991117477416992
68003,0.0,0.2242611050605774,0.33466771245002747,0.19490009546279907
68004,0.0,0.15407335758209229,0.2274307757616043,0.16953426599502563
68005,0.0,0.22907030582427979,0.3423203229904175,0.2444964349269867
68006,0.0,0.4004966616630554,0.3846101760864258,0.5058016777038574
68007,0.0,0.191606342792511,0.2440727800130844,0.256024032831192
68008,0.0,0.31446731090545654,0.4268245995044708,0.4131636917591095
68009,1.0,0.3268660306930542,0.33885279297828674,0.4656883478164673
68010,0.0,0.2429516315460205,0.30852073431015015,0.2786276638507843
68011,0.0,0.17594116926193237,0.2891342341899872,0.20869340002536774
68012,0.0,0.22958862781524658,0.3214638829231262,0.3429146707057953
68013,0.0,0.3027145266532898,0.3165578842163086,0.3890092968940735
68014,0.0,0.23574066162109375,0.256388396024704,0.2724427878856659
68015,0.0,0.1615431308746338,0.1831982433795929,0.1347140669822693
68016,0.0,0.09374964237213135,0.16413018107414246,0.08446317911148071
68017,0.0,0.1388567090034485,0.12211135774850845,0.13171954452991486
68018,0.0,0.1407233476638794,0.13369795680046082,0.12735925614833832
68019,0.0,0.14075833559036255,0.11410364508628845,0.19093871116638184
68020,0.0,0.10286784172058105,0.1193535253405571,0.09932547062635422
68021,0.0,0.1003577709197998,0.10572421550750732,0.09517180174589157
68022,0.0,0.0681006908416748,0.14591476321220398,0.051747411489486694
68023,0.0,0.05789542198181152,0.07395967841148376,0.05297823250293732
68024,0.0,0.031702637672424316,0.03798847272992134,0.040235042572021484
68025,0.0,0.027831733226776123,0.04548677057027817,0.021777894347906113
68026,0.0,0.0201493501663208,0.029103877022862434,0.027586624026298523
68027,0.0,0.052145421504974365,0.0971943661570549,0.07236181944608688
68028,0.0,0.052737534046173096,0.07333682477474213,0.05135795474052429
68029,0.0,0.03537517786026001,0.09334385395050049,0.03889469802379608
68030,0.0,0.03367084264755249,0.059985313564538956,0.035703517496585846
68031,0.0,0.03218793869018555,0.09734231233596802,0.03889854997396469
68032,0.0,0.01546412706375122,0.03445429354906082,0.021050618961453438
68033,0.0,0.01840817928314209,0.03488331660628319,0.03304501250386238
68034,0.0,0.01703864336013794,0.040649089962244034,0.025427332147955894
68035,0.0,0.0538291335105896,0.10992494970560074,0.06670654565095901
68036,0.0,0.034528374671936035,0.03366508334875107,0.04250555858016014
68037,0.0,0.09701812267303467,0.14180687069892883,0.1558825820684433
68038,0.0,0.18270695209503174,0.2096027433872223,0.26821744441986084
68039,0.0,0.3425290584564209,0.28479650616645813,0.5118889212608337
68040,1.0,0.21652072668075562,0.2130890190601349,0.28886768221855164
68041,0.0,0.13944613933563232,0.19118720293045044,0.19956831634044647
68042,0.0,0.14582908153533936,0.23224487900733948,0.1881422996520996
68043,0.0,0.09693551063537598,0.131516695022583,0.11660119146108627
68044,0.0,0.2387750744819641,0.24343951046466827,0.3659141957759857
68567,1.0,0.04979360103607178,0.06794586777687073,0.05147203430533409
68568,1.0,0.04780721664428711,0.05733758211135864,0.036707621067762375
68569,1.0,0.04755866527557373,0.028157297521829605,0.02938736602663994
68570,1.0,0.049557507038116455,0.07608899474143982,0.046290699392557144
68571,1.0,0.1930345892906189,0.2679518759250641,0.20123468339443207
68572,1.0,0.2452000379562378,0.3022320568561554,0.294260174036026
68573,1.0,0.23274832963943481,0.2861063778400421,0.23550045490264893
68574,1.0,0.12820041179656982,0.17958039045333862,0.12733496725559235
68575,1.0,0.09287673234939575,0.16510698199272156,0.09366579353809357
68576,1.0,0.45899903774261475,0.3927370607852936,0.6570667028427124
68577,1.0,0.686320424079895,0.6552375555038452,0.8448127508163452
68578,1.0,0.6891838312149048,0.7839460372924805,0.913855254650116
68579,1.0,0.6503289341926575,0.7199419140815735,0.8996465802192688
68580,1.0,0.6188259124755859,0.9117886424064636,0.9576952457427979
68581,1.0,0.6013108491897583,0.7868050336837769,0.8772400617599487
68582,1.0,0.5743643641471863,0.6631852388381958,0.9252217411994934
68583,1.0,0.6248105764389038,0.8381876349449158,0.9416555762290955
68584,1.0,0.5951960682868958,0.7823571562767029,0.9595920443534851
68585,1.0,0.6464179754257202,0.9099732637405396,0.9902698993682861
68586,1.0,0.6283935308456421,0.9215299487113953,0.9869967699050903
68587,1.0,0.634325385093689,0.9201311469078064,0.9646663069725037
68588,1.0,0.6033860445022583,0.9128623604774475,0.9482214450836182
68589,1.0,0.5847975015640259,0.9037225246429443,0.9494237899780273
68590,1.0,0.5519567728042603,0.9015834331512451,0.9217461347579956
68591,1.0,0.5497891306877136,0.8648301362991333,0.9096279144287109
68592,1.0,0.49593257904052734,0.7555124163627625,0.8334218263626099
68593,1.0,0.42821645736694336,0.6421127319335938,0.7554159164428711
68594,1.0,0.34301328659057617,0.4845539331436157,0.42870911955833435
68595,1.0,0.2233220338821411,0.472511887550354,0.35364222526550293
68596,1.0,0.2525690197944641,0.33336272835731506,0.2813575863838196
68597,1.0,0.13892340660095215,0.27969223260879517,0.1630599945783615
68598,1.0,0.10038626194000244,0.257352352142334,0.10941796749830246
68599,1.0,0.06309860944747925,0.19687879085540771,0.05444633215665817
68600,1.0,0.03627622127532959,0.11172530055046082,0.025773650035262108
68601,1.0,0.032041311264038086,0.08642960339784622,0.02441486530005932
68602,1.0,0.03244107961654663,0.07100709527730942,0.028314363211393356
68603,1.0,0.022262096405029297,0.035783715546131134,0.019778728485107422
68604,1.0,0.022711634635925293,0.043055836111307144,0.01856459304690361
68605,1.0,0.021818459033966064,0.042028263211250305,0.018561894074082375
68606,1.0,0.023259222507476807,0.032931435853242874,0.017008285969495773
68607,1.0,0.022029519081115723,0.02964949980378151,0.016967596486210823
68608,1.0,0.01992863416671753,0.030334968119859695,0.01728382334113121
68609,1.0,0.021005749702453613,0.024954993277788162,0.01932881399989128
68610,1.0,0.027486860752105713,0.03363348916172981,0.03134166821837425
68611,1.0,0.02466815710067749,0.0761285126209259,0.02550629712641239
68612,1.0,0.02338564395904541,0.018463341519236565,0.020402448251843452
68613,1.0,0.024718761444091797,0.03160366788506508,0.026803061366081238
68614,1.0,0.023707091808319092,0.03529546037316322,0.02535254694521427
68615,1.0,0.027713656425476074,0.022944370284676552,0.024255869910120964
68616,1.0,0.031701862812042236,0.02550908364355564,0.02833762764930725
68617,1.0,0.05676907300949097,0.038781508803367615,0.04308395832777023
68618,1.0,0.05831432342529297,0.04074675589799881,0.05086860805749893
69141,0.0,0.056000590324401855,0.040648821741342545,0.045698802918195724
69142,0.0,0.164267897605896,0.14663098752498627,0.1463548094034195
69143,0.0,0.07294142246246338,0.0778176486492157,0.0601750910282135
69144,0.0,0.051661014556884766,0.053738582879304886,0.03490176051855087
69145,0.0,0.13779640197753906,0.12232448905706406,0.10878974944353104
69146,0.0,0.0596308708190918,0.06797438114881516,0.07203663885593414
69147,0.0,0.05040258169174194,0.04072779789566994,0.03515184670686722
69148,0.0,0.05751156806945801,0.039284598082304,0.0520331934094429
69149,0.0,0.11496323347091675,0.1437545269727707,0.11137312650680542
69150,1.0,0.41286957263946533,0.5232589840888977,0.6655891537666321
69151,1.0,0.4083876609802246,0.43190521001815796,0.6162984371185303
69152,1.0,0.36933451890945435,0.34733107686042786,0.6024625897407532
69153,1.0,0.3419891595840454,0.2937702536582947,0.5436381697654724
69154,1.0,0.32697343826293945,0.32405421137809753,0.5163478255271912
69155,1.0,0.38328850269317627,0.3326895534992218,0.611834704875946
69156,1.0,0.4551504850387573,0.39295443892478943,0.7559126615524292
69157,1.0,0.3661118149757385,0.39118412137031555,0.6275078654289246
69158,1.0,0.2509114146232605,0.23542147874832153,0.3436630964279175
69159,0.0,0.23821061849594116,0.23489567637443542,0.33346179127693176
69160,1.0,0.3471934199333191,0.3030526041984558,0.4780167043209076
69161,1.0,0.3051750063896179,0.2970748841762543,0.46120089292526245
69162,1.0,0.3371279835700989,0.2820334732532501,0.5580935478210449
69163,1.0,0.4025338888168335,0.4614865481853485,0.7409664988517761
69164,1.0,0.4859268069267273,0.5377945899963379,0.6624726057052612
69165,1.0,0.3579410910606384,0.319306343793869,0.49039313197135925
69166,1.0,0.5159538388252258,0.4689732789993286,0.7955657243728638
69167,1.0,0.7406783103942871,0.7460833787918091,0.9655049443244934
69168,1.0,0.6028019189834595,0.6305478811264038,0.8556296825408936
69169,1.0,0.5479547381401062,0.5734814405441284,0.7522718906402588
69170,1.0,0.49987977743148804,0.5113247036933899,0.6518421173095703
69171,1.0,0.3595060706138611,0.469474196434021,0.5382595062255859
69172,1.0,0.3185998201370239,0.31715989112854004,0.41566094756126404
69173,1.0,0.32747429609298706,0.34464171528816223,0.4962492883205414
69174,1.0,0.3162229061126709,0.2671777606010437,0.4775799512863159
69175,1.0,0.2652639150619507,0.23170320689678192,0.36407604813575745
69176,1.0,0.38654881715774536,0.35831737518310547,0.5244801044464111
69177,1.0,0.40472161769866943,0.3427942991256714,0.5644976496696472
69178,1.0,0.400463342666626,0.36110928654670715,0.6828900575637817
69179,1.0,0.3698161840438843,0.3588510751724243,0.5881088972091675
69180,1.0,0.30245834589004517,0.27857786417007446,0.4007856845855713
69181,1.0,0.2713514566421509,0.2743883728981018,0.39820972084999084
69182,1.0,0.2918763756752014,0.2899668514728546,0.42096343636512756
69183,1.0,0.16645753383636475,0.1647653430700302,0.20762887597084045
69184,0.0,0.08246314525604248,0.11354975402355194,0.09333804249763489
69185,0.0,0.10453552007675171,0.1154252365231514,0.08713698387145996
69186,0.0,0.1603640913963318,0.15346811711788177,0.15963666141033173
69187,0.0,0.05342131853103638,0.0899442583322525,0.04102648049592972
69188,0.0,0.05118238925933838,0.07578049600124359,0.05593373626470566
69189,0.0,0.15553730726242065,0.1648174673318863,0.1448250710964203
69190,1.0,0.08902788162231445,0.10419730842113495,0.06597911566495895
69191,0.0,0.16319221258163452,0.10365265607833862,0.18935075402259827
69192,0.0,0.21541368961334229,0.12839321792125702,0.24570021033287048
69715,0.0,0.04037350416183472,0.03816170245409012,0.05980074405670166
69716,0.0,0.11194199323654175,0.13410694897174835,0.13580666482448578
69717,0.0,0.35093188285827637,0.4755783677101135,0.4878285527229309
69718,1.0,0.26295000314712524,0.1859794557094574,0.35305359959602356
69719,1.0,0.2839873433113098,0.20120547711849213,0.2627752423286438
69720,1.0,0.23183053731918335,0.16698850691318512,0.29170724749565125
69721,1.0,0.21815061569213867,0.17401334643363953,0.1988544464111328
69722,0.0,0.20756351947784424,0.1770760864019394,0.19313675165176392
69723,1.0,0.4933010935783386,0.5276133418083191,0.7949184775352478
69724,1.0,0.506131649017334,0.6664853692054749,0.8815135359764099
69725,1.0,0.4352521300315857,0.5898483395576477,0.6959322094917297
69726,1.0,0.29878365993499756,0.5048312544822693,0.3381024897098541
69727,1.0,0.37649470567703247,0.45607441663742065,0.6541141271591187
69728,1.0,0.49166250228881836,0.7274026274681091,0.8055930137634277
69729,1.0,0.5681459903717041,0.8233455419540405,0.9431496858596802
69730,1.0,0.601826548576355,0.8620772361755371,0.9474080801010132
69731,1.0,0.5949743986129761,0.7852734327316284,0.9584477543830872
69732,1.0,0.6350347995758057,0.9176114797592163,0.9813931584358215
69733,1.0,0.5661811828613281,0.9405847191810608,0.9437512159347534
69734,1.0,0.5998921394348145,0.908919095993042,0.9520420432090759
69735,1.0,0.539330005645752,0.7899791598320007,0.8981003165245056
69736,1.0,0.5322821736335754,0.7904087901115417,0.8799458146095276
69737,1.0,0.5377184152603149,0.7085853815078735,0.8551936149597168
69738,1.0,0.4399413466453552,0.5105296969413757,0.6051920652389526
69739,1.0,0.482665479183197,0.5394644141197205,0.6104859709739685
69740,1.0,0.4549572467803955,0.49686646461486816,0.4946787655353546
69741,1.0,0.3948332667350769,0.5351994037628174,0.35242077708244324
69742,1.0,0.3755200505256653,0.5142019391059875,0.5006875991821289
69743,1.0,0.3334239721298218,0.4396383762359619,0.4893757998943329
69744,1.0,0.27980703115463257,0.28312283754348755,0.2877027988433838
69745,1.0,0.27027952671051025,0.27269497513771057,0.2770273685455322
69746,1.0,0.2622051239013672,0.26227909326553345,0.30061981081962585
69747,1.0,0.2367877960205078,0.1686732918024063,0.24240832030773163
69748,1.0,0.21456938982009888,0.17226341366767883,0.22478896379470825
69749,1.0,0.14269864559173584,0.18547025322914124,0.1236509457230568
69750,0.0,0.08410495519638062,0.1350213885307312,0.0788535326719284
69751,0.0,0.10871589183807373,0.15508483350276947,0.1532520353794098
69752,1.0,0.18108731508255005,0.21986417472362518,0.2741015553474426
69753,1.0,0.14539259672164917,0.15706698596477509,0.14826320111751556
69754,0.0,0.14325296878814697,0.16090090572834015,0.14020729064941406
69755,1.0,0.12103271484375,0.13675658404827118,0.12990690767765045
69756,1.0,0.12060731649398804,0.1358099728822708,0.1350909024477005
69757,1.0,0.1340780258178711,0.14112836122512817,0.1612900048494339
69758,1.0,0.11831921339035034,0.1365656703710556,0.0979943573474884
69759,1.0,0.13163715600967407,0.2082875818014145,0.1724502295255661
69760,1.0,0.11303472518920898,0.14047668874263763,0.13205178081989288
69761,0.0,0.061855196952819824,0.1145162433385849,0.04438383877277374
69762,0.0,0.11872798204421997,0.1715676188468933,0.1234031394124031
69763,1.0,0.12045162916183472,0.14047256112098694,0.15135803818702698
69764,0.0,0.10792714357376099,0.15827405452728271,0.07870770245790482
69765,0.0,0.07856839895248413,0.143843412399292,0.07911853492259979
69766,0.0,0.0706639289855957,0.13419924676418304,0.06502087414264679
70289,0.0,0.04086560010910034,0.06577577441930771,0.05520233139395714
70290,0.0,0.025887906551361084,0.041282348334789276,0.018973860889673233
70291,0.0,0.02662569284439087,0.03803727775812149,0.02499481849372387
70292,0.0,0.02182561159133911,0.02411583438515663,0.023539163172245026
70293,0.0,0.019655585289001465,0.035504791885614395,0.022968942299485207
70294,0.0,0.038406193256378174,0.04021840915083885,0.037613000720739365
70295,0.0,0.021012544631958008,0.036171622574329376,0.02518659085035324
70296,0.0,0.08623862266540527,0.08751770108938217,0.09175337851047516
70297,0.0,0.18474233150482178,0.1923597902059555,0.22219118475914001
70298,0.0,0.16023945808410645,0.17309656739234924,0.1774115264415741
70299,0.0,0.18316185474395752,0.16071490943431854,0.19207055866718292
70300,0.0,0.1691070795059204,0.1670658141374588,0.1500665545463562
70301,0.0,0.2044505476951599,0.17705093324184418,0.21987086534500122
70302,0.0,0.19817930459976196,0.15560874342918396,0.18994252383708954
70303,0.0,0.17138493061065674,0.15299206972122192,0.1442253440618515
70304,0.0,0.21619659662246704,0.17506197094917297,0.20529350638389587
70305,0.0,0.36256295442581177,0.285141259431839,0.3661228120326996
70306,0.0,0.4792684316635132,0.3837849199771881,0.6470369100570679
70307,1.0,0.5681027770042419,0.48127079010009766,0.7437543869018555
70308,1.0,0.3698345422744751,0.3432363271713257,0.6507073640823364
70309,0.0,0.264279305934906,0.2294524610042572,0.34121930599212646
70310,0.0,0.24428927898406982,0.21495656669139862,0.28490203619003296
70311,0.0,0.16934293508529663,0.17897921800613403,0.1828121393918991
70312,0.0,0.12566018104553223,0.10927900671958923,0.10656803846359253
70313,0.0,0.13820970058441162,0.12295366823673248,0.1095077395439148
70314,0.0,0.11570459604263306,0.10951387137174606,0.11092559248209
70315,0.0,0.13281035423278809,0.12700077891349792,0.11957678198814392
70316,0.0,0.3163747787475586,0.34197744727134705,0.5222842693328857
70317,1.0,0.29436159133911133,0.2325698584318161,0.29598096013069153
70318,0.0,0.26238518953323364,0.1968151032924652,0.29642653465270996
70319,0.0,0.18150317668914795,0.18429583311080933,0.1860707402229309
70320,0.0,0.20011645555496216,0.1842115968465805,0.3183988332748413
70321,0.0,0.1265624761581421,0.14581692218780518,0.1048283725976944
70322,0.0,0.09528166055679321,0.12799133360385895,0.07699429243803024
70323,0.0,0.061101675033569336,0.08943940699100494,0.04744276404380798
70324,0.0,0.0476607084274292,0.10900400578975677,0.04144950956106186
70325,0.0,0.06934607028961182,0.11143418401479721,0.0648195743560791
70326,0.0,0.0704922080039978,0.08816198259592056,0.06274925917387009
70327,0.0,0.032336294651031494,0.06167268007993698,0.025062663480639458
70328,0.0,0.041761815547943115,0.05587122589349747,0.04084403067827225
70329,0.0,0.029849886894226074,0.08626079559326172,0.03308849409222603
70330,0.0,0.047718822956085205,0.082065150141716,0.03561128303408623
70331,0.0,0.028680264949798584,0.08114980161190033,0.024396808817982674
70332,0.0,0.04140967130661011,0.05589156970381737,0.03715161234140396
70333,0.0,0.061040520668029785,0.09532658010721207,0.07300472259521484
70334,0.0,0.030511438846588135,0.06500643491744995,0.03132336214184761
70335,0.0,0.05040884017944336,0.059022266417741776,0.05179176479578018
70336,0.0,0.05226600170135498,0.0728399008512497,0.05240171402692795
70337,0.0,0.02651500701904297,0.08065007627010345,0.02791958674788475
70338,0.0,0.050965189933776855,0.07430920004844666,0.05437633767724037
70339,0.0,0.06255471706390381,0.08941905200481415,0.07746235281229019
70340,0.0,0.06548810005187988,0.06948370486497879,0.05212325230240822
70863,0.0,0.16954797506332397,0.2709793150424957,0.1516718864440918
70864,0.0,0.23369580507278442,0.3350204527378082,0.26994848251342773
70865,0.0,0.20566755533218384,0.3272348940372467,0.2740844190120697
70866,0.0,0.17044967412948608,0.28399908542633057,0.16082869470119476
70867,0.0,0.16091233491897583,0.28147807717323303,0.13264478743076324
70868,0.0,0.19090920686721802,0.31383031606674194,0.23736773431301117
70869,0.0,0.1710594892501831,0.3380708694458008,0.22295868396759033
70870,0.0,0.1892353892326355,0.23683594167232513,0.20768491923809052
70871,0.0,0.15197104215621948,0.2959366738796234,0.14972807466983795
70872,0.0,0.10769671201705933,0.21617694199085236,0.12196766585111618
70873,0.0,0.07479590177536011,0.19866059720516205,0.0783536434173584
70874,0.0,0.266379714012146,0.3271288275718689,0.2655104696750641
70875,0.0,0.17061007022857666,0.2991035580635071,0.161355659365654
70876,0.0,0.18846797943115234,0.28528377413749695,0.2012396901845932
70877,0.0,0.10777091979980469,0.22833852469921112,0.09340973198413849
70878,0.0,0.12549155950546265,0.276149183511734,0.13442713022232056
70879,0.0,0.0987471342086792,0.2253280133008957,0.07780904322862625
70880,0.0,0.09606099128723145,0.24970224499702454,0.08852358907461166
70881,0.0,0.09300333261489868,0.20591555535793304,0.08063586801290512
70882,0.0,0.058520376682281494,0.14374028146266937,0.055212393403053284
70883,0.0,0.043650269508361816,0.11418479681015015,0.03473412245512009
70884,0.0,0.048770010471343994,0.2271335870027542,0.044008418917655945
70885,0.0,0.03879570960998535,0.045200251042842865,0.03226228430867195
70886,0.0,0.07011151313781738,0.11344651877880096,0.06097939983010292
70887,0.0,0.06770944595336914,0.09865235537290573,0.04286536946892738
70888,0.0,0.045448124408721924,0.07556707412004471,0.03330817073583603
70889,0.0,0.03940469026565552,0.10273592174053192,0.03218827024102211
70890,0.0,0.037922799587249756,0.08126604557037354,0.024733955040574074
70891,0.0,0.020688354969024658,0.027783485129475594,0.01700967364013195
70892,0.0,0.022211194038391113,0.06231619417667389,0.016777953132987022
70893,0.0,0.01719421148300171,0.033112555742263794,0.015358475968241692
70894,0.0,0.022129178047180176,0.11172769963741302,0.015146673657000065
70895,0.0,0.01479184627532959,0.03285597637295723,0.009669887833297253
70896,0.0,0.01551365852355957,0.04306763783097267,0.018136905506253242
70897,0.0,0.022770047187805176,0.1665058583021164,0.021407224237918854
70898,0.0,0.014099717140197754,0.02393624559044838,0.010264634154736996
70899,0.0,0.012890100479125977,0.0248717088252306,0.007552822586148977
70900,0.0,0.045306622982025146,0.0882255956530571,0.035652581602334976
70901,0.0,0.025355756282806396,0.039464615285396576,0.01966903544962406
70902,0.0,0.0596960186958313,0.15340013802051544,0.047447461634874344
70903,0.0,0.03329211473464966,0.05482591688632965,0.022010590881109238
70904,0.0,0.02722334861755371,0.050224531441926956,0.020372465252876282
70905,0.0,0.05821871757507324,0.09116122126579285,0.05625758320093155
70906,0.0,0.031446754932403564,0.03718842193484306,0.025264322757720947
70907,0.0,0.030916452407836914,0.06123274564743042,0.03084568865597248
70908,0.0,0.02475559711456299,0.03729306906461716,0.01937142387032509
70909,0.0,0.07531017065048218,0.10699500888586044,0.07425577938556671
70910,0.0,0.0781756043434143,0.1563228964805603,0.0830012634396553
70911,0.0,0.04995131492614746,0.05779804289340973,0.03921361640095711
70912,0.0,0.03816002607345581,0.054606448858976364,0.038798894733190536
70913,0.0,0.0712859034538269,0.07564940303564072,0.06642718613147736
70914,0.0,0.17171400785446167,0.1506401002407074,0.19831930100917816
71437,0.0,0.20854073762893677,0.28723782300949097,0.2898927927017212
71438,0.0,0.28868037462234497,0.3453557789325714,0.3525945544242859
71439,1.0,0.1586301326751709,0.22713734209537506,0.20330041646957397
71440,0.0,0.20896196365356445,0.2862849831581116,0.2157987803220749
71441,0.0,0.22942519187927246,0.29116129875183105,0.23721082508563995
71442,0.0,0.22388601303100586,0.354699045419693,0.32227954268455505
71443,0.0,0.20397734642028809,0.32700812816619873,0.27743369340896606
71444,0.0,0.21131795644760132,0.2553587555885315,0.2520706355571747
71445,0.0,0.1894950270652771,0.27299508452415466,0.25418928265571594
71446,0.0,0.07773786783218384,0.14204241335391998,0.0835418626666069
71447,0.0,0.21104413270950317,0.36686113476753235,0.23176714777946472
71448,1.0,0.1570226550102234,0.1741035133600235,0.13921909034252167
71449,0.0,0.17259818315505981,0.38280758261680603,0.18895673751831055
71450,1.0,0.1601332426071167,0.192937433719635,0.15210051834583282
71451,0.0,0.08051419258117676,0.188636913895607,0.08566956967115402
71452,0.0,0.14510154724121094,0.25185060501098633,0.15751594305038452
71453,0.0,0.09979820251464844,0.16743920743465424,0.08333427459001541
71454,0.0,0.0438385009765625,0.12052769958972931,0.03494368866086006
71455,0.0,0.10430359840393066,0.24131019413471222,0.10072551667690277
71456,0.0,0.12311649322509766,0.20351552963256836,0.13317690789699554
71457,0.0,0.06836944818496704,0.10592951625585556,0.06368182599544525
71458,0.0,0.1015547513961792,0.21375195682048798,0.15777133405208588
71459,0.0,0.10528475046157837,0.11702553927898407,0.09315657615661621
71460,1.0,0.12431114912033081,0.11862551420927048,0.12220820784568787
71461,0.0,0.07303410768508911,0.08829208463430405,0.04590637981891632
71462,0.0,0.0857095718383789,0.10426124930381775,0.08615510165691376
71463,0.0,0.09194815158843994,0.11602752655744553,0.07981852442026138
71464,1.0,0.09201490879058838,0.1595262587070465,0.07380226254463196
71465,0.0,0.05891215801239014,0.09298574924468994,0.041076887398958206
71466,0.0,0.05183345079421997,0.12233107537031174,0.03868691995739937
71467,0.0,0.05299389362335205,0.09795735776424408,0.034229230135679245
71468,0.0,0.027863621711730957,0.09212522953748703,0.012289882637560368
71469,0.0,0.05209648609161377,0.0740196704864502,0.03992117568850517
71470,0.0,0.03342920541763306,0.040848080068826675,0.03178825601935387
71471,0.0,0.06136178970336914,0.1113041415810585,0.05818817391991615
71472,0.0,0.03830009698867798,0.09559805691242218,0.025557512417435646
71473,0.0,0.06757152080535889,0.13339290022850037,0.08310049027204514
71474,0.0,0.034120023250579834,0.08098950982093811,0.026734091341495514
71475,0.0,0.02808469533920288,0.04550965502858162,0.025012366473674774
71476,0.0,0.05583745241165161,0.07616410404443741,0.05538015812635422
71477,0.0,0.03228241205215454,0.06136467680335045,0.02414422668516636
71478,0.0,0.027844607830047607,0.03715362399816513,0.024379445239901543
71479,0.0,0.06306332349777222,0.11753949522972107,0.07380130141973495
71480,0.0,0.042241692543029785,0.0324988029897213,0.035404931753873825
71481,0.0,0.027619540691375732,0.050576698035001755,0.026547763496637344
71482,0.0,0.025120258331298828,0.049263883382081985,0.023702776059508324
71483,0.0,0.07524049282073975,0.10740768164396286,0.08732746541500092
71484,0.0,0.03371459245681763,0.03899584710597992,0.022809326648712158
71485,0.0,0.03500926494598389,0.04792244732379913,0.031024934723973274
71486,0.0,0.04181557893753052,0.034794796258211136,0.042383015155792236
71487,0.0,0.169525146484375,0.17488297820091248,0.1601003259420395
71488,0.0,0.10288101434707642,0.05589589476585388,0.09240546822547913
72011,1.0,0.020964741706848145,0.011864411644637585,0.025481367483735085
72012,1.0,0.020964741706848145,0.014367612078785896,0.02458278089761734
72013,1.0,0.021464288234710693,0.01575843244791031,0.02390705980360508
72014,1.0,0.021098315715789795,0.016963152214884758,0.02237570472061634
72015,1.0,0.021340370178222656,0.01690838672220707,0.02476697601377964
72016,1.0,0.021934688091278076,0.02125319465994835,0.023770859465003014
72017,1.0,0.021340370178222656,0.019646424800157547,0.024973956868052483
72018,1.0,0.021745145320892334,0.01678352616727352,0.024065611883997917
72019,1.0,0.090282142162323,0.09719850867986679,0.07892054319381714
72020,1.0,0.04567629098892212,0.0850842148065567,0.06211792305111885
72021,1.0,0.03189736604690552,0.026629695668816566,0.024277571588754654
72022,1.0,0.03154844045639038,0.03347137197852135,0.03150559961795807
72023,1.0,0.03245234489440918,0.035521648824214935,0.031024940311908722
72024,1.0,0.02483159303665161,0.029403245076537132,0.035500068217515945
72025,1.0,0.02286970615386963,0.023744065314531326,0.025115275755524635
72026,1.0,0.023404300212860107,0.022423667833209038,0.03111116774380207
72027,1.0,0.025986313819885254,0.04388140141963959,0.03502750024199486
72028,1.0,0.02981346845626831,0.04310290515422821,0.039462488144636154
72029,1.0,0.025170505046844482,0.04720790684223175,0.03437255322933197
72030,1.0,0.18747246265411377,0.1546459197998047,0.2371915876865387
72031,1.0,0.27494364976882935,0.3163749575614929,0.35308870673179626
72032,1.0,0.2218835949897766,0.20615041255950928,0.27854830026626587
72033,1.0,0.3275262713432312,0.27386119961738586,0.30467334389686584
72034,1.0,0.5984115600585938,0.39017441868782043,0.8204853534698486
72035,1.0,0.4082411527633667,0.41432181000709534,0.7647661566734314
72036,1.0,0.4072866439819336,0.41497302055358887,0.661412239074707
72037,1.0,0.4629400372505188,0.3973460793495178,0.6697046756744385
72038,1.0,0.45079511404037476,0.31360435485839844,0.7272298336029053
72039,1.0,0.4821847081184387,0.3805330991744995,0.8090128302574158
72040,1.0,0.511284589767456,0.5003467798233032,0.8579760789871216
72041,1.0,0.5560988187789917,0.5442985892295837,0.8951135873794556
72042,1.0,0.6506826877593994,0.5671698451042175,0.8806325197219849
72043,1.0,0.5330695509910583,0.5723521709442139,0.7874518632888794
72044,1.0,0.4692496061325073,0.5108320116996765,0.6650227904319763
72045,1.0,0.4678456783294678,0.5113572478294373,0.65343177318573
72046,1.0,0.3530879020690918,0.27944275736808777,0.5528580546379089
72047,1.0,0.34698498249053955,0.3502015769481659,0.5291502475738525
72048,1.0,0.432512104511261,0.4185851216316223,0.7355194091796875
72049,1.0,0.3206835985183716,0.2485954314470291,0.5295180082321167
72050,1.0,0.22658991813659668,0.16601496934890747,0.3002491891384125
72051,1.0,0.32943594455718994,0.3177987039089203,0.5332697033882141
72052,1.0,0.2649781107902527,0.22526809573173523,0.419039785861969
72053,1.0,0.1712813377380371,0.18962985277175903,0.265773206949234
72054,1.0,0.14859706163406372,0.12982340157032013,0.15038847923278809
72055,1.0,0.128592848777771,0.1276172399520874,0.1601017564535141
72056,1.0,0.07961505651473999,0.1357673704624176,0.10325758159160614
72057,1.0,0.05002725124359131,0.0922451838850975,0.03437333554029465
72058,1.0,0.08594316244125366,0.15908020734786987,0.08518863469362259
72059,1.0,0.163807213306427,0.23010164499282837,0.21801424026489258
72060,1.0,0.09042471647262573,0.16903798282146454,0.09502247720956802
72061,1.0,0.06571495532989502,0.08844687044620514,0.0885288193821907
72062,1.0,0.12508469820022583,0.14273951947689056,0.2210281491279602
72585,1.0,0.3519212007522583,0.23340217769145966,0.5159740447998047
72586,1.0,0.16336017847061157,0.18196873366832733,0.2272709757089615
72587,1.0,0.10757976770401001,0.08400062471628189,0.15776421129703522
72588,1.0,0.31442052125930786,0.210018128156662,0.4748859107494354
72589,1.0,0.17142587900161743,0.15423008799552917,0.24950246512889862
72590,1.0,0.12906652688980103,0.12056382745504379,0.22179213166236877
72591,1.0,0.12243366241455078,0.07441888004541397,0.16262713074684143
72592,1.0,0.12207096815109253,0.07454656809568405,0.16088363528251648
72593,1.0,0.09091609716415405,0.05126455798745155,0.1541731357574463
72594,1.0,0.2986617684364319,0.24015985429286957,0.361664354801178
72595,1.0,0.1584225296974182,0.19532181322574615,0.2184177041053772
72596,1.0,0.34666383266448975,0.27736198902130127,0.49574968218803406
72597,1.0,0.3974093198776245,0.320035457611084,0.5319768190383911
72598,1.0,0.3579977750778198,0.24914494156837463,0.4875310957431793
72599,1.0,0.18615275621414185,0.17386440932750702,0.3321031630039215
72600,1.0,0.33288586139678955,0.24648799002170563,0.49740830063819885
72601,1.0,0.3478870987892151,0.2787506878376007,0.5105517506599426
72602,1.0,0.16592109203338623,0.158122256398201,0.29504266381263733
72603,1.0,0.3531349301338196,0.3006252944469452,0.5935870409011841
72604,1.0,0.6845120191574097,0.4550413489341736,0.7927525639533997
72605,1.0,0.66230309009552,0.4448796510696411,0.8329305052757263
72606,1.0,0.41952258348464966,0.3543424606323242,0.6780139207839966
72607,1.0,0.32206207513809204,0.25290194153785706,0.5471456050872803
72608,1.0,0.3619474768638611,0.2722040116786957,0.5423545241355896
72609,1.0,0.4816073179244995,0.3641187846660614,0.6580300331115723
72610,1.0,0.4665629267692566,0.3627181947231293,0.7019408941268921
72611,1.0,0.4011821150779724,0.28318390250205994,0.664156973361969
72612,1.0,0.483367383480072,0.26712971925735474,0.6450878977775574
72613,1.0,0.42151451110839844,0.25555944442749023,0.6114129424095154
72614,1.0,0.337701678276062,0.18997517228126526,0.4810143709182739
72615,1.0,0.2834318280220032,0.1861536204814911,0.3753901720046997
72616,1.0,0.21722251176834106,0.17051774263381958,0.32421374320983887
72617,1.0,0.36227142810821533,0.2770090699195862,0.6231032013893127
72618,1.0,0.36000359058380127,0.2237827330827713,0.5439093708992004
72619,1.0,0.27913546562194824,0.19815947115421295,0.3998584449291229
72620,1.0,0.2264254093170166,0.15882357954978943,0.31061601638793945
72621,1.0,0.16100198030471802,0.21250209212303162,0.2635851800441742
72622,1.0,0.10050088167190552,0.20693376660346985,0.15053120255470276
72623,1.0,0.18795788288116455,0.196186363697052,0.29472649097442627
72624,1.0,0.1467742919921875,0.2581125497817993,0.23553089797496796
72625,1.0,0.1650668978691101,0.16584917902946472,0.21072162687778473
72626,1.0,0.120025634765625,0.1528531163930893,0.18924805521965027
72627,1.0,0.0913357138633728,0.13240134716033936,0.15922026336193085
72628,1.0,0.16750413179397583,0.14401158690452576,0.28370824456214905
72629,1.0,0.209730863571167,0.14008252322673798,0.35090139508247375
72630,1.0,0.25940871238708496,0.16782300174236298,0.3804943263530731
72631,1.0,0.30816787481307983,0.16909915208816528,0.5377099514007568
72632,1.0,0.19849979877471924,0.11010254174470901,0.3710677921772003
72633,1.0,0.13854765892028809,0.16701553761959076,0.26913735270500183
72634,1.0,0.23347890377044678,0.1500285267829895,0.2937948703765869
72635,1.0,0.19532901048660278,0.1636853814125061,0.2787679135799408
72636,1.0,0.1347132921218872,0.05599762126803398,0.21095655858516693
73159,0.0,0.1563931107521057,0.1441664844751358,0.143789142370224
73160,0.0,0.170820951461792,0.14276058971881866,0.13484972715377808
73161,0.0,0.17562192678451538,0.19339165091514587,0.14766667783260345
73162,0.0,0.2888118028640747,0.3033140301704407,0.44235485792160034
73163,0.0,0.18834757804870605,0.17850781977176666,0.2397996485233307
73164,0.0,0.16168314218521118,0.15533983707427979,0.1396128088235855
73165,0.0,0.22290855646133423,0.19498758018016815,0.27391690015792847
73166,0.0,0.359447181224823,0.3071576952934265,0.4966369867324829
73167,1.0,0.2431778907775879,0.314241498708725,0.27519240975379944
73168,0.0,0.22393828630447388,0.26910680532455444,0.2495518922805786
73169,0.0,0.22237837314605713,0.3034372329711914,0.22922734916210175
73170,0.0,0.13292038440704346,0.21178075671195984,0.11747530847787857
73171,0.0,0.14702951908111572,0.1690794825553894,0.13603931665420532
73172,0.0,0.13103103637695312,0.1650117188692093,0.10224460810422897
73173,0.0,0.13099175691604614,0.10589218139648438,0.12120334804058075
73174,0.0,0.13476818799972534,0.1545291692018509,0.11531766504049301
73175,0.0,0.18388688564300537,0.23104940354824066,0.20733515918254852
73176,0.0,0.18547946214675903,0.2203066498041153,0.22240759432315826
73177,0.0,0.09145605564117432,0.15763181447982788,0.09104563295841217
73178,0.0,0.19150125980377197,0.25838351249694824,0.22386035323143005
73179,0.0,0.22387921810150146,0.21885079145431519,0.2275489866733551
73180,0.0,0.12738800048828125,0.12435656040906906,0.10370930284261703
73181,0.0,0.1520925760269165,0.1888401359319687,0.16238655149936676
73182,0.0,0.17303603887557983,0.1673535704612732,0.1802380234003067
73183,0.0,0.11341971158981323,0.10813097655773163,0.12139030545949936
73184,0.0,0.06754785776138306,0.07843596488237381,0.06384514272212982
73185,0.0,0.1262373924255371,0.16962112486362457,0.15133856236934662
73186,0.0,0.1684342622756958,0.14280273020267487,0.20405685901641846
73187,0.0,0.17436468601226807,0.16223834455013275,0.19685521721839905
73188,0.0,0.16905933618545532,0.13625772297382355,0.1471979171037674
73189,0.0,0.15839380025863647,0.1508556455373764,0.15884380042552948
73190,0.0,0.08610427379608154,0.10474294424057007,0.0782351940870285
73191,0.0,0.06084573268890381,0.09166161715984344,0.05873333662748337
73192,0.0,0.05802386999130249,0.1002800241112709,0.07111909240484238
73193,0.0,0.03539794683456421,0.04890996217727661,0.0378992073237896
73194,0.0,0.08152788877487183,0.12646454572677612,0.1007077619433403
73195,0.0,0.042498111724853516,0.04842095822095871,0.04965450242161751
73196,0.0,0.03634452819824219,0.05661368742585182,0.035038821399211884
73197,0.0,0.03243815898895264,0.04114353656768799,0.042988695204257965
73198,0.0,0.03490471839904785,0.03955422714352608,0.03667915239930153
73199,0.0,0.02235358953475952,0.027497710660099983,0.020832855254411697
73200,0.0,0.022281110286712646,0.030058812350034714,0.024617735296487808
73201,0.0,0.02227085828781128,0.03887023404240608,0.026036860421299934
73202,0.0,0.018551170825958252,0.028156666085124016,0.020517753437161446
73203,0.0,0.08492928743362427,0.1451655626296997,0.09955962747335434
73204,0.0,0.061102211475372314,0.06713969260454178,0.06882854551076889
73205,0.0,0.02769237756729126,0.04375484958291054,0.025810804218053818
73206,0.0,0.04284483194351196,0.05153045803308487,0.04691917076706886
73207,0.0,0.04571634531021118,0.08607463538646698,0.04929967224597931
73208,0.0,0.027978837490081787,0.03142368793487549,0.028352295979857445
73209,0.0,0.060234785079956055,0.05538951978087425,0.07294843345880508
73210,0.0,0.036653876304626465,0.049017537385225296,0.04388181492686272
73733,0.0,0.4087357521057129,0.49464279413223267,0.3911079168319702
73734,0.0,0.33020657300949097,0.3378317654132843,0.2124093621969223
73735,0.0,0.23681014776229858,0.33724045753479004,0.21354161202907562
73736,0.0,0.39678341150283813,0.5025175213813782,0.43243157863616943
73737,0.0,0.383348286151886,0.48070812225341797,0.3948061168193817
73738,0.0,0.34502720832824707,0.47540009021759033,0.41352578997612
73739,0.0,0.37163811922073364,0.50225830078125,0.406073659658432
73740,0.0,0.19627606868743896,0.3063432276248932,0.11915674060583115
73741,0.0,0.28289198875427246,0.3648110330104828,0.25297796726226807
73742,0.0,0.3194158673286438,0.4415607154369354,0.32497188448905945
73743,0.0,0.21310079097747803,0.4133045971393585,0.17300745844841003
73744,0.0,0.15919959545135498,0.22543694078922272,0.08331580460071564
73745,0.0,0.18054330348968506,0.32672280073165894,0.15544117987155914
73746,0.0,0.16304051876068115,0.26866501569747925,0.14883211255073547
73747,0.0,0.1476706862449646,0.25374847650527954,0.14625048637390137
73748,0.0,0.1569596529006958,0.258462131023407,0.153548926115036
73749,0.0,0.06630980968475342,0.17095977067947388,0.0619126558303833
73750,0.0,0.05938827991485596,0.16591237485408783,0.05863521248102188
73751,0.0,0.1288856863975525,0.219000905752182,0.13413985073566437
73752,0.0,0.07449424266815186,0.08926771581172943,0.06821679323911667
73753,0.0,0.04705435037612915,0.06883641332387924,0.05036991834640503
73754,0.0,0.05116182565689087,0.05598517134785652,0.061802204698324203
73755,0.0,0.04945880174636841,0.05913766101002693,0.041784606873989105
73756,0.0,0.03126060962677002,0.033690668642520905,0.02330945059657097
73757,0.0,0.0300024151802063,0.03264738246798515,0.03164426237344742
73758,0.0,0.031783103942871094,0.03284567594528198,0.027560478076338768
73759,0.0,0.0257379412651062,0.03389919921755791,0.028569871559739113
73760,0.0,0.024676144123077393,0.028726352378726006,0.01864629238843918
73761,0.0,0.025191128253936768,0.03019481711089611,0.02413754165172577
73762,0.0,0.06141716241836548,0.12024452537298203,0.038432441651821136
73763,0.0,0.07482731342315674,0.09872846305370331,0.06356031447649002
73764,0.0,0.06123805046081543,0.1268441081047058,0.04291703179478645
73765,0.0,0.05131882429122925,0.05735393613576889,0.03216015547513962
73766,0.0,0.0825539231300354,0.11385998129844666,0.07293639332056046
73767,0.0,0.06610381603240967,0.09670506417751312,0.05755899101495743
73768,0.0,0.15591859817504883,0.15164422988891602,0.17928791046142578
73769,0.0,0.07707995176315308,0.1284523457288742,0.05192888155579567
73770,0.0,0.05092841386795044,0.08715847879648209,0.042950935661792755
73771,0.0,0.08242279291152954,0.12633132934570312,0.08948767930269241
73772,0.0,0.08235996961593628,0.14321886003017426,0.09101103246212006
73773,0.0,0.07727807760238647,0.1013006865978241,0.07707927376031876
73774,0.0,0.045566439628601074,0.04878974333405495,0.05402106046676636
73775,0.0,0.034320175647735596,0.07097966969013214,0.03676082193851471
73776,0.0,0.032655179500579834,0.04076072573661804,0.03536445274949074
73777,0.0,0.07954210042953491,0.1177443191409111,0.12486723810434341
73778,0.0,0.04732024669647217,0.07550228387117386,0.04485860466957092
73779,0.0,0.03917199373245239,0.06218678876757622,0.044010765850543976
73780,0.0,0.07428085803985596,0.1347975879907608,0.0819612666964531
73781,0.0,0.04156172275543213,0.09486207365989685,0.056275319308042526
73782,0.0,0.10020303726196289,0.16598545014858246,0.09756869077682495
73783,0.0,0.10132527351379395,0.10418760776519775,0.15598173439502716
73784,0.0,0.10146760940551758,0.0967455506324768,0.15935878455638885
74307,0.0,0.12439775466918945,0.17957837879657745,0.16483159363269806
74308,0.0,0.19193899631500244,0.2660306394100189,0.2139403223991394
74309,0.0,0.20916366577148438,0.2508837580680847,0.27273717522621155
74310,0.0,0.22339683771133423,0.31462225317955017,0.33664679527282715
74311,0.0,0.11499446630477905,0.17745424807071686,0.09338102489709854
74312,0.0,0.19085144996643066,0.24728882312774658,0.22783763706684113
74313,0.0,0.21335655450820923,0.30501067638397217,0.23753786087036133
74314,0.0,0.3388465642929077,0.40330129861831665,0.48342224955558777
74315,1.0,0.2889476418495178,0.35169723629951477,0.30217745900154114
74316,0.0,0.2152727246284485,0.3589722514152527,0.2579715847969055
74317,0.0,0.26398617029190063,0.36962488293647766,0.24703165888786316
74318,0.0,0.21804362535476685,0.2574494481086731,0.20615077018737793
74319,0.0,0.17797088623046875,0.35643962025642395,0.1835147589445114
74320,0.0,0.2048332691192627,0.2964398264884949,0.17303301393985748
74321,0.0,0.07428169250488281,0.20992018282413483,0.07126767933368683
74322,0.0,0.13744956254959106,0.27578043937683105,0.16552254557609558
74323,0.0,0.1683616042137146,0.3139254152774811,0.16982263326644897
74324,0.0,0.11750704050064087,0.27780085802078247,0.08985818177461624
74325,0.0,0.06360507011413574,0.17205390334129333,0.06819634139537811
74326,0.0,0.05779069662094116,0.1547425091266632,0.06533333659172058
74327,0.0,0.06437152624130249,0.1684781312942505,0.05000772699713707
74328,0.0,0.10736632347106934,0.2385849952697754,0.14188584685325623
74329,0.0,0.11267614364624023,0.1653028130531311,0.07682846486568451
74330,0.0,0.12112200260162354,0.15800930559635162,0.08300416171550751
74331,0.0,0.08210331201553345,0.1036938950419426,0.05839322507381439
74332,0.0,0.06277543306350708,0.10893776267766953,0.04208149015903473
74333,0.0,0.061380207538604736,0.11863867193460464,0.049190279096364975
74334,0.0,0.05282646417617798,0.06600142270326614,0.025417540222406387
74335,0.0,0.06905525922775269,0.1292933076620102,0.05453505739569664
74336,0.0,0.045495033264160156,0.0949196144938469,0.02121599018573761
74337,0.0,0.052730560302734375,0.10665354132652283,0.037657152861356735
74338,0.0,0.05393493175506592,0.13777948915958405,0.02545148879289627
74339,0.0,0.04499584436416626,0.10264688730239868,0.028103232383728027
74340,0.0,0.060829222202301025,0.10052134096622467,0.05523356422781944
74341,0.0,0.07504540681838989,0.13298748433589935,0.05900121107697487
74342,0.0,0.06241440773010254,0.12509316205978394,0.05280345678329468
74343,0.0,0.06514847278594971,0.10423169285058975,0.06748517602682114
74344,0.0,0.07652908563613892,0.1350945085287094,0.09520997107028961
74345,0.0,0.08973723649978638,0.1519494205713272,0.08602064102888107
74346,0.0,0.12444299459457397,0.19892702996730804,0.1473899632692337
74347,1.0,0.11661112308502197,0.1717643290758133,0.10529562830924988
74348,0.0,0.08158820867538452,0.1340397447347641,0.06851515173912048
74349,0.0,0.08909165859222412,0.14861220121383667,0.1199020966887474
74350,0.0,0.05741441249847412,0.10961214452981949,0.052760399878025055
74351,0.0,0.057042062282562256,0.10139215737581253,0.06291332095861435
74352,0.0,0.0689505934715271,0.09961923956871033,0.08230264484882355
74353,0.0,0.08700871467590332,0.11943095922470093,0.11611036956310272
74354,0.0,0.051295578479766846,0.1217404156923294,0.05398279055953026
74355,0.0,0.04196631908416748,0.1220499649643898,0.048942942172288895
74356,0.0,0.11380195617675781,0.20262236893177032,0.12294528633356094
74357,0.0,0.2096521258354187,0.21328780055046082,0.26216837763786316
74358,0.0,0.17847120761871338,0.15682075917720795,0.23915842175483704
74881,0.0,0.16739171743392944,0.3814355134963989,0.2062227725982666
74882,0.0,0.1898302435874939,0.34240296483039856,0.21458856761455536
74883,0.0,0.19373416900634766,0.3864140510559082,0.24684375524520874
74884,0.0,0.13635820150375366,0.2929135262966156,0.1570398062467575
74885,0.0,0.16134214401245117,0.2827957570552826,0.17228247225284576
74886,0.0,0.1419418454170227,0.3221149742603302,0.15577946603298187
74887,0.0,0.06339895725250244,0.16548915207386017,0.07657542824745178
74888,0.0,0.17791390419006348,0.3152918219566345,0.19817084074020386
74889,0.0,0.2911791205406189,0.3952547609806061,0.3860683739185333
74890,0.0,0.16499382257461548,0.356870174407959,0.22161026298999786
74891,0.0,0.17912518978118896,0.37591370940208435,0.15657110512256622
74892,0.0,0.21005982160568237,0.37411725521087646,0.2110782116651535
74893,0.0,0.11099618673324585,0.2896908223628998,0.0874701589345932
74894,0.0,0.07706224918365479,0.19752001762390137,0.08784497529268265
74895,0.0,0.09218603372573853,0.2653824985027313,0.08904431015253067
74896,0.0,0.1108892560005188,0.27852320671081543,0.12616689503192902
74897,0.0,0.09743368625640869,0.26051321625709534,0.10784199833869934
74898,0.0,0.06233644485473633,0.12783388793468475,0.06233876943588257
74899,0.0,0.08628243207931519,0.23151636123657227,0.07590843737125397
74900,0.0,0.07644534111022949,0.13377495110034943,0.06153696030378342
74901,0.0,0.08453571796417236,0.21709716320037842,0.0938558429479599
74902,0.0,0.10297590494155884,0.2043277770280838,0.08498707413673401
74903,0.0,0.05143308639526367,0.10265906155109406,0.04039420560002327
74904,0.0,0.06232506036758423,0.12123575806617737,0.052201829850673676
74905,0.0,0.05359792709350586,0.0706765204668045,0.025600099936127663
74906,0.0,0.04291713237762451,0.09001460671424866,0.04155048355460167
74907,0.0,0.05543529987335205,0.12908893823623657,0.03906876593828201
74908,0.0,0.04671555757522583,0.07698651403188705,0.031672026962041855
74909,0.0,0.03395652770996094,0.0600866936147213,0.033172495663166046
74910,0.0,0.04548072814941406,0.1277378499507904,0.0404689647257328
74911,0.0,0.04011887311935425,0.0950169637799263,0.02682672254741192
74912,0.0,0.03312504291534424,0.15791411697864532,0.032497622072696686
74913,0.0,0.050669968128204346,0.09993819892406464,0.04694322869181633
74914,0.0,0.06389904022216797,0.13563837110996246,0.08128713071346283
74915,0.0,0.054816365242004395,0.16733382642269135,0.046184174716472626
74916,0.0,0.06632065773010254,0.11268796026706696,0.05430188775062561
74917,0.0,0.0445026159286499,0.0849602147936821,0.029171859845519066
74918,0.0,0.03453230857849121,0.11572539061307907,0.03126934915781021
74919,0.0,0.048067450523376465,0.15226125717163086,0.05816706269979477
74920,0.0,0.03175252676010132,0.06035930663347244,0.020266177132725716
74921,0.0,0.05615502595901489,0.08775892853736877,0.04623132944107056
74922,0.0,0.027108848094940186,0.05138356611132622,0.022272028028964996
74923,0.0,0.04840630292892456,0.1010068729519844,0.04946937412023544
74924,0.0,0.031771183013916016,0.039107296615839005,0.027669135481119156
74925,0.0,0.05842113494873047,0.15597760677337646,0.06558750569820404
74926,0.0,0.03851073980331421,0.06405811011791229,0.03757130354642868
74927,0.0,0.029497623443603516,0.053071241825819016,0.03298087418079376
74928,0.0,0.05746722221374512,0.13271750509738922,0.0591595321893692
74929,0.0,0.1245582103729248,0.1660124659538269,0.18123355507850647
74930,0.0,0.1564057469367981,0.24273458123207092,0.1733829379081726
74931,0.0,0.18863260746002197,0.23386408388614655,0.23946252465248108
74932,0.0,0.1227148175239563,0.13983698189258575,0.1576651632785797
75455,0.0,0.21762919425964355,0.22958780825138092,0.25657281279563904
75456,0.0,0.195587158203125,0.25946781039237976,0.17854981124401093
75457,0.0,0.21267008781433105,0.2835674583911896,0.26301294565200806
75458,0.0,0.2640823721885681,0.3942393362522125,0.3179236054420471
75459,0.0,0.23226958513259888,0.2490772008895874,0.2455722689628601
75460,0.0,0.20778322219848633,0.2746495008468628,0.2530369460582733
75461,0.0,0.16801220178604126,0.30582502484321594,0.19513289630413055
75462,0.0,0.13898241519927979,0.22313031554222107,0.17555253207683563
75463,0.0,0.22029340267181396,0.29814621806144714,0.24292254447937012
75464,0.0,0.36817532777786255,0.39843836426734924,0.45732593536376953
75465,0.0,0.26767367124557495,0.32149916887283325,0.2843720614910126
75466,0.0,0.18706125020980835,0.24856404960155487,0.21369290351867676
75467,0.0,0.26932984590530396,0.39054569602012634,0.3302759826183319
75468,0.0,0.2426161766052246,0.3449050784111023,0.23202835023403168
75469,0.0,0.11386251449584961,0.20211075246334076,0.11230555921792984
75470,0.0,0.10251760482788086,0.18479005992412567,0.1160382553935051
75471,0.0,0.08502829074859619,0.1714036613702774,0.09746482223272324
75472,0.0,0.051129162311553955,0.0781967043876648,0.04702433943748474
75473,0.0,0.036536574363708496,0.057132720947265625,0.04640151187777519
75474,0.0,0.0319637656211853,0.042212918400764465,0.03551197797060013
75475,0.0,0.033837735652923584,0.051047325134277344,0.03639034181833267
75476,0.0,0.030871868133544922,0.04375317320227623,0.03318072855472565
75477,0.0,0.029837846755981445,0.0344182513654232,0.02562534809112549
75478,0.0,0.03118109703063965,0.029539957642555237,0.02128814160823822
75479,0.0,0.08965027332305908,0.12113647162914276,0.08213502168655396
75480,0.0,0.07164931297302246,0.09415993094444275,0.04471414163708687
75481,0.0,0.04674053192138672,0.05195298790931702,0.03775198012590408
75482,0.0,0.06496089696884155,0.1051509752869606,0.04488033056259155
75483,0.0,0.05845069885253906,0.06092597916722298,0.042653899639844894
75484,0.0,0.04009777307510376,0.07925398647785187,0.02585553750395775
75485,0.0,0.06749051809310913,0.10469777882099152,0.05572906881570816
75486,0.0,0.048374712467193604,0.08808519691228867,0.034872379153966904
75487,0.0,0.02838718891143799,0.038095563650131226,0.017240790650248528
75488,0.0,0.06355339288711548,0.11292459070682526,0.06412214785814285
75489,0.0,0.06344705820083618,0.14103256165981293,0.05635150894522667
75490,0.0,0.03855055570602417,0.054453037679195404,0.03307513892650604
75491,0.0,0.03093951940536499,0.07822196930646896,0.023591291159391403
75492,0.0,0.02683347463607788,0.06306260079145432,0.022225286811590195
75493,0.0,0.07693934440612793,0.13841456174850464,0.0842680111527443
75494,0.0,0.03251558542251587,0.0682145282626152,0.027607746422290802
75495,0.0,0.026339471340179443,0.041778989136219025,0.022018738090991974
75496,0.0,0.02353215217590332,0.026461586356163025,0.028631627559661865
75497,0.0,0.02392280101776123,0.03539888933300972,0.02614731155335903
75498,0.0,0.01888751983642578,0.023830313235521317,0.02180156297981739
75499,0.0,0.018445968627929688,0.027057381346821785,0.02611873298883438
75500,0.0,0.019033491611480713,0.031975600868463516,0.02699369750916958
75501,0.0,0.01814216375350952,0.03344043344259262,0.022727208212018013
75502,0.0,0.01841878890991211,0.027455324307084084,0.019909359514713287
75503,0.0,0.06761455535888672,0.11179111152887344,0.06725805997848511
75504,0.0,0.05461925268173218,0.052949052304029465,0.05886094644665718
75505,0.0,0.032159388065338135,0.0413033701479435,0.03409853205084801
75506,0.0,0.07116341590881348,0.059718888252973557,0.08429768681526184
76029,0.0,0.10581642389297485,0.14077290892601013,0.06887800246477127
76030,0.0,0.2590399384498596,0.24848444759845734,0.27709412574768066
76031,0.0,0.10637861490249634,0.132086381316185,0.10121963173151016
76032,0.0,0.10958951711654663,0.16161000728607178,0.07880362123250961
76033,0.0,0.12191367149353027,0.12003430724143982,0.11901720613241196
76034,0.0,0.2792831063270569,0.45783793926239014,0.3047380745410919
76035,0.0,0.15360325574874878,0.1915959119796753,0.11798887699842453
76036,0.0,0.13364958763122559,0.17155040800571442,0.08649162203073502
76037,0.0,0.19328820705413818,0.18817168474197388,0.13738638162612915
76038,0.0,0.15333133935928345,0.19440196454524994,0.182553231716156
76039,0.0,0.09506368637084961,0.2114466279745102,0.04955166205763817
76040,0.0,0.09711408615112305,0.17688438296318054,0.07081237435340881
76041,0.0,0.0998949408531189,0.10205557942390442,0.08523691445589066
76042,0.0,0.12145733833312988,0.13788680732250214,0.0916823223233223
76043,0.0,0.10948723554611206,0.16412223875522614,0.09660304337739944
76044,0.0,0.08896011114120483,0.14252550899982452,0.06142708659172058
76045,0.0,0.0936691164970398,0.14685946702957153,0.07857100665569305
76046,0.0,0.04906260967254639,0.1110399141907692,0.04623187333345413
76047,0.0,0.0990484356880188,0.1230936273932457,0.07884359359741211
76048,0.0,0.14802521467208862,0.18543069064617157,0.12764814496040344
76049,0.0,0.12082064151763916,0.14478164911270142,0.09123360365629196
76050,0.0,0.14110219478607178,0.13016599416732788,0.08691767603158951
76051,0.0,0.09687453508377075,0.12741969525814056,0.08157725632190704
76052,0.0,0.0644713044166565,0.10736488550901413,0.04247820004820824
76053,0.0,0.06897270679473877,0.13255999982357025,0.0467415489256382
76054,0.0,0.07034993171691895,0.115854412317276,0.061623603105545044
76055,0.0,0.07759219408035278,0.13206730782985687,0.06591928005218506
76056,0.0,0.07905536890029907,0.15606607496738434,0.07292492687702179
76057,0.0,0.08394366502761841,0.10205668210983276,0.07981480658054352
76058,0.0,0.07425302267074585,0.10607565194368362,0.05316236615180969
76059,0.0,0.0557328462600708,0.07981279492378235,0.03483903035521507
76060,0.0,0.10965967178344727,0.09001569449901581,0.08434897661209106
76061,0.0,0.07925736904144287,0.09163679927587509,0.07506482303142548
76062,0.0,0.08253747224807739,0.07086407393217087,0.05996629223227501
76063,0.0,0.0811803936958313,0.08665316551923752,0.06763558089733124
76064,0.0,0.061965227127075195,0.07133585959672928,0.03974287211894989
76065,0.0,0.061818599700927734,0.11029702425003052,0.0667443573474884
76066,0.0,0.07939165830612183,0.10475556552410126,0.08247403800487518
76067,0.0,0.06573081016540527,0.10382092744112015,0.04580971598625183
76068,0.0,0.053747713565826416,0.0936240628361702,0.04515364393591881
76069,0.0,0.05385547876358032,0.08009706437587738,0.052127379924058914
76070,0.0,0.031050801277160645,0.10321613401174545,0.026847422122955322
76071,0.0,0.04758244752883911,0.09369785338640213,0.032954141497612
76072,0.0,0.05633902549743652,0.08952604234218597,0.051736555993556976
76073,0.0,0.03738445043563843,0.09945099800825119,0.044974133372306824
76074,0.0,0.06901198625564575,0.15280184149742126,0.054137639701366425
76075,0.0,0.03700810670852661,0.11279182136058807,0.044114965945482254
76076,0.0,0.045215904712677,0.1302408128976822,0.029143113642930984
76077,0.0,0.052229225635528564,0.10969957709312439,0.04972432926297188
76078,0.0,0.07102888822555542,0.10085342079401016,0.07159731537103653
76079,0.0,0.18099957704544067,0.20973731577396393,0.18068155646324158
76080,0.0,0.12763673067092896,0.21781395375728607,0.14815017580986023
76603,0.0,0.3302963376045227,0.5467525124549866,0.40194761753082275
76604,0.0,0.3282046914100647,0.5691179633140564,0.39039143919944763
76605,0.0,0.321125328540802,0.6087943315505981,0.3866845667362213
76606,0.0,0.4253426790237427,0.5795603394508362,0.5760835409164429
76607,0.0,0.37136781215667725,0.6039416790008545,0.4827636778354645
76608,0.0,0.3440842032432556,0.5015170574188232,0.38060635328292847
76609,0.0,0.2815357446670532,0.4063803553581238,0.2630749046802521
76610,0.0,0.25491344928741455,0.43669208884239197,0.28851065039634705
76611,0.0,0.24599826335906982,0.4222256541252136,0.23384375870227814
76612,0.0,0.1791614294052124,0.4263508915901184,0.19507743418216705
76613,0.0,0.29314351081848145,0.4455735385417938,0.26614177227020264
76614,0.0,0.22772061824798584,0.4687294065952301,0.20278622210025787
76615,0.0,0.1708226203918457,0.350735068321228,0.14481963217258453
76616,0.0,0.19860506057739258,0.45021265745162964,0.17557932436466217
76617,0.0,0.11929255723953247,0.3085424304008484,0.06852690130472183
76618,0.0,0.12506312131881714,0.3015674948692322,0.07504791021347046
76619,0.0,0.10858750343322754,0.3108804523944855,0.06651598960161209
76620,0.0,0.11386138200759888,0.248203843832016,0.1002778708934784
76621,0.0,0.1145980954170227,0.2548433542251587,0.06823423504829407
76622,0.0,0.09796220064163208,0.22823113203048706,0.05979005619883537
76623,0.0,0.11139756441116333,0.246521458029747,0.059792716056108475
76624,0.0,0.1087837815284729,0.23767773807048798,0.08953238278627396
76625,0.0,0.07029116153717041,0.17677739262580872,0.03521013259887695
76626,0.0,0.08799535036087036,0.15979187190532684,0.0660727396607399
76627,0.0,0.07186979055404663,0.14550384879112244,0.04318258911371231
76628,0.0,0.1224328875541687,0.21419604122638702,0.11847700923681259
76629,0.0,0.14573049545288086,0.17389754951000214,0.08805535733699799
76630,0.0,0.10175365209579468,0.1439698338508606,0.057923320680856705
76631,0.0,0.06361180543899536,0.12185661494731903,0.037757135927677155
76632,0.0,0.1443222165107727,0.3143899142742157,0.16078497469425201
76633,0.0,0.12844973802566528,0.20075133442878723,0.06394830346107483
76634,0.0,0.11295342445373535,0.22608718276023865,0.06560513377189636
76635,0.0,0.15050482749938965,0.26371756196022034,0.11521019041538239
76636,0.0,0.10265320539474487,0.15259422361850739,0.06602530926465988
76637,0.0,0.09768015146255493,0.14871561527252197,0.05713222920894623
76638,0.0,0.11984914541244507,0.15736499428749084,0.07782285660505295
76639,0.0,0.08872199058532715,0.1703653782606125,0.05846570432186127
76640,0.0,0.10019809007644653,0.1525949239730835,0.08438762277364731
76641,0.0,0.08822751045227051,0.17045103013515472,0.05991343781352043
76642,0.0,0.10745739936828613,0.1404298096895218,0.06684786081314087
76643,0.0,0.0864710807800293,0.1408529430627823,0.06364161521196365
76644,0.0,0.07675743103027344,0.15986864268779755,0.055114004760980606
76645,0.0,0.05976235866546631,0.16961298882961273,0.044152259826660156
76646,0.0,0.059391915798187256,0.127735897898674,0.054387662559747696
76647,0.0,0.10599082708358765,0.24519048631191254,0.12253738194704056
76648,0.0,0.15841424465179443,0.22024327516555786,0.11776822060346603
76649,0.0,0.14501339197158813,0.15448567271232605,0.10595683008432388
76650,0.0,0.12872517108917236,0.13837149739265442,0.12669649720191956
76651,0.0,0.16596484184265137,0.1874777227640152,0.18743066489696503
76652,0.0,0.16889888048171997,0.17401136457920074,0.17950710654258728
76653,0.0,0.2707139849662781,0.22322514653205872,0.37895387411117554
76654,0.0,0.201027512550354,0.21752044558525085,0.2290647029876709
77177,0.0,0.3773779273033142,0.30978596210479736,0.4843948185443878
77178,0.0,0.2789538502693176,0.21811912953853607,0.316990464925766
77179,0.0,0.25759369134902954,0.2923339307308197,0.31700488924980164
77180,0.0,0.4216345548629761,0.3386349678039551,0.5187134146690369
77181,0.0,0.5629355907440186,0.6689784526824951,0.8990420699119568
77182,1.0,0.6236391067504883,0.6992917656898499,0.8784207701683044
77183,0.0,0.42183756828308105,0.5502224564552307,0.618642270565033
77184,0.0,0.47724705934524536,0.551785409450531,0.6615833044052124
77185,1.0,0.4735264778137207,0.6533116698265076,0.8169316053390503
77186,1.0,0.5313282012939453,0.7238107323646545,0.75946444272995
77187,1.0,0.5347138047218323,0.6468812823295593,0.6732560396194458
77188,0.0,0.40744173526763916,0.5025351047515869,0.4370637834072113
77189,0.0,0.42340439558029175,0.4769163429737091,0.5747137665748596
77190,0.0,0.3835960626602173,0.3604357838630676,0.41621077060699463
77191,0.0,0.5110137462615967,0.676742672920227,0.8688383102416992
77192,1.0,0.5663540363311768,0.6974826455116272,0.7552884817123413
77193,0.0,0.5187559723854065,0.6403664350509644,0.7447561621665955
77194,1.0,0.5513643622398376,0.7051923871040344,0.7850511074066162
77195,1.0,0.5880386829376221,0.778542697429657,0.9253895282745361
77196,1.0,0.6063482761383057,0.787061870098114,0.8445716500282288
77197,1.0,0.6106438636779785,0.7511135935783386,0.8065516352653503
77198,1.0,0.6051105260848999,0.7531203031539917,0.8091647028923035
77199,1.0,0.5435254573822021,0.6895390748977661,0.6928269863128662
77200,1.0,0.48130887746810913,0.5597899556159973,0.5526041388511658
77201,0.0,0.37186139822006226,0.48442524671554565,0.4620419442653656
77202,0.0,0.3311057686805725,0.42276227474212646,0.3961806893348694
77203,0.0,0.3546040654182434,0.4458913207054138,0.37151703238487244
77204,0.0,0.20382893085479736,0.26069965958595276,0.20064423978328705
77205,0.0,0.20945334434509277,0.2624058425426483,0.19452232122421265
77206,0.0,0.24355560541152954,0.2920493185520172,0.2045055478811264
77207,0.0,0.14361000061035156,0.19704118371009827,0.13783419132232666
77208,0.0,0.1105993390083313,0.1310485154390335,0.089964359998703
77209,0.0,0.12247806787490845,0.15428876876831055,0.10766978561878204
77210,0.0,0.09982669353485107,0.1374007910490036,0.08295793831348419
77211,0.0,0.09668368101119995,0.1380479484796524,0.1314677745103836
77212,0.0,0.1901836395263672,0.2162025421857834,0.20288990437984467
77213,0.0,0.09948599338531494,0.15560391545295715,0.0991513729095459
77214,0.0,0.08924967050552368,0.12756256759166718,0.08382119238376617
77215,0.0,0.12678200006484985,0.14286674559116364,0.12294992804527283
77216,0.0,0.07958626747131348,0.12148597836494446,0.06811396032571793
77217,0.0,0.08903026580810547,0.17207512259483337,0.08943163603544235
77218,0.0,0.09632676839828491,0.13532541692256927,0.10119001567363739
77219,0.0,0.06729340553283691,0.12650321424007416,0.08336487412452698
77220,0.0,0.051760196685791016,0.09598131477832794,0.04957122728228569
77221,0.0,0.11414593458175659,0.2189444750547409,0.11509750038385391
77222,0.0,0.04849821329116821,0.06968754529953003,0.04055899381637573
77223,0.0,0.08957147598266602,0.13591459393501282,0.08210407942533493
77224,0.0,0.1411576271057129,0.17782606184482574,0.2013925313949585
77225,0.0,0.13952487707138062,0.15037749707698822,0.14813026785850525
77226,0.0,0.15212160348892212,0.13739849627017975,0.15088051557540894
77227,0.0,0.22478914260864258,0.17103996872901917,0.27644839882850647
77228,0.0,0.22396111488342285,0.15013298392295837,0.3239836096763611
77751,0.0,0.0822756290435791,0.12887100875377655,0.0504092201590538
77752,0.0,0.28068381547927856,0.4213408827781677,0.35630401968955994
77753,0.0,0.19595521688461304,0.19275562465190887,0.11531782895326614
77754,0.0,0.1636539101600647,0.17973019182682037,0.08906959742307663
77755,0.0,0.10063612461090088,0.16879047453403473,0.058730922639369965
77756,0.0,0.1797109842300415,0.22810223698616028,0.10118764638900757
77757,0.0,0.27059638500213623,0.3320794403553009,0.24135547876358032
77758,0.0,0.34797734022140503,0.4338259994983673,0.3146457374095917
77759,0.0,0.31673383712768555,0.4992230236530304,0.32138514518737793
77760,0.0,0.23212957382202148,0.37104111909866333,0.23033137619495392
77761,0.0,0.24387389421463013,0.3127867877483368,0.20278847217559814
77762,0.0,0.18952929973602295,0.3655814230442047,0.12106399983167648
77763,0.0,0.15194720029830933,0.21857582032680511,0.08205458521842957
77764,0.0,0.09824681282043457,0.16015039384365082,0.05429340526461601
77765,0.0,0.1110338568687439,0.20815695822238922,0.05614857003092766
77766,0.0,0.30715203285217285,0.4585060775279999,0.3286016881465912
77767,0.0,0.18065327405929565,0.29099300503730774,0.12937547266483307
77768,0.0,0.12937664985656738,0.1418110877275467,0.07211679965257645
77769,0.0,0.1991751790046692,0.21257448196411133,0.15989722311496735
77770,0.0,0.15492743253707886,0.2289542704820633,0.11227618157863617
77771,0.0,0.12441134452819824,0.1543116271495819,0.0652865543961525
77772,0.0,0.21710515022277832,0.22871898114681244,0.15587152540683746
77773,0.0,0.23679763078689575,0.23921902477741241,0.17212574183940887
77774,0.0,0.12423151731491089,0.15526610612869263,0.08329104632139206
77775,0.0,0.07933944463729858,0.13463808596134186,0.04705671966075897
77776,0.0,0.11132282018661499,0.15142793953418732,0.06891874223947525
77777,0.0,0.07550722360610962,0.08890527486801147,0.04255048185586929
77778,0.0,0.0593867301940918,0.08640379458665848,0.03759371116757393
77779,0.0,0.0652092695236206,0.07612067461013794,0.03199445456266403
77780,0.0,0.06384044885635376,0.1339602917432785,0.04606331139802933
77781,0.0,0.10046035051345825,0.09867297112941742,0.0597677081823349
77782,0.0,0.13122272491455078,0.21006666123867035,0.08729805052280426
77783,0.0,0.07857823371887207,0.1315496563911438,0.06539640575647354
77784,0.0,0.06705641746520996,0.1396309733390808,0.03746502846479416
77785,0.0,0.052467525005340576,0.08978267759084702,0.032138366252183914
77786,0.0,0.027413547039031982,0.11520956456661224,0.010756726376712322
77787,0.0,0.02734827995300293,0.05851760879158974,0.012699711136519909
77788,0.0,0.04744517803192139,0.19058066606521606,0.03988463804125786
77789,0.0,0.07723325490951538,0.1136525571346283,0.04555659741163254
77790,0.0,0.05740314722061157,0.09538961201906204,0.029680373147130013
77791,0.0,0.03604686260223389,0.07718023657798767,0.0207150187343359
77792,0.0,0.041018903255462646,0.08332256972789764,0.03260420262813568
77793,0.0,0.02124154567718506,0.07308216392993927,0.014711185358464718
77794,0.0,0.028805971145629883,0.06299605220556259,0.02145494893193245
77795,0.0,0.03803759813308716,0.091323122382164,0.039199333637952805
77796,0.0,0.06691330671310425,0.07979270815849304,0.050715163350105286
77797,0.0,0.05456119775772095,0.10319726914167404,0.04131702706217766
77798,0.0,0.056747257709503174,0.08246583491563797,0.034273844212293625
77799,0.0,0.050705671310424805,0.07537564635276794,0.03189196437597275
77800,0.0,0.05031830072402954,0.07482892274856567,0.032859716564416885
77801,0.0,0.0654340386390686,0.06556081026792526,0.0645911693572998
77802,0.0,0.08898615837097168,0.08996489644050598,0.08338125795125961
78325,0.0,0.0577242374420166,0.09720663726329803,0.04774850234389305
78326,0.0,0.05170750617980957,0.05896333232522011,0.049326322972774506
78327,0.0,0.051786065101623535,0.07224514335393906,0.04590349271893501
78328,0.0,0.04595297574996948,0.04850558564066887,0.06152353435754776
78329,0.0,0.04906761646270752,0.054371390491724014,0.053821176290512085
78330,0.0,0.26999717950820923,0.20766066014766693,0.3791230320930481
78331,1.0,0.3351669907569885,0.3621661365032196,0.401459276676178
78332,1.0,0.2662448287010193,0.33144062757492065,0.353237509727478
78333,1.0,0.5352345108985901,0.4098772406578064,0.6691489219665527
78334,1.0,0.4915843605995178,0.4451870620250702,0.6898460984230042
78335,1.0,0.3727371096611023,0.4210338294506073,0.5899512767791748
78336,1.0,0.339599609375,0.36790305376052856,0.42542341351509094
78337,1.0,0.32326990365982056,0.4203382730484009,0.4753546416759491
78338,1.0,0.5013406276702881,0.5142446160316467,0.7844340205192566
78339,1.0,0.6097347140312195,0.7849074006080627,0.9383206367492676
78340,1.0,0.6282237768173218,0.7639825344085693,0.9102565050125122
78341,1.0,0.5572476387023926,0.6453935503959656,0.8731063604354858
78342,1.0,0.5424039363861084,0.6853529810905457,0.817371129989624
78343,1.0,0.4988514184951782,0.6163914799690247,0.8210881948471069
78344,1.0,0.4806087613105774,0.6622528433799744,0.7976986765861511
78345,1.0,0.4348604083061218,0.5320493578910828,0.6391527652740479
78346,1.0,0.3446679711341858,0.37642019987106323,0.5499303340911865
78347,1.0,0.29106950759887695,0.455381840467453,0.3867274224758148
78348,1.0,0.27280014753341675,0.3400667905807495,0.3528897762298584
78349,1.0,0.2240535020828247,0.23907804489135742,0.25317880511283875
78350,1.0,0.10692477226257324,0.16693691909313202,0.1264818161725998
78351,1.0,0.15678876638412476,0.18669754266738892,0.13261929154396057
78352,0.0,0.11040288209915161,0.16190317273139954,0.12087796628475189
78353,1.0,0.13217556476593018,0.1555531620979309,0.13069526851177216
78354,1.0,0.13590067625045776,0.14486584067344666,0.11871562898159027
78355,1.0,0.0959482192993164,0.12527790665626526,0.09501045197248459
78356,1.0,0.08017212152481079,0.14642788469791412,0.08514165133237839
78357,1.0,0.09658503532409668,0.14653712511062622,0.09351637214422226
78358,0.0,0.10899972915649414,0.12766902148723602,0.12381201982498169
78359,1.0,0.1032450795173645,0.12992030382156372,0.11589133739471436
78360,1.0,0.15602481365203857,0.18482640385627747,0.19796353578567505
78361,1.0,0.1285530924797058,0.1472020000219345,0.12088686972856522
78362,1.0,0.10722470283508301,0.15093174576759338,0.09449798613786697
78363,0.0,0.09223443269729614,0.12649470567703247,0.0849747359752655
78364,0.0,0.059971749782562256,0.1336403340101242,0.059647414833307266
78365,0.0,0.08823847770690918,0.1546410322189331,0.10702888667583466
78366,0.0,0.05494648218154907,0.07559824734926224,0.061811938881874084
78367,0.0,0.037766456604003906,0.0841137245297432,0.051366228610277176
78368,0.0,0.03515172004699707,0.03852574899792671,0.03890790790319443
78369,0.0,0.08187466859817505,0.15232081711292267,0.10607023537158966
78370,0.0,0.08920395374298096,0.13610957562923431,0.09630537778139114
78371,0.0,0.057034850120544434,0.07195129245519638,0.08299240469932556
78372,0.0,0.08856070041656494,0.11381811648607254,0.08977793902158737
78373,0.0,0.07718974351882935,0.06493719667196274,0.08199845254421234
78374,0.0,0.13224637508392334,0.2077016532421112,0.13925625383853912
78375,0.0,0.10990238189697266,0.09565463662147522,0.07987840473651886
78376,0.0,0.0794672966003418,0.0858827531337738,0.08292993903160095
78899,1.0,0.18643397092819214,0.286109983921051,0.3798236846923828
78900,1.0,0.06688344478607178,0.13323093950748444,0.10814633220434189
78901,0.0,0.1680746078491211,0.2541169226169586,0.20570723712444305
78902,1.0,0.21257328987121582,0.26762908697128296,0.4140852093696594
78903,1.0,0.1423165202140808,0.1848810613155365,0.17789867520332336
78904,0.0,0.096771240234375,0.13648462295532227,0.1049535721540451
78905,0.0,0.2041587233543396,0.27971282601356506,0.28232985734939575
78906,1.0,0.20166999101638794,0.31316325068473816,0.33222711086273193
78907,1.0,0.2034609317779541,0.2195395678281784,0.3073483407497406
78908,1.0,0.21197032928466797,0.24308298528194427,0.24375738203525543
78909,1.0,0.17649924755096436,0.27596375346183777,0.20319430530071259
78910,1.0,0.1576530933380127,0.20873099565505981,0.20185019075870514
78911,1.0,0.0687791109085083,0.13221357762813568,0.08029923588037491
78912,0.0,0.15622711181640625,0.22776758670806885,0.2212747186422348
78913,1.0,0.20227599143981934,0.290432333946228,0.26307228207588196
78914,1.0,0.30500364303588867,0.38473692536354065,0.36634835600852966
78915,1.0,0.23692089319229126,0.31964462995529175,0.23200246691703796
78916,1.0,0.16519558429718018,0.2835123836994171,0.17191730439662933
78917,1.0,0.17618393898010254,0.254203200340271,0.20348840951919556
78918,1.0,0.14441394805908203,0.17884190380573273,0.16999679803848267
78919,0.0,0.07953149080276489,0.18600952625274658,0.08968492597341537
78920,0.0,0.07388675212860107,0.1914219707250595,0.0858822613954544
78921,0.0,0.06341224908828735,0.08300222456455231,0.07753150165081024
78922,0.0,0.07562047243118286,0.14875365793704987,0.07383833825588226
78923,1.0,0.06602609157562256,0.1371077448129654,0.05486419424414635
78924,0.0,0.04993176460266113,0.07036804407835007,0.04627380147576332
78925,0.0,0.04506492614746094,0.06368062645196915,0.04839737340807915
78926,0.0,0.039912641048431396,0.06662600487470627,0.03333687037229538
78927,0.0,0.06293147802352905,0.10014604777097702,0.054279278963804245
78928,1.0,0.050055742263793945,0.13339512050151825,0.03977736085653305
78929,0.0,0.03725653886795044,0.048066962510347366,0.027359025552868843
78930,0.0,0.05433833599090576,0.10245078057050705,0.03173837810754776
78931,1.0,0.03330475091934204,0.11887289583683014,0.02109289914369583
78932,0.0,0.030684828758239746,0.04991701617836952,0.028213853016495705
78933,0.0,0.02554088830947876,0.047421108931303024,0.020547518506646156
78934,0.0,0.02035146951675415,0.057314466685056686,0.021155938506126404
78935,0.0,0.012851834297180176,0.032876987010240555,0.010970301926136017
78936,0.0,0.012537479400634766,0.02732975408434868,0.009564882144331932
78937,0.0,0.013589560985565186,0.026226280257105827,0.011335872113704681
78938,0.0,0.015761077404022217,0.05304283648729324,0.011855114251375198
78939,0.0,0.015906691551208496,0.030772311612963676,0.012918472290039062
78940,0.0,0.014416217803955078,0.024280792102217674,0.014288607984781265
78941,0.0,0.013450384140014648,0.017894884571433067,0.013195076957345009
78942,0.0,0.05192643404006958,0.11373579502105713,0.06419366598129272
78943,1.0,0.0636025071144104,0.13757658004760742,0.08272821456193924
78944,1.0,0.08172833919525146,0.09280851483345032,0.09362660348415375
78945,1.0,0.05004924535751343,0.0837765485048294,0.047815680503845215
78946,0.0,0.03353917598724365,0.08772246539592743,0.03732793405652046
78947,0.0,0.0305137038230896,0.07372958213090897,0.048135414719581604
78948,0.0,0.04168504476547241,0.04600369557738304,0.04845619201660156
78949,0.0,0.03705739974975586,0.07226118445396423,0.054855577647686005
78950,0.0,0.03652292490005493,0.07691575586795807,0.05023428425192833
79473,1.0,0.16601240634918213,0.20495285093784332,0.2325715720653534
79474,0.0,0.09741908311843872,0.13563771545886993,0.12354113161563873
79475,0.0,0.08459174633026123,0.0873502865433693,0.08212237060070038
79476,0.0,0.22881412506103516,0.27780720591545105,0.2538139522075653
79477,1.0,0.2071855664253235,0.26989802718162537,0.2702801525592804
79478,1.0,0.2198113203048706,0.313099205493927,0.34361064434051514
79479,1.0,0.14004862308502197,0.19841398298740387,0.2114429473876953
79480,0.0,0.3361760973930359,0.3358001708984375,0.4789389371871948
79481,1.0,0.6224994659423828,0.5047903060913086,0.799404501914978
79482,1.0,0.36520618200302124,0.4245898127555847,0.49729588627815247
79483,1.0,0.3465823531150818,0.40385377407073975,0.4815223813056946
79484,1.0,0.3527476191520691,0.3874575197696686,0.507608950138092
79485,1.0,0.2850358486175537,0.33986419439315796,0.49541157484054565
79486,0.0,0.22586965560913086,0.3074261546134949,0.31368348002433777
79487,1.0,0.17672210931777954,0.25392618775367737,0.16759976744651794
79488,0.0,0.19925802946090698,0.3268872797489166,0.2690984010696411
79489,1.0,0.12110430002212524,0.17514851689338684,0.14641578495502472
79490,0.0,0.05159097909927368,0.1514490693807602,0.05387085676193237
79491,0.0,0.11890363693237305,0.2523444592952728,0.1376497894525528
79492,1.0,0.1717655062675476,0.23053187131881714,0.17672692239284515
79493,1.0,0.14513492584228516,0.20826587080955505,0.1602810174226761
79494,1.0,0.07499420642852783,0.1367158740758896,0.10256301611661911
79495,0.0,0.06709998846054077,0.13238747417926788,0.06112751364707947
79496,0.0,0.1137017011642456,0.14229518175125122,0.10138773918151855
79497,1.0,0.07184833288192749,0.06905893981456757,0.049935489892959595
79498,0.0,0.048214495182037354,0.05341313034296036,0.04035956412553787
79499,0.0,0.06292259693145752,0.10825064033269882,0.05684814602136612
79500,1.0,0.05807149410247803,0.08188280463218689,0.04060668125748634
79501,0.0,0.04368174076080322,0.056350287050008774,0.034000612795352936
79502,0.0,0.03961914777755737,0.04130485653877258,0.029176481068134308
79503,0.0,0.03476846218109131,0.037128791213035583,0.02651716023683548
79504,0.0,0.05135047435760498,0.07990468293428421,0.03583294153213501
79505,1.0,0.08601641654968262,0.15599150955677032,0.07651272416114807
79506,1.0,0.06415057182312012,0.09410388022661209,0.07005995512008667
79507,0.0,0.05265331268310547,0.11330971121788025,0.05061599239706993
79508,0.0,0.04478180408477783,0.14441247284412384,0.039202384650707245
79509,0.0,0.024107515811920166,0.0339181013405323,0.022820157930254936
79510,0.0,0.04917949438095093,0.07213634997606277,0.05904829874634743
79511,1.0,0.02907806634902954,0.039364349097013474,0.02375510148704052
79512,0.0,0.04846632480621338,0.07448267936706543,0.054804809391498566
79513,1.0,0.05620652437210083,0.11922786384820938,0.07100056111812592
79514,1.0,0.10528284311294556,0.12567618489265442,0.11801096051931381
79515,1.0,0.10920596122741699,0.11966654658317566,0.17502109706401825
79516,1.0,0.11728543043136597,0.10526002943515778,0.14698641002178192
79517,1.0,0.055514633655548096,0.10988563299179077,0.05822552368044853
79518,0.0,0.04624968767166138,0.0860123336315155,0.057244569063186646
79519,0.0,0.044848740100860596,0.09420735388994217,0.05309949070215225
79520,0.0,0.031227290630340576,0.03778301924467087,0.02501528523862362
79521,0.0,0.09312522411346436,0.15356546640396118,0.12455367296934128
79522,1.0,0.07677662372589111,0.08724471926689148,0.09275234490633011
79523,0.0,0.19842684268951416,0.19631671905517578,0.23454008996486664
79524,1.0,0.2673053741455078,0.24217091500759125,0.37351658940315247
80047,0.0,0.045471787452697754,0.05866987258195877,0.06498651206493378
80048,0.0,0.04459738731384277,0.05480150878429413,0.05183028057217598
80049,0.0,0.03658568859100342,0.034174416214227676,0.035007622092962265
80050,0.0,0.04718297719955444,0.06226511672139168,0.06539855152368546
80051,0.0,0.1744098663330078,0.2151341289281845,0.21122139692306519
80052,1.0,0.15053576231002808,0.17678093910217285,0.17902496457099915
80053,0.0,0.08597105741500854,0.15309132635593414,0.11598239839076996
80054,0.0,0.07854026556015015,0.08415967971086502,0.0903058648109436
80055,0.0,0.07713150978088379,0.10508840531110764,0.07840696722269058
80056,0.0,0.043865978717803955,0.05798451229929924,0.04686075821518898
80057,0.0,0.1746928095817566,0.29435381293296814,0.1787765920162201
80058,0.0,0.1059911847114563,0.18278446793556213,0.08652498573064804
80059,0.0,0.06067997217178345,0.07558128237724304,0.07119515538215637
80060,0.0,0.19897258281707764,0.2593863010406494,0.2543720006942749
80061,0.0,0.2322920560836792,0.30752527713775635,0.2845545709133148
80062,0.0,0.1984785795211792,0.2716902792453766,0.29221466183662415
80063,0.0,0.21971648931503296,0.26130542159080505,0.31261444091796875
80064,0.0,0.07134681940078735,0.16292539238929749,0.05405918136239052
80065,0.0,0.07553619146347046,0.14525683224201202,0.09794429689645767
80066,0.0,0.12752526998519897,0.23525944352149963,0.16051018238067627
80067,0.0,0.13974225521087646,0.21815498173236847,0.1539468765258789
80068,0.0,0.12344485521316528,0.20038338005542755,0.2428319901227951
80069,0.0,0.10401654243469238,0.11939246207475662,0.07760816812515259
80070,0.0,0.11110740900039673,0.12218386679887772,0.09233555197715759
80071,1.0,0.10232466459274292,0.1278413087129593,0.08136452734470367
80072,0.0,0.09534400701522827,0.1187874972820282,0.08901036530733109
80073,0.0,0.07078874111175537,0.08521973341703415,0.052161410450935364
80074,0.0,0.07748138904571533,0.13053108751773834,0.0866103321313858
80075,0.0,0.0578877329826355,0.0837208554148674,0.04271761327981949
80076,0.0,0.06646716594696045,0.12352259457111359,0.06555400788784027
80077,0.0,0.05087357759475708,0.06902369856834412,0.03511723875999451
80078,0.0,0.0386471152305603,0.09969055652618408,0.030477918684482574
80079,0.0,0.030358433723449707,0.04497234523296356,0.01963144727051258
80080,0.0,0.030891835689544678,0.02941451407968998,0.024640342220664024
80081,0.0,0.019807636737823486,0.04204794019460678,0.015334696508944035
80082,0.0,0.05568653345108032,0.09555548429489136,0.050836559385061264
80083,0.0,0.062124550342559814,0.1438518464565277,0.10282282531261444
80084,0.0,0.07812690734863281,0.12687675654888153,0.08469939231872559
80085,0.0,0.0893697738647461,0.09102222323417664,0.08548847585916519
80086,0.0,0.03538018465042114,0.08825187385082245,0.028092646971344948
80087,0.0,0.024768412113189697,0.07333578169345856,0.027395496144890785
80088,0.0,0.030371546745300293,0.057644475251436234,0.03087572753429413
80089,0.0,0.027497470378875732,0.025508830323815346,0.03726785257458687
80090,0.0,0.06754636764526367,0.1086416095495224,0.08133728802204132
80091,0.0,0.03481483459472656,0.050383735448122025,0.027610592544078827
80092,0.0,0.03386878967285156,0.05532287433743477,0.030374089255928993
80093,0.0,0.03209489583969116,0.03534378111362457,0.02781156823039055
80094,0.0,0.031227290630340576,0.03569469973444939,0.030498599633574486
80095,0.0,0.08752018213272095,0.14760395884513855,0.11943377554416656
80096,1.0,0.19519519805908203,0.2148994505405426,0.22506146132946014
80097,1.0,0.1468794345855713,0.11187159270048141,0.15033535659313202
80098,0.0,0.12497478723526001,0.1316356360912323,0.1832379698753357
80621,1.0,0.3319662809371948,0.3229261338710785,0.4594792425632477
80622,1.0,0.3270130753517151,0.3049623668193817,0.41029077768325806
80623,1.0,0.5604085326194763,0.5121901631355286,0.7756325602531433
80624,1.0,0.40963006019592285,0.43591904640197754,0.6087003350257874
80625,1.0,0.2898120880126953,0.32290467619895935,0.37186574935913086
80626,1.0,0.3603828549385071,0.4540477991104126,0.48697635531425476
80627,1.0,0.35988008975982666,0.46466970443725586,0.6111869215965271
80628,1.0,0.3263823390007019,0.35788244009017944,0.4718717634677887
80629,1.0,0.30916541814804077,0.4760458469390869,0.4942834973335266
80630,1.0,0.26064974069595337,0.4614163637161255,0.3876502811908722
80631,1.0,0.32850104570388794,0.45143240690231323,0.5172142386436462
80632,1.0,0.25336790084838867,0.3488669693470001,0.3063286244869232
80633,0.0,0.20885026454925537,0.3582795262336731,0.30558499693870544
80634,1.0,0.2749021649360657,0.41365697979927063,0.4082200229167938
80635,1.0,0.24024921655654907,0.3881603479385376,0.3182787001132965
80636,0.0,0.1741054654121399,0.33026209473609924,0.18732059001922607
80637,0.0,0.16569149494171143,0.31959375739097595,0.2561459541320801
80638,1.0,0.16683900356292725,0.2561095952987671,0.20645010471343994
80639,0.0,0.11874008178710938,0.2018057107925415,0.1585703194141388
80640,0.0,0.11396020650863647,0.24352017045021057,0.15187062323093414
80641,1.0,0.17946398258209229,0.252330482006073,0.2493847906589508
80642,1.0,0.14703363180160522,0.19445976614952087,0.13248316943645477
80643,0.0,0.09238040447235107,0.18150825798511505,0.08308444917201996
80644,1.0,0.1501375436782837,0.18244168162345886,0.15418724715709686
80645,0.0,0.09712529182434082,0.12262871116399765,0.09746193140745163
80646,1.0,0.12081962823867798,0.13715344667434692,0.11921781301498413
80647,1.0,0.12347447872161865,0.13962483406066895,0.14086923003196716
80648,1.0,0.1334509253501892,0.1406940519809723,0.12833084166049957
80649,1.0,0.11153048276901245,0.17540064454078674,0.11252662539482117
80650,0.0,0.08123123645782471,0.11014445126056671,0.08680964261293411
80651,0.0,0.08330237865447998,0.12460848689079285,0.09411799907684326
80652,1.0,0.08902573585510254,0.13770316541194916,0.09821408241987228
80653,0.0,0.060433268547058105,0.08785419166088104,0.05077672749757767
80654,0.0,0.07306575775146484,0.10415755212306976,0.07697773724794388
80655,0.0,0.067352294921875,0.11636029928922653,0.0666375458240509
80656,0.0,0.055025696754455566,0.05589506775140762,0.04942714795470238
80657,0.0,0.034948647022247314,0.07278835028409958,0.029799964278936386
80658,0.0,0.03238105773925781,0.06763432919979095,0.027748694643378258
80659,0.0,0.07247930765151978,0.10914874821901321,0.09000871330499649
80660,0.0,0.030760586261749268,0.07029727846384048,0.026761369779706
80661,0.0,0.02638942003250122,0.05445669963955879,0.02323205955326557
80662,0.0,0.02782648801803589,0.02863319404423237,0.03543282300233841
80663,0.0,0.02738213539123535,0.035974737256765366,0.035936787724494934
80664,0.0,0.02321988344192505,0.038351871073246,0.030564729124307632
80665,0.0,0.023041725158691406,0.033095888793468475,0.03159787505865097
80666,0.0,0.02327197790145874,0.041364531964063644,0.02640668861567974
80667,0.0,0.02272045612335205,0.03591237589716911,0.02710886485874653
80668,0.0,0.022123217582702637,0.03348046541213989,0.02852579765021801
80669,0.0,0.02728569507598877,0.02729014679789543,0.023306366056203842
80670,0.0,0.03485894203186035,0.04036618396639824,0.042205825448036194
80671,0.0,0.05661553144454956,0.054683081805706024,0.052995409816503525
80672,0.0,0.05799669027328491,0.09097939729690552,0.07668372988700867
81195,1.0,0.0529748797416687,0.047858282923698425,0.05842322111129761
81196,1.0,0.04960674047470093,0.04581429064273834,0.051778677850961685
81197,1.0,0.04539388418197632,0.06356239318847656,0.04052785038948059
81198,1.0,0.05374497175216675,0.058645300567150116,0.06534437090158463
81199,1.0,0.048251569271087646,0.03816850483417511,0.041174739599227905
81200,1.0,0.050635695457458496,0.04463496059179306,0.05003911256790161
81201,1.0,0.049077630043029785,0.02971857413649559,0.039822936058044434
81202,1.0,0.04236322641372681,0.03253629803657532,0.035404082387685776
81203,1.0,0.3232461214065552,0.2729911804199219,0.4291709363460541
81204,1.0,0.6866635084152222,0.6644625663757324,0.856784462928772
81205,1.0,0.7383378148078918,0.7786259651184082,0.9722782969474792
81206,1.0,0.6944268941879272,0.9201626777648926,0.983555257320404
81207,1.0,0.6676619052886963,0.9385150074958801,0.990406334400177
81208,1.0,0.650317370891571,0.9227772951126099,0.9913399815559387
81209,1.0,0.6380852460861206,0.9659353494644165,0.9823861122131348
81210,1.0,0.6333013772964478,0.9475981593132019,0.9704580307006836
81211,1.0,0.6487390995025635,0.9183784127235413,0.961914598941803
81212,1.0,0.6518702507019043,0.929517388343811,0.9642528295516968
81213,1.0,0.560992956161499,0.8952159881591797,0.8948148488998413
81214,1.0,0.6429791450500488,0.940858781337738,0.9594678282737732
81215,1.0,0.6023170351982117,0.9311215281486511,0.9358640313148499
81216,1.0,0.5931205749511719,0.8876548409461975,0.9190825819969177
81217,1.0,0.5779269933700562,0.7711213827133179,0.8800889253616333
81218,1.0,0.4927862286567688,0.747755765914917,0.781963586807251
81219,1.0,0.37371253967285156,0.5777295827865601,0.40912479162216187
81220,1.0,0.30127936601638794,0.40069279074668884,0.4929719567298889
81221,1.0,0.33255714178085327,0.3383256494998932,0.40602031350135803
81222,1.0,0.2173507809638977,0.2765379846096039,0.2378062605857849
81223,1.0,0.23001188039779663,0.2429811656475067,0.23070253431797028
81224,1.0,0.1798081398010254,0.19748461246490479,0.15661603212356567
81225,1.0,0.07815861701965332,0.1792173534631729,0.059363193809986115
81226,1.0,0.05488795042037964,0.11534766107797623,0.045053184032440186
81227,1.0,0.07064104080200195,0.15857163071632385,0.06143864244222641
81228,1.0,0.04228562116622925,0.08215160667896271,0.030725326389074326
81229,1.0,0.07144904136657715,0.12335838377475739,0.06534813344478607
81230,1.0,0.0693807601928711,0.11223598569631577,0.04535930976271629
81231,1.0,0.04931420087814331,0.11835922300815582,0.05724477395415306
81232,1.0,0.035124123096466064,0.09183742851018906,0.028030933812260628
81233,1.0,0.03555166721343994,0.10123168677091599,0.034022729843854904
81234,1.0,0.021315813064575195,0.050397422164678574,0.016031254082918167
81235,1.0,0.019140541553497314,0.025702858343720436,0.01466789934784174
81236,1.0,0.023424208164215088,0.03021366521716118,0.0218505859375
81237,1.0,0.020637989044189453,0.028192857280373573,0.018332766368985176
81238,1.0,0.023643314838409424,0.04118191823363304,0.022587426006793976
81239,1.0,0.025285720825195312,0.046979185193777084,0.03343259543180466
81240,1.0,0.023869454860687256,0.031440068036317825,0.018807176500558853
81241,1.0,0.02845543622970581,0.04879523813724518,0.03330494090914726
81242,1.0,0.02543884515762329,0.04263318330049515,0.030967952683568
81243,1.0,0.027582108974456787,0.02575621008872986,0.022922605276107788
81244,1.0,0.03336435556411743,0.0329056978225708,0.024402858689427376
81245,1.0,0.052414894104003906,0.05768474563956261,0.03600405156612396
81246,1.0,0.055580973625183105,0.05527086928486824,0.04182378202676773
81769,1.0,0.03829360008239746,0.022008594125509262,0.034144267439842224
81770,1.0,0.04190415143966675,0.03494500368833542,0.04210670292377472
81771,1.0,0.14040791988372803,0.21198934316635132,0.15013176202774048
81772,1.0,0.14173674583435059,0.2184448540210724,0.1997479796409607
81773,1.0,0.12390190362930298,0.13371533155441284,0.11957227438688278
81774,1.0,0.08170390129089355,0.09923722594976425,0.08078272640705109
81775,1.0,0.08031505346298218,0.12005073577165604,0.07789658010005951
81776,1.0,0.06603342294692993,0.1092134341597557,0.07000350207090378
81777,1.0,0.10536319017410278,0.14539732038974762,0.13914406299591064
81778,1.0,0.3496930003166199,0.44992324709892273,0.5217390060424805
81779,1.0,0.1789056658744812,0.15155468881130219,0.21066631376743317
81780,1.0,0.19231373071670532,0.15969306230545044,0.1698819398880005
81781,1.0,0.28407973051071167,0.2642826437950134,0.27946969866752625
81782,1.0,0.5537965297698975,0.4960821568965912,0.7360873818397522
81783,1.0,0.3626878261566162,0.28742241859436035,0.42927610874176025
81784,1.0,0.3590744733810425,0.29742416739463806,0.5036802291870117
81785,1.0,0.35917896032333374,0.4250120520591736,0.571647584438324
81786,1.0,0.31204116344451904,0.40393388271331787,0.43757039308547974
81787,1.0,0.31346869468688965,0.29092615842819214,0.43564292788505554
81788,1.0,0.2873971462249756,0.3473640978336334,0.41267386078834534
81789,1.0,0.2814284563064575,0.29742005467414856,0.3216608464717865
81790,1.0,0.39694035053253174,0.425657719373703,0.5996654033660889
81791,1.0,0.3911832571029663,0.34742072224617004,0.515274703502655
81792,1.0,0.3293079137802124,0.2561757266521454,0.3532302975654602
81793,1.0,0.2639302611351013,0.2677553594112396,0.28657811880111694
81794,1.0,0.34021711349487305,0.3261064291000366,0.36492714285850525
81795,1.0,0.3557908535003662,0.36861586570739746,0.3924245238304138
81796,1.0,0.2853824496269226,0.22764496505260468,0.29513803124427795
81797,1.0,0.22579973936080933,0.19990481436252594,0.19735334813594818
81798,1.0,0.3388948440551758,0.32294484972953796,0.4240559935569763
81799,1.0,0.21017682552337646,0.18991899490356445,0.22924645245075226
81800,1.0,0.13661843538284302,0.12601405382156372,0.12256179749965668
81801,1.0,0.10843461751937866,0.11683432012796402,0.10723864287137985
81802,1.0,0.11594009399414062,0.137614905834198,0.09234265238046646
81803,1.0,0.06808555126190186,0.12535898387432098,0.05348324403166771
81804,1.0,0.04500472545623779,0.09975595027208328,0.04378501698374748
81805,1.0,0.03365480899810791,0.06993187218904495,0.032713647931814194
81806,1.0,0.027603983879089355,0.050025299191474915,0.024817483499646187
81807,1.0,0.021046221256256104,0.03518842160701752,0.01567881740629673
81808,1.0,0.021072864532470703,0.04402947053313255,0.019948270171880722
81809,1.0,0.021710216999053955,0.022758910432457924,0.018859298899769783
81810,1.0,0.058127760887145996,0.10287342220544815,0.06834620237350464
81811,1.0,0.032836973667144775,0.04496521130204201,0.03566698729991913
81812,1.0,0.03471165895462036,0.05289095640182495,0.03136582300066948
81813,1.0,0.037732481956481934,0.03993362560868263,0.042578160762786865
81814,1.0,0.032878577709198,0.03952386975288391,0.024902084842324257
81815,1.0,0.023176491260528564,0.032428860664367676,0.023125089704990387
81816,1.0,0.025134921073913574,0.03585086762905121,0.02166222780942917
81817,1.0,0.02769780158996582,0.039083193987607956,0.022855093702673912
81818,1.0,0.03216153383255005,0.034578826278448105,0.030257420614361763
81819,1.0,0.05544954538345337,0.029590385034680367,0.048743873834609985
81820,1.0,0.05374783277511597,0.0338585339486599,0.0489896796643734
82343,1.0,0.26080530881881714,0.3492123484611511,0.34050819277763367
82344,1.0,0.35439741611480713,0.2925761044025421,0.4809698760509491
82345,1.0,0.24541062116622925,0.24373158812522888,0.23999394476413727
82346,1.0,0.3363794684410095,0.24745529890060425,0.35220733284950256
82347,1.0,0.3611193895339966,0.38238421082496643,0.5079444050788879
82348,1.0,0.5255527496337891,0.5931764841079712,0.8347501754760742
82349,1.0,0.6060837507247925,0.7959117889404297,0.8655516505241394
82350,1.0,0.424602210521698,0.6039764285087585,0.6152597665786743
82351,1.0,0.3504295349121094,0.45882460474967957,0.44764643907546997
82352,1.0,0.484926700592041,0.6018326878547668,0.7759716510772705
82353,1.0,0.6030821800231934,0.7293227910995483,0.9229663014411926
82354,1.0,0.5881943702697754,0.8378692865371704,0.9513950347900391
82355,1.0,0.5304878950119019,0.6873167157173157,0.8790695071220398
82356,1.0,0.3727511763572693,0.4784696400165558,0.5660132169723511
82357,1.0,0.4093896150588989,0.5279682278633118,0.5711225271224976
82358,1.0,0.3408833146095276,0.4374217689037323,0.6335873007774353
82359,1.0,0.2841259837150574,0.3631237745285034,0.3791346848011017
82360,1.0,0.27528607845306396,0.3328258693218231,0.384726345539093
82361,1.0,0.2778569459915161,0.34724175930023193,0.47626128792762756
82362,1.0,0.19775569438934326,0.2386542558670044,0.2652190923690796
82363,1.0,0.16101336479187012,0.21932865679264069,0.24591733515262604
82364,1.0,0.187594473361969,0.2691555321216583,0.3510042428970337
82365,1.0,0.21947216987609863,0.23080596327781677,0.2597673535346985
82366,1.0,0.15222275257110596,0.15290643274784088,0.13301922380924225
82367,1.0,0.13531845808029175,0.14142388105392456,0.13213813304901123
82368,1.0,0.1368255615234375,0.14897985756397247,0.1273818016052246
82369,1.0,0.10777133703231812,0.12291868776082993,0.12357102334499359
82370,1.0,0.08383166790008545,0.12282457947731018,0.08922412246465683
82371,1.0,0.08297336101531982,0.13250811398029327,0.07829415798187256
82372,1.0,0.0969088077545166,0.14937864243984222,0.10061351209878922
82373,1.0,0.14385515451431274,0.16680167615413666,0.20323307812213898
82374,1.0,0.08552134037017822,0.2434954047203064,0.07758449018001556
82375,0.0,0.09912532567977905,0.16322672367095947,0.07036701589822769
82376,1.0,0.12831830978393555,0.14760825037956238,0.14978362619876862
82377,1.0,0.14789438247680664,0.12316220253705978,0.18493704497814178
82378,1.0,0.05635106563568115,0.09910909831523895,0.04877273738384247
82379,0.0,0.03535354137420654,0.11770755797624588,0.026565812528133392
82380,0.0,0.06723678112030029,0.18137682974338531,0.05639873445034027
82381,1.0,0.14108586311340332,0.1554873138666153,0.15663626790046692
82382,1.0,0.10588657855987549,0.1345282644033432,0.08668407797813416
82383,1.0,0.05067378282546997,0.06795365363359451,0.03080238774418831
82384,1.0,0.06912225484848022,0.07373659312725067,0.06205952540040016
82385,1.0,0.058268070220947266,0.06599720567464828,0.057974673807621
82386,1.0,0.08117634057998657,0.13243529200553894,0.08355743438005447
82387,1.0,0.08377158641815186,0.10690561681985855,0.07146129757165909
82388,1.0,0.08000367879867554,0.10133329033851624,0.0745222270488739
82389,1.0,0.054088294506073,0.09423305839300156,0.06301191449165344
82390,0.0,0.1274702548980713,0.14161337912082672,0.10780851542949677
82391,1.0,0.1525234580039978,0.17483754456043243,0.17716577649116516
82392,1.0,0.14055365324020386,0.15485817193984985,0.19276338815689087
82393,1.0,0.13128483295440674,0.09570664912462234,0.1177123412489891
82394,0.0,0.14624392986297607,0.22260309755802155,0.1635664701461792
82917,1.0,0.692912220954895,0.8041463494300842,0.9865206480026245
82918,1.0,0.6122857928276062,0.9133575558662415,0.9899981617927551
82919,1.0,0.6359351873397827,0.8964190483093262,0.9905078411102295
82920,1.0,0.6666934490203857,0.8485150933265686,0.9799168109893799
82921,1.0,0.5935690402984619,0.841021716594696,0.9536511301994324
82922,1.0,0.5846694707870483,0.8063532710075378,0.9182217717170715
82923,1.0,0.5192244648933411,0.7983067035675049,0.9173745512962341
82924,1.0,0.5108770728111267,0.8235540986061096,0.8834406137466431
82925,1.0,0.6279077529907227,0.9087928533554077,0.9701079726219177
82926,1.0,0.6445251703262329,0.9596586227416992,0.9807836413383484
82927,1.0,0.6242631077766418,0.9465936422348022,0.9695047736167908
82928,1.0,0.5710926055908203,0.941153347492218,0.9657880663871765
82929,1.0,0.5756618976593018,0.8835433125495911,0.9572656750679016
82930,1.0,0.5709319114685059,0.7708530426025391,0.9101698994636536
82931,0.0,0.4118000268936157,0.6191126704216003,0.6630629301071167
82932,0.0,0.29596418142318726,0.455054372549057,0.3670065999031067
82933,0.0,0.22977584600448608,0.3248891234397888,0.30649247765541077
82934,0.0,0.053081631660461426,0.09447644650936127,0.06627163290977478
82935,0.0,0.051024436950683594,0.09300719946622849,0.06243923306465149
82936,0.0,0.040751636028289795,0.0777260810136795,0.05328745394945145
82937,0.0,0.043113768100738525,0.08261483162641525,0.05229512229561806
82938,0.0,0.043164074420928955,0.08207417279481888,0.047318410128355026
82939,0.0,0.033164262771606445,0.08291874080896378,0.02782127633690834
82940,0.0,0.033838748931884766,0.07723286002874374,0.03443722799420357
82941,0.0,0.0366176962852478,0.04399042949080467,0.03406086191534996
82942,0.0,0.032434821128845215,0.03238872066140175,0.032576557248830795
82943,0.0,0.02924942970275879,0.039802804589271545,0.02970537170767784
82944,0.0,0.02364790439605713,0.02881033346056938,0.0273247379809618
82945,0.0,0.02334904670715332,0.029195578768849373,0.026568111032247543
82946,0.0,0.023050308227539062,0.03214651718735695,0.023571399971842766
82947,0.0,0.019379854202270508,0.02107086405158043,0.02250899001955986
82948,0.0,0.01941901445388794,0.03309756889939308,0.023225871846079826
82949,0.0,0.017500221729278564,0.027264537289738655,0.020520828664302826
82950,0.0,0.01792043447494507,0.02970261499285698,0.021221164613962173
82951,0.0,0.017839431762695312,0.03144356235861778,0.021706383675336838
82952,0.0,0.016507327556610107,0.03380943462252617,0.020378107205033302
82953,0.0,0.015106737613677979,0.0315973199903965,0.018140528351068497
82954,0.0,0.015283942222595215,0.03565075621008873,0.01940254308283329
82955,0.0,0.014971792697906494,0.04009772837162018,0.02104392647743225
82956,0.0,0.014997363090515137,0.027631232514977455,0.014310968108475208
82957,0.0,0.015559673309326172,0.03885001316666603,0.020818721503019333
82958,0.0,0.01594024896621704,0.051499273627996445,0.02350935898721218
82959,0.0,0.016875624656677246,0.035769399255514145,0.021681038662791252
82960,0.0,0.019540488719940186,0.03359033539891243,0.02462495118379593
82961,0.0,0.019698798656463623,0.03802396357059479,0.02240113914012909
82962,0.0,0.019410014152526855,0.031979549676179886,0.026161201298236847
82963,0.0,0.018084049224853516,0.0304966252297163,0.02311776578426361
82964,0.0,0.01848125457763672,0.0298769474029541,0.024983346462249756
82965,0.0,0.02274268865585327,0.03292028605937958,0.028321869671344757
82966,0.0,0.029614686965942383,0.04518852010369301,0.03300829976797104
82967,0.0,0.04427987337112427,0.05981104448437691,0.05183988809585571
82968,0.0,0.039063990116119385,0.0746898427605629,0.057910364121198654
83491,0.0,0.1909690499305725,0.26435068249702454,0.17527002096176147
83492,1.0,0.24097198247909546,0.30266666412353516,0.24883069097995758
83493,1.0,0.2138005495071411,0.3009543716907501,0.25464707612991333
83494,1.0,0.5094597339630127,0.44802501797676086,0.6762521862983704
83495,1.0,0.3239525556564331,0.3190353512763977,0.3299771845340729
83496,1.0,0.28846806287765503,0.3015477955341339,0.33115631341934204
83497,1.0,0.31154191493988037,0.2972224950790405,0.38398101925849915
83498,1.0,0.5427966117858887,0.48966944217681885,0.7426948547363281
83499,1.0,0.5961843132972717,0.6659560203552246,0.9231583476066589
83500,1.0,0.6558635830879211,0.8920600414276123,0.9522840976715088
83501,1.0,0.5697109699249268,0.6216629147529602,0.8235970735549927
83502,1.0,0.527130126953125,0.6669390797615051,0.7928379774093628
83503,1.0,0.47755128145217896,0.6086710095405579,0.7184836268424988
83504,1.0,0.5769773721694946,0.8653101325035095,0.9145588278770447
83505,1.0,0.6602951884269714,0.9226230978965759,0.9700132012367249
83506,1.0,0.6385705471038818,0.8127553462982178,0.9186055064201355
83507,1.0,0.6138442158699036,0.8503840565681458,0.9537088871002197
83508,1.0,0.6068155765533447,0.9153735637664795,0.9625532031059265
83509,1.0,0.6250224113464355,0.880781888961792,0.9240108132362366
83510,1.0,0.6100680232048035,0.8141823410987854,0.8895145654678345
83511,1.0,0.5849870443344116,0.7749982476234436,0.8601877689361572
83512,1.0,0.5822060108184814,0.7427600622177124,0.8610065579414368
83513,1.0,0.5700063705444336,0.6281818747520447,0.7942377328872681
83514,1.0,0.4116773009300232,0.5015212893486023,0.5385928750038147
83515,1.0,0.417472779750824,0.4918866455554962,0.5789470672607422
83516,1.0,0.37271648645401,0.4922599196434021,0.5319858193397522
83517,1.0,0.4582342505455017,0.5303333401679993,0.6094225645065308
83518,1.0,0.3170453906059265,0.4085274338722229,0.48863521218299866
83519,1.0,0.2808353900909424,0.4338136315345764,0.30653414130210876
83520,1.0,0.23841559886932373,0.3297607898712158,0.269813597202301
83521,1.0,0.1845008134841919,0.2457507848739624,0.15582898259162903
83522,1.0,0.18081510066986084,0.30197662115097046,0.1815456598997116
83523,1.0,0.2733902335166931,0.3652961850166321,0.35196444392204285
83524,1.0,0.2781776189804077,0.3543378710746765,0.38119620084762573
83525,1.0,0.18907922506332397,0.36456793546676636,0.20510989427566528
83526,1.0,0.18045037984848022,0.1574561446905136,0.15194359421730042
83527,1.0,0.16825491189956665,0.1951342672109604,0.1882128268480301
83528,1.0,0.1617146134376526,0.18954281508922577,0.16902455687522888
83529,1.0,0.1639341115951538,0.1698828935623169,0.1789012849330902
83530,1.0,0.16313350200653076,0.21439799666404724,0.20966948568820953
83531,1.0,0.16551411151885986,0.24304169416427612,0.18644703924655914
83532,1.0,0.08255583047866821,0.16574230790138245,0.08098482340574265
83533,0.0,0.09159475564956665,0.1177181601524353,0.11507590115070343
83534,1.0,0.1374996304512024,0.15815302729606628,0.11976682394742966
83535,1.0,0.1758202314376831,0.29919323325157166,0.26222383975982666
83536,1.0,0.2809165120124817,0.39290210604667664,0.4625069200992584
83537,1.0,0.16716474294662476,0.17372195422649384,0.20725508034229279
83538,1.0,0.12642192840576172,0.11878053098917007,0.12791308760643005
83539,1.0,0.1422010064125061,0.15780046582221985,0.1613411158323288
83540,1.0,0.16499418020248413,0.15362772345542908,0.19701848924160004
83541,1.0,0.1887354850769043,0.1660839021205902,0.18500660359859467
83542,1.0,0.16395753622055054,0.15138760209083557,0.17602665722370148
84065,1.0,0.34810447692871094,0.3810971975326538,0.49544304609298706
84066,1.0,0.2696800231933594,0.3243980407714844,0.28194117546081543
84067,1.0,0.26942843198776245,0.40139856934547424,0.3115977644920349
84068,1.0,0.2323826551437378,0.3815729320049286,0.2854898273944855
84069,1.0,0.23784834146499634,0.3181843161582947,0.22086434066295624
84070,1.0,0.45970243215560913,0.4383876919746399,0.6335246562957764
84071,1.0,0.4799894690513611,0.5052134394645691,0.6192378997802734
84072,1.0,0.3117895722389221,0.4292900562286377,0.46701347827911377
84073,1.0,0.28365784883499146,0.46595922112464905,0.4065046012401581
84074,1.0,0.46495115756988525,0.5578755140304565,0.5557923316955566
84075,1.0,0.392752468585968,0.448210746049881,0.5358256101608276
84076,1.0,0.28477907180786133,0.44188740849494934,0.33135730028152466
84077,1.0,0.2139701247215271,0.3661850392818451,0.23605358600616455
84078,1.0,0.2662467360496521,0.4696989357471466,0.37420615553855896
84079,1.0,0.23002594709396362,0.3699663281440735,0.26459598541259766
84080,1.0,0.13268780708312988,0.2933610677719116,0.13565140962600708
84081,0.0,0.1349424123764038,0.25058114528656006,0.1689567267894745
84082,1.0,0.0943264365196228,0.19082115590572357,0.08713869005441666
84083,0.0,0.10159724950790405,0.20954449474811554,0.11236198991537094
84084,1.0,0.07630103826522827,0.10419522225856781,0.07039589434862137
84085,0.0,0.05275893211364746,0.11046192049980164,0.05616125464439392
84086,0.0,0.0583796501159668,0.1593475341796875,0.07461611926555634
84087,0.0,0.05091637372970581,0.05979635939002037,0.04380928725004196
84088,0.0,0.030163705348968506,0.027196066454052925,0.026243196800351143
84089,0.0,0.03331100940704346,0.030110450461506844,0.030603835359215736
84090,0.0,0.0322263240814209,0.05157395452260971,0.033791087567806244
84091,0.0,0.0287819504737854,0.03450131043791771,0.031968262046575546
84092,0.0,0.026053249835968018,0.04030395671725273,0.02148495987057686
84093,0.0,0.02751225233078003,0.021776869893074036,0.022802438586950302
84094,0.0,0.028879821300506592,0.11775285005569458,0.020825058221817017
84095,0.0,0.023159444332122803,0.02152516134083271,0.019284728914499283
84096,0.0,0.030313849449157715,0.20450688898563385,0.026763413101434708
84097,0.0,0.01818007230758667,0.04615865647792816,0.010752109810709953
84098,0.0,0.017138421535491943,0.02484886720776558,0.020459065213799477
84099,0.0,0.02444082498550415,0.1145922839641571,0.025904735550284386
84100,0.0,0.016758084297180176,0.022936565801501274,0.011317775584757328
84101,0.0,0.014139831066131592,0.03259782865643501,0.01006521750241518
84102,0.0,0.014999926090240479,0.023743659257888794,0.01038905419409275
84103,0.0,0.014802932739257812,0.0355684831738472,0.01800098456442356
84104,0.0,0.01494133472442627,0.0509289987385273,0.012449506670236588
84105,0.0,0.015924453735351562,0.017571579664945602,0.013630346395075321
84106,0.0,0.058186888694763184,0.10401212424039841,0.06068103760480881
84107,1.0,0.03485441207885742,0.049018871039152145,0.036737117916345596
84108,0.0,0.03133893013000488,0.03221145272254944,0.027790095657110214
84109,0.0,0.03295713663101196,0.03030097298324108,0.036504488438367844
84110,0.0,0.03246021270751953,0.043104927986860275,0.036423247307538986
84111,0.0,0.018940091133117676,0.03941648453474045,0.026730960234999657
84112,0.0,0.01857757568359375,0.024309629574418068,0.020062308758497238
84113,0.0,0.02368617057800293,0.02217624895274639,0.02213468961417675
84114,0.0,0.03001534938812256,0.05287465453147888,0.03729004040360451
84115,0.0,0.052594125270843506,0.07576770335435867,0.04322173818945885
84116,0.0,0.052920639514923096,0.0667913407087326,0.07571183145046234
