,rule_based_threshold,logistic_regression,poisson_regression,random_forest,xgboost
104,1.0,0.10973884910345078,0.3826347589492798,0.31305572390556335,0.6090540885925293
105,1.0,0.10973872244358063,0.5872510671615601,0.597378671169281,0.8127362132072449
106,1.0,0.10973872244358063,0.5971739292144775,0.7384176254272461,0.9207993149757385
107,1.0,0.10973872244358063,0.5938652753829956,0.7265071868896484,0.8436962962150574
108,1.0,0.10973872244358063,0.5029804706573486,0.488786518573761,0.7129372358322144
109,1.0,0.10973871499300003,0.6310349702835083,0.7273550629615784,0.9051237106323242
110,1.0,0.10973871499300003,0.6477081775665283,0.7741888165473938,0.9034008383750916
111,1.0,0.10973871499300003,0.5076393485069275,0.7337303757667542,0.8484250903129578
112,1.0,0.10973871499300003,0.5407456159591675,0.7627124786376953,0.9062466025352478
113,1.0,0.10973871499300003,0.5772247314453125,0.7928323149681091,0.9574609994888306
114,1.0,0.10973871499300003,0.5756824016571045,0.7980911135673523,0.9309327602386475
115,1.0,0.10973871499300003,0.4745789170265198,0.776724636554718,0.8356914520263672
116,1.0,0.10973871499300003,0.45057129859924316,0.7329651117324829,0.7876244187355042
117,1.0,0.10973871499300003,0.45660245418548584,0.7202097773551941,0.812682032585144
118,1.0,0.10973871499300003,0.43489348888397217,0.688476026058197,0.7500196099281311
119,1.0,0.10973869264125824,0.44000303745269775,0.653145968914032,0.6719886064529419
120,1.0,0.10973869264125824,0.3281400203704834,0.6366589069366455,0.5095717310905457
121,1.0,0.10973869264125824,0.46977972984313965,0.5251206755638123,0.4929133355617523
122,1.0,0.10973869264125824,0.3879101276397705,0.4846993088722229,0.4498111307621002
123,1.0,0.10973869264125824,0.3257429003715515,0.3591277003288269,0.33081942796707153
124,1.0,0.10973869264125824,0.41175466775894165,0.2636848986148834,0.39701899886131287
125,1.0,0.10973869264125824,0.4524092674255371,0.31048116087913513,0.3736664950847626
126,1.0,0.10973869264125824,0.28032416105270386,0.286945641040802,0.2859487235546112
127,1.0,0.10973869264125824,0.1383034586906433,0.1709936112165451,0.16524256765842438
128,1.0,0.10973869264125824,0.18357419967651367,0.12936554849147797,0.160847008228302
129,1.0,0.10973866283893585,0.11658227443695068,0.09340451657772064,0.11946074664592743
130,1.0,0.10973866283893585,0.06973105669021606,0.10153555124998093,0.06964413076639175
131,1.0,0.10973866283893585,0.06385058164596558,0.12456440180540085,0.06205174699425697
132,1.0,0.10973866283893585,0.15117603540420532,0.13870739936828613,0.20826253294944763
133,1.0,0.10973866283893585,0.0787205696105957,0.1884981095790863,0.10549250990152359
134,1.0,0.10973866283893585,0.1043512225151062,0.10842693597078323,0.12227823585271835
135,1.0,0.10973866283893585,0.11575418710708618,0.13859649002552032,0.17562615871429443
136,1.0,0.10973866283893585,0.1758173108100891,0.24347031116485596,0.1962958425283432
137,1.0,0.10973866283893585,0.15044552087783813,0.1619078516960144,0.12561076879501343
138,1.0,0.10973866283893585,0.17390716075897217,0.16768936812877655,0.19170303642749786
139,1.0,0.10973864048719406,0.08981645107269287,0.15589089691638947,0.08455289900302887
140,1.0,0.10973864048719406,0.09322857856750488,0.09022272378206253,0.08912059664726257
141,1.0,0.10973864048719406,0.06799477338790894,0.08935549110174179,0.05750405043363571
142,1.0,0.10973864048719406,0.12414169311523438,0.11799636483192444,0.12823711335659027
143,1.0,0.10973864048719406,0.09573179483413696,0.12014459073543549,0.09721685200929642
144,1.0,0.10973864048719406,0.1207120418548584,0.12629938125610352,0.1453450620174408
145,1.0,0.10973864048719406,0.08809751272201538,0.07828914374113083,0.07584631443023682
146,1.0,0.10973864048719406,0.06978505849838257,0.07363784313201904,0.07115783542394638
147,1.0,0.10973864048719406,0.04794025421142578,0.0607566311955452,0.03641775622963905
148,1.0,0.10973864048719406,0.0985826849937439,0.10925456881523132,0.1163518875837326
149,1.0,0.10973861813545227,0.22300535440444946,0.24189849197864532,0.22830383479595184
150,1.0,0.10973861813545227,0.2509780526161194,0.3026135563850403,0.26335105299949646
151,1.0,0.10973861813545227,0.21482115983963013,0.20210403203964233,0.3266845941543579
152,1.0,0.10973861813545227,0.42716407775878906,0.374345600605011,0.526694655418396
153,1.0,0.10973861813545227,0.3003285527229309,0.33483627438545227,0.338310182094574
154,1.0,0.10973861813545227,0.27745330333709717,0.20556285977363586,0.31468483805656433
155,1.0,0.10973861813545227,0.22095954418182373,0.22422873973846436,0.2809032201766968
156,1.0,0.10973861813545227,0.4069408178329468,0.2625614404678345,0.6013292074203491
678,0.0,0.15593869984149933,0.14088714122772217,0.11859395354986191,0.19984708726406097
679,0.0,0.1559385508298874,0.20782065391540527,0.2665063440799713,0.22583648562431335
680,0.0,0.1559385359287262,0.1513352394104004,0.16131365299224854,0.16621559858322144
681,0.0,0.1559385359287262,0.16568773984909058,0.15600121021270752,0.16870394349098206
682,0.0,0.1559385359287262,0.19374370574951172,0.1657736599445343,0.2635336220264435
683,0.0,0.1559385359287262,0.15448808670043945,0.16637761890888214,0.20279555022716522
684,0.0,0.1559385359287262,0.11844414472579956,0.15406624972820282,0.1477719098329544
685,0.0,0.155938521027565,0.0944136381149292,0.14155980944633484,0.10040672868490219
686,0.0,0.155938521027565,0.16936278343200684,0.1656511425971985,0.24012787640094757
687,0.0,0.155938521027565,0.17968451976776123,0.19384579360485077,0.23926964402198792
688,0.0,0.155938521027565,0.14893406629562378,0.18431422114372253,0.1735413819551468
689,0.0,0.155938521027565,0.16170132160186768,0.20300106704235077,0.21678994596004486
690,0.0,0.1559385061264038,0.17682170867919922,0.20971950888633728,0.2696806788444519
691,0.0,0.1559385061264038,0.18841767311096191,0.1898745745420456,0.20452995598316193
692,0.0,0.1559385061264038,0.13032114505767822,0.1588069647550583,0.1683187633752823
693,0.0,0.1559385061264038,0.15480244159698486,0.1718336045742035,0.20127445459365845
694,0.0,0.1559385061264038,0.15136337280273438,0.18611271679401398,0.19440756738185883
695,0.0,0.1559385061264038,0.13902300596237183,0.19446034729480743,0.16588973999023438
696,0.0,0.1559385061264038,0.20304042100906372,0.23191243410110474,0.23329977691173553
697,0.0,0.1559385061264038,0.21054106950759888,0.27295416593551636,0.23394371569156647
698,0.0,0.1559385061264038,0.16905748844146729,0.1540643572807312,0.18295057117938995
699,0.0,0.1559385061264038,0.1477675437927246,0.14296844601631165,0.1557263284921646
700,0.0,0.15593847632408142,0.16561752557754517,0.13177695870399475,0.16910652816295624
701,0.0,0.15593847632408142,0.11901116371154785,0.09121615439653397,0.11652544140815735
702,0.0,0.15593847632408142,0.1259700059890747,0.09508237987756729,0.135318785905838
703,0.0,0.15593847632408142,0.11806553602218628,0.12676799297332764,0.10435717552900314
704,0.0,0.15593847632408142,0.15054118633270264,0.14462171494960785,0.22044450044631958
705,0.0,0.15593846142292023,0.13758045434951782,0.15486878156661987,0.14070896804332733
706,0.0,0.15593846142292023,0.09015363454818726,0.1084601879119873,0.0768597200512886
707,0.0,0.15593846142292023,0.12762588262557983,0.1304377168416977,0.1521480679512024
708,0.0,0.15593846142292023,0.10444748401641846,0.10547012835741043,0.11235055327415466
709,0.0,0.15593846142292023,0.07763731479644775,0.11622373014688492,0.09574542939662933
710,0.0,0.15593846142292023,0.07532334327697754,0.09832058101892471,0.08347554504871368
711,0.0,0.15593844652175903,0.07404172420501709,0.1303630769252777,0.08005672693252563
712,0.0,0.15593844652175903,0.06467658281326294,0.0878237709403038,0.061063673347234726
713,0.0,0.15593844652175903,0.054097115993499756,0.06033587083220482,0.06142374873161316
714,0.0,0.15593844652175903,0.04510331153869629,0.07026871293783188,0.045718155801296234
715,0.0,0.15593844652175903,0.06611847877502441,0.09225957095623016,0.07551292330026627
716,0.0,0.15593843162059784,0.057241857051849365,0.0651635155081749,0.06423017382621765
717,0.0,0.15593843162059784,0.053871214389801025,0.05828315019607544,0.06078072264790535
718,0.0,0.15593843162059784,0.049867451190948486,0.05515715107321739,0.053737953305244446
719,0.0,0.15593843162059784,0.05826008319854736,0.060719192028045654,0.06790054589509964
720,0.0,0.15593843162059784,0.060941219329833984,0.049936361610889435,0.09237435460090637
721,0.0,0.15593840181827545,0.0667383074760437,0.08780296891927719,0.0973585844039917
722,0.0,0.15593840181827545,0.04704248905181885,0.06576422601938248,0.053136687725782394
723,0.0,0.15593840181827545,0.037809669971466064,0.03305404260754585,0.03477740287780762
724,0.0,0.15593840181827545,0.04529368877410889,0.06118544191122055,0.05740197002887726
725,0.0,0.15593840181827545,0.045552074909210205,0.05506296828389168,0.05363704264163971
726,0.0,0.15593840181827545,0.12521320581436157,0.11806979030370712,0.1260143518447876
727,0.0,0.15593840181827545,0.1175432801246643,0.20423199236392975,0.10291566699743271
728,0.0,0.15593840181827545,0.1301136016845703,0.16118685901165009,0.1222115010023117
729,0.0,0.15593840181827545,0.1625276803970337,0.16683197021484375,0.15358904004096985
730,0.0,0.15593840181827545,0.1583726406097412,0.1420889049768448,0.1773148477077484
1252,1.0,0.12363617867231369,0.09253764152526855,0.0743117704987526,0.1360272467136383
1253,1.0,0.12363603711128235,0.0804242491722107,0.0723152682185173,0.09134719520807266
1254,1.0,0.12363603711128235,0.06908130645751953,0.08124731481075287,0.054973721504211426
1255,1.0,0.12363603711128235,0.07190167903900146,0.07302922755479813,0.058574944734573364
1256,1.0,0.12363603711128235,0.07730144262313843,0.0903240516781807,0.09022887796163559
1257,1.0,0.12363603711128235,0.08242911100387573,0.11250251531600952,0.0664864256978035
1258,1.0,0.12363603711128235,0.08524662256240845,0.10494939982891083,0.06407254189252853
1259,1.0,0.12363603711128235,0.08776366710662842,0.10390610992908478,0.06323148310184479
1260,1.0,0.12363603711128235,0.11679190397262573,0.1375214159488678,0.14002645015716553
1261,1.0,0.12363603711128235,0.10864722728729248,0.16085588932037354,0.14390413463115692
1262,1.0,0.12363600730895996,0.09551441669464111,0.15581391751766205,0.11534249782562256
1263,1.0,0.12363600730895996,0.09582328796386719,0.15218478441238403,0.08516313880681992
1264,1.0,0.12363600730895996,0.08938384056091309,0.14320248365402222,0.09722187370061874
1265,1.0,0.12363600730895996,0.09285128116607666,0.13107356429100037,0.07644741982221603
1266,1.0,0.12363600730895996,0.1179952621459961,0.14584097266197205,0.11121123284101486
1267,1.0,0.12363600730895996,0.11994743347167969,0.15256372094154358,0.10763013362884521
1268,1.0,0.12363600730895996,0.13025003671646118,0.1908997893333435,0.14083854854106903
1269,1.0,0.12363600730895996,0.11582958698272705,0.15900518000125885,0.10577070713043213
1270,1.0,0.12363600730895996,0.10654705762863159,0.11458348482847214,0.11815497279167175
1271,1.0,0.12363600730895996,0.10146158933639526,0.12083449959754944,0.09477374702692032
1272,1.0,0.12363599240779877,0.11355060338973999,0.11220639199018478,0.12300388514995575
1273,1.0,0.12363599240779877,0.09985357522964478,0.11508640646934509,0.10930605232715607
1274,1.0,0.12363599240779877,0.09163504838943481,0.08947843313217163,0.120638906955719
1275,1.0,0.12363599240779877,0.08781802654266357,0.09624004364013672,0.08845828473567963
1276,1.0,0.12363599240779877,0.08514970541000366,0.10998382419347763,0.0882696583867073
1277,1.0,0.12363597750663757,0.10274475812911987,0.11307878792285919,0.11832696944475174
1278,1.0,0.12363597750663757,0.0872926115989685,0.12770164012908936,0.12353850156068802
1279,1.0,0.12363597750663757,0.0504421591758728,0.11393572390079498,0.046541985124349594
1280,1.0,0.12363597750663757,0.06563436985015869,0.0923360288143158,0.07560940086841583
1281,1.0,0.12363597750663757,0.0588955283164978,0.10829979181289673,0.059108003973960876
1282,1.0,0.12363597750663757,0.06639081239700317,0.09321219474077225,0.08222846686840057
1283,1.0,0.12363597750663757,0.06058049201965332,0.09105215221643448,0.06550963968038559
1284,1.0,0.12363597750663757,0.07547450065612793,0.11103218048810959,0.07367050647735596
1285,1.0,0.12363597750663757,0.09455162286758423,0.14996349811553955,0.14707058668136597
1286,1.0,0.12363597750663757,0.09626173973083496,0.09786764532327652,0.11583124101161957
1287,1.0,0.12363597750663757,0.08417534828186035,0.146806001663208,0.11296524852514267
1288,1.0,0.12363594770431519,0.11248475313186646,0.16352635622024536,0.17612341046333313
1289,1.0,0.12363594770431519,0.09419405460357666,0.09908073395490646,0.11852146685123444
1290,1.0,0.12363594770431519,0.08958232402801514,0.08118069916963577,0.12763753533363342
1291,1.0,0.12363594770431519,0.08523064851760864,0.08595273643732071,0.13508008420467377
1292,1.0,0.12363594770431519,0.07382184267044067,0.08457215130329132,0.08713744580745697
1293,1.0,0.12363594770431519,0.06690537929534912,0.07368499785661697,0.07481934130191803
1294,1.0,0.12363594770431519,0.053730309009552,0.040564265102148056,0.053524889051914215
1295,1.0,0.12363594770431519,0.04849207401275635,0.04088333621621132,0.04732704907655716
1296,1.0,0.12363594770431519,0.07730430364608765,0.08837811648845673,0.08721406757831573
1297,1.0,0.12363594770431519,0.05565178394317627,0.04049403965473175,0.05552532523870468
1298,1.0,0.1236359179019928,0.05843400955200195,0.02584051713347435,0.05231236666440964
1299,1.0,0.1236359179019928,0.05507957935333252,0.03950133174657822,0.050920452922582626
1300,1.0,0.1236359179019928,0.06286764144897461,0.04032097011804581,0.053796328604221344
1301,1.0,0.1236359179019928,0.04803812503814697,0.04879499599337578,0.03261759877204895
1302,1.0,0.1236359179019928,0.08807861804962158,0.12231221795082092,0.08596064150333405
1303,1.0,0.1236359179019928,0.11935049295425415,0.216024249792099,0.13409636914730072
1304,1.0,0.1236359179019928,0.10083365440368652,0.08712077140808105,0.12468152493238449
1826,1.0,0.033157482743263245,0.1458120346069336,0.16593579947948456,0.2551802098751068
1827,1.0,0.03315744549036026,0.3420988917350769,0.3000229299068451,0.47357991337776184
1828,1.0,0.03315744549036026,0.17830944061279297,0.27926480770111084,0.2742517590522766
1829,1.0,0.03315744549036026,0.27194106578826904,0.23854726552963257,0.43414971232414246
1830,1.0,0.03315744549036026,0.3980035185813904,0.33289000391960144,0.5432876348495483
1831,1.0,0.03315744549036026,0.32177138328552246,0.435278981924057,0.6012858152389526
1832,1.0,0.03315744549036026,0.2053767442703247,0.20861393213272095,0.3391350507736206
1833,1.0,0.03315744549036026,0.24020689725875854,0.18798324465751648,0.4280664622783661
1834,1.0,0.03315744549036026,0.15882128477096558,0.20303408801555634,0.26125025749206543
1835,1.0,0.033157434314489365,0.2654932141304016,0.1991172432899475,0.4997081160545349
1836,1.0,0.033157434314489365,0.268144428730011,0.20196981728076935,0.5226246118545532
1837,1.0,0.033157434314489365,0.1756255030632019,0.17574641108512878,0.3074285089969635
1838,1.0,0.033157434314489365,0.12960386276245117,0.13512837886810303,0.21479110419750214
1839,1.0,0.033157434314489365,0.153983473777771,0.1260640025138855,0.24869801104068756
1840,1.0,0.033157434314489365,0.1836683750152588,0.15900859236717224,0.25898832082748413
1841,1.0,0.033157434314489365,0.18436861038208008,0.1653696894645691,0.2646009624004364
1842,1.0,0.033157434314489365,0.26931798458099365,0.17580518126487732,0.41185998916625977
1843,1.0,0.033157434314489365,0.1472833752632141,0.1529722809791565,0.241724893450737
1844,1.0,0.033157434314489365,0.16635727882385254,0.13964058458805084,0.38066884875297546
1845,1.0,0.03315742686390877,0.11102932691574097,0.14385809004306793,0.17124013602733612
1846,1.0,0.03315742686390877,0.310260534286499,0.3270125687122345,0.33943241834640503
1847,1.0,0.03315742686390877,0.26156365871429443,0.28836777806282043,0.41873329877853394
1848,1.0,0.03315742686390877,0.21998196840286255,0.1972121149301529,0.2798776924610138
1849,1.0,0.03315742686390877,0.24442672729492188,0.23566268384456635,0.2753975987434387
1850,1.0,0.03315742686390877,0.2536606788635254,0.20801419019699097,0.35443294048309326
1851,1.0,0.03315742686390877,0.211894690990448,0.1725262701511383,0.26776039600372314
1852,1.0,0.03315742686390877,0.2033565640449524,0.13482064008712769,0.2621609568595886
1853,1.0,0.03315742686390877,0.11315035820007324,0.14817090332508087,0.21254213154315948
1854,1.0,0.03315742686390877,0.10179013013839722,0.09050963073968887,0.09570338577032089
1855,1.0,0.03315742313861847,0.0814216136932373,0.192206010222435,0.11702253669500351
1856,1.0,0.03315742313861847,0.06113791465759277,0.17767620086669922,0.054644741117954254
1857,1.0,0.03315742313861847,0.07927870750427246,0.14679960906505585,0.08649466931819916
1858,1.0,0.03315742313861847,0.053928256034851074,0.12928980588912964,0.04824990779161453
1859,1.0,0.03315742313861847,0.21383047103881836,0.14654892683029175,0.31465640664100647
1860,1.0,0.03315742313861847,0.08048444986343384,0.10411930084228516,0.07873962819576263
1861,1.0,0.03315742313861847,0.057437241077423096,0.10247952491044998,0.06296999007463455
1862,1.0,0.03315742313861847,0.04546386003494263,0.11993446201086044,0.03780484199523926
1863,1.0,0.03315742313861847,0.04432743787765503,0.1090654730796814,0.04430572688579559
1864,1.0,0.03315742313861847,0.043244779109954834,0.11831434816122055,0.04142996296286583
1865,1.0,0.033157411962747574,0.03995108604431152,0.09814688563346863,0.044634751975536346
1866,1.0,0.033157411962747574,0.046704888343811035,0.1109725683927536,0.048535216599702835
1867,1.0,0.033157411962747574,0.045219600200653076,0.06279131770133972,0.049437057226896286
1868,1.0,0.033157411962747574,0.04168736934661865,0.07998676598072052,0.04438091441988945
1869,1.0,0.033157411962747574,0.13268810510635376,0.21422933042049408,0.17389848828315735
1870,1.0,0.033157411962747574,0.1659213900566101,0.20307207107543945,0.2939895689487457
1871,1.0,0.033157411962747574,0.1855792999267578,0.16220608353614807,0.31250131130218506
1872,1.0,0.033157411962747574,0.08876800537109375,0.0924680083990097,0.07117804139852524
1873,1.0,0.033157411962747574,0.18200987577438354,0.16617968678474426,0.15246064960956573
1874,1.0,0.033157411962747574,0.32293611764907837,0.3807801306247711,0.5032120943069458
1875,1.0,0.03315740451216698,0.2843027710914612,0.30511781573295593,0.469565212726593
1876,1.0,0.03315740451216698,0.1716269850730896,0.1447649896144867,0.18974556028842926
1877,1.0,0.03315740451216698,0.3894449472427368,0.3788670599460602,0.5732163190841675
1878,1.0,0.03315740451216698,0.4419957995414734,0.6484068036079407,0.7416927218437195
2400,1.0,0.265889972448349,0.5716755390167236,0.6700844764709473,0.8286833167076111
2401,1.0,0.2658897340297699,0.39334964752197266,0.6046662926673889,0.5172080993652344
2402,0.0,0.2658897340297699,0.405012845993042,0.5570839643478394,0.5499579906463623
2403,0.0,0.2658897340297699,0.36158591508865356,0.5012146830558777,0.41132596135139465
2404,0.0,0.2658897042274475,0.4272822141647339,0.5712989568710327,0.5917876958847046
2405,1.0,0.2658897042274475,0.3776600956916809,0.384999543428421,0.3726636469364166
2406,0.0,0.2658897042274475,0.3386538028717041,0.4376627504825592,0.4079628586769104
2407,0.0,0.2658897042274475,0.40632981061935425,0.5345275402069092,0.5980564951896667
2408,0.0,0.2658897042274475,0.4211953282356262,0.5782663226127625,0.48699530959129333
2409,0.0,0.2658896744251251,0.39527440071105957,0.40230071544647217,0.5897910594940186
2410,1.0,0.2658896744251251,0.4218587279319763,0.5357590913772583,0.639553427696228
2411,0.0,0.2658896744251251,0.4402419924736023,0.5667850375175476,0.7021176218986511
2412,0.0,0.2658896744251251,0.559028148651123,0.6234396696090698,0.7185946106910706
2413,1.0,0.2658896744251251,0.4531317949295044,0.5521335005760193,0.5610507130622864
2414,0.0,0.2658896744251251,0.4052569270133972,0.5488744974136353,0.5731005668640137
2415,1.0,0.26588964462280273,0.42194366455078125,0.47965097427368164,0.4439834952354431
2416,0.0,0.26588964462280273,0.414395809173584,0.47869569063186646,0.556311309337616
2417,0.0,0.26588964462280273,0.49376338720321655,0.4931124448776245,0.7070338726043701
2418,1.0,0.26588964462280273,0.419935405254364,0.5374159812927246,0.5469468235969543
2419,0.0,0.26588964462280273,0.38133108615875244,0.41579514741897583,0.3491953909397125
2420,0.0,0.26588964462280273,0.4081692099571228,0.4520639479160309,0.46812644600868225
2421,1.0,0.26588964462280273,0.40185099840164185,0.44520649313926697,0.4603722095489502
2422,0.0,0.26588964462280273,0.3069443106651306,0.2871561050415039,0.30431756377220154
2423,0.0,0.26588964462280273,0.3955785036087036,0.2904420495033264,0.38885223865509033
2424,0.0,0.26588964462280273,0.3623617887496948,0.29650741815567017,0.3896780014038086
2425,0.0,0.26588961482048035,0.3457261323928833,0.25609198212623596,0.3940931260585785
2426,0.0,0.26588961482048035,0.30990052223205566,0.2658037841320038,0.3641643226146698
2427,0.0,0.26588961482048035,0.3475761413574219,0.3054839074611664,0.5157093405723572
2428,1.0,0.26588961482048035,0.35188645124435425,0.17039930820465088,0.29268160462379456
2429,0.0,0.26588961482048035,0.2668048143386841,0.20703832805156708,0.3481177091598511
2430,0.0,0.26588958501815796,0.40694642066955566,0.23808787763118744,0.4160586893558502
2431,0.0,0.26588958501815796,0.20578110218048096,0.1856301873922348,0.16288341581821442
2432,0.0,0.26588958501815796,0.1872352957725525,0.13661865890026093,0.16578729450702667
2433,0.0,0.26588958501815796,0.233687162399292,0.2098814845085144,0.21206586062908173
2434,0.0,0.26588958501815796,0.2607417106628418,0.20922696590423584,0.24155141413211823
2435,0.0,0.26588955521583557,0.22122931480407715,0.21927525103092194,0.2750469744205475
2436,0.0,0.26588955521583557,0.16646069288253784,0.17552314698696136,0.15865486860275269
2437,0.0,0.26588955521583557,0.3160158395767212,0.31943652033805847,0.570375382900238
2438,1.0,0.26588955521583557,0.18863165378570557,0.2782321572303772,0.23931103944778442
2439,0.0,0.26588955521583557,0.1792083978652954,0.1679152548313141,0.20541270077228546
2440,0.0,0.26588955521583557,0.2119516134262085,0.20475658774375916,0.1982005536556244
2441,0.0,0.26588955521583557,0.22619521617889404,0.21311798691749573,0.23100478947162628
2442,0.0,0.26588955521583557,0.15246355533599854,0.21875302493572235,0.1653493046760559
2443,0.0,0.26588955521583557,0.1373010277748108,0.17595380544662476,0.1267743557691574
2444,0.0,0.26588955521583557,0.18548554182052612,0.21360185742378235,0.23499228060245514
2445,0.0,0.2658895254135132,0.3252071738243103,0.36780232191085815,0.5446829199790955
2446,1.0,0.2658895254135132,0.3243657350540161,0.44896936416625977,0.4945300221443176
2447,0.0,0.2658895254135132,0.19316887855529785,0.2230454534292221,0.2518802285194397
2448,0.0,0.2658895254135132,0.21113300323486328,0.16537193953990936,0.23533602058887482
2449,0.0,0.2658895254135132,0.21498262882232666,0.1921330839395523,0.28830188512802124
2450,0.0,0.2658894956111908,0.20355838537216187,0.3000986576080322,0.23703411221504211
2451,0.0,0.2658894956111908,0.219884991645813,0.36993733048439026,0.20987454056739807
2452,0.0,0.2658894956111908,0.3291420340538025,0.5040189623832703,0.4685942828655243
2974,0.0,0.13115090131759644,0.15589964389801025,0.2821204364299774,0.11838171631097794
2975,0.0,0.13115078210830688,0.17127156257629395,0.28374990820884705,0.11546910554170609
2976,0.0,0.1311507523059845,0.18912148475646973,0.30674731731414795,0.1849629133939743
2977,0.0,0.1311507523059845,0.17095106840133667,0.2510887682437897,0.11451054364442825
2978,0.0,0.1311507523059845,0.26683980226516724,0.37836483120918274,0.4550425708293915
2979,0.0,0.1311507523059845,0.20038163661956787,0.3846879005432129,0.2888569235801697
2980,0.0,0.1311507523059845,0.222933828830719,0.35030999779701233,0.2706761956214905
2981,0.0,0.1311507523059845,0.22594255208969116,0.33352193236351013,0.17873887717723846
2982,0.0,0.1311507523059845,0.20554214715957642,0.3095555007457733,0.19112901389598846
2983,0.0,0.1311507523059845,0.2719504237174988,0.427438348531723,0.4513019919395447
2984,0.0,0.1311507523059845,0.22324734926223755,0.3457873463630676,0.21334561705589294
2985,0.0,0.1311507523059845,0.24827182292938232,0.33873534202575684,0.15093962848186493
2986,0.0,0.1311507374048233,0.21114444732666016,0.29450419545173645,0.24033206701278687
2987,0.0,0.1311507374048233,0.1981823444366455,0.3288353979587555,0.19641488790512085
2988,0.0,0.1311507374048233,0.23913896083831787,0.324872761964798,0.29340213537216187
2989,0.0,0.1311507374048233,0.3479427099227905,0.37161195278167725,0.3653406798839569
2990,0.0,0.1311507374048233,0.34337133169174194,0.4284372925758362,0.30134662985801697
2991,0.0,0.1311507225036621,0.24340564012527466,0.28727641701698303,0.1764003485441208
2992,0.0,0.1311507225036621,0.34792065620422363,0.3027479648590088,0.3734486401081085
2993,0.0,0.1311507225036621,0.2129705548286438,0.2847415804862976,0.12305755168199539
2994,0.0,0.1311507225036621,0.27436643838882446,0.30358096957206726,0.2509496808052063
2995,0.0,0.1311507225036621,0.3402477502822876,0.35162872076034546,0.4677923619747162
2996,0.0,0.13115070760250092,0.24217993021011353,0.24250493943691254,0.22144758701324463
2997,0.0,0.13115070760250092,0.20930397510528564,0.2538282871246338,0.13962727785110474
2998,0.0,0.13115070760250092,0.1713208556175232,0.20179006457328796,0.10993823409080505
2999,0.0,0.13115070760250092,0.4527595043182373,0.35729795694351196,0.5366211533546448
3000,0.0,0.13115070760250092,0.2923860549926758,0.20771527290344238,0.3018011152744293
3001,0.0,0.13115069270133972,0.21011382341384888,0.19810761511325836,0.2914517819881439
3002,0.0,0.13115069270133972,0.23666530847549438,0.2163955718278885,0.22868376970291138
3003,0.0,0.13115069270133972,0.2033877968788147,0.20431357622146606,0.15879444777965546
3004,0.0,0.13115069270133972,0.2511959671974182,0.23989924788475037,0.3334161639213562
3005,0.0,0.13115069270133972,0.15373873710632324,0.21114878356456757,0.18541844189167023
3006,0.0,0.13115067780017853,0.1214524507522583,0.20813992619514465,0.12166140228509903
3007,0.0,0.13115067780017853,0.09950590133666992,0.19793151319026947,0.09466265887022018
3008,0.0,0.13115067780017853,0.07920277118682861,0.18849894404411316,0.05398561432957649
3009,0.0,0.13115067780017853,0.06684547662734985,0.09906840324401855,0.059663500636816025
3010,0.0,0.13115067780017853,0.11492389440536499,0.14602284133434296,0.13581551611423492
3011,0.0,0.13115066289901733,0.0782008171081543,0.14263461530208588,0.07212924212217331
3012,0.0,0.13115066289901733,0.08765697479248047,0.14442752301692963,0.09087570011615753
3013,0.0,0.13115066289901733,0.07316243648529053,0.13861742615699768,0.08394744247198105
3014,0.0,0.13115066289901733,0.06666463613510132,0.11408917605876923,0.04194006323814392
3015,0.0,0.13115066289901733,0.06965118646621704,0.09393039345741272,0.06812621653079987
3016,0.0,0.13115066289901733,0.06566184759140015,0.1240648552775383,0.05035100132226944
3017,0.0,0.13115066289901733,0.06353753805160522,0.1052127480506897,0.04862164333462715
3018,0.0,0.13115066289901733,0.08380341529846191,0.11604031920433044,0.04267527163028717
3019,0.0,0.13115066289901733,0.08014541864395142,0.13508152961730957,0.0468764565885067
3020,0.0,0.13115066289901733,0.06530731916427612,0.09094176441431046,0.029819795861840248
3021,0.0,0.13115066289901733,0.07595556974411011,0.12932683527469635,0.03664344921708107
3022,0.0,0.13115064799785614,0.09806704521179199,0.13526588678359985,0.05421409755945206
3023,0.0,0.13115064799785614,0.11680370569229126,0.19713826477527618,0.07245475053787231
3024,0.0,0.13115064799785614,0.1547614336013794,0.32161563634872437,0.08026205748319626
3025,0.0,0.13115064799785614,0.12537431716918945,0.20552708208560944,0.07269512116909027
3026,0.0,0.13115064799785614,0.12601488828659058,0.23862558603286743,0.10067432373762131
3548,1.0,0.17442281544208527,0.3004215359687805,0.5646796226501465,0.5385053753852844
3549,1.0,0.17442265152931213,0.3633981943130493,0.5578984022140503,0.6349427103996277
3550,1.0,0.17442265152931213,0.3593288064002991,0.5278427004814148,0.624319851398468
3551,1.0,0.17442265152931213,0.44616228342056274,0.6164215207099915,0.7474671602249146
3552,1.0,0.17442263662815094,0.6190673112869263,0.7378541827201843,0.8878066539764404
3553,1.0,0.17442263662815094,0.5971077680587769,0.8249521851539612,0.9139663577079773
3554,1.0,0.17442263662815094,0.5320147275924683,0.8047971129417419,0.9253301024436951
3555,1.0,0.17442263662815094,0.478351354598999,0.8033239841461182,0.9305322766304016
3556,1.0,0.17442263662815094,0.44019317626953125,0.8009235858917236,0.8628754019737244
3557,1.0,0.17442263662815094,0.4896867275238037,0.8009584546089172,0.7820620536804199
3558,1.0,0.17442263662815094,0.46046584844589233,0.7291470170021057,0.8977048993110657
3559,1.0,0.17442263662815094,0.4753974676132202,0.7898104786872864,0.8235712647438049
3560,1.0,0.17442263662815094,0.4893417954444885,0.8028941750526428,0.8297141194343567
3561,1.0,0.17442263662815094,0.474001944065094,0.7697470188140869,0.7692920565605164
3562,1.0,0.17442263662815094,0.51128089427948,0.8414697051048279,0.9341214895248413
3563,1.0,0.17442263662815094,0.4700935482978821,0.8053939342498779,0.8425989151000977
3564,1.0,0.17442263662815094,0.43142586946487427,0.8091897964477539,0.8939594626426697
3565,1.0,0.17442263662815094,0.42551475763320923,0.8182936310768127,0.8163924813270569
3566,1.0,0.17442260682582855,0.34225839376449585,0.762854814529419,0.7337274551391602
3567,1.0,0.17442260682582855,0.3551499843597412,0.7687111496925354,0.7114540934562683
3568,1.0,0.17442260682582855,0.4068254232406616,0.7478870749473572,0.7242811918258667
3569,1.0,0.17442259192466736,0.3405165672302246,0.7894247770309448,0.6584022045135498
3570,1.0,0.17442259192466736,0.3763818144798279,0.6361220479011536,0.6748526096343994
3571,1.0,0.17442259192466736,0.40122169256210327,0.7830654978752136,0.7769187688827515
3572,1.0,0.17442259192466736,0.34631383419036865,0.7499583959579468,0.6527458429336548
3573,1.0,0.17442259192466736,0.36769944429397583,0.7745791673660278,0.7592278122901917
3574,1.0,0.17442259192466736,0.24225270748138428,0.4733334481716156,0.5093789100646973
3575,1.0,0.17442256212234497,0.3144382834434509,0.4273410141468048,0.6377992630004883
3576,1.0,0.17442256212234497,0.3290885090827942,0.41701629757881165,0.5120581388473511
3577,1.0,0.17442256212234497,0.29821914434432983,0.3349599838256836,0.3692518174648285
3578,1.0,0.17442256212234497,0.2959177494049072,0.43252238631248474,0.4762483537197113
3579,1.0,0.17442256212234497,0.2425473928451538,0.4881398379802704,0.2990380525588989
3580,1.0,0.17442256212234497,0.22743791341781616,0.546162486076355,0.31018152832984924
3581,1.0,0.17442256212234497,0.2260914444923401,0.5737462043762207,0.3456021249294281
3582,1.0,0.17442256212234497,0.233415424823761,0.654644250869751,0.45630186796188354
3583,1.0,0.17442254722118378,0.23741644620895386,0.5184985399246216,0.3314080834388733
3584,1.0,0.17442254722118378,0.21210891008377075,0.38590478897094727,0.33744198083877563
3585,1.0,0.17442254722118378,0.20327883958816528,0.35708317160606384,0.33721381425857544
3586,1.0,0.17442254722118378,0.18337035179138184,0.26420220732688904,0.27331870794296265
3587,0.0,0.1744225174188614,0.12985605001449585,0.1889854222536087,0.1288164258003235
3588,1.0,0.1744225174188614,0.1700536012649536,0.20662909746170044,0.2001134157180786
3589,1.0,0.1744225174188614,0.12609833478927612,0.15269146859645844,0.1021733209490776
3590,1.0,0.1744225174188614,0.10575300455093384,0.11065755039453506,0.10034982860088348
3591,0.0,0.1744225174188614,0.12393343448638916,0.11292676627635956,0.0832267552614212
3592,0.0,0.1744225025177002,0.08941543102264404,0.10320015251636505,0.07269120216369629
3593,0.0,0.1744225025177002,0.10159742832183838,0.17078496515750885,0.12337902188301086
3594,0.0,0.1744225025177002,0.06756448745727539,0.06714329123497009,0.051422372460365295
3595,0.0,0.1744225025177002,0.1096758246421814,0.17495831847190857,0.10716912895441055
3596,0.0,0.1744225025177002,0.1880473494529724,0.15954871475696564,0.18300101161003113
3597,1.0,0.174422487616539,0.19212180376052856,0.14668133854866028,0.26228201389312744
3598,0.0,0.174422487616539,0.15514779090881348,0.1777465045452118,0.1945856362581253
3599,0.0,0.174422487616539,0.19140928983688354,0.21742044389247894,0.22467565536499023
3600,0.0,0.174422487616539,0.16248279809951782,0.2913973033428192,0.19062280654907227
4122,1.0,0.24027688801288605,0.6777862906455994,0.6870812773704529,0.8679653406143188
4123,1.0,0.24027670919895172,0.6037693023681641,0.7551479339599609,0.8498865365982056
4124,1.0,0.24027666449546814,0.5896033048629761,0.7988910675048828,0.924136221408844
4125,1.0,0.24027666449546814,0.5729027986526489,0.8420798778533936,0.9614130854606628
4126,1.0,0.24027666449546814,0.5089238286018372,0.7927036285400391,0.9264864921569824
4127,1.0,0.24027666449546814,0.48700404167175293,0.7492046356201172,0.8846459984779358
4128,1.0,0.24027666449546814,0.45224422216415405,0.775970995426178,0.8175959587097168
4129,1.0,0.24027666449546814,0.4790964126586914,0.7742543816566467,0.8554341793060303
4130,1.0,0.24027666449546814,0.5984621047973633,0.7282921075820923,0.8934110403060913
4131,1.0,0.24027666449546814,0.5277810096740723,0.8166261911392212,0.9051357507705688
4132,1.0,0.24027666449546814,0.5470238327980042,0.8080203533172607,0.9281935691833496
4133,1.0,0.24027666449546814,0.5348584055900574,0.8041458129882812,0.9234403371810913
4134,1.0,0.24027663469314575,0.497003972530365,0.7414760589599609,0.8566457033157349
4135,1.0,0.24027663469314575,0.5223098993301392,0.7696805000305176,0.8952986598014832
4136,1.0,0.24027663469314575,0.546918511390686,0.7339455485343933,0.8985596895217896
4137,1.0,0.24027663469314575,0.46874570846557617,0.737288236618042,0.830146849155426
4138,1.0,0.24027663469314575,0.49542659521102905,0.7185295820236206,0.8323357701301575
4139,1.0,0.24027660489082336,0.5619522929191589,0.70126873254776,0.869318962097168
4140,1.0,0.24027660489082336,0.47679394483566284,0.7586944103240967,0.8351974487304688
4141,1.0,0.24027660489082336,0.486752986907959,0.7317647337913513,0.8211840987205505
4142,1.0,0.24027660489082336,0.5260145664215088,0.7069085836410522,0.760935366153717
4143,1.0,0.24027660489082336,0.4461488723754883,0.7710005640983582,0.8194028735160828
4144,1.0,0.24027660489082336,0.39346063137054443,0.7707092761993408,0.7138110995292664
4145,1.0,0.24027660489082336,0.4222293496131897,0.8105916976928711,0.7820389270782471
4146,1.0,0.24027657508850098,0.4485195279121399,0.7603772878646851,0.7897354364395142
4147,1.0,0.24027657508850098,0.44946497678756714,0.7115290760993958,0.7568628191947937
4148,1.0,0.24027657508850098,0.3354530930519104,0.4602173864841461,0.46137237548828125
4149,1.0,0.2402765452861786,0.28930288553237915,0.45446524024009705,0.40401116013526917
4150,1.0,0.2402765452861786,0.3378518223762512,0.37956055998802185,0.3799489140510559
4151,1.0,0.2402765452861786,0.3970564603805542,0.3707805275917053,0.40083572268486023
4152,0.0,0.2402765452861786,0.19207090139389038,0.3226116895675659,0.25231677293777466
4153,0.0,0.2402765452861786,0.21756362915039062,0.3212575614452362,0.18310585618019104
4154,1.0,0.2402765452861786,0.18666857481002808,0.22776676714420319,0.16066671907901764
4155,1.0,0.2402765452861786,0.09583169221878052,0.20703519880771637,0.07012979686260223
4156,0.0,0.2402765452861786,0.13866132497787476,0.1354496031999588,0.0903540626168251
4157,0.0,0.2402765452861786,0.06111842393875122,0.09223292768001556,0.044868677854537964
4158,0.0,0.2402765452861786,0.04106694459915161,0.10118309408426285,0.04858824610710144
4159,0.0,0.2402765303850174,0.057200849056243896,0.18793362379074097,0.060681186616420746
4160,0.0,0.2402765303850174,0.052813053131103516,0.12239968776702881,0.03978994861245155
4161,0.0,0.2402765303850174,0.041153788566589355,0.08015687018632889,0.030004063621163368
4162,0.0,0.2402765303850174,0.05994367599487305,0.1032952070236206,0.043401479721069336
4163,0.0,0.2402765303850174,0.18855416774749756,0.2260601818561554,0.23835471272468567
4164,0.0,0.240276500582695,0.17810076475143433,0.26321426033973694,0.2682698965072632
4165,0.0,0.240276500582695,0.10211169719696045,0.1471877098083496,0.1358742117881775
4166,0.0,0.240276500582695,0.21857059001922607,0.15841679275035858,0.22578251361846924
4167,0.0,0.240276500582695,0.26080918312072754,0.223048597574234,0.32449468970298767
4168,0.0,0.240276500582695,0.2381306290626526,0.25204113125801086,0.21074144542217255
4169,0.0,0.240276500582695,0.2230725884437561,0.19181515276432037,0.24621176719665527
4170,0.0,0.240276500582695,0.35246706008911133,0.2513689696788788,0.34922289848327637
4171,0.0,0.240276500582695,0.38524866104125977,0.3383750319480896,0.4110131859779358
4172,0.0,0.240276500582695,0.36777693033218384,0.497406929731369,0.41650769114494324
4173,0.0,0.240276500582695,0.293501079082489,0.40421611070632935,0.32095399498939514
4174,0.0,0.24027647078037262,0.36911582946777344,0.3778306543827057,0.6007142066955566
4696,1.0,0.14721019566059113,0.12370181083679199,0.1769702434539795,0.12063436955213547
4697,0.0,0.1472100466489792,0.29837965965270996,0.3601474463939667,0.3698943555355072
4698,1.0,0.1472100466489792,0.12183976173400879,0.19940409064292908,0.13456128537654877
4699,0.0,0.1472100466489792,0.25180119276046753,0.372861385345459,0.3506406545639038
4700,1.0,0.1472100466489792,0.1296054720878601,0.2412552833557129,0.1589323729276657
4701,0.0,0.1472100466489792,0.12361299991607666,0.17622549831867218,0.14152614772319794
4702,0.0,0.147210031747818,0.11264508962631226,0.16705681383609772,0.11208141595125198
4703,0.0,0.147210031747818,0.09667044878005981,0.15836068987846375,0.09404744952917099
4704,0.0,0.147210031747818,0.19218134880065918,0.2524220645427704,0.2262781709432602
4705,1.0,0.147210031747818,0.1800495982170105,0.26774558424949646,0.22435316443443298
4706,0.0,0.147210031747818,0.13041585683822632,0.16947656869888306,0.14590013027191162
4707,0.0,0.1472100168466568,0.12914037704467773,0.15864692628383636,0.16843754053115845
4708,0.0,0.1472100168466568,0.2182641625404358,0.3351399600505829,0.24997299909591675
4709,1.0,0.1472100168466568,0.176541268825531,0.24680601060390472,0.2263873815536499
4710,0.0,0.1472100168466568,0.14573246240615845,0.1638287603855133,0.22634395956993103
4711,0.0,0.1472100168466568,0.13476520776748657,0.15402497351169586,0.14752297103405
4712,0.0,0.1472100019454956,0.09143787622451782,0.16251489520072937,0.10866475850343704
4713,0.0,0.1472100019454956,0.07792699337005615,0.14626672863960266,0.08760280162096024
4714,0.0,0.1472100019454956,0.07376503944396973,0.06257952004671097,0.06057919189333916
4715,0.0,0.1472100019454956,0.1705041527748108,0.23120519518852234,0.22913749516010284
4716,1.0,0.1472100019454956,0.09633100032806396,0.1314634084701538,0.10815878212451935
4717,0.0,0.1472099870443344,0.15652334690093994,0.14073532819747925,0.18575121462345123
4718,0.0,0.1472099870443344,0.11223709583282471,0.12141862511634827,0.148257777094841
4719,0.0,0.1472099870443344,0.09206616878509521,0.08522512018680573,0.08610613644123077
4720,0.0,0.1472099870443344,0.06317996978759766,0.08233103156089783,0.04443131759762764
4721,0.0,0.1472099870443344,0.07940256595611572,0.08762447535991669,0.06514555960893631
4722,0.0,0.14720997214317322,0.0939328670501709,0.10240640491247177,0.08173981308937073
4723,1.0,0.14720997214317322,0.10062235593795776,0.11375868320465088,0.068110890686512
4724,0.0,0.14720997214317322,0.11938786506652832,0.10231141746044159,0.06483562290668488
4725,0.0,0.14720997214317322,0.15274286270141602,0.15256747603416443,0.14868731796741486
4726,1.0,0.14720997214317322,0.08373403549194336,0.09859481453895569,0.06658753007650375
4727,0.0,0.14720995724201202,0.07104825973510742,0.0960584282875061,0.052048005163669586
4728,0.0,0.14720995724201202,0.060638606548309326,0.08790136128664017,0.04942833632230759
4729,0.0,0.14720995724201202,0.056887269020080566,0.07617615908384323,0.04404689371585846
4730,0.0,0.14720995724201202,0.04172682762145996,0.07674886286258698,0.025229845196008682
4731,0.0,0.14720995724201202,0.04336130619049072,0.07253709435462952,0.02671125903725624
4732,0.0,0.14720994234085083,0.0415228009223938,0.08543086051940918,0.022387374192476273
4733,0.0,0.14720994234085083,0.04338860511779785,0.0851154550909996,0.0239776149392128
4734,0.0,0.14720994234085083,0.0461963415145874,0.0685252919793129,0.02956043742597103
4735,0.0,0.14720994234085083,0.04390370845794678,0.05878957733511925,0.031197955831885338
4736,0.0,0.14720994234085083,0.04150444269180298,0.05364201217889786,0.023973871022462845
4737,0.0,0.14720992743968964,0.04175537824630737,0.05586620420217514,0.024882929399609566
4738,0.0,0.14720992743968964,0.03285360336303711,0.03731100261211395,0.024502865970134735
4739,0.0,0.14720992743968964,0.03494662046432495,0.05309341847896576,0.025565005838871002
4740,0.0,0.14720992743968964,0.04413789510726929,0.06060785800218582,0.03571683168411255
4741,0.0,0.14720992743968964,0.03442788124084473,0.025425231084227562,0.029445648193359375
4742,0.0,0.14720991253852844,0.04012376070022583,0.03754972293972969,0.03499410301446915
4743,0.0,0.14720991253852844,0.046029746532440186,0.06024105101823807,0.036119766533374786
4744,0.0,0.14720991253852844,0.06279468536376953,0.113043874502182,0.05425174534320831
4745,0.0,0.14720991253852844,0.058491528034210205,0.09431762993335724,0.0556308850646019
4746,0.0,0.14720991253852844,0.06075388193130493,0.05333399400115013,0.05196549743413925
4747,0.0,0.14720989763736725,0.061294615268707275,0.12782453000545502,0.04922035336494446
4748,0.0,0.14720989763736725,0.07074421644210815,0.0874669998884201,0.09591231495141983
5270,0.0,0.16501939296722412,0.057329535484313965,0.18647250533103943,0.04498817399144173
5271,0.0,0.1650192141532898,0.05259811878204346,0.22392776608467102,0.03718912973999977
5272,0.0,0.1650192141532898,0.09206479787826538,0.18656162917613983,0.06553202867507935
5273,0.0,0.1650192141532898,0.05381423234939575,0.20049519836902618,0.04584549367427826
5274,0.0,0.1650192141532898,0.13200128078460693,0.33458903431892395,0.19904842972755432
5275,0.0,0.1650192141532898,0.07324373722076416,0.3104231357574463,0.06074904277920723
5276,0.0,0.1650192141532898,0.15650129318237305,0.4429933726787567,0.2008141130208969
5277,0.0,0.1650192141532898,0.21189028024673462,0.33152884244918823,0.4422875940799713
5278,0.0,0.1650192141532898,0.23475337028503418,0.1898633986711502,0.32895806431770325
5279,0.0,0.1650191843509674,0.30668163299560547,0.33500805497169495,0.3354385793209076
5280,0.0,0.1650191843509674,0.20144200325012207,0.2152979075908661,0.3103782534599304
5281,0.0,0.1650191843509674,0.1923816204071045,0.22026069462299347,0.19931596517562866
5282,0.0,0.1650191843509674,0.22224515676498413,0.21905265748500824,0.291314959526062
5283,0.0,0.1650191843509674,0.18782812356948853,0.17720183730125427,0.21790921688079834
5284,0.0,0.1650191843509674,0.12107294797897339,0.1556803286075592,0.1633962243795395
5285,0.0,0.1650191843509674,0.1623765230178833,0.14942622184753418,0.250110387802124
5286,0.0,0.1650191843509674,0.08993929624557495,0.15002211928367615,0.09471108019351959
5287,0.0,0.1650191843509674,0.09296733140945435,0.1517186462879181,0.1233268454670906
5288,0.0,0.1650191843509674,0.07753545045852661,0.09382099658250809,0.07417388260364532
5289,0.0,0.16501915454864502,0.2731139063835144,0.3191043734550476,0.45168277621269226
5290,1.0,0.16501915454864502,0.12788480520248413,0.17409130930900574,0.13502748310565948
5291,0.0,0.16501915454864502,0.1783454418182373,0.3422037661075592,0.21104180812835693
5292,0.0,0.16501915454864502,0.22056317329406738,0.2807057201862335,0.22658748924732208
5293,0.0,0.16501915454864502,0.11226016283035278,0.10924220085144043,0.12100227922201157
5294,0.0,0.16501913964748383,0.11904031038284302,0.141357421875,0.0980517789721489
5295,0.0,0.16501913964748383,0.0946541428565979,0.06494719535112381,0.07580086588859558
5296,0.0,0.16501913964748383,0.06042426824569702,0.06301304697990417,0.06572690606117249
5297,0.0,0.16501913964748383,0.0530930757522583,0.03437221422791481,0.04973076283931732
5298,0.0,0.16501913964748383,0.05603289604187012,0.04307504743337631,0.06512366980314255
5299,0.0,0.16501912474632263,0.049436211585998535,0.02529911883175373,0.04203498736023903
5300,0.0,0.16501912474632263,0.04855144023895264,0.02094648964703083,0.03818457946181297
5301,0.0,0.16501912474632263,0.04286313056945801,0.04109429940581322,0.033177588135004044
5302,0.0,0.16501912474632263,0.06216484308242798,0.07464219629764557,0.06134010851383209
5303,0.0,0.16501912474632263,0.09614700078964233,0.0779903456568718,0.09283027797937393
5304,0.0,0.16501910984516144,0.12021023035049438,0.11561426520347595,0.14141951501369476
5305,1.0,0.16501910984516144,0.05557703971862793,0.13972122967243195,0.048569899052381516
5306,0.0,0.16501910984516144,0.12023890018463135,0.08829742670059204,0.1442587524652481
5307,0.0,0.16501910984516144,0.1095508337020874,0.12007419764995575,0.09367673099040985
5308,1.0,0.16501910984516144,0.13677871227264404,0.21857604384422302,0.16058163344860077
5309,0.0,0.16501909494400024,0.08305025100708008,0.19300930202007294,0.08788926154375076
5310,0.0,0.16501909494400024,0.06664377450942993,0.18229414522647858,0.0702536553144455
5311,1.0,0.16501909494400024,0.054298579692840576,0.08928482234477997,0.03693780675530434
5312,0.0,0.16501909494400024,0.07274389266967773,0.0809430181980133,0.0458810068666935
5313,0.0,0.16501909494400024,0.029302358627319336,0.06232365965843201,0.019004514440894127
5314,0.0,0.16501909494400024,0.03086954355239868,0.07219066470861435,0.021337533369660378
5315,0.0,0.16501908004283905,0.02751636505126953,0.06918851286172867,0.016987618058919907
5316,0.0,0.16501908004283905,0.02775043249130249,0.06789348274469376,0.020218731835484505
5317,0.0,0.16501908004283905,0.024014830589294434,0.0612449012696743,0.018901538103818893
5318,0.0,0.16501908004283905,0.03150653839111328,0.06621518731117249,0.024130498990416527
5319,0.0,0.16501908004283905,0.034811437129974365,0.053073782473802567,0.022119730710983276
5320,0.0,0.16501906514167786,0.0787305235862732,0.10338257998228073,0.057552091777324677
5321,0.0,0.16501906514167786,0.08842867612838745,0.1618102490901947,0.08045610040426254
5322,0.0,0.16501906514167786,0.04575514793395996,0.11737042665481567,0.04871712997555733
5844,1.0,0.05546746402978897,0.2805466055870056,0.29157373309135437,0.3613996207714081
5845,1.0,0.0554673969745636,0.3067600727081299,0.3087877929210663,0.3832637071609497
5846,1.0,0.0554673969745636,0.32226377725601196,0.353812575340271,0.3952961564064026
5847,1.0,0.0554673932492733,0.3020574450492859,0.3081855773925781,0.366955041885376
5848,1.0,0.0554673932492733,0.2731162905693054,0.23292912542819977,0.42726272344589233
5849,1.0,0.0554673932492733,0.4197124242782593,0.379490464925766,0.5338209867477417
5850,1.0,0.0554673932492733,0.3336339592933655,0.40964412689208984,0.3988969326019287
5851,1.0,0.0554673932492733,0.3000345230102539,0.34157678484916687,0.3179989159107208
5852,1.0,0.0554673932492733,0.3051968812942505,0.3219679296016693,0.373226523399353
5853,1.0,0.0554673932492733,0.2883424758911133,0.269018292427063,0.4800989627838135
5854,1.0,0.0554673932492733,0.23020392656326294,0.32023873925209045,0.24863940477371216
5855,1.0,0.0554673932492733,0.19479244947433472,0.2467753142118454,0.31220951676368713
5856,1.0,0.0554673932492733,0.3111920952796936,0.3214108645915985,0.5119535326957703
5857,1.0,0.0554673932492733,0.23116904497146606,0.23924952745437622,0.3745739161968231
5858,1.0,0.055467382073402405,0.3478449583053589,0.330497145652771,0.5770269632339478
5859,1.0,0.055467382073402405,0.26295971870422363,0.2282978892326355,0.41265803575515747
5860,1.0,0.055467382073402405,0.3543034791946411,0.3442016541957855,0.4487048089504242
5861,1.0,0.055467382073402405,0.2702949643135071,0.3680083453655243,0.4228801727294922
5862,1.0,0.055467382073402405,0.4304669499397278,0.32258546352386475,0.46884024143218994
5863,1.0,0.055467382073402405,0.44503623247146606,0.3472900986671448,0.544767439365387
5864,1.0,0.055467382073402405,0.3961506485939026,0.3102065622806549,0.5321569442749023
5865,1.0,0.055467382073402405,0.34762269258499146,0.27963075041770935,0.41288989782333374
5866,1.0,0.055467382073402405,0.28335702419281006,0.2577380836009979,0.4663630425930023
5867,1.0,0.055467382073402405,0.23150861263275146,0.2180381715297699,0.26685526967048645
5868,1.0,0.05546736344695091,0.27219218015670776,0.16975054144859314,0.3275297284126282
5869,1.0,0.05546736344695091,0.23990267515182495,0.26584136486053467,0.42429855465888977
5870,1.0,0.05546736344695091,0.23402059078216553,0.2176535278558731,0.29995694756507874
5871,1.0,0.05546736344695091,0.22547727823257446,0.22212788462638855,0.3039088547229767
5872,1.0,0.05546736344695091,0.25097233057022095,0.27217382192611694,0.32276469469070435
5873,1.0,0.05546736344695091,0.24622458219528198,0.2244468480348587,0.30576616525650024
5874,1.0,0.05546736344695091,0.2966576814651489,0.20958362519741058,0.3212553858757019
5875,1.0,0.05546736344695091,0.2048376202583313,0.14139707386493683,0.31102848052978516
5876,1.0,0.05546736344695091,0.12439835071563721,0.14726051688194275,0.1776777058839798
5877,1.0,0.05546736344695091,0.18838191032409668,0.16767805814743042,0.34058812260627747
5878,1.0,0.05546735227108002,0.1539483666419983,0.17841970920562744,0.23735812306404114
5879,1.0,0.05546735227108002,0.1657736897468567,0.19072569906711578,0.26978352665901184
5880,1.0,0.05546735227108002,0.1624593734741211,0.17522244155406952,0.25995033979415894
5881,1.0,0.05546735227108002,0.11389702558517456,0.1351596564054489,0.12174095213413239
5882,1.0,0.05546735227108002,0.16692322492599487,0.16998045146465302,0.2327510565519333
5883,1.0,0.05546735227108002,0.16606420278549194,0.16660833358764648,0.23650571703910828
5884,1.0,0.05546735227108002,0.15289753675460815,0.14205195009708405,0.22180764377117157
5885,1.0,0.05546735227108002,0.25495707988739014,0.3277207911014557,0.5012548565864563
5886,1.0,0.05546735227108002,0.18607831001281738,0.19545839726924896,0.24324439465999603
5887,1.0,0.05546735227108002,0.1518474817276001,0.1589558720588684,0.23108908534049988
5888,1.0,0.05546734109520912,0.1680450439453125,0.14424316585063934,0.20742343366146088
5889,1.0,0.05546734109520912,0.22534728050231934,0.2113073766231537,0.2408296763896942
5890,1.0,0.05546734109520912,0.2871590852737427,0.2172669917345047,0.36494341492652893
5891,1.0,0.05546734109520912,0.33222031593322754,0.2747122049331665,0.49794071912765503
5892,1.0,0.05546734109520912,0.4534664750099182,0.3947305977344513,0.5796640515327454
5893,1.0,0.05546734109520912,0.4277440905570984,0.4172964096069336,0.5483872294425964
5894,1.0,0.05546734109520912,0.19576489925384521,0.21893422305583954,0.2712617814540863
5895,1.0,0.05546734109520912,0.3896375298500061,0.2578620910644531,0.49494487047195435
5896,1.0,0.05546734109520912,0.5623824596405029,0.5583364963531494,0.7753550410270691
6418,0.0,0.19464710354804993,0.4371107816696167,0.3990878164768219,0.5544218420982361
6419,1.0,0.1946469247341156,0.5683076977729797,0.6503890752792358,0.7718812823295593
6420,1.0,0.1946469247341156,0.5593671202659607,0.6361308693885803,0.8251490592956543
6421,1.0,0.1946469247341156,0.6460253596305847,0.6873210072517395,0.9278481006622314
6422,1.0,0.1946469247341156,0.6415112018585205,0.8408504724502563,0.9574924111366272
6423,1.0,0.1946469247341156,0.5350097417831421,0.7690190672874451,0.9219980239868164
6424,1.0,0.1946469247341156,0.5294670462608337,0.8181021213531494,0.9122666120529175
6425,1.0,0.1946469247341156,0.6029478907585144,0.7559645771980286,0.9561223983764648
6426,1.0,0.1946469247341156,0.6157563924789429,0.828196108341217,0.9608904123306274
6427,1.0,0.19464701414108276,0.5912750959396362,0.8437173366546631,0.9627780318260193
6428,1.0,0.194646954536438,0.49942100048065186,0.8323259353637695,0.917228102684021
6429,1.0,0.1946469247341156,0.5236761569976807,0.7814656496047974,0.8541560173034668
6430,1.0,0.19464688003063202,0.4974750876426697,0.8138766288757324,0.8518995642662048
6431,1.0,0.19464688003063202,0.5094163417816162,0.8085513114929199,0.8877187967300415
6432,1.0,0.19464688003063202,0.48769378662109375,0.8251648545265198,0.8650336265563965
6433,1.0,0.19464688003063202,0.5123083591461182,0.8072352409362793,0.9426662921905518
6434,1.0,0.1946469247341156,0.4531787633895874,0.8211087584495544,0.8565184473991394
6435,1.0,0.1946469247341156,0.4411216974258423,0.7908734679222107,0.8230973482131958
6436,1.0,0.1946469247341156,0.5066167712211609,0.8845626711845398,0.9378635287284851
6437,1.0,0.19464688003063202,0.4236621856689453,0.8859921097755432,0.8416659235954285
6438,1.0,0.19464688003063202,0.3894501328468323,0.7993701696395874,0.7242684960365295
6439,1.0,0.1946469247341156,0.4017765522003174,0.8465659022331238,0.8263749480247498
6440,1.0,0.1946469247341156,0.42092835903167725,0.8313080668449402,0.8687736392021179
6441,1.0,0.19464685022830963,0.49568015336990356,0.8234239816665649,0.8460624814033508
6442,1.0,0.19464685022830963,0.46280044317245483,0.7643570303916931,0.8645539879798889
6443,1.0,0.19464683532714844,0.43573498725891113,0.7130883932113647,0.8103886246681213
6444,1.0,0.19464683532714844,0.3851202130317688,0.5522871613502502,0.6637922525405884
6445,1.0,0.19464683532714844,0.3687242269515991,0.5226505398750305,0.39804473519325256
6446,1.0,0.19464683532714844,0.2808271050453186,0.44403111934661865,0.464036762714386
6447,1.0,0.19464680552482605,0.2719654440879822,0.4404045641422272,0.41258755326271057
6448,1.0,0.19464680552482605,0.21944957971572876,0.4344622790813446,0.4227903187274933
6449,1.0,0.19464680552482605,0.1737455129623413,0.3650493919849396,0.2642306685447693
6450,1.0,0.19464680552482605,0.11554962396621704,0.2306884527206421,0.12439955025911331
6451,1.0,0.19464679062366486,0.14525747299194336,0.1382373869419098,0.11579503118991852
6452,1.0,0.19464679062366486,0.13794803619384766,0.15848691761493683,0.0912497267127037
6453,1.0,0.19464679062366486,0.05779242515563965,0.13440769910812378,0.04547237977385521
6454,1.0,0.19464679062366486,0.09451758861541748,0.1398017406463623,0.09677045792341232
6455,1.0,0.19464679062366486,0.08246654272079468,0.11390536278486252,0.04862691089510918
6456,0.0,0.19464677572250366,0.04436945915222168,0.13910403847694397,0.028973806649446487
6457,1.0,0.19464677572250366,0.035462379455566406,0.1434611827135086,0.02440231293439865
6458,1.0,0.19464677572250366,0.035952091217041016,0.13534298539161682,0.019696859642863274
6459,1.0,0.19464677572250366,0.05079817771911621,0.118630550801754,0.023240378126502037
6460,0.0,0.19464677572250366,0.034711599349975586,0.0956595167517662,0.017921967431902885
6461,0.0,0.19464676082134247,0.03788948059082031,0.12897275388240814,0.02285798080265522
6462,0.0,0.19464676082134247,0.09179091453552246,0.15261758863925934,0.15219727158546448
6463,0.0,0.19464676082134247,0.08243387937545776,0.12675698101520538,0.08769149333238602
6464,0.0,0.19464676082134247,0.12859970331192017,0.1218646764755249,0.17298337817192078
6465,0.0,0.19464676082134247,0.12373316287994385,0.10724662989377975,0.16489042341709137
6466,0.0,0.19464674592018127,0.11365646123886108,0.16629460453987122,0.13490864634513855
6467,0.0,0.19464674592018127,0.14664602279663086,0.18016383051872253,0.1929478645324707
6468,0.0,0.19464674592018127,0.3429614305496216,0.3664886951446533,0.39418622851371765
6469,1.0,0.19464674592018127,0.2610395550727844,0.38300609588623047,0.3298748731613159
6470,0.0,0.19464674592018127,0.4002130627632141,0.44330835342407227,0.6568914651870728
6992,0.0,0.17434602975845337,0.33027899265289307,0.27457091212272644,0.3596445918083191
6993,1.0,0.17434586584568024,0.2016315460205078,0.2674867808818817,0.23703105747699738
6994,0.0,0.17434585094451904,0.14676159620285034,0.1574528068304062,0.2022709846496582
6995,0.0,0.17434585094451904,0.3368009924888611,0.30530139803886414,0.5518529415130615
6996,1.0,0.17434585094451904,0.37949270009994507,0.4030225872993469,0.5932914614677429
6997,1.0,0.17434585094451904,0.2273048758506775,0.35106393694877625,0.33665230870246887
6998,0.0,0.17434585094451904,0.37214356660842896,0.3376360535621643,0.5950368642807007
6999,1.0,0.17434583604335785,0.3535863757133484,0.42610594630241394,0.6144121885299683
7000,1.0,0.17434583604335785,0.24993175268173218,0.2685111463069916,0.5134491920471191
7001,0.0,0.17434583604335785,0.38508570194244385,0.3421248495578766,0.5597676038742065
7002,1.0,0.17434583604335785,0.3766824007034302,0.3771115839481354,0.6429767608642578
7003,1.0,0.17434583604335785,0.2924555540084839,0.3256089389324188,0.5523567795753479
7004,0.0,0.17434582114219666,0.2761152386665344,0.2307446002960205,0.4371456503868103
7005,0.0,0.17434582114219666,0.43593108654022217,0.40902087092399597,0.6161640882492065
7006,1.0,0.17434582114219666,0.46018487215042114,0.5449775457382202,0.6869151592254639
7007,1.0,0.17434582114219666,0.5867356657981873,0.6425248384475708,0.8440840840339661
7008,1.0,0.17434582114219666,0.548317015171051,0.5459990501403809,0.8397372364997864
7009,1.0,0.17434579133987427,0.5600594282150269,0.6310755014419556,0.9022668600082397
7010,1.0,0.17434579133987427,0.577315628528595,0.7798573970794678,0.9317100644111633
7011,1.0,0.17434579133987427,0.5686463117599487,0.7663509249687195,0.9491548538208008
7012,1.0,0.17434579133987427,0.44900399446487427,0.718701183795929,0.8836457133293152
7013,1.0,0.17434579133987427,0.5019637942314148,0.6896928548812866,0.8718847632408142
7014,1.0,0.17434577643871307,0.4390801191329956,0.6355851292610168,0.8607999086380005
7015,1.0,0.17434577643871307,0.4890940189361572,0.6568217873573303,0.8398726582527161
7016,1.0,0.17434577643871307,0.4455465078353882,0.5652273297309875,0.8148915767669678
7017,1.0,0.17434577643871307,0.4371967315673828,0.5106415748596191,0.8181337118148804
7018,1.0,0.17434577643871307,0.37700414657592773,0.39185115694999695,0.7134104371070862
7019,1.0,0.17434576153755188,0.36527061462402344,0.3538811206817627,0.6931495666503906
7020,1.0,0.17434576153755188,0.3461318612098694,0.3616791367530823,0.6557049751281738
7021,1.0,0.17434576153755188,0.22708415985107422,0.3237610161304474,0.4776862561702728
7022,1.0,0.17434576153755188,0.293476939201355,0.26704832911491394,0.4810490310192108
7023,1.0,0.17434576153755188,0.16383951902389526,0.22162796556949615,0.19515357911586761
7024,0.0,0.17434574663639069,0.17363238334655762,0.16017943620681763,0.23073086142539978
7025,1.0,0.17434574663639069,0.15905821323394775,0.17393097281455994,0.17900244891643524
7026,1.0,0.17434574663639069,0.1420111060142517,0.14707766473293304,0.24515631794929504
7027,1.0,0.17434574663639069,0.1519712209701538,0.1406596451997757,0.1564449518918991
7028,1.0,0.17434574663639069,0.11985164880752563,0.11260563135147095,0.09245606511831284
7029,0.0,0.1743457168340683,0.12357598543167114,0.12507019937038422,0.1471833884716034
7030,1.0,0.1743457168340683,0.12887942790985107,0.10904567688703537,0.1778554618358612
7031,1.0,0.1743457168340683,0.12450820207595825,0.09754833579063416,0.172208771109581
7032,0.0,0.1743457168340683,0.17001235485076904,0.16629567742347717,0.19251878559589386
7033,1.0,0.1743457168340683,0.13151270151138306,0.14067919552326202,0.1439990997314453
7034,0.0,0.1743457168340683,0.14847517013549805,0.15481220185756683,0.1352415531873703
7035,0.0,0.1743457168340683,0.13711941242218018,0.18051643669605255,0.1461910605430603
7036,1.0,0.1743457168340683,0.18008655309677124,0.14556702971458435,0.25653520226478577
7037,1.0,0.1743457168340683,0.17772608995437622,0.17798587679862976,0.240419402718544
7038,1.0,0.1743457168340683,0.12543761730194092,0.15290768444538116,0.16256499290466309
7039,0.0,0.1743457019329071,0.14400333166122437,0.10034671425819397,0.15386083722114563
7040,0.0,0.1743457019329071,0.25680506229400635,0.19665801525115967,0.2973822057247162
7041,1.0,0.1743457019329071,0.17600810527801514,0.11095651984214783,0.16906273365020752
7042,0.0,0.1743457019329071,0.18234193325042725,0.20260773599147797,0.18046626448631287
7043,0.0,0.1743457019329071,0.1493312120437622,0.15170413255691528,0.16101332008838654
7044,0.0,0.17434567213058472,0.3361601233482361,0.21418800950050354,0.368534654378891
7566,1.0,0.12345392256975174,0.09439963102340698,0.1032765731215477,0.1220339834690094
7567,1.0,0.123453788459301,0.23170381784439087,0.26210030913352966,0.2709047198295593
7568,1.0,0.123453788459301,0.11489778757095337,0.1931830644607544,0.12839916348457336
7569,1.0,0.123453788459301,0.17847079038619995,0.1968843936920166,0.24780771136283875
7570,1.0,0.1234537735581398,0.2880035638809204,0.27222052216529846,0.3734532296657562
7571,1.0,0.1234537735581398,0.13706642389297485,0.30608201026916504,0.18931953608989716
7572,1.0,0.1234537735581398,0.2193349003791809,0.24523955583572388,0.3804932236671448
7573,1.0,0.1234537735581398,0.2028406858444214,0.22156859934329987,0.28415626287460327
7574,1.0,0.1234537735581398,0.27503645420074463,0.29577264189720154,0.3261050283908844
7575,1.0,0.12345375865697861,0.20349425077438354,0.3030779957771301,0.3718589246273041
7576,1.0,0.12345375865697861,0.24339228868484497,0.3444565534591675,0.2956998646259308
7577,1.0,0.12345375865697861,0.23173242807388306,0.3585050404071808,0.3839503824710846
7578,1.0,0.12345375865697861,0.3961678743362427,0.36812713742256165,0.5775031447410583
7579,1.0,0.12345375865697861,0.3717374801635742,0.44029560685157776,0.5394172668457031
7580,1.0,0.12345375865697861,0.4126243591308594,0.4272817075252533,0.5808927416801453
7581,1.0,0.12345375865697861,0.4453431963920593,0.5242321491241455,0.6295124888420105
7582,1.0,0.12345375865697861,0.5014090538024902,0.7432814240455627,0.8292797207832336
7583,1.0,0.12345375865697861,0.45026588439941406,0.7341179251670837,0.7713615894317627
7584,1.0,0.12345375865697861,0.3726067543029785,0.5841394066810608,0.6483301520347595
7585,1.0,0.12345372885465622,0.3175259232521057,0.39901086688041687,0.4882551431655884
7586,1.0,0.12345372885465622,0.2927514314651489,0.2973279654979706,0.35395610332489014
7587,1.0,0.12345372885465622,0.2751031517982483,0.35374775528907776,0.2996886372566223
7588,1.0,0.12345372885465622,0.2733393907546997,0.35593387484550476,0.26134979724884033
7589,1.0,0.12345372885465622,0.2690969705581665,0.3443881869316101,0.26367810368537903
7590,1.0,0.12345372885465622,0.20078980922698975,0.2987796366214752,0.18760177493095398
7591,1.0,0.12345372885465622,0.2051212191581726,0.23265600204467773,0.25533977150917053
7592,1.0,0.12345372885465622,0.20520472526550293,0.24202097952365875,0.34312906861305237
7593,1.0,0.12345372885465622,0.13051873445510864,0.19374461472034454,0.11219180375337601
7594,1.0,0.12345372885465622,0.17354583740234375,0.20209164917469025,0.19059179723262787
7595,1.0,0.12345371395349503,0.09336221218109131,0.13137486577033997,0.0639873743057251
7596,1.0,0.12345371395349503,0.15804380178451538,0.21146845817565918,0.20439165830612183
7597,1.0,0.12345371395349503,0.0879783034324646,0.13652773201465607,0.08388294279575348
7598,1.0,0.12345371395349503,0.06877410411834717,0.10958961397409439,0.08747579902410507
7599,1.0,0.12345371395349503,0.09104657173156738,0.173723042011261,0.07213608920574188
7600,1.0,0.12345370650291443,0.07911825180053711,0.11017338931560516,0.06468316167593002
7601,1.0,0.12345370650291443,0.04952192306518555,0.15336690843105316,0.05519764497876167
7602,1.0,0.12345370650291443,0.04781496524810791,0.08762703835964203,0.05419188365340233
7603,1.0,0.12345370650291443,0.05693572759628296,0.13351118564605713,0.05709043890237808
7604,1.0,0.12345370650291443,0.08052074909210205,0.3376045227050781,0.09766432642936707
7605,1.0,0.12345369160175323,0.1250043511390686,0.1682721972465515,0.12718363106250763
7606,1.0,0.12345369160175323,0.14035934209823608,0.12745903432369232,0.12276966869831085
7607,1.0,0.12345369160175323,0.08453577756881714,0.1292342096567154,0.06756648421287537
7608,1.0,0.12345369160175323,0.06615662574768066,0.11082879453897476,0.07886268198490143
7609,1.0,0.12345369160175323,0.03839808702468872,0.1214151605963707,0.034353144466876984
7610,1.0,0.12345367670059204,0.05858206748962402,0.08253459632396698,0.050665274262428284
7611,1.0,0.12345367670059204,0.12644517421722412,0.12446974217891693,0.13274626433849335
7612,1.0,0.12345367670059204,0.1330399513244629,0.13404075801372528,0.17279835045337677
7613,1.0,0.12345367670059204,0.09171003103256226,0.0808461457490921,0.11109030246734619
7614,1.0,0.12345367670059204,0.18011504411697388,0.16287671029567719,0.14860378205776215
7615,1.0,0.12345366179943085,0.18548965454101562,0.1857282519340515,0.19477388262748718
7616,1.0,0.12345366179943085,0.24366652965545654,0.2284603863954544,0.39277249574661255
7617,1.0,0.12345366179943085,0.120322585105896,0.1089271679520607,0.09102576225996017
7618,1.0,0.12345366179943085,0.2033877968788147,0.1598077118396759,0.4019286334514618
8140,1.0,0.09729216992855072,0.20149201154708862,0.3197486996650696,0.26723816990852356
8141,1.0,0.09729206562042236,0.30730104446411133,0.42117464542388916,0.6254509091377258
8142,1.0,0.09729206562042236,0.30003654956817627,0.31400761008262634,0.3902577757835388
8143,1.0,0.09729206562042236,0.3171020746231079,0.2905229330062866,0.4618813693523407
8144,1.0,0.09729206562042236,0.1879279613494873,0.19033783674240112,0.2331499457359314
8145,1.0,0.09729206562042236,0.2753538489341736,0.18286754190921783,0.48777055740356445
8146,1.0,0.09729206562042236,0.2550904154777527,0.19088158011436462,0.4005255103111267
8147,1.0,0.09729206562042236,0.1429213285446167,0.21322664618492126,0.21529309451580048
8148,1.0,0.09729204326868057,0.3272625207901001,0.5217317938804626,0.6114022731781006
8149,1.0,0.09729204326868057,0.33177924156188965,0.23368234932422638,0.5618270635604858
8150,1.0,0.09729204326868057,0.28621888160705566,0.2446250468492508,0.44850054383277893
8151,1.0,0.09729204326868057,0.26943886280059814,0.18539759516716003,0.414934903383255
8152,1.0,0.09729204326868057,0.2807735800743103,0.25154775381088257,0.39874252676963806
8153,1.0,0.09729204326868057,0.26127809286117554,0.20863687992095947,0.3664435148239136
8154,1.0,0.09729204326868057,0.29057854413986206,0.1975586712360382,0.4654337763786316
8155,1.0,0.09729204326868057,0.2516562342643738,0.20442059636116028,0.342197984457016
8156,1.0,0.09729204326868057,0.24767136573791504,0.16647976636886597,0.31713682413101196
8157,1.0,0.09729204326868057,0.26604312658309937,0.2074883133172989,0.39700523018836975
8158,1.0,0.09729202836751938,0.23911315202713013,0.15512941777706146,0.3433939814567566
8159,1.0,0.09729202836751938,0.23305678367614746,0.17736470699310303,0.3231315612792969
8160,1.0,0.09729202836751938,0.21453619003295898,0.15832477807998657,0.2851150929927826
8161,1.0,0.09729202836751938,0.16279572248458862,0.1761774718761444,0.2438001185655594
8162,1.0,0.09729202836751938,0.14230239391326904,0.16339349746704102,0.18916602432727814
8163,1.0,0.09729202836751938,0.14123886823654175,0.19692547619342804,0.20328989624977112
8164,1.0,0.09729202836751938,0.1549202799797058,0.16558890044689178,0.207034632563591
8165,1.0,0.09729202836751938,0.17262446880340576,0.15262073278427124,0.25663042068481445
8166,1.0,0.09729202836751938,0.12968683242797852,0.1971626877784729,0.23157459497451782
8167,1.0,0.09729202836751938,0.1414097547531128,0.17882533371448517,0.193424254655838
8168,1.0,0.09729199856519699,0.1307353973388672,0.19839681684970856,0.23667065799236298
8169,1.0,0.09729199856519699,0.13110661506652832,0.19266489148139954,0.25672146677970886
8170,1.0,0.09729199856519699,0.13401097059249878,0.2149282544851303,0.21866603195667267
8171,1.0,0.09729199856519699,0.0766332745552063,0.12698015570640564,0.10017217695713043
8172,1.0,0.09729199856519699,0.0936700701713562,0.14421740174293518,0.15892131626605988
8173,1.0,0.09729199856519699,0.11065125465393066,0.15068292617797852,0.18623976409435272
8174,1.0,0.09729199856519699,0.1353716254234314,0.15890486538410187,0.21322055160999298
8175,1.0,0.09729199856519699,0.09989708662033081,0.20672187209129333,0.13997836410999298
8176,1.0,0.09729199856519699,0.06404983997344971,0.1459348499774933,0.08428162336349487
8177,1.0,0.09729199856519699,0.05026602745056152,0.10783735662698746,0.06033598631620407
8178,1.0,0.0972919836640358,0.0501822829246521,0.1101250946521759,0.07205042243003845
8179,1.0,0.0972919836640358,0.07663154602050781,0.11812210083007812,0.10732291638851166
8180,1.0,0.0972919836640358,0.10628610849380493,0.14760571718215942,0.16561757028102875
8181,1.0,0.0972919836640358,0.06304621696472168,0.10697199404239655,0.07834627479314804
8182,1.0,0.0972919836640358,0.0590326189994812,0.10706408321857452,0.07713983952999115
8183,1.0,0.0972919836640358,0.10413175821304321,0.13670384883880615,0.15744784474372864
8184,1.0,0.0972919836640358,0.07759559154510498,0.11637917906045914,0.1226615309715271
8185,1.0,0.0972919836640358,0.07956665754318237,0.1197078675031662,0.09134650230407715
8186,1.0,0.0972919836640358,0.050297558307647705,0.08161007612943649,0.05771670117974281
8187,1.0,0.0972919836640358,0.22436118125915527,0.15935350954532623,0.2957261800765991
8188,1.0,0.09729195386171341,0.26243895292282104,0.23877711594104767,0.34420785307884216
8189,1.0,0.09729195386171341,0.1402430534362793,0.17096103727817535,0.1734882891178131
8190,1.0,0.09729195386171341,0.1460689902305603,0.2681742310523987,0.16200631856918335
8191,1.0,0.09729195386171341,0.16462308168411255,0.31033527851104736,0.20480303466320038
8192,1.0,0.09729195386171341,0.40605491399765015,0.4076897203922272,0.6177740097045898
8714,1.0,0.1094038337469101,0.6927044987678528,0.6168794631958008,0.8168317675590515
8715,1.0,0.10940372198820114,0.5372687578201294,0.6319674253463745,0.8098807334899902
8716,1.0,0.10940372198820114,0.5137350559234619,0.6965370774269104,0.7840164303779602
8717,1.0,0.10940372198820114,0.5592249631881714,0.662795901298523,0.7829270958900452
8718,1.0,0.10940372198820114,0.4788883924484253,0.6370028853416443,0.7687629461288452
8719,1.0,0.10940372198820114,0.5375550985336304,0.6663572788238525,0.7844365835189819
8720,1.0,0.10940372198820114,0.5412254333496094,0.6869418621063232,0.7890994548797607
8721,1.0,0.10940372198820114,0.5313848853111267,0.7248350977897644,0.7896288633346558
8722,1.0,0.10940372198820114,0.5074101686477661,0.722596287727356,0.7577071189880371
8723,1.0,0.10940369218587875,0.6230707168579102,0.6657789945602417,0.8881085515022278
8724,1.0,0.10940369218587875,0.4715067744255066,0.7000336050987244,0.7939677238464355
8725,1.0,0.10940369218587875,0.49232542514801025,0.6349669694900513,0.7717607021331787
8726,1.0,0.10940369218587875,0.46725618839263916,0.6028215885162354,0.6214069128036499
8727,1.0,0.10940369218587875,0.48190295696258545,0.546517014503479,0.559816837310791
8728,1.0,0.10940369218587875,0.4779931902885437,0.5446173548698425,0.7058840990066528
8729,1.0,0.10940369218587875,0.5453224778175354,0.6635432839393616,0.7983989715576172
8730,1.0,0.10940369218587875,0.47235536575317383,0.6108387112617493,0.6491000652313232
8731,1.0,0.10940369218587875,0.518561065196991,0.5675899386405945,0.7583169341087341
8732,1.0,0.10940369218587875,0.37044453620910645,0.4796088635921478,0.6340572834014893
8733,1.0,0.10940366983413696,0.3381679058074951,0.3456709384918213,0.4563487470149994
8734,1.0,0.10940366983413696,0.34405314922332764,0.24013973772525787,0.5203554630279541
8735,0.0,0.10940366983413696,0.3329552412033081,0.22608250379562378,0.41220372915267944
8736,1.0,0.10940366983413696,0.3770023584365845,0.43644893169403076,0.45920711755752563
8737,1.0,0.10940366983413696,0.3719481825828552,0.3532164692878723,0.4399678707122803
8738,1.0,0.10940366983413696,0.43621909618377686,0.426224946975708,0.5507976412773132
8739,1.0,0.10940366983413696,0.2843518853187561,0.34032154083251953,0.41227924823760986
8740,0.0,0.10940366983413696,0.23997139930725098,0.28192079067230225,0.23217523097991943
8741,1.0,0.10940366983413696,0.26759982109069824,0.35555708408355713,0.36069852113723755
8742,1.0,0.10940366983413696,0.267622709274292,0.3180350661277771,0.28139129281044006
8743,0.0,0.10940366983413696,0.25987643003463745,0.2308732122182846,0.24674490094184875
8744,1.0,0.10940364748239517,0.307577908039093,0.31642499566078186,0.31295594573020935
8745,1.0,0.10940364748239517,0.19683891534805298,0.2161850482225418,0.1756144016981125
8746,1.0,0.10940364748239517,0.14705276489257812,0.2739570140838623,0.12737511098384857
8747,0.0,0.10940364748239517,0.15801912546157837,0.16913244128227234,0.1330423504114151
8748,0.0,0.10940364748239517,0.13715511560440063,0.11759572476148605,0.11254824697971344
8749,0.0,0.10940364748239517,0.137640118598938,0.20663803815841675,0.12083939462900162
8750,1.0,0.10940364748239517,0.2060529589653015,0.3236715793609619,0.17418664693832397
8751,1.0,0.10940364748239517,0.16580307483673096,0.19664791226387024,0.14749276638031006
8752,1.0,0.10940364748239517,0.15075170993804932,0.1863505244255066,0.12991690635681152
8753,1.0,0.10940364748239517,0.16331923007965088,0.20150741934776306,0.1469835638999939
8754,1.0,0.10940362513065338,0.1931251883506775,0.2359112799167633,0.19516703486442566
8755,1.0,0.10940362513065338,0.18328499794006348,0.2288198322057724,0.20983438193798065
8756,1.0,0.10940362513065338,0.18157148361206055,0.20087656378746033,0.21374797821044922
8757,1.0,0.10940362513065338,0.16148799657821655,0.18295569717884064,0.16975903511047363
8758,1.0,0.10940362513065338,0.2652708888053894,0.2959938943386078,0.3577145040035248
8759,1.0,0.10940362513065338,0.30099815130233765,0.322824090719223,0.41599029302597046
8760,1.0,0.10940362513065338,0.23342007398605347,0.19285047054290771,0.17418192327022552
8761,1.0,0.10940362513065338,0.31388014554977417,0.47994324564933777,0.40179917216300964
8762,1.0,0.10940362513065338,0.3759297728538513,0.5697590112686157,0.5103626847267151
8763,1.0,0.10940362513065338,0.489748477935791,0.6498203277587891,0.6773070693016052
8764,1.0,0.10940360277891159,0.35625892877578735,0.434644877910614,0.5123378038406372
8765,0.0,0.10940360277891159,0.25139319896698,0.3563181757926941,0.26014235615730286
8766,0.0,0.10940360277891159,0.5019041299819946,0.4197932481765747,0.7136622071266174
9288,1.0,0.27933692932128906,0.5759929418563843,0.6085007190704346,0.8686381578445435
9289,1.0,0.27933672070503235,0.4580925703048706,0.695027768611908,0.823913037776947
9290,1.0,0.27933669090270996,0.387667179107666,0.6426984667778015,0.7170488834381104
9291,1.0,0.27933669090270996,0.5242607593536377,0.7621843218803406,0.9476126432418823
9292,1.0,0.27933669090270996,0.5158324241638184,0.8103302121162415,0.9720582365989685
9293,1.0,0.27933669090270996,0.4347727298736572,0.7817733287811279,0.9213196635246277
9294,1.0,0.27933669090270996,0.41820329427719116,0.742586076259613,0.923102617263794
9295,1.0,0.27933669090270996,0.4070826768875122,0.7625165581703186,0.9102093577384949
9296,1.0,0.27933669090270996,0.523200511932373,0.707669198513031,0.896117627620697
9297,1.0,0.27933669090270996,0.4812732934951782,0.7882290482521057,0.9423641562461853
9298,1.0,0.2793366611003876,0.4358590245246887,0.7846685647964478,0.8997034430503845
9299,1.0,0.2793366611003876,0.3961579203605652,0.8281190991401672,0.8976945281028748
9300,1.0,0.2793366611003876,0.4290757179260254,0.6776331663131714,0.8321737051010132
9301,1.0,0.2793366611003876,0.5565330982208252,0.7190988063812256,0.9579505324363708
9302,1.0,0.2793366611003876,0.37750887870788574,0.8477272987365723,0.9232509136199951
9303,1.0,0.2793366611003876,0.4695485234260559,0.7912260890007019,0.9492907524108887
9304,1.0,0.2793366611003876,0.4678890109062195,0.7971519827842712,0.9267117977142334
9305,1.0,0.2793366312980652,0.4458199739456177,0.7409082055091858,0.9057511687278748
9306,1.0,0.2793366312980652,0.42963922023773193,0.7877081036567688,0.8425525426864624
9307,1.0,0.2793366312980652,0.4808310270309448,0.7583383917808533,0.8592326641082764
9308,1.0,0.2793366312980652,0.5089879035949707,0.8223947286605835,0.8881139159202576
9309,1.0,0.2793366611003876,0.49645084142684937,0.8199794888496399,0.9619864821434021
9310,1.0,0.2793366611003876,0.45236819982528687,0.7853024005889893,0.9047379493713379
9311,1.0,0.2793366611003876,0.43032658100128174,0.7728947997093201,0.9040115475654602
9312,1.0,0.2793366014957428,0.4175785183906555,0.6865891814231873,0.7724180817604065
9313,1.0,0.2793366014957428,0.41795945167541504,0.6702319383621216,0.8537037372589111
9314,1.0,0.2793366014957428,0.3930319547653198,0.4720693826675415,0.7497759461402893
9315,1.0,0.2793366014957428,0.41166162490844727,0.4872504770755768,0.7937180995941162
9316,1.0,0.2793366014957428,0.4499945640563965,0.5288455486297607,0.8478928804397583
9317,1.0,0.2793366014957428,0.4717250466346741,0.5575517416000366,0.9368551969528198
9318,1.0,0.27933669090270996,0.37849128246307373,0.544032871723175,0.899011492729187
9319,1.0,0.2793366611003876,0.26425158977508545,0.4766647219657898,0.7497989535331726
9320,1.0,0.27933672070503235,0.2511308789253235,0.4310225546360016,0.40583884716033936
9321,1.0,0.2793368399143219,0.29477715492248535,0.45383360981941223,0.38396957516670227
9322,1.0,0.27933669090270996,0.2512553334236145,0.3667812645435333,0.452830046415329
9323,1.0,0.2793366312980652,0.2443830370903015,0.39331844449043274,0.3607226312160492
9324,1.0,0.2793365716934204,0.22743606567382812,0.41102004051208496,0.3656609058380127
9325,1.0,0.279336541891098,0.2234826683998108,0.2732142508029938,0.2673525810241699
9326,1.0,0.279336541891098,0.21264749765396118,0.35221919417381287,0.2779386043548584
9327,1.0,0.279336541891098,0.16631364822387695,0.23064015805721283,0.19505006074905396
9328,1.0,0.279336541891098,0.20924317836761475,0.20220525562763214,0.2498294711112976
9329,1.0,0.27933651208877563,0.21789807081222534,0.2320636510848999,0.25211986899375916
9330,1.0,0.27933651208877563,0.16896283626556396,0.22312426567077637,0.15868231654167175
9331,1.0,0.27933651208877563,0.1770341396331787,0.18135640025138855,0.26113343238830566
9332,1.0,0.27933651208877563,0.21126693487167358,0.17623275518417358,0.20555967092514038
9333,1.0,0.27933651208877563,0.16542106866836548,0.2274782806634903,0.14144863188266754
9334,1.0,0.27933651208877563,0.14163529872894287,0.18617355823516846,0.1714581400156021
9335,1.0,0.27933651208877563,0.09307020902633667,0.217487633228302,0.13022935390472412
9336,1.0,0.27933648228645325,0.08129984140396118,0.2006852924823761,0.10651103407144547
9337,1.0,0.27933648228645325,0.08002978563308716,0.17912417650222778,0.08597094565629959
9338,0.0,0.27933645248413086,0.07331728935241699,0.2033027857542038,0.08389628678560257
9339,1.0,0.27933645248413086,0.19477540254592896,0.25322628021240234,0.21165548264980316
9340,0.0,0.27933645248413086,0.15686488151550293,0.17194326221942902,0.21295717358589172
9862,1.0,0.027265585958957672,0.5326721668243408,0.5946570634841919,0.6418761610984802
9863,0.0,0.027265556156635284,0.37164855003356934,0.5848492383956909,0.6915942430496216
9864,1.0,0.027265556156635284,0.3613818287849426,0.6104432940483093,0.6159292459487915
9865,1.0,0.027265556156635284,0.4376497268676758,0.6009665727615356,0.7007736563682556
9866,1.0,0.027265556156635284,0.44426673650741577,0.6067689061164856,0.7006486654281616
9867,1.0,0.027265556156635284,0.3718499541282654,0.573698103427887,0.5921920537948608
9868,0.0,0.027265556156635284,0.4986148476600647,0.5119216442108154,0.7087976932525635
9869,0.0,0.027265556156635284,0.4027724862098694,0.539971649646759,0.5358682870864868
9870,0.0,0.027265550568699837,0.4048527479171753,0.5553873777389526,0.5722476243972778
9871,0.0,0.027265550568699837,0.5711473226547241,0.6332561373710632,0.7962164878845215
9872,1.0,0.027265550568699837,0.4121830463409424,0.6056169867515564,0.5153655409812927
9873,0.0,0.027265550568699837,0.48472803831100464,0.6645528078079224,0.7289778590202332
9874,1.0,0.027265550568699837,0.508988082408905,0.5879174470901489,0.6677961945533752
9875,1.0,0.027265550568699837,0.4506458640098572,0.519974946975708,0.6483460068702698
9876,0.0,0.027265550568699837,0.41561639308929443,0.5605084300041199,0.5374259352684021
9877,0.0,0.027265550568699837,0.36820489168167114,0.5583912134170532,0.46069401502609253
9878,1.0,0.027265550568699837,0.39313262701034546,0.5736526250839233,0.47488802671432495
9879,0.0,0.027265550568699837,0.4537157416343689,0.5816159844398499,0.6285187005996704
9880,1.0,0.02726554125547409,0.3809993267059326,0.4906367361545563,0.4204988181591034
9881,1.0,0.02726554125547409,0.36303287744522095,0.4349074363708496,0.42179837822914124
9882,1.0,0.02726554125547409,0.45810556411743164,0.5042532086372375,0.45148900151252747
9883,1.0,0.02726554125547409,0.3790345788002014,0.39347168803215027,0.37898746132850647
9884,1.0,0.02726554125547409,0.4075508713722229,0.5273075103759766,0.378182977437973
9885,1.0,0.02726554125547409,0.34704500436782837,0.28336361050605774,0.2608966827392578
9886,1.0,0.02726554125547409,0.2918696403503418,0.31959980726242065,0.2804938852787018
9887,1.0,0.02726554125547409,0.19997817277908325,0.3162764012813568,0.24305973947048187
9888,0.0,0.02726554125547409,0.18954545259475708,0.25214719772338867,0.16219595074653625
9889,0.0,0.02726554125547409,0.16938143968582153,0.24586468935012817,0.15620197355747223
9890,0.0,0.027265535667538643,0.14700502157211304,0.27334609627723694,0.11986188590526581
9891,0.0,0.027265535667538643,0.18619310855865479,0.24604973196983337,0.11215057224035263
9892,0.0,0.027265535667538643,0.1436137557029724,0.20684166252613068,0.09493694454431534
9893,0.0,0.027265535667538643,0.08942157030105591,0.22591497004032135,0.035221561789512634
9894,0.0,0.027265535667538643,0.05306357145309448,0.21877191960811615,0.04526683688163757
9895,0.0,0.027265535667538643,0.043930649757385254,0.20821012556552887,0.04444028064608574
9896,0.0,0.027265535667538643,0.10489171743392944,0.23590458929538727,0.06333755701780319
9897,0.0,0.027265535667538643,0.04461324214935303,0.19931164383888245,0.044789742678403854
9898,0.0,0.027265535667538643,0.044285714626312256,0.18822209537029266,0.053903885185718536
9899,0.0,0.027265535667538643,0.06789225339889526,0.2499738335609436,0.0631992295384407
9900,0.0,0.027265530079603195,0.06643790006637573,0.1333104521036148,0.04290437698364258
9901,0.0,0.027265530079603195,0.11806303262710571,0.191426083445549,0.11101775616407394
9902,0.0,0.027265530079603195,0.18243283033370972,0.25811439752578735,0.12129820138216019
9903,1.0,0.027265530079603195,0.09434300661087036,0.28674307465553284,0.047542184591293335
9904,0.0,0.027265530079603195,0.08001989126205444,0.20537571609020233,0.07130803167819977
9905,0.0,0.027265530079603195,0.09403324127197266,0.13627631962299347,0.053195878863334656
9906,0.0,0.027265530079603195,0.21591198444366455,0.22182504832744598,0.2659488022327423
9907,0.0,0.027265530079603195,0.31413137912750244,0.404691606760025,0.27106621861457825
9908,0.0,0.027265530079603195,0.19766390323638916,0.19284234941005707,0.18874141573905945
9909,0.0,0.027265530079603195,0.24746936559677124,0.2809090316295624,0.2774465084075928
9910,0.0,0.02726552076637745,0.3415336012840271,0.43759146332740784,0.4565947949886322
9911,0.0,0.02726552076637745,0.3260141611099243,0.506528377532959,0.29822713136672974
9912,0.0,0.02726552076637745,0.3932228088378906,0.6911795139312744,0.5467554330825806
9913,0.0,0.02726552076637745,0.2539478540420532,0.37328508496284485,0.24160489439964294
9914,0.0,0.02726552076637745,0.45030128955841064,0.4304874539375305,0.5637481212615967
10436,1.0,0.17428766191005707,0.13664931058883667,0.20881272852420807,0.11668205261230469
10437,1.0,0.17428749799728394,0.13392841815948486,0.3793713450431824,0.19524431228637695
10438,1.0,0.17428749799728394,0.39987754821777344,0.5022273659706116,0.5595643520355225
10439,1.0,0.17428749799728394,0.4096086621284485,0.3891092538833618,0.6370989680290222
10440,1.0,0.17428749799728394,0.37621885538101196,0.5024200081825256,0.6852854490280151
10441,1.0,0.17428748309612274,0.5073642730712891,0.6328998804092407,0.8137263655662537
10442,1.0,0.17428748309612274,0.5941752791404724,0.7712341547012329,0.9195769429206848
10443,1.0,0.17428748309612274,0.5978341102600098,0.8238067626953125,0.9602333307266235
10444,1.0,0.17428748309612274,0.4654949903488159,0.7770030498504639,0.9126535654067993
10445,1.0,0.17428748309612274,0.480410635471344,0.771638810634613,0.8681106567382812
10446,1.0,0.17428745329380035,0.44470590353012085,0.7336528301239014,0.8499376177787781
10447,1.0,0.17428745329380035,0.4889536499977112,0.6791258454322815,0.9012385010719299
10448,1.0,0.17428745329380035,0.5912386178970337,0.7982897758483887,0.9419469833374023
10449,1.0,0.17428745329380035,0.6171596050262451,0.8100550770759583,0.969563364982605
10450,1.0,0.17428745329380035,0.5313383340835571,0.8584257960319519,0.9620466232299805
10451,1.0,0.17428745329380035,0.5486847162246704,0.8294652104377747,0.9613097310066223
10452,1.0,0.17428745329380035,0.4651711583137512,0.8536413311958313,0.9492181539535522
10453,1.0,0.17428745329380035,0.41548359394073486,0.8880874514579773,0.9392606019973755
10454,1.0,0.17428743839263916,0.413332462310791,0.8499478697776794,0.9094597101211548
10455,1.0,0.17428743839263916,0.4590553045272827,0.9037489891052246,0.9379556179046631
10456,1.0,0.17428743839263916,0.39243870973587036,0.8663045167922974,0.8752914667129517
10457,1.0,0.17428743839263916,0.45347946882247925,0.7720848321914673,0.8953939080238342
10458,1.0,0.17428742349147797,0.4566938877105713,0.7448463439941406,0.8567103743553162
10459,1.0,0.17428742349147797,0.4959135055541992,0.753775954246521,0.933761715888977
10460,1.0,0.17428742349147797,0.3993465304374695,0.7457693219184875,0.8028951287269592
10461,1.0,0.17428742349147797,0.42807918787002563,0.6777591705322266,0.8372743129730225
10462,1.0,0.17428740859031677,0.37707096338272095,0.6052815914154053,0.7940680384635925
10463,1.0,0.17428740859031677,0.30592548847198486,0.5326058864593506,0.6470705270767212
10464,1.0,0.17428740859031677,0.37043797969818115,0.5772704482078552,0.7535597085952759
10465,1.0,0.17428740859031677,0.3357919454574585,0.5654390454292297,0.626835823059082
10466,1.0,0.17428737878799438,0.3396143317222595,0.5197553038597107,0.5998409986495972
10467,1.0,0.17428737878799438,0.2891920804977417,0.427733451128006,0.5884644985198975
10468,1.0,0.17428737878799438,0.2455521821975708,0.3556859493255615,0.2961118221282959
10469,1.0,0.17428737878799438,0.20812225341796875,0.34710001945495605,0.2789585292339325
10470,1.0,0.17428737878799438,0.16598844528198242,0.2739745080471039,0.24960137903690338
10471,1.0,0.1742873638868332,0.1961337924003601,0.27022841572761536,0.33742162585258484
10472,1.0,0.1742873638868332,0.17538851499557495,0.19496722519397736,0.14728137850761414
10473,1.0,0.1742873638868332,0.16662126779556274,0.2505621612071991,0.15412767231464386
10474,1.0,0.1742873638868332,0.1458391547203064,0.2715292274951935,0.21666614711284637
10475,1.0,0.1742873638868332,0.18489307165145874,0.23470163345336914,0.22788110375404358
10476,1.0,0.174287348985672,0.12624305486679077,0.13103622198104858,0.1196938008069992
10477,1.0,0.174287348985672,0.156524658203125,0.18975083529949188,0.16357992589473724
10478,1.0,0.174287348985672,0.1344285011291504,0.1252460777759552,0.18986977636814117
10479,1.0,0.174287348985672,0.144137442111969,0.12079454958438873,0.15121731162071228
10480,1.0,0.174287348985672,0.07268691062927246,0.1163443773984909,0.10933253914117813
10481,1.0,0.1742873340845108,0.20688390731811523,0.15061788260936737,0.2567577660083771
10482,1.0,0.1742873340845108,0.18197941780090332,0.12605707347393036,0.2796630859375
10483,1.0,0.1742873340845108,0.10289716720581055,0.11528331786394119,0.09683478623628616
10484,1.0,0.1742873340845108,0.25100070238113403,0.2179623395204544,0.3158811330795288
10485,1.0,0.1742873340845108,0.07702678442001343,0.117599256336689,0.044984396547079086
10486,1.0,0.1742873340845108,0.1847003698348999,0.21584194898605347,0.21982383728027344
10487,1.0,0.1742873340845108,0.20437020063400269,0.21234849095344543,0.2976570725440979
10488,1.0,0.1742873340845108,0.2933605909347534,0.23771481215953827,0.5100721120834351
11010,1.0,0.09727748483419418,0.6512598991394043,0.7170689702033997,0.7079740166664124
11011,1.0,0.09727740287780762,0.5832023620605469,0.43959036469459534,0.8160842061042786
11012,0.0,0.09727738797664642,0.30335354804992676,0.46260151267051697,0.5401764512062073
11013,0.0,0.09727738797664642,0.34337788820266724,0.4678730368614197,0.5030251145362854
11014,1.0,0.09727738797664642,0.402504563331604,0.5823078751564026,0.6419568657875061
11015,1.0,0.09727738797664642,0.41656023263931274,0.5573641061782837,0.5574370622634888
11016,1.0,0.09727738797664642,0.28965020179748535,0.2974361479282379,0.3491154909133911
11017,0.0,0.09727738797664642,0.20347106456756592,0.2553137242794037,0.289304256439209
11018,0.0,0.09727738797664642,0.3283458352088928,0.3883489966392517,0.5246413350105286
11019,1.0,0.09727738797664642,0.369739294052124,0.3401108980178833,0.5261964201927185
11020,1.0,0.09727738797664642,0.23409748077392578,0.2894290089607239,0.335872620344162
11021,0.0,0.09727738797664642,0.23632436990737915,0.2230375111103058,0.3493550717830658
11022,0.0,0.09727735817432404,0.40847522020339966,0.3471376597881317,0.61052006483078
11023,1.0,0.09727735817432404,0.3578096032142639,0.3858414590358734,0.49992668628692627
11024,1.0,0.09727735817432404,0.46565139293670654,0.4249603748321533,0.7049100399017334
11025,1.0,0.09727735817432404,0.36366724967956543,0.3194209933280945,0.46454551815986633
11026,0.0,0.09727735817432404,0.3148338794708252,0.3363635838031769,0.5250831842422485
11027,1.0,0.09727735817432404,0.32445406913757324,0.3734937608242035,0.5137858986854553
11028,1.0,0.09727735817432404,0.32486945390701294,0.3070189952850342,0.5376215577125549
11029,1.0,0.09727735817432404,0.3966071605682373,0.3418740928173065,0.5872824788093567
11030,1.0,0.09727735817432404,0.33647072315216064,0.3155010938644409,0.5278118848800659
11031,1.0,0.09727735817432404,0.2820374369621277,0.24799588322639465,0.38001254200935364
11032,0.0,0.09727734327316284,0.3359838128089905,0.21955901384353638,0.4140862822532654
11033,1.0,0.09727734327316284,0.35501015186309814,0.26125890016555786,0.45213016867637634
11034,1.0,0.09727734327316284,0.35073697566986084,0.22206778824329376,0.4829421043395996
11035,1.0,0.09727734327316284,0.32061129808425903,0.21524040400981903,0.45501554012298584
11036,1.0,0.09727734327316284,0.21212905645370483,0.1457325965166092,0.2465062290430069
11037,0.0,0.09727734327316284,0.18031859397888184,0.13188301026821136,0.22634772956371307
11038,1.0,0.09727734327316284,0.21298116445541382,0.22087229788303375,0.2907305359840393
11039,1.0,0.09727734327316284,0.2265956997871399,0.1782279908657074,0.36729392409324646
11040,1.0,0.09727734327316284,0.27196383476257324,0.2152627557516098,0.40814509987831116
11041,1.0,0.09727734327316284,0.18769192695617676,0.1776842474937439,0.28882312774658203
11042,0.0,0.09727732092142105,0.17500954866409302,0.16669079661369324,0.29057765007019043
11043,1.0,0.09727732092142105,0.15968185663223267,0.12254221737384796,0.20970039069652557
11044,0.0,0.09727732092142105,0.16585558652877808,0.15373799204826355,0.22468049824237823
11045,0.0,0.09727732092142105,0.10306620597839355,0.11392233520746231,0.11182234436273575
11046,0.0,0.09727732092142105,0.09317910671234131,0.09934352338314056,0.09807636588811874
11047,0.0,0.09727732092142105,0.05733287334442139,0.1251554638147354,0.06297212839126587
11048,0.0,0.09727732092142105,0.06076318025588989,0.1338028907775879,0.0787099227309227
11049,0.0,0.09727732092142105,0.0819733738899231,0.13087141513824463,0.09592124819755554
11050,0.0,0.09727732092142105,0.07008147239685059,0.12058120965957642,0.08032438158988953
11051,0.0,0.09727732092142105,0.055037617683410645,0.0838809460401535,0.07340508699417114
11052,0.0,0.09727729856967926,0.07616162300109863,0.13714908063411713,0.08256424218416214
11053,0.0,0.09727729856967926,0.14100313186645508,0.13790148496627808,0.18940137326717377
11054,0.0,0.09727729856967926,0.09275764226913452,0.13722719252109528,0.09701156616210938
11055,0.0,0.09727729856967926,0.0773153305053711,0.14579907059669495,0.08493468165397644
11056,0.0,0.09727729856967926,0.15332674980163574,0.1673997938632965,0.19732388854026794
11057,1.0,0.09727729856967926,0.24038547277450562,0.2664273977279663,0.3816567361354828
11058,0.0,0.09727729856967926,0.3174528479576111,0.21538695693016052,0.46519994735717773
11059,0.0,0.09727729856967926,0.37826472520828247,0.46694132685661316,0.4922929108142853
11060,1.0,0.09727729856967926,0.26635926961898804,0.37481820583343506,0.36246010661125183
11061,0.0,0.09727729856967926,0.2568790912628174,0.2345685064792633,0.27610254287719727
11062,0.0,0.09727728366851807,0.2790690064430237,0.4363071620464325,0.3681076169013977
11584,0.0,0.14705805480480194,0.1868886947631836,0.29848289489746094,0.1960558444261551
11585,0.0,0.1470579206943512,0.21597564220428467,0.37168410420417786,0.2124951034784317
11586,0.0,0.14705790579319,0.16290593147277832,0.2301684021949768,0.1588522344827652
11587,0.0,0.14705790579319,0.20609396696090698,0.418331503868103,0.18540196120738983
11588,0.0,0.14705790579319,0.14098775386810303,0.22506846487522125,0.12728819251060486
11589,0.0,0.14705790579319,0.19009894132614136,0.4034380614757538,0.23087361454963684
11590,0.0,0.14705790579319,0.12016528844833374,0.2424553632736206,0.10112809389829636
11591,0.0,0.1470578908920288,0.09562015533447266,0.1748630553483963,0.07539892196655273
11592,0.0,0.1470578908920288,0.24071240425109863,0.2820591628551483,0.2702960968017578
11593,0.0,0.1470578908920288,0.17229455709457397,0.2219371795654297,0.15697956085205078
11594,0.0,0.1470578908920288,0.15130460262298584,0.23228541016578674,0.15044690668582916
11595,0.0,0.1470578908920288,0.18217355012893677,0.19120582938194275,0.20311525464057922
11596,0.0,0.14705787599086761,0.13808321952819824,0.2042701542377472,0.14767280220985413
11597,0.0,0.14705787599086761,0.227339506149292,0.24736885726451874,0.30111974477767944
11598,0.0,0.14705787599086761,0.16864734888076782,0.1909446269273758,0.11948688328266144
11599,0.0,0.14705787599086761,0.2554395794868469,0.37363606691360474,0.3137279450893402
11600,0.0,0.14705787599086761,0.30443042516708374,0.4458654820919037,0.40310436487197876
11601,0.0,0.14705786108970642,0.3505527973175049,0.5415952205657959,0.4287857711315155
11602,0.0,0.14705786108970642,0.3093191385269165,0.33089882135391235,0.3160199820995331
11603,0.0,0.14705786108970642,0.3167595863342285,0.3552079200744629,0.3793964385986328
11604,0.0,0.14705786108970642,0.3882237672805786,0.5107653141021729,0.46461403369903564
11605,1.0,0.14705786108970642,0.3784809708595276,0.4678928554058075,0.5676885843276978
11606,0.0,0.14705784618854523,0.33803892135620117,0.4421139061450958,0.37724563479423523
11607,0.0,0.14705784618854523,0.39807093143463135,0.3750370144844055,0.47680360078811646
11608,0.0,0.14705784618854523,0.4261443614959717,0.36519622802734375,0.5274649262428284
11609,0.0,0.14705784618854523,0.30943357944488525,0.32378143072128296,0.45141860842704773
11610,0.0,0.14705784618854523,0.22423028945922852,0.309980183839798,0.26284176111221313
11611,0.0,0.14705783128738403,0.35005390644073486,0.35071584582328796,0.4487170875072479
11612,1.0,0.14705783128738403,0.34907644987106323,0.2729838192462921,0.3917175233364105
11613,0.0,0.14705783128738403,0.3023117184638977,0.312951922416687,0.4723716378211975
11614,0.0,0.14705783128738403,0.35648393630981445,0.2978111505508423,0.4977068603038788
11615,1.0,0.14705783128738403,0.2978747487068176,0.3512474000453949,0.46726861596107483
11616,1.0,0.14705781638622284,0.21533221006393433,0.3558517396450043,0.32995733618736267
11617,1.0,0.14705781638622284,0.19184112548828125,0.34761738777160645,0.3702220916748047
11618,0.0,0.14705781638622284,0.17136156558990479,0.23105046153068542,0.1906719207763672
11619,1.0,0.14705781638622284,0.11035889387130737,0.14114472270011902,0.11559450626373291
11620,0.0,0.14705781638622284,0.0942302942276001,0.17197835445404053,0.08750560879707336
11621,0.0,0.14705780148506165,0.14854979515075684,0.24707737565040588,0.18030668795108795
11622,1.0,0.14705780148506165,0.13345807790756226,0.17722433805465698,0.16135263442993164
11623,1.0,0.14705780148506165,0.10273915529251099,0.14593487977981567,0.11962484568357468
11624,0.0,0.14705780148506165,0.0872042179107666,0.12144630402326584,0.07816635072231293
11625,0.0,0.14705780148506165,0.09191465377807617,0.11037928611040115,0.07201486080884933
11626,0.0,0.14705778658390045,0.11505252122879028,0.14397458732128143,0.10205497592687607
11627,0.0,0.14705778658390045,0.11818808317184448,0.13057294487953186,0.07728103548288345
11628,0.0,0.14705778658390045,0.14529341459274292,0.18284307420253754,0.15177470445632935
11629,0.0,0.14705778658390045,0.07897913455963135,0.13503026962280273,0.04800979420542717
11630,0.0,0.14705778658390045,0.15068399906158447,0.20268672704696655,0.1272333860397339
11631,1.0,0.14705777168273926,0.17775404453277588,0.2027766853570938,0.1429833173751831
11632,0.0,0.14705777168273926,0.17416077852249146,0.1729205995798111,0.12330861389636993
11633,0.0,0.14705777168273926,0.2681967616081238,0.23974929749965668,0.3073132336139679
11634,1.0,0.14705777168273926,0.1382657289505005,0.1438618153333664,0.08604930341243744
11635,0.0,0.14705777168273926,0.283780574798584,0.36012595891952515,0.2626979351043701
11636,0.0,0.14705775678157806,0.26425713300704956,0.2575029134750366,0.33863356709480286
12158,1.0,0.16485260426998138,0.16818058490753174,0.41017070412635803,0.313283771276474
12159,0.0,0.16485244035720825,0.17929869890213013,0.4366488754749298,0.40325355529785156
12160,0.0,0.16485244035720825,0.1719098687171936,0.4474336802959442,0.3174137771129608
12161,0.0,0.16485242545604706,0.16631346940994263,0.39907902479171753,0.2514430284500122
12162,0.0,0.16485242545604706,0.14094418287277222,0.3905566930770874,0.19637329876422882
12163,0.0,0.16485242545604706,0.1245276927947998,0.36930960416793823,0.11632256209850311
12164,0.0,0.16485242545604706,0.12211722135543823,0.3551749289035797,0.13918262720108032
12165,0.0,0.16485242545604706,0.2581113576889038,0.3746805489063263,0.3515338897705078
12166,0.0,0.16485239565372467,0.36063694953918457,0.5351362824440002,0.5185955762863159
12167,0.0,0.16485239565372467,0.3739846348762512,0.5242583155632019,0.6058300137519836
12168,0.0,0.16485239565372467,0.17588692903518677,0.3138149082660675,0.3204701840877533
12169,0.0,0.16485239565372467,0.2125292420387268,0.30670490860939026,0.32718953490257263
12170,0.0,0.16485239565372467,0.1839340329170227,0.20188656449317932,0.17749887704849243
12171,0.0,0.16485238075256348,0.26997703313827515,0.4052893817424774,0.34572479128837585
12172,0.0,0.16485238075256348,0.06617110967636108,0.2237710803747177,0.07845199108123779
12173,0.0,0.16485238075256348,0.10729151964187622,0.11871600151062012,0.09293209761381149
12174,0.0,0.16485238075256348,0.09997040033340454,0.12886035442352295,0.09066634625196457
12175,0.0,0.16485238075256348,0.06003308296203613,0.15683412551879883,0.05515735223889351
12176,0.0,0.16485238075256348,0.07517719268798828,0.10435551404953003,0.06830471009016037
12177,0.0,0.16485238075256348,0.07771843671798706,0.0574507899582386,0.06930810958147049
12178,0.0,0.16485238075256348,0.04731714725494385,0.16272880136966705,0.046102698892354965
12179,0.0,0.16485238075256348,0.07058286666870117,0.13032816350460052,0.08114331215620041
12180,0.0,0.16485238075256348,0.0964277982711792,0.07255860418081284,0.12483105808496475
12181,0.0,0.16485236585140228,0.06057161092758179,0.050422146916389465,0.04979340732097626
12182,0.0,0.16485236585140228,0.05919677019119263,0.031859856098890305,0.04750269278883934
12183,0.0,0.16485236585140228,0.06104022264480591,0.03245297074317932,0.053294528275728226
12184,0.0,0.16485236585140228,0.0368424654006958,0.031692683696746826,0.027871370315551758
12185,0.0,0.16485236585140228,0.04006296396255493,0.03433666005730629,0.032213374972343445
12186,0.0,0.16485236585140228,0.0801052451133728,0.07569035142660141,0.10141978412866592
12187,0.0,0.1648523509502411,0.07275670766830444,0.09761981666088104,0.07948406040668488
12188,0.0,0.1648523509502411,0.15067005157470703,0.18766450881958008,0.19395944476127625
12189,0.0,0.1648523509502411,0.07334274053573608,0.08877886831760406,0.06678934395313263
12190,0.0,0.1648523509502411,0.07537150382995605,0.09044994413852692,0.07089995592832565
12191,0.0,0.1648523509502411,0.06176877021789551,0.057795219123363495,0.049168672412633896
12192,0.0,0.1648523211479187,0.055034518241882324,0.05781148374080658,0.04647061973810196
12193,0.0,0.1648523211479187,0.047138750553131104,0.06992780417203903,0.03633981943130493
12194,0.0,0.1648523211479187,0.045454561710357666,0.05510558560490608,0.03462189808487892
12195,0.0,0.1648523211479187,0.043192267417907715,0.06438625603914261,0.030159834772348404
12196,0.0,0.1648523211479187,0.045454561710357666,0.05435287952423096,0.03843577951192856
12197,0.0,0.1648523062467575,0.043932199478149414,0.060998063534498215,0.03307787701487541
12198,0.0,0.1648523062467575,0.040846049785614014,0.06378961354494095,0.03739634528756142
12199,0.0,0.1648523062467575,0.03513169288635254,0.1015791967511177,0.031765639781951904
12200,0.0,0.1648523062467575,0.05832779407501221,0.0674431324005127,0.03952785208821297
12201,0.0,0.1648523062467575,0.030433595180511475,0.06037284806370735,0.020837051793932915
12202,0.0,0.16485227644443512,0.02807939052581787,0.08024022728204727,0.01711459457874298
12203,0.0,0.16485227644443512,0.03321892023086548,0.07376201450824738,0.01907460391521454
12204,0.0,0.16485227644443512,0.03327280282974243,0.08072347193956375,0.016820387914776802
12205,0.0,0.16485227644443512,0.032147765159606934,0.0758465901017189,0.016210634261369705
12206,0.0,0.16485227644443512,0.04364997148513794,0.08566591143608093,0.025167329236865044
12207,0.0,0.16485227644443512,0.04351526498794556,0.07736265659332275,0.023946812376379967
12208,0.0,0.16485227644443512,0.039862096309661865,0.09301383048295975,0.026078857481479645
12209,0.0,0.16485227644443512,0.04152631759643555,0.11275827139616013,0.02619297429919243
12210,0.0,0.16485227644443512,0.03748583793640137,0.10805664211511612,0.030514121055603027
12732,1.0,0.14701144397258759,0.1890464425086975,0.3854144215583801,0.30904877185821533
12733,0.0,0.14701129496097565,0.23770803213119507,0.4991624057292938,0.43961432576179504
12734,1.0,0.14701129496097565,0.2835480570793152,0.5316449999809265,0.4361194372177124
12735,1.0,0.14701129496097565,0.21488922834396362,0.33826273679733276,0.28324857354164124
12736,0.0,0.14701128005981445,0.19137591123580933,0.3691262900829315,0.2462516576051712
12737,0.0,0.14701128005981445,0.21670234203338623,0.47315993905067444,0.40324142575263977
12738,1.0,0.14701128005981445,0.2117929458618164,0.2757863402366638,0.44495341181755066
12739,0.0,0.14701128005981445,0.2133762240409851,0.3913172781467438,0.3732331097126007
12740,0.0,0.14701128005981445,0.27883774042129517,0.3496432602405548,0.42661941051483154
12741,0.0,0.14701126515865326,0.3092573285102844,0.383071631193161,0.4063434600830078
12742,0.0,0.14701126515865326,0.16237342357635498,0.24066132307052612,0.1494818925857544
12743,0.0,0.14701126515865326,0.15618747472763062,0.240385964512825,0.20875155925750732
12744,0.0,0.14701126515865326,0.12614738941192627,0.16947446763515472,0.14310182631015778
12745,0.0,0.14701126515865326,0.15169060230255127,0.14806358516216278,0.15739166736602783
12746,0.0,0.14701125025749207,0.11124992370605469,0.1400010734796524,0.12891916930675507
12747,0.0,0.14701125025749207,0.13781887292861938,0.16467007994651794,0.1248457282781601
12748,0.0,0.14701125025749207,0.11775082349777222,0.14948299527168274,0.10401211678981781
12749,0.0,0.14701125025749207,0.19882071018218994,0.2564329504966736,0.20827582478523254
12750,0.0,0.14701125025749207,0.1562022566795349,0.16927775740623474,0.11587794125080109
12751,0.0,0.14701123535633087,0.18090081214904785,0.2525594234466553,0.21205297112464905
12752,0.0,0.14701123535633087,0.1487182378768921,0.15001559257507324,0.14911067485809326
12753,0.0,0.14701123535633087,0.2500237226486206,0.2951301038265228,0.2633797228336334
12754,0.0,0.14701123535633087,0.15431374311447144,0.20591098070144653,0.15187834203243256
12755,0.0,0.14701123535633087,0.12220591306686401,0.14645600318908691,0.10922709107398987
12756,0.0,0.14701122045516968,0.15032035112380981,0.14562149345874786,0.1706141084432602
12757,0.0,0.14701122045516968,0.13766449689865112,0.14350219070911407,0.17214208841323853
12758,0.0,0.14701122045516968,0.16754752397537231,0.2776418924331665,0.18842242658138275
12759,0.0,0.14701122045516968,0.11556416749954224,0.15403829514980316,0.10308137536048889
12760,0.0,0.14701122045516968,0.0903170108795166,0.11503217369318008,0.07273372262716293
12761,0.0,0.14701120555400848,0.1324196457862854,0.21268784999847412,0.15327735245227814
12762,0.0,0.14701120555400848,0.13934838771820068,0.15432436764240265,0.13007116317749023
12763,0.0,0.14701120555400848,0.09884452819824219,0.14584052562713623,0.0914178267121315
12764,0.0,0.14701120555400848,0.09009826183319092,0.12907950580120087,0.09249185770750046
12765,0.0,0.14701120555400848,0.10321676731109619,0.1700100153684616,0.09885632991790771
12766,0.0,0.1470111906528473,0.09576994180679321,0.13182391226291656,0.09440472722053528
12767,0.0,0.1470111906528473,0.08145862817764282,0.11316324770450592,0.07105547934770584
12768,0.0,0.1470111906528473,0.06660395860671997,0.09555242955684662,0.060157354921102524
12769,0.0,0.1470111906528473,0.08263295888900757,0.09541992098093033,0.0790763571858406
12770,0.0,0.1470111906528473,0.06099015474319458,0.09543704241514206,0.05025901272892952
12771,0.0,0.1470111757516861,0.07852572202682495,0.08530494570732117,0.05351976677775383
12772,0.0,0.1470111757516861,0.07383066415786743,0.11012008786201477,0.07675763219594955
12773,0.0,0.1470111757516861,0.09323447942733765,0.10884396731853485,0.09671064466238022
12774,0.0,0.1470111757516861,0.06305569410324097,0.08919204771518707,0.04678221046924591
12775,0.0,0.1470111757516861,0.07963287830352783,0.09670546650886536,0.05378646031022072
12776,0.0,0.1470111608505249,0.07873415946960449,0.09387977421283722,0.05768657475709915
12777,0.0,0.1470111608505249,0.07749837636947632,0.09833034873008728,0.05651775375008583
12778,0.0,0.1470111608505249,0.06266111135482788,0.0995878204703331,0.04606509208679199
12779,0.0,0.1470111608505249,0.09194803237915039,0.12173979729413986,0.06770183145999908
12780,0.0,0.1470111608505249,0.09489160776138306,0.1835673302412033,0.08005823940038681
12781,0.0,0.1470111459493637,0.10414743423461914,0.12147702276706696,0.09415073692798615
12782,0.0,0.1470111459493637,0.0787394642829895,0.13841304183006287,0.08236858993768692
12783,0.0,0.1470111459493637,0.07660847902297974,0.11016453802585602,0.056452374905347824
12784,0.0,0.1470111459493637,0.11331331729888916,0.14475177228450775,0.09272720664739609
13306,0.0,0.12327182292938232,0.12205445766448975,0.19003792107105255,0.10075564682483673
13307,0.0,0.12327170372009277,0.2257610559463501,0.3779921531677246,0.22656473517417908
13308,0.0,0.12327170372009277,0.13335472345352173,0.19156906008720398,0.14089684188365936
13309,0.0,0.12327170372009277,0.18137520551681519,0.27127382159233093,0.1836952269077301
13310,0.0,0.12327170372009277,0.08218669891357422,0.10585026443004608,0.07626616954803467
13311,0.0,0.12327170372009277,0.09697490930557251,0.15203453600406647,0.07448722422122955
13312,0.0,0.12327167391777039,0.09563970565795898,0.15664176642894745,0.08660054206848145
13313,0.0,0.12327167391777039,0.09295684099197388,0.1279236376285553,0.10349488258361816
13314,0.0,0.12327167391777039,0.10210943222045898,0.15621472895145416,0.09560111910104752
13315,0.0,0.12327167391777039,0.22795861959457397,0.2619737386703491,0.29435962438583374
13316,0.0,0.12327167391777039,0.09459608793258667,0.18385770916938782,0.07241855561733246
13317,0.0,0.12327167391777039,0.11497682332992554,0.17834991216659546,0.09849262237548828
13318,0.0,0.12327167391777039,0.10085499286651611,0.15697810053825378,0.08896385133266449
13319,0.0,0.12327167391777039,0.1265946626663208,0.14052647352218628,0.12369504570960999
13320,0.0,0.12327167391777039,0.13267946243286133,0.19254811108112335,0.11642865091562271
13321,0.0,0.12327167391777039,0.11357724666595459,0.14977923035621643,0.08902964740991592
13322,0.0,0.123271644115448,0.1454181671142578,0.19129951298236847,0.17448373138904572
13323,0.0,0.123271644115448,0.11212050914764404,0.15285608172416687,0.11054316908121109
13324,0.0,0.123271644115448,0.13173216581344604,0.17563042044639587,0.10593855381011963
13325,0.0,0.123271644115448,0.17852920293807983,0.24105985462665558,0.1795933097600937
13326,0.0,0.123271644115448,0.2434799075126648,0.30696824193000793,0.21513059735298157
13327,0.0,0.123271644115448,0.11934119462966919,0.27722910046577454,0.07795877009630203
13328,0.0,0.123271644115448,0.21162539720535278,0.23399680852890015,0.18719935417175293
13329,0.0,0.123271644115448,0.14256757497787476,0.1939113736152649,0.12438349425792694
13330,0.0,0.123271644115448,0.17596673965454102,0.21884101629257202,0.14713919162750244
13331,0.0,0.123271644115448,0.23439300060272217,0.25515538454055786,0.3120061457157135
13332,0.0,0.12327162176370621,0.1973446011543274,0.2366335541009903,0.28700757026672363
13333,0.0,0.12327162176370621,0.14434534311294556,0.18903768062591553,0.2416895627975464
13334,0.0,0.12327162176370621,0.13836175203323364,0.15630865097045898,0.16771255433559418
13335,0.0,0.12327162176370621,0.18265098333358765,0.2112608551979065,0.23701131343841553
13336,1.0,0.12327162176370621,0.3851880431175232,0.29589441418647766,0.4478965103626251
13337,0.0,0.12327162176370621,0.21585440635681152,0.2433345466852188,0.3742977976799011
13338,0.0,0.12327162176370621,0.22326648235321045,0.196015402674675,0.2636200189590454
13339,0.0,0.12327162176370621,0.12204879522323608,0.1551552712917328,0.18331536650657654
13340,0.0,0.12327162176370621,0.08745664358139038,0.11607185006141663,0.11325500905513763
13341,0.0,0.12327162176370621,0.08748883008956909,0.08528607338666916,0.13877592980861664
13342,0.0,0.12327160686254501,0.11188578605651855,0.13561993837356567,0.1163720041513443
13343,0.0,0.12327160686254501,0.06385129690170288,0.10951273888349533,0.07489431649446487
13344,0.0,0.12327160686254501,0.06307172775268555,0.07181709259748459,0.07142172753810883
13345,0.0,0.12327160686254501,0.05160492658615112,0.05623399093747139,0.057954341173172
13346,0.0,0.12327160686254501,0.056049346923828125,0.0803113579750061,0.04123943671584129
13347,0.0,0.12327159196138382,0.05017876625061035,0.10483945906162262,0.05866530165076256
13348,0.0,0.12327159196138382,0.04815250635147095,0.06995690613985062,0.03973487392067909
13349,0.0,0.12327159196138382,0.052458882331848145,0.06090111285448074,0.03416329249739647
13350,0.0,0.12327159196138382,0.1458258032798767,0.1523357331752777,0.12742039561271667
13351,0.0,0.12327159196138382,0.1475040316581726,0.13726109266281128,0.11327854543924332
13352,0.0,0.12327159196138382,0.12393051385879517,0.17824386060237885,0.08308696746826172
13353,0.0,0.12327159196138382,0.14821195602416992,0.18567845225334167,0.1729108691215515
13354,0.0,0.12327159196138382,0.08353286981582642,0.10287373512983322,0.04405941441655159
13355,0.0,0.12327159196138382,0.0798114538192749,0.10496632754802704,0.05429598316550255
13356,0.0,0.12327159196138382,0.12657850980758667,0.14954037964344025,0.11662417650222778
13357,0.0,0.12327156215906143,0.2186117172241211,0.23706960678100586,0.20296324789524078
13358,0.0,0.12327156215906143,0.17423498630523682,0.21868900954723358,0.21228894591331482
13880,0.0,0.15561053156852722,0.3182242512702942,0.34130868315696716,0.38221651315689087
13881,0.0,0.15561038255691528,0.20546495914459229,0.3366110324859619,0.3196646571159363
13882,0.0,0.15561038255691528,0.2833624482154846,0.3716904819011688,0.37514597177505493
13883,0.0,0.15561038255691528,0.32196754217147827,0.45204558968544006,0.45157766342163086
13884,1.0,0.15561038255691528,0.3661903738975525,0.5685964226722717,0.5215639472007751
13885,0.0,0.15561038255691528,0.2386479377746582,0.337356299161911,0.26696139574050903
13886,0.0,0.1556103676557541,0.19607961177825928,0.2164963334798813,0.19974374771118164
13887,0.0,0.1556103676557541,0.14793723821640015,0.14749237895011902,0.19194810092449188
13888,0.0,0.1556103676557541,0.3378037214279175,0.4387224316596985,0.3667732775211334
13889,0.0,0.1556103676557541,0.32127559185028076,0.48307740688323975,0.40972885489463806
13890,0.0,0.1556103676557541,0.3303108811378479,0.3968099057674408,0.5994389653205872
13891,0.0,0.1556103378534317,0.35099369287490845,0.3182314932346344,0.5710850954055786
13892,0.0,0.1556103378534317,0.22323310375213623,0.20852579176425934,0.21446803212165833
13893,0.0,0.1556103378534317,0.2850677967071533,0.43823495507240295,0.37379586696624756
13894,0.0,0.1556103378534317,0.34348756074905396,0.5078537464141846,0.49621477723121643
13895,0.0,0.1556103378534317,0.3591768145561218,0.4730916917324066,0.5696828365325928
13896,0.0,0.1556103229522705,0.22311538457870483,0.2861183285713196,0.2536274194717407
13897,0.0,0.1556103229522705,0.20834392309188843,0.20519109070301056,0.22447507083415985
13898,0.0,0.1556103229522705,0.311981201171875,0.3131778836250305,0.47862184047698975
13899,0.0,0.1556103229522705,0.36946648359298706,0.4046541452407837,0.47921451926231384
13900,0.0,0.1556103229522705,0.29813152551651,0.399159699678421,0.4282679557800293
13901,0.0,0.15561030805110931,0.29710084199905396,0.24979405105113983,0.4153974652290344
13902,0.0,0.15561030805110931,0.35731303691864014,0.34966355562210083,0.6048667430877686
13903,0.0,0.15561030805110931,0.3342704772949219,0.32745224237442017,0.46747881174087524
13904,0.0,0.15561030805110931,0.4013206362724304,0.3706761598587036,0.599980354309082
13905,1.0,0.15561030805110931,0.35458624362945557,0.43898314237594604,0.6008964776992798
13906,0.0,0.15561030805110931,0.3007519841194153,0.2963828146457672,0.5741182565689087
13907,1.0,0.15561029314994812,0.4618825912475586,0.35425713658332825,0.653118371963501
13908,1.0,0.15561029314994812,0.3619411587715149,0.3089788854122162,0.543355405330658
13909,0.0,0.15561029314994812,0.34948641061782837,0.3453284800052643,0.5322337746620178
13910,1.0,0.15561029314994812,0.31691956520080566,0.30660176277160645,0.43165624141693115
13911,0.0,0.15561029314994812,0.2565276026725769,0.28348004817962646,0.5197667479515076
13912,1.0,0.15561027824878693,0.2531659007072449,0.38781923055648804,0.4886784851551056
13913,1.0,0.15561027824878693,0.18384450674057007,0.3342123329639435,0.3308955729007721
13914,0.0,0.15561027824878693,0.17570334672927856,0.23689082264900208,0.25429701805114746
13915,0.0,0.15561027824878693,0.13753962516784668,0.2541610300540924,0.14718939363956451
13916,0.0,0.15561027824878693,0.15807539224624634,0.28361523151397705,0.13223445415496826
13917,1.0,0.15561026334762573,0.15318936109542847,0.2652449905872345,0.26801764965057373
13918,1.0,0.15561026334762573,0.12869703769683838,0.18577027320861816,0.14394035935401917
13919,1.0,0.15561026334762573,0.15280181169509888,0.2060653120279312,0.21728180348873138
13920,1.0,0.15561026334762573,0.1441662311553955,0.19092974066734314,0.1737143099308014
13921,1.0,0.15561026334762573,0.1513824462890625,0.1891593635082245,0.19748781621456146
13922,1.0,0.15561023354530334,0.12629884481430054,0.18375912308692932,0.14608319103717804
13923,1.0,0.15561023354530334,0.13894855976104736,0.18442153930664062,0.11893744766712189
13924,1.0,0.15561023354530334,0.16406196355819702,0.16858316957950592,0.09945675730705261
13925,0.0,0.15561023354530334,0.16735470294952393,0.20773102343082428,0.13164350390434265
13926,0.0,0.15561023354530334,0.19082415103912354,0.24600684642791748,0.1776135414838791
13927,0.0,0.15561021864414215,0.17706483602523804,0.21608886122703552,0.1760236918926239
13928,0.0,0.15561021864414215,0.21816688776016235,0.20395423471927643,0.16598647832870483
13929,0.0,0.15561021864414215,0.23070144653320312,0.2481430023908615,0.1654912829399109
13930,0.0,0.15561021864414215,0.21031087636947632,0.2087472677230835,0.1733117699623108
13931,0.0,0.15561021864414215,0.2522445321083069,0.23990753293037415,0.27594834566116333
13932,0.0,0.15561021864414215,0.3459157943725586,0.2649274468421936,0.3745168447494507
14454,0.0,0.08560827374458313,0.5192272067070007,0.4828347861766815,0.6954398155212402
14455,1.0,0.08560818433761597,0.5059059858322144,0.5694841742515564,0.7236429452896118
14456,0.0,0.08560818433761597,0.5795542597770691,0.6199586987495422,0.8545343279838562
14457,1.0,0.08560818433761597,0.6515781879425049,0.6473414897918701,0.8306131362915039
14458,1.0,0.08560818433761597,0.6818654537200928,0.7118353247642517,0.9047747254371643
14459,1.0,0.08560818433761597,0.6615860462188721,0.7520658373832703,0.8991324305534363
14460,1.0,0.08560818433761597,0.6269680261611938,0.6790883541107178,0.8896628618240356
14461,0.0,0.08560818433761597,0.4244629144668579,0.5680105090141296,0.6879282593727112
14462,1.0,0.08560818433761597,0.3480190634727478,0.4669814109802246,0.5883851051330566
14463,0.0,0.08560818433761597,0.560970664024353,0.6216016411781311,0.7769409418106079
14464,1.0,0.08560816198587418,0.6079597473144531,0.6935813426971436,0.7679358720779419
14465,1.0,0.08560816198587418,0.5359772443771362,0.5629688501358032,0.7761598229408264
14466,1.0,0.08560816198587418,0.5655317306518555,0.5261659622192383,0.7754470705986023
14467,1.0,0.08560816198587418,0.46765798330307007,0.476173996925354,0.7213848829269409
14468,0.0,0.08560816198587418,0.4058994650840759,0.4750747084617615,0.5702887177467346
14469,0.0,0.08560816198587418,0.459378719329834,0.48822203278541565,0.6887557506561279
14470,1.0,0.08560816198587418,0.4954189658164978,0.5287154912948608,0.6778737902641296
14471,1.0,0.08560816198587418,0.49590760469436646,0.38038864731788635,0.6443715691566467
14472,1.0,0.08560816198587418,0.37233489751815796,0.3571561574935913,0.5622705817222595
14473,0.0,0.08560816198587418,0.342430055141449,0.30259862542152405,0.4453698992729187
14474,1.0,0.08560814708471298,0.4194933772087097,0.3526018261909485,0.5361278653144836
14475,1.0,0.08560814708471298,0.4217039942741394,0.22234120965003967,0.588287889957428
14476,0.0,0.08560814708471298,0.335898756980896,0.23187921941280365,0.5060003995895386
14477,1.0,0.08560814708471298,0.34082889556884766,0.278685063123703,0.4361848831176758
14478,1.0,0.08560814708471298,0.3394695520401001,0.2484343945980072,0.4936601519584656
14479,0.0,0.08560814708471298,0.3582010269165039,0.24472488462924957,0.509249746799469
14480,0.0,0.08560814708471298,0.18011099100112915,0.13892965018749237,0.2605706453323364
14481,0.0,0.08560814708471298,0.1604703664779663,0.14102306962013245,0.18542805314064026
14482,0.0,0.08560814708471298,0.1769447922706604,0.14882507920265198,0.3343079686164856
14483,1.0,0.08560814708471298,0.26892268657684326,0.24453984200954437,0.33775317668914795
14484,1.0,0.08560812473297119,0.2974039912223816,0.26924973726272583,0.3589246869087219
14485,0.0,0.08560812473297119,0.18958735466003418,0.13049931824207306,0.310147225856781
14486,1.0,0.08560812473297119,0.19227194786071777,0.19754765927791595,0.3052622973918915
14487,1.0,0.08560812473297119,0.2521730065345764,0.24491719901561737,0.4027760922908783
14488,1.0,0.08560812473297119,0.22331994771957397,0.25401636958122253,0.3302936851978302
14489,1.0,0.08560812473297119,0.17040538787841797,0.2677347958087921,0.21599072217941284
14490,1.0,0.08560812473297119,0.19175851345062256,0.25440922379493713,0.2433943897485733
14491,1.0,0.08560812473297119,0.149478018283844,0.2601418197154999,0.2899721562862396
14492,1.0,0.08560812473297119,0.23834919929504395,0.2540867030620575,0.2860074043273926
14493,1.0,0.08560812473297119,0.23011785745620728,0.24914494156837463,0.3112904727458954
14494,1.0,0.0856081023812294,0.19921082258224487,0.2005312442779541,0.18329453468322754
14495,1.0,0.0856081023812294,0.16342824697494507,0.1845502257347107,0.1511789858341217
14496,1.0,0.0856081023812294,0.17604988813400269,0.14459872245788574,0.21936316788196564
14497,1.0,0.0856081023812294,0.19161146879196167,0.1755029559135437,0.22600944340229034
14498,1.0,0.0856081023812294,0.2600253224372864,0.1985289454460144,0.30613622069358826
14499,1.0,0.0856081023812294,0.3268646001815796,0.25519871711730957,0.4061861038208008
14500,1.0,0.0856081023812294,0.2548895478248596,0.22030401229858398,0.22610856592655182
14501,1.0,0.0856081023812294,0.29529064893722534,0.31013911962509155,0.37857282161712646
14502,1.0,0.0856081023812294,0.3523191809654236,0.5296887159347534,0.5113598704338074
14503,1.0,0.0856081023812294,0.3508152365684509,0.3465779423713684,0.4522355794906616
14504,1.0,0.08560808002948761,0.28776127099990845,0.32616353034973145,0.3926135003566742
14505,1.0,0.08560808002948761,0.4595836400985718,0.520902693271637,0.6775001287460327
14506,1.0,0.08560808002948761,0.5519288778305054,0.5554909110069275,0.7556624412536621
15028,0.0,0.03311228007078171,0.5371731519699097,0.42381522059440613,0.8465355038642883
15029,0.0,0.03311224281787872,0.600516676902771,0.5008978247642517,0.8602241277694702
15030,1.0,0.03311224281787872,0.6216146945953369,0.5799573659896851,0.7963504195213318
15031,1.0,0.03311224281787872,0.5285119414329529,0.49635255336761475,0.8321144580841064
15032,0.0,0.03311224281787872,0.6135976314544678,0.5387730002403259,0.7090464234352112
15033,1.0,0.03311224281787872,0.5267823934555054,0.5162662863731384,0.7074917554855347
15034,0.0,0.03311224281787872,0.489787757396698,0.5150584578514099,0.6890983581542969
15035,0.0,0.03311223164200783,0.3973813056945801,0.35526520013809204,0.6346511244773865
15036,0.0,0.03311223164200783,0.4580309987068176,0.5399570465087891,0.6943737864494324
15037,0.0,0.03311223164200783,0.4490908980369568,0.45276764035224915,0.6664858460426331
15038,0.0,0.03311223164200783,0.5198236703872681,0.4829806089401245,0.7643986344337463
15039,0.0,0.03311223164200783,0.4475882053375244,0.48900389671325684,0.7668364644050598
15040,0.0,0.03311223164200783,0.36180049180984497,0.4334685206413269,0.5232419371604919
15041,0.0,0.03311223164200783,0.35232245922088623,0.42847657203674316,0.48200324177742004
15042,0.0,0.03311223164200783,0.2652919292449951,0.26544371247291565,0.3708367645740509
15043,0.0,0.03311223164200783,0.4292839765548706,0.380550742149353,0.6259161233901978
15044,0.0,0.03311223164200783,0.4181132912635803,0.3566306531429291,0.5894269943237305
15045,0.0,0.03311222419142723,0.37986618280410767,0.42835962772369385,0.5728008151054382
15046,0.0,0.03311222419142723,0.4095119833946228,0.3270614743232727,0.600361704826355
15047,0.0,0.03311222419142723,0.18041294813156128,0.19706785678863525,0.3362143337726593
15048,0.0,0.03311222419142723,0.42120110988616943,0.33812251687049866,0.5390702486038208
15049,0.0,0.03311222419142723,0.41709721088409424,0.34492674469947815,0.5846015810966492
15050,0.0,0.03311222419142723,0.3698495030403137,0.23681478202342987,0.4309391379356384
15051,0.0,0.03311222419142723,0.3073713779449463,0.2107011377811432,0.41379308700561523
15052,0.0,0.03311222419142723,0.30121874809265137,0.21916842460632324,0.42374780774116516
15053,0.0,0.03311222419142723,0.29673558473587036,0.19763465225696564,0.3753494918346405
15054,0.0,0.03311222419142723,0.20915228128433228,0.18460896611213684,0.2595440447330475
15055,0.0,0.033112216740846634,0.20169275999069214,0.223632350564003,0.21961523592472076
15056,0.0,0.033112216740846634,0.28077465295791626,0.24538324773311615,0.27033326029777527
15057,0.0,0.033112216740846634,0.22236508131027222,0.22476735711097717,0.2062748670578003
15058,0.0,0.033112216740846634,0.185785174369812,0.23832188546657562,0.20112954080104828
15059,0.0,0.033112216740846634,0.14027398824691772,0.22177796065807343,0.11580031365156174
15060,0.0,0.033112216740846634,0.07288813591003418,0.16707000136375427,0.10164342075586319
15061,0.0,0.033112216740846634,0.2099233865737915,0.26801759004592896,0.2815771698951721
15062,1.0,0.033112216740846634,0.20147758722305298,0.30444300174713135,0.21111027896404266
15063,0.0,0.033112216740846634,0.13577312231063843,0.20022383332252502,0.12953276932239532
15064,0.0,0.033112216740846634,0.07662308216094971,0.16225677728652954,0.11032886058092117
15065,0.0,0.033112216740846634,0.06383687257766724,0.24722987413406372,0.08823483437299728
15066,1.0,0.033112213015556335,0.09717589616775513,0.26462414860725403,0.16284146904945374
15067,1.0,0.033112213015556335,0.1623958945274353,0.17789286375045776,0.15303906798362732
15068,1.0,0.033112213015556335,0.18112540245056152,0.26806336641311646,0.1922081857919693
15069,1.0,0.033112213015556335,0.15174883604049683,0.17502304911613464,0.12671880424022675
15070,1.0,0.033112213015556335,0.15783172845840454,0.15275344252586365,0.11325258016586304
15071,1.0,0.033112213015556335,0.1933191418647766,0.1908191442489624,0.25284770131111145
15072,1.0,0.033112213015556335,0.1911320686340332,0.17562516033649445,0.24999386072158813
15073,0.0,0.033112213015556335,0.27402883768081665,0.2390456646680832,0.3808519244194031
15074,1.0,0.033112213015556335,0.24962496757507324,0.19579562544822693,0.2059345245361328
15075,1.0,0.033112213015556335,0.2670552134513855,0.2796803414821625,0.44586190581321716
15076,1.0,0.03311220183968544,0.40342020988464355,0.6302645802497864,0.5274319052696228
15077,1.0,0.03311220183968544,0.47238534688949585,0.5868767499923706,0.7244324088096619
15078,1.0,0.03311220183968544,0.31945937871932983,0.355875164270401,0.48889243602752686
15079,1.0,0.03311220183968544,0.3683270812034607,0.42378494143486023,0.5307551622390747
15080,1.0,0.03311220183968544,0.4865213632583618,0.6327652931213379,0.7808199524879456
15602,1.0,0.03102380968630314,0.6002241969108582,0.6089905500411987,0.8505058288574219
15603,1.0,0.0310237817466259,0.6032463312149048,0.6364607214927673,0.875366747379303
15604,1.0,0.031023770570755005,0.5000462532043457,0.4824400842189789,0.8246591687202454
15605,0.0,0.031023770570755005,0.5851234197616577,0.48360341787338257,0.7073010206222534
15606,1.0,0.031023770570755005,0.4149009585380554,0.4312840700149536,0.6787529587745667
15607,0.0,0.031023770570755005,0.5648696422576904,0.4565683901309967,0.7453990578651428
15608,1.0,0.031023770570755005,0.5700172781944275,0.5417816638946533,0.7627252340316772
15609,1.0,0.031023770570755005,0.5999627113342285,0.4684889316558838,0.8372554183006287
15610,1.0,0.031023770570755005,0.6042437553405762,0.5961410999298096,0.8615333437919617
15611,1.0,0.031023770570755005,0.5643089413642883,0.442745566368103,0.7566718459129333
15612,1.0,0.031023770570755005,0.45005887746810913,0.46239858865737915,0.7298976182937622
15613,0.0,0.031023770570755005,0.48523056507110596,0.462459921836853,0.643492579460144
15614,1.0,0.031023763120174408,0.4350113272666931,0.4042699635028839,0.666763186454773
15615,0.0,0.031023763120174408,0.5138593316078186,0.45548614859580994,0.7495778203010559
15616,0.0,0.031023763120174408,0.48467230796813965,0.4862993359565735,0.6522974371910095
15617,0.0,0.031023763120174408,0.30681031942367554,0.3175092339515686,0.4950183033943176
15618,0.0,0.031023763120174408,0.29469019174575806,0.27052003145217896,0.5092970132827759
15619,0.0,0.031023763120174408,0.41927826404571533,0.28149911761283875,0.5369170308113098
15620,0.0,0.031023763120174408,0.3661605715751648,0.3432285487651825,0.5118958950042725
15621,0.0,0.031023763120174408,0.22960567474365234,0.2516617178916931,0.4215337336063385
15622,0.0,0.031023763120174408,0.4109475016593933,0.2948445677757263,0.5401852130889893
15623,0.0,0.031023763120174408,0.22266453504562378,0.23550644516944885,0.36096110939979553
15624,0.0,0.031023763120174408,0.320473313331604,0.20433621108531952,0.38874050974845886
15625,1.0,0.03102375566959381,0.2059383988380432,0.1459878832101822,0.33841127157211304
15626,0.0,0.03102375566959381,0.18528389930725098,0.12088917940855026,0.15123938024044037
15627,0.0,0.03102375566959381,0.1304391622543335,0.09721198678016663,0.10807357728481293
15628,0.0,0.03102375566959381,0.17837774753570557,0.16517658531665802,0.1496201455593109
15629,0.0,0.03102375566959381,0.08199495077133179,0.15183085203170776,0.0981752797961235
15630,0.0,0.03102375566959381,0.15395718812942505,0.1949748992919922,0.17127780616283417
15631,0.0,0.03102375566959381,0.11119991540908813,0.17684346437454224,0.1265750229358673
15632,0.0,0.03102375566959381,0.1596413254737854,0.19339849054813385,0.18781496584415436
15633,0.0,0.03102375566959381,0.09409528970718384,0.1474967747926712,0.10377009212970734
15634,0.0,0.03102375566959381,0.09408283233642578,0.08274661749601364,0.09388210624456406
15635,0.0,0.031023751944303513,0.08511000871658325,0.0784299373626709,0.14877240359783173
15636,0.0,0.031023751944303513,0.062393367290496826,0.08099468052387238,0.06421452760696411
15637,0.0,0.031023751944303513,0.04453319311141968,0.16964735090732574,0.04854770377278328
15638,0.0,0.031023751944303513,0.057302117347717285,0.18974675238132477,0.07920534908771515
15639,0.0,0.031023751944303513,0.056088387966156006,0.14409242570400238,0.05402800813317299
15640,0.0,0.031023751944303513,0.05267786979675293,0.13563299179077148,0.0597589872777462
15641,0.0,0.031023751944303513,0.05185955762863159,0.08072865754365921,0.05593407526612282
15642,0.0,0.031023751944303513,0.07993292808532715,0.11639606207609177,0.09102184325456619
15643,0.0,0.031023751944303513,0.08036524057388306,0.16059961915016174,0.15830327570438385
15644,0.0,0.031023751944303513,0.07675182819366455,0.06785440444946289,0.10562335699796677
15645,0.0,0.031023744493722916,0.11966937780380249,0.10329508781433105,0.19951656460762024
15646,0.0,0.031023744493722916,0.15912306308746338,0.12763823568820953,0.21446622908115387
15647,0.0,0.031023744493722916,0.153048574924469,0.12847734987735748,0.23726432025432587
15648,0.0,0.031023744493722916,0.17040830850601196,0.14219418168067932,0.2628391981124878
15649,0.0,0.031023744493722916,0.1985417604446411,0.21585190296173096,0.24906885623931885
15650,0.0,0.031023744493722916,0.24034470319747925,0.33358341455459595,0.4061391353607178
15651,0.0,0.031023744493722916,0.24256354570388794,0.20273500680923462,0.38836950063705444
15652,0.0,0.031023744493722916,0.3117164373397827,0.2961027920246124,0.490078330039978
15653,0.0,0.031023744493722916,0.41358768939971924,0.4748571813106537,0.47292807698249817
15654,0.0,0.031023744493722916,0.3952162265777588,0.40802180767059326,0.6573805809020996
16176,1.0,0.1742684692144394,0.10558348894119263,0.12678924202919006,0.10754397511482239
16177,1.0,0.17426829040050507,0.2807382345199585,0.30060166120529175,0.40500158071517944
16178,1.0,0.17426829040050507,0.368854820728302,0.4084898829460144,0.5005919933319092
16179,1.0,0.17426829040050507,0.4103585481643677,0.3313238024711609,0.6122881770133972
16180,1.0,0.17426829040050507,0.2514957785606384,0.26300475001335144,0.4717537462711334
16181,1.0,0.17426827549934387,0.39751267433166504,0.5126806497573853,0.5876099467277527
16182,1.0,0.17426827549934387,0.28386175632476807,0.21660731732845306,0.5891174077987671
16183,1.0,0.17426827549934387,0.23716646432876587,0.16553263366222382,0.4310500919818878
16184,1.0,0.17426827549934387,0.25567710399627686,0.1904781609773636,0.361950546503067
16185,1.0,0.17426827549934387,0.2621942162513733,0.2652144134044647,0.4645930230617523
16186,1.0,0.17426826059818268,0.22515219449996948,0.2546691298484802,0.38656067848205566
16187,1.0,0.17426826059818268,0.24144959449768066,0.29793375730514526,0.40596193075180054
16188,1.0,0.17426826059818268,0.21618133783340454,0.2361765056848526,0.3598729372024536
16189,1.0,0.17426826059818268,0.21429061889648438,0.20362955331802368,0.2820652723312378
16190,1.0,0.17426826059818268,0.1761624813079834,0.18726465106010437,0.2823016941547394
16191,1.0,0.17426824569702148,0.20978999137878418,0.20344974100589752,0.3004114627838135
16192,1.0,0.17426824569702148,0.32821547985076904,0.34483397006988525,0.4778030216693878
16193,1.0,0.17426824569702148,0.41905444860458374,0.4648132920265198,0.6787218451499939
16194,1.0,0.17426824569702148,0.4546050429344177,0.5755762457847595,0.8672662973403931
16195,1.0,0.17426824569702148,0.5622614622116089,0.7577779293060303,0.9379231929779053
16196,1.0,0.17426824569702148,0.5272751450538635,0.7592445611953735,0.9355912804603577
16197,1.0,0.17426824569702148,0.4870483875274658,0.7357940673828125,0.9405340552330017
16198,1.0,0.17426824569702148,0.34967732429504395,0.6658146381378174,0.7781734466552734
16199,1.0,0.17426824569702148,0.36425554752349854,0.6812513470649719,0.7382855415344238
16200,1.0,0.17426824569702148,0.3932523727416992,0.6997458934783936,0.8208677768707275
16201,1.0,0.1742682158946991,0.3159964680671692,0.5840765237808228,0.6476940512657166
16202,1.0,0.1742682158946991,0.31145113706588745,0.468597412109375,0.564674973487854
16203,1.0,0.1742682158946991,0.3288131356239319,0.4060293138027191,0.7262880206108093
16204,1.0,0.1742682158946991,0.3579358458518982,0.39048993587493896,0.5263106226921082
16205,1.0,0.1742682158946991,0.24055898189544678,0.3427356779575348,0.4503073990345001
16206,1.0,0.1742682009935379,0.23944729566574097,0.2969406843185425,0.3562597632408142
16207,1.0,0.1742682009935379,0.19049125909805298,0.38098081946372986,0.2677896320819855
16208,1.0,0.1742682009935379,0.207386314868927,0.20914191007614136,0.17768198251724243
16209,1.0,0.1742682009935379,0.16726529598236084,0.21761886775493622,0.14633765816688538
16210,1.0,0.1742682009935379,0.17854249477386475,0.3269350230693817,0.25687840580940247
16211,1.0,0.1742682009935379,0.16576743125915527,0.33229321241378784,0.1601606011390686
16212,1.0,0.1742681860923767,0.1956692934036255,0.2379167228937149,0.17397138476371765
16213,1.0,0.1742681860923767,0.130395770072937,0.24213139712810516,0.14918935298919678
16214,1.0,0.1742681860923767,0.10687798261642456,0.13360950350761414,0.10434959828853607
16215,1.0,0.1742681860923767,0.08547019958496094,0.08022553473711014,0.07833822071552277
16216,1.0,0.17426817119121552,0.1363949179649353,0.12919697165489197,0.11303771287202835
16217,1.0,0.17426817119121552,0.11428642272949219,0.07709042727947235,0.11528696864843369
16218,1.0,0.17426817119121552,0.10375809669494629,0.07348611950874329,0.10875804722309113
16219,1.0,0.17426817119121552,0.07938724756240845,0.07619912922382355,0.08029870688915253
16220,1.0,0.17426817119121552,0.0772167444229126,0.07599122077226639,0.11384851485490799
16221,1.0,0.17426817119121552,0.0673743486404419,0.05821123719215393,0.09405770897865295
16222,1.0,0.17426815629005432,0.07596170902252197,0.07070634514093399,0.08543627709150314
16223,1.0,0.17426815629005432,0.07016569375991821,0.06702327728271484,0.07813680917024612
16224,1.0,0.17426815629005432,0.10271477699279785,0.11063335090875626,0.11312922090291977
16225,1.0,0.17426815629005432,0.09599727392196655,0.09938594698905945,0.11272735893726349
16226,1.0,0.17426815629005432,0.09602904319763184,0.0769382193684578,0.11489412188529968
16227,1.0,0.17426812648773193,0.08852678537368774,0.06742262840270996,0.10164494812488556
16228,1.0,0.17426812648773193,0.22830486297607422,0.17354701459407806,0.30535799264907837
16750,1.0,0.09725946933031082,0.47856420278549194,0.5032004714012146,0.7630205154418945
16751,1.0,0.09725935757160187,0.34611940383911133,0.5157961845397949,0.5341586470603943
16752,1.0,0.09725935757160187,0.19889044761657715,0.25974735617637634,0.32178908586502075
16753,0.0,0.09725935757160187,0.4843323826789856,0.528307318687439,0.7547702789306641
16754,1.0,0.09725935757160187,0.4100828170776367,0.5027243494987488,0.6344423294067383
16755,1.0,0.09725935757160187,0.5643466114997864,0.6640837788581848,0.868487536907196
16756,1.0,0.09725935757160187,0.5229394435882568,0.5813326239585876,0.7113638520240784
16757,1.0,0.09725935757160187,0.40218108892440796,0.6199710369110107,0.5870842337608337
16758,1.0,0.09725934267044067,0.4369162917137146,0.5491008758544922,0.6992301344871521
16759,1.0,0.09725934267044067,0.43573272228240967,0.6212475299835205,0.6788477897644043
16760,1.0,0.09725934267044067,0.48495209217071533,0.49322885274887085,0.75462806224823
16761,1.0,0.09725934267044067,0.37340444326400757,0.4436287581920624,0.6029248237609863
16762,1.0,0.09725934267044067,0.35528653860092163,0.24464325606822968,0.5792927145957947
16763,0.0,0.09725934267044067,0.4519338607788086,0.3748835027217865,0.6697246432304382
16764,1.0,0.09725934267044067,0.23150092363357544,0.25303831696510315,0.2931937575340271
16765,0.0,0.09725934267044067,0.26254481077194214,0.2403172254562378,0.47205471992492676
16766,0.0,0.09725934267044067,0.18227332830429077,0.12096492946147919,0.20331785082817078
16767,0.0,0.09725934267044067,0.4902748465538025,0.4338780641555786,0.6477795243263245
16768,1.0,0.09725932031869888,0.4550851583480835,0.5245330333709717,0.6527935266494751
16769,1.0,0.09725932031869888,0.3649384379386902,0.2756459414958954,0.439464271068573
16770,0.0,0.09725932031869888,0.2518605589866638,0.20381630957126617,0.31503599882125854
16771,0.0,0.09725932031869888,0.3401029109954834,0.24860356748104095,0.3837340176105499
16772,0.0,0.09725932031869888,0.2634502053260803,0.16144901514053345,0.3125305771827698
16773,1.0,0.09725932031869888,0.25133687257766724,0.22736261785030365,0.31762412190437317
16774,1.0,0.09725932031869888,0.3306926488876343,0.22759684920310974,0.45830202102661133
16775,1.0,0.09725932031869888,0.26370590925216675,0.20215053856372833,0.3592204451560974
16776,0.0,0.09725932031869888,0.22492986917495728,0.15584944188594818,0.2844896912574768
16777,1.0,0.09725932031869888,0.2138943076133728,0.1640813797712326,0.3052924871444702
16778,1.0,0.09725929796695709,0.22131472826004028,0.2012980580329895,0.3078540563583374
16779,0.0,0.09725929796695709,0.2163119912147522,0.13244834542274475,0.2995735704898834
16780,0.0,0.09725929796695709,0.20961463451385498,0.1278613805770874,0.29891976714134216
16781,1.0,0.09725929796695709,0.12126278877258301,0.10380726307630539,0.16120965778827667
16782,0.0,0.09725929796695709,0.09880483150482178,0.1210789754986763,0.12303478270769119
16783,0.0,0.09725929796695709,0.11561727523803711,0.08657301217317581,0.11175279319286346
16784,1.0,0.09725929796695709,0.13092857599258423,0.15745104849338531,0.1865309625864029
16785,1.0,0.09725929796695709,0.16552293300628662,0.12099161744117737,0.19648566842079163
16786,0.0,0.09725929796695709,0.18304932117462158,0.13506685197353363,0.21257217228412628
16787,0.0,0.09725929796695709,0.12821626663208008,0.1149851456284523,0.16422131657600403
16788,1.0,0.0972592756152153,0.09450274705886841,0.09773235023021698,0.14167025685310364
16789,0.0,0.0972592756152153,0.13547182083129883,0.15149693191051483,0.14660826325416565
16790,1.0,0.0972592756152153,0.10318553447723389,0.1135820522904396,0.1889427751302719
16791,0.0,0.0972592756152153,0.09980440139770508,0.08337343484163284,0.10906309634447098
16792,0.0,0.0972592756152153,0.07690650224685669,0.0824078842997551,0.08659391105175018
16793,0.0,0.0972592756152153,0.06614196300506592,0.06309490650892258,0.08815507590770721
16794,0.0,0.0972592756152153,0.12417536973953247,0.11405739188194275,0.15927530825138092
16795,1.0,0.0972592756152153,0.10055810213088989,0.15711887180805206,0.15641456842422485
16796,0.0,0.0972592756152153,0.1366395354270935,0.10458949953317642,0.21002086997032166
16797,0.0,0.0972592756152153,0.21161967515945435,0.20197565853595734,0.2844676673412323
16798,0.0,0.09725925326347351,0.24372869729995728,0.20025920867919922,0.3774363100528717
16799,0.0,0.09725925326347351,0.24935519695281982,0.18349158763885498,0.32558467984199524
16800,0.0,0.09725925326347351,0.2184983491897583,0.21600110828876495,0.26431193947792053
16801,0.0,0.09725925326347351,0.241754412651062,0.3187561631202698,0.3777717649936676
16802,0.0,0.09725925326347351,0.3950299620628357,0.3028298318386078,0.5996866226196289
17324,1.0,0.14695638418197632,0.32122617959976196,0.5344989895820618,0.5816097259521484
17325,0.0,0.14695622026920319,0.3262901306152344,0.6667356491088867,0.5591792464256287
17326,0.0,0.14695622026920319,0.30785101652145386,0.6744804382324219,0.5701199173927307
17327,0.0,0.14695622026920319,0.3202948570251465,0.6835270524024963,0.6128496527671814
17328,0.0,0.14695622026920319,0.3600608706474304,0.685761034488678,0.6330680847167969
17329,0.0,0.146956205368042,0.3152846693992615,0.6688718199729919,0.5993219614028931
17330,1.0,0.146956205368042,0.3531167507171631,0.7063683867454529,0.6816226243972778
17331,1.0,0.146956205368042,0.35274529457092285,0.7137970924377441,0.6213725805282593
17332,0.0,0.146956205368042,0.3027709126472473,0.6783698201179504,0.5139535665512085
17333,0.0,0.146956205368042,0.3030382990837097,0.6821384429931641,0.5281014442443848
17334,0.0,0.146956205368042,0.29374372959136963,0.6457944512367249,0.5080525875091553
17335,0.0,0.1469561904668808,0.3921504616737366,0.6565888524055481,0.6755129098892212
17336,0.0,0.1469561904668808,0.2962164878845215,0.6199119091033936,0.4725392758846283
17337,0.0,0.1469561904668808,0.40515685081481934,0.7205560207366943,0.6588500738143921
17338,0.0,0.1469561904668808,0.3216007351875305,0.6875748634338379,0.5207217335700989
17339,0.0,0.1469561904668808,0.373421311378479,0.5922911167144775,0.5682749152183533
17340,0.0,0.1469561755657196,0.3782275319099426,0.6648977994918823,0.5653634667396545
17341,0.0,0.1469561755657196,0.41686320304870605,0.7447799444198608,0.7051023244857788
17342,0.0,0.1469561755657196,0.4215660095214844,0.7454929351806641,0.7448219656944275
17343,0.0,0.1469561755657196,0.3994276523590088,0.6949298977851868,0.8051825761795044
17344,0.0,0.1469561755657196,0.3164905905723572,0.6119445562362671,0.40250739455223083
17345,0.0,0.1469561606645584,0.3820420503616333,0.6408176422119141,0.6239641904830933
17346,0.0,0.1469561606645584,0.46683090925216675,0.6389936208724976,0.724920928478241
17347,0.0,0.1469561606645584,0.37155842781066895,0.48215577006340027,0.5952333211898804
17348,0.0,0.1469561606645584,0.3788897395133972,0.5115315914154053,0.5843324661254883
17349,0.0,0.1469561606645584,0.2929590940475464,0.4145843982696533,0.45917612314224243
17350,0.0,0.14695614576339722,0.3475798964500427,0.40352776646614075,0.4576084017753601
17351,0.0,0.14695614576339722,0.27802735567092896,0.33455535769462585,0.3289976418018341
17352,0.0,0.14695614576339722,0.24844825267791748,0.2323247790336609,0.22148902714252472
17353,0.0,0.14695614576339722,0.29453516006469727,0.30474039912223816,0.25458836555480957
17354,0.0,0.14695614576339722,0.26382434368133545,0.2518617510795593,0.23856408894062042
17355,0.0,0.14695614576339722,0.1595173478126526,0.20922401547431946,0.16516190767288208
17356,0.0,0.14695614576339722,0.12171244621276855,0.18913111090660095,0.07523682713508606
17357,0.0,0.14695614576339722,0.13370901346206665,0.12476757168769836,0.08644913136959076
17358,0.0,0.14695614576339722,0.13190603256225586,0.1418720781803131,0.09711016714572906
17359,0.0,0.14695614576339722,0.10192853212356567,0.12548702955245972,0.07240594178438187
17360,0.0,0.14695611596107483,0.08654540777206421,0.07662977278232574,0.07278212159872055
17361,0.0,0.14695611596107483,0.09586650133132935,0.09498849511146545,0.07776320725679398
17362,0.0,0.14695611596107483,0.08997154235839844,0.10348942130804062,0.055689286440610886
17363,0.0,0.14695611596107483,0.0872679352760315,0.10040484368801117,0.05851741507649422
17364,0.0,0.14695611596107483,0.07831239700317383,0.08229184150695801,0.05441576614975929
17365,0.0,0.14695611596107483,0.09448736906051636,0.08891961723566055,0.08101971447467804
17366,0.0,0.14695611596107483,0.09049135446548462,0.10992368310689926,0.08109390735626221
17367,0.0,0.14695611596107483,0.08626741170883179,0.09924764931201935,0.0879594087600708
17368,0.0,0.14695611596107483,0.10178548097610474,0.10028628259897232,0.08220762014389038
17369,0.0,0.14695611596107483,0.09006232023239136,0.10009536892175674,0.07047198712825775
17370,0.0,0.14695608615875244,0.14529740810394287,0.17147065699100494,0.17192065715789795
17371,0.0,0.14695608615875244,0.14968621730804443,0.14604729413986206,0.12963250279426575
17372,0.0,0.14695608615875244,0.23015618324279785,0.19828398525714874,0.3045581579208374
17373,0.0,0.14695608615875244,0.2154133915901184,0.19128987193107605,0.16854824125766754
17374,0.0,0.14695608615875244,0.22121083736419678,0.2246166169643402,0.156748428940773
17375,0.0,0.14695607125759125,0.2132863998413086,0.2672896087169647,0.1851479411125183
17376,0.0,0.14695607125759125,0.24569636583328247,0.24829594790935516,0.35525837540626526
17898,1.0,0.05899878591299057,0.7276293039321899,0.6677128076553345,0.8836000561714172
17899,1.0,0.0589987188577652,0.6387633085250854,0.6245258450508118,0.8325285911560059
17900,0.0,0.0589987188577652,0.4903349280357361,0.6138152480125427,0.7342247366905212
17901,1.0,0.0589987188577652,0.5418681502342224,0.6073219180107117,0.697471022605896
17902,1.0,0.0589987188577652,0.5636420249938965,0.5843184590339661,0.7618072032928467
17903,1.0,0.0589987188577652,0.5832887887954712,0.5830440521240234,0.8087726831436157
17904,0.0,0.0589987188577652,0.5013152360916138,0.567883312702179,0.7031891942024231
17905,0.0,0.0589987188577652,0.46090930700302124,0.5229660272598267,0.5577201247215271
17906,0.0,0.0589987188577652,0.48357170820236206,0.6559683084487915,0.7395796179771423
17907,1.0,0.0589987188577652,0.6331984400749207,0.6228893995285034,0.8432075381278992
17908,1.0,0.0589987076818943,0.5355216264724731,0.6139204502105713,0.8166671991348267
17909,0.0,0.0589987076818943,0.48612141609191895,0.5640665292739868,0.7508460283279419
17910,0.0,0.0589987076818943,0.47092902660369873,0.49086251854896545,0.596630871295929
17911,0.0,0.0589987076818943,0.5194606781005859,0.5312849879264832,0.6917603611946106
17912,1.0,0.0589987076818943,0.4319562315940857,0.3020254075527191,0.5764760971069336
17913,0.0,0.0589987076818943,0.44471174478530884,0.418448805809021,0.6320069432258606
17914,0.0,0.0589987076818943,0.4897540211677551,0.39626121520996094,0.5360938310623169
17915,0.0,0.0589987076818943,0.3880389332771301,0.37517666816711426,0.48654523491859436
17916,0.0,0.0589987076818943,0.3839203715324402,0.3207579553127289,0.42877358198165894
17917,0.0,0.0589987076818943,0.2372443675994873,0.20375923812389374,0.28328055143356323
17918,0.0,0.05899869278073311,0.2818666100502014,0.2067376673221588,0.310811311006546
17919,0.0,0.05899869278073311,0.32880228757858276,0.2888067662715912,0.42400601506233215
17920,0.0,0.05899869278073311,0.28683900833129883,0.3051661252975464,0.43368780612945557
17921,0.0,0.05899869278073311,0.2593221664428711,0.29009556770324707,0.37828099727630615
17922,0.0,0.05899869278073311,0.25278979539871216,0.21320100128650665,0.3297365605831146
17923,0.0,0.05899869278073311,0.25882089138031006,0.20228885114192963,0.3431476056575775
17924,0.0,0.05899869278073311,0.1655573844909668,0.14654600620269775,0.2894345223903656
17925,0.0,0.05899869278073311,0.1659051775932312,0.1790996938943863,0.24857957661151886
17926,0.0,0.05899869278073311,0.2014373540878296,0.13937287032604218,0.24747206270694733
17927,0.0,0.05899869278073311,0.1257069706916809,0.14665952324867249,0.16861411929130554
17928,0.0,0.05899869278073311,0.12287920713424683,0.18359386920928955,0.20642328262329102
17929,0.0,0.05899868160486221,0.13391554355621338,0.15267860889434814,0.15400050580501556
17930,0.0,0.05899868160486221,0.15666478872299194,0.1148083508014679,0.159333735704422
17931,0.0,0.05899868160486221,0.15618950128555298,0.19276517629623413,0.20488138496875763
17932,0.0,0.05899868160486221,0.16342973709106445,0.15095479786396027,0.2175329029560089
17933,0.0,0.05899868160486221,0.16796636581420898,0.11866510659456253,0.18624138832092285
17934,0.0,0.05899868160486221,0.12149178981781006,0.15763400495052338,0.15965932607650757
17935,0.0,0.05899868160486221,0.1251775026321411,0.14695094525814056,0.19188813865184784
17936,0.0,0.05899868160486221,0.17660582065582275,0.20332500338554382,0.18484342098236084
17937,1.0,0.05899868160486221,0.23449230194091797,0.24286794662475586,0.20915533602237701
17938,0.0,0.05899868160486221,0.2479453682899475,0.30784377455711365,0.4175671339035034
17939,0.0,0.05899866670370102,0.24502265453338623,0.3139398694038391,0.32951119542121887
17940,1.0,0.05899866670370102,0.20275765657424927,0.28886815905570984,0.3617236316204071
17941,1.0,0.05899866670370102,0.23762214183807373,0.2643330991268158,0.4199097752571106
17942,0.0,0.05899866670370102,0.32945674657821655,0.3445407748222351,0.42835044860839844
17943,0.0,0.05899866670370102,0.2944631576538086,0.27371588349342346,0.4079105257987976
17944,1.0,0.05899866670370102,0.24592703580856323,0.19994620978832245,0.24497339129447937
17945,0.0,0.05899866670370102,0.2148761749267578,0.1622677892446518,0.25477349758148193
17946,0.0,0.05899866670370102,0.22655779123306274,0.23686152696609497,0.2681814432144165
17947,0.0,0.05899866670370102,0.32412201166152954,0.22885671257972717,0.41955673694610596
17948,0.0,0.05899866670370102,0.18395185470581055,0.18501761555671692,0.2077178657054901
17949,0.0,0.058998655527830124,0.44160938262939453,0.41465336084365845,0.6149090528488159
17950,0.0,0.058998655527830124,0.5178367495536804,0.5550376176834106,0.7276820540428162
18472,1.0,0.26567965745925903,0.380561888217926,0.31794074177742004,0.565890371799469
18473,1.0,0.26567941904067993,0.2739185094833374,0.2303750067949295,0.29303520917892456
18474,0.0,0.26567941904067993,0.345636785030365,0.3158496916294098,0.5205303430557251
18475,1.0,0.26567941904067993,0.3202946186065674,0.3081505298614502,0.3678644597530365
18476,1.0,0.26567941904067993,0.24371784925460815,0.22245605289936066,0.3053226172924042
18477,0.0,0.26567941904067993,0.23822122812271118,0.18362300097942352,0.22477686405181885
18478,0.0,0.26567941904067993,0.29627710580825806,0.28755977749824524,0.48651719093322754
18479,1.0,0.26567941904067993,0.3428891897201538,0.33619093894958496,0.5012015104293823
18480,1.0,0.26567941904067993,0.3342757225036621,0.2623159885406494,0.41423335671424866
18481,1.0,0.26567941904067993,0.46908271312713623,0.4198073744773865,0.6532641649246216
18482,1.0,0.26567941904067993,0.5162200927734375,0.6837642192840576,0.7447779774665833
18483,1.0,0.26567938923835754,0.4804496169090271,0.5446802377700806,0.6948357820510864
18484,1.0,0.26567938923835754,0.4724438190460205,0.5934267044067383,0.6301658749580383
18485,1.0,0.26567938923835754,0.475883424282074,0.5604535341262817,0.6097805500030518
18486,1.0,0.26567938923835754,0.3095023036003113,0.31769606471061707,0.47418856620788574
18487,0.0,0.26567938923835754,0.4026467204093933,0.4257173538208008,0.5166845917701721
18488,1.0,0.26567935943603516,0.39357495307922363,0.39503419399261475,0.4354570508003235
18489,1.0,0.26567935943603516,0.36940258741378784,0.2865506410598755,0.49084678292274475
18490,1.0,0.26567935943603516,0.23416179418563843,0.1789318323135376,0.27340611815452576
18491,0.0,0.26567935943603516,0.2362459897994995,0.18496261537075043,0.29175326228141785
18492,0.0,0.26567935943603516,0.5013575553894043,0.3018784523010254,0.622043251991272
18493,1.0,0.26567935943603516,0.4649183750152588,0.41956964135169983,0.449179470539093
18494,1.0,0.26567935943603516,0.3926877975463867,0.3813536465167999,0.45847564935684204
18495,1.0,0.26567935943603516,0.40712374448776245,0.2702163755893707,0.4211168885231018
18496,1.0,0.26567935943603516,0.44969815015792847,0.2911865711212158,0.5043858289718628
18497,1.0,0.26567935943603516,0.47200900316238403,0.28305938839912415,0.5524696111679077
18498,1.0,0.2656792998313904,0.34844672679901123,0.32582834362983704,0.4687279164791107
18499,1.0,0.2656792998313904,0.27714765071868896,0.25664252042770386,0.4018305540084839
18500,1.0,0.2656792998313904,0.2832567095756531,0.2387983500957489,0.29833748936653137
18501,1.0,0.2656792998313904,0.39022862911224365,0.24400751292705536,0.6329695582389832
18502,1.0,0.2656792998313904,0.4295938014984131,0.3484288156032562,0.5285397171974182
18503,1.0,0.2656792998313904,0.32858526706695557,0.28791701793670654,0.5885465145111084
18504,1.0,0.2656792998313904,0.29704612493515015,0.2804710566997528,0.36654436588287354
18505,0.0,0.2656792998313904,0.3228544592857361,0.2845025062561035,0.3971346318721771
18506,0.0,0.2656792998313904,0.25132107734680176,0.2636907994747162,0.2806203067302704
18507,1.0,0.2656792998313904,0.20598620176315308,0.2595684826374054,0.3033536374568939
18508,1.0,0.265679270029068,0.1614028811454773,0.32322824001312256,0.19044695794582367
18509,1.0,0.265679270029068,0.1803787350654602,0.342618852853775,0.18242375552654266
18510,1.0,0.265679270029068,0.14976626634597778,0.17300011217594147,0.2725318670272827
18511,0.0,0.265679270029068,0.15355050563812256,0.1644424945116043,0.2571354806423187
18512,0.0,0.265679270029068,0.20049500465393066,0.2117176204919815,0.23301611840724945
18513,1.0,0.2656792402267456,0.16657865047454834,0.1189812496304512,0.31925761699676514
18514,0.0,0.2656792402267456,0.23546576499938965,0.29160162806510925,0.44901934266090393
18515,1.0,0.2656792402267456,0.24306833744049072,0.3156367540359497,0.368285208940506
18516,1.0,0.2656792402267456,0.21653634309768677,0.2415275126695633,0.3531852662563324
18517,1.0,0.2656792402267456,0.21964651346206665,0.2882244884967804,0.4014863967895508
18518,1.0,0.2656792104244232,0.34722650051116943,0.2913784086704254,0.36708199977874756
18519,1.0,0.2656792104244232,0.17161399126052856,0.24484682083129883,0.3033808469772339
18520,0.0,0.2656792104244232,0.18611323833465576,0.23628753423690796,0.2307172566652298
18521,0.0,0.2656792104244232,0.16450130939483643,0.21726283431053162,0.19928903877735138
18522,0.0,0.2656792104244232,0.23681741952896118,0.3536417782306671,0.3412627875804901
18523,0.0,0.26567918062210083,0.22565734386444092,0.24245643615722656,0.2906443774700165
18524,0.0,0.26567918062210083,0.3581312298774719,0.3130476772785187,0.5600120425224304
19046,0.0,0.17417080700397491,0.446042537689209,0.6513175368309021,0.7864799499511719
19047,1.0,0.1741706132888794,0.549767017364502,0.7991825938224792,0.9229368567466736
19048,1.0,0.1741706132888794,0.49770504236221313,0.8001936674118042,0.9112714529037476
19049,1.0,0.1741706132888794,0.4498227834701538,0.7759360671043396,0.8527519702911377
19050,1.0,0.1741706132888794,0.4564310908317566,0.7953584790229797,0.8458166122436523
19051,1.0,0.1741706132888794,0.4441967010498047,0.7917823195457458,0.8783196806907654
19052,1.0,0.17417064309120178,0.484247624874115,0.8049467206001282,0.9012858271598816
19053,1.0,0.17417065799236298,0.4959556460380554,0.7802730202674866,0.8340318202972412
19054,1.0,0.1741706132888794,0.44354158639907837,0.8198127150535583,0.7645570039749146
19055,1.0,0.1741706132888794,0.4833957552909851,0.8000868558883667,0.8283169865608215
19056,1.0,0.17417064309120178,0.480884850025177,0.827742338180542,0.9119729399681091
19057,1.0,0.1741708368062973,0.5025790929794312,0.830103874206543,0.936784565448761
19058,1.0,0.17417080700397491,0.42061281204223633,0.8110496997833252,0.9089511036872864
19059,1.0,0.17417065799236298,0.4401170611381531,0.819144606590271,0.9110280871391296
19060,1.0,0.17417065799236298,0.41347604990005493,0.8466753363609314,0.9210854768753052
19061,1.0,0.17417064309120178,0.43220973014831543,0.8421363234519958,0.8487005233764648
19062,1.0,0.17417064309120178,0.38349825143814087,0.7850678563117981,0.7723143100738525
19063,1.0,0.1741706132888794,0.4243529438972473,0.7654954791069031,0.7445127964019775
19064,1.0,0.1741705983877182,0.41434037685394287,0.8014458417892456,0.7294153571128845
19065,1.0,0.1741705983877182,0.3950487971305847,0.7933918833732605,0.7267704010009766
19066,1.0,0.1741705983877182,0.37691521644592285,0.7885363698005676,0.6652880907058716
19067,1.0,0.1741705983877182,0.4149830937385559,0.8137050271034241,0.691882848739624
19068,1.0,0.1741705685853958,0.3945881128311157,0.7445628643035889,0.7269613742828369
19069,1.0,0.1741705685853958,0.34382253885269165,0.7499968409538269,0.6505127549171448
19070,1.0,0.17417055368423462,0.4135245680809021,0.7591152191162109,0.7434669137001038
19071,1.0,0.17417055368423462,0.3423212766647339,0.7416250705718994,0.6212157607078552
19072,1.0,0.17417055368423462,0.2627630829811096,0.46499693393707275,0.43656787276268005
19073,1.0,0.17417053878307343,0.2810642719268799,0.43370890617370605,0.529202938079834
19074,1.0,0.17417053878307343,0.2711731791496277,0.5078817009925842,0.35941413044929504
19075,1.0,0.17417053878307343,0.2620037794113159,0.4202302396297455,0.46372756361961365
19076,1.0,0.17417053878307343,0.34180426597595215,0.5374086499214172,0.6551900506019592
19077,1.0,0.17417052388191223,0.26700347661972046,0.5222038626670837,0.5698343515396118
19078,1.0,0.17417052388191223,0.22385013103485107,0.513139545917511,0.3916746973991394
19079,1.0,0.17417052388191223,0.20580840110778809,0.41551950573921204,0.3029925227165222
19080,1.0,0.17417052388191223,0.20843005180358887,0.40707388520240784,0.28222858905792236
19081,0.0,0.17417052388191223,0.18080031871795654,0.24904729425907135,0.26577866077423096
19082,0.0,0.17417049407958984,0.1430802345275879,0.1779945194721222,0.18068751692771912
19083,1.0,0.17417049407958984,0.17867553234100342,0.27774423360824585,0.20973148941993713
19084,0.0,0.17417049407958984,0.17916321754455566,0.28922489285469055,0.29145652055740356
19085,1.0,0.17417049407958984,0.1688293218612671,0.2623215615749359,0.24023014307022095
19086,0.0,0.17417049407958984,0.14082252979278564,0.19508033990859985,0.16446128487586975
19087,0.0,0.17417049407958984,0.16018879413604736,0.15778829157352448,0.28089243173599243
19088,1.0,0.17417049407958984,0.14110803604125977,0.13791020214557648,0.16172078251838684
19089,0.0,0.17417049407958984,0.23737245798110962,0.2777021527290344,0.4635713994503021
19090,1.0,0.17417049407958984,0.1978853940963745,0.3308030068874359,0.34016314148902893
19091,1.0,0.17417049407958984,0.14127063751220703,0.13746170699596405,0.17955589294433594
19092,0.0,0.17417047917842865,0.13846886157989502,0.10460040718317032,0.1840384304523468
19093,0.0,0.17417047917842865,0.13044434785842896,0.09382956475019455,0.15973231196403503
19094,0.0,0.17417047917842865,0.1304457187652588,0.08737054467201233,0.1357966512441635
19095,0.0,0.17417047917842865,0.17231279611587524,0.1378956288099289,0.1377733051776886
19096,0.0,0.17417047917842865,0.16381144523620605,0.14825884997844696,0.2117154449224472
19097,0.0,0.17417046427726746,0.18179333209991455,0.18615859746932983,0.21775799989700317
19098,0.0,0.17417046427726746,0.27469176054000854,0.3355841338634491,0.3244154751300812
19620,1.0,0.32176607847213745,0.3463670015335083,0.31092867255210876,0.617959201335907
19621,1.0,0.32176581025123596,0.4017735719680786,0.38026678562164307,0.6460743546485901
19622,1.0,0.32176581025123596,0.38495558500289917,0.35060226917266846,0.6614987254142761
19623,1.0,0.32176581025123596,0.3713003396987915,0.31873834133148193,0.6832930445671082
19624,1.0,0.32176581025123596,0.307792067527771,0.2617475986480713,0.5604684352874756
19625,1.0,0.32176581025123596,0.2770653963088989,0.20667828619480133,0.5081206560134888
19626,1.0,0.32176581025123596,0.3333975672721863,0.3238639533519745,0.5711791515350342
19627,1.0,0.32176581025123596,0.25150400400161743,0.28074297308921814,0.4909891188144684
19628,1.0,0.32176581025123596,0.4188556671142578,0.2711109519004822,0.6640687584877014
19629,1.0,0.3217657804489136,0.533126950263977,0.6428127884864807,0.8072564601898193
19630,1.0,0.3217657804489136,0.5095393657684326,0.5202991962432861,0.8385360240936279
19631,1.0,0.3217657804489136,0.35428863763809204,0.35770875215530396,0.6265688538551331
19632,1.0,0.3217657804489136,0.5339673757553101,0.5831235647201538,0.8727777004241943
19633,1.0,0.3217657804489136,0.518648087978363,0.5781184434890747,0.7639483213424683
19634,1.0,0.3217657804489136,0.4969068765640259,0.533767580986023,0.7557564377784729
19635,1.0,0.3217657804489136,0.48717832565307617,0.3892492651939392,0.6095322370529175
19636,1.0,0.3217657804489136,0.4367966055870056,0.4312194287776947,0.7551259398460388
19637,1.0,0.3217657506465912,0.3492034077644348,0.29014891386032104,0.45301198959350586
19638,1.0,0.3217657506465912,0.34346163272857666,0.3355483114719391,0.4677095413208008
19639,1.0,0.3217657506465912,0.25097453594207764,0.2407926470041275,0.3370005488395691
19640,1.0,0.3217657506465912,0.20768171548843384,0.14252781867980957,0.21324019134044647
19641,1.0,0.3217657506465912,0.22002291679382324,0.16113783419132233,0.3775526285171509
19642,1.0,0.3217657506465912,0.14150232076644897,0.13166867196559906,0.1208922415971756
19643,1.0,0.3217657506465912,0.12151122093200684,0.1580338478088379,0.08657214790582657
19644,1.0,0.3217657208442688,0.12315398454666138,0.15384234488010406,0.09460226446390152
19645,1.0,0.3217657208442688,0.08401614427566528,0.11424017697572708,0.057290662080049515
19646,1.0,0.3217657208442688,0.05133181810379028,0.09052461385726929,0.02567392773926258
19647,1.0,0.3217656910419464,0.04851299524307251,0.08526144176721573,0.02453744038939476
19648,1.0,0.3217656910419464,0.053118228912353516,0.10262957215309143,0.02041521854698658
19649,1.0,0.321765661239624,0.059755146503448486,0.12476212531328201,0.031789399683475494
19650,1.0,0.321765661239624,0.10613936185836792,0.0813526138663292,0.06882172077894211
19651,1.0,0.321765661239624,0.07534217834472656,0.1278042048215866,0.036113377660512924
19652,1.0,0.321765661239624,0.07386928796768188,0.10523834079504013,0.03896815702319145
19653,1.0,0.321765661239624,0.13715767860412598,0.13570043444633484,0.1048550233244896
19654,1.0,0.321765661239624,0.05799293518066406,0.09383416175842285,0.031402792781591415
19655,1.0,0.321765661239624,0.034303128719329834,0.11982128024101257,0.021982397884130478
19656,1.0,0.321765661239624,0.03328847885131836,0.14551730453968048,0.017894385382533073
19657,1.0,0.32176563143730164,0.06566953659057617,0.15014830231666565,0.055321015417575836
19658,1.0,0.32176563143730164,0.03629148006439209,0.1267007291316986,0.020771987736225128
19659,1.0,0.32176563143730164,0.10176050662994385,0.13637784123420715,0.08273676037788391
19660,1.0,0.32176563143730164,0.09099334478378296,0.1272752583026886,0.1030096709728241
19661,1.0,0.32176563143730164,0.05898404121398926,0.10816047340631485,0.053601596504449844
19662,1.0,0.32176563143730164,0.06994122266769409,0.10608799755573273,0.06268351525068283
19663,1.0,0.32176563143730164,0.12849724292755127,0.13800573348999023,0.18305937945842743
19664,1.0,0.32176563143730164,0.13804298639297485,0.13075374066829681,0.19077399373054504
19665,1.0,0.32176563143730164,0.20685714483261108,0.1827854961156845,0.30037158727645874
19666,1.0,0.32176563143730164,0.16982990503311157,0.1553715020418167,0.24914366006851196
19667,1.0,0.32176560163497925,0.20552581548690796,0.1421915888786316,0.27551835775375366
19668,1.0,0.32176560163497925,0.3149411082267761,0.32101067900657654,0.5070945024490356
19669,1.0,0.32176560163497925,0.28377383947372437,0.34369412064552307,0.48978182673454285
19670,1.0,0.32176560163497925,0.2781113386154175,0.3012329041957855,0.4297040104866028
19671,1.0,0.32176560163497925,0.27805423736572266,0.2784644663333893,0.3859621286392212
19672,1.0,0.32176557183265686,0.3061564564704895,0.31635522842407227,0.5378624200820923
20194,0.0,0.12307492643594742,0.20897603034973145,0.3895353674888611,0.2597905695438385
20195,0.0,0.12307478487491608,0.1529475450515747,0.33906662464141846,0.15225695073604584
20196,0.0,0.12307478487491608,0.11698967218399048,0.24772456288337708,0.08578037470579147
20197,0.0,0.12307478487491608,0.12012672424316406,0.16962939500808716,0.06332820653915405
20198,0.0,0.12307478487491608,0.06822830438613892,0.14546699821949005,0.03702766075730324
20199,0.0,0.12307478487491608,0.07664358615875244,0.19255052506923676,0.047669414430856705
20200,0.0,0.12307478487491608,0.07501137256622314,0.18347175419330597,0.039522357285022736
20201,0.0,0.12307478487491608,0.06958925724029541,0.0963951125741005,0.04163847491145134
20202,0.0,0.12307478487491608,0.09431034326553345,0.1089949905872345,0.051155637949705124
20203,0.0,0.12307475507259369,0.08669579029083252,0.23207642138004303,0.0583580881357193
20204,0.0,0.12307475507259369,0.07957911491394043,0.2055111974477768,0.05954119935631752
20205,0.0,0.12307475507259369,0.08099192380905151,0.127126082777977,0.049805887043476105
20206,0.0,0.12307475507259369,0.07646775245666504,0.1478891372680664,0.0486503466963768
20207,0.0,0.12307475507259369,0.08839839696884155,0.14687080681324005,0.04057612270116806
20208,0.0,0.12307475507259369,0.12128371000289917,0.17359888553619385,0.0940282940864563
20209,0.0,0.12307475507259369,0.08809536695480347,0.11130133271217346,0.06691274791955948
20210,0.0,0.12307475507259369,0.10504430532455444,0.16605615615844727,0.10101325809955597
20211,0.0,0.12307475507259369,0.09312057495117188,0.1092025637626648,0.06238233298063278
20212,0.0,0.12307475507259369,0.08785337209701538,0.10171796381473541,0.0770411491394043
20213,0.0,0.1230747252702713,0.07231473922729492,0.07683374732732773,0.051155779510736465
20214,0.0,0.1230747252702713,0.0902252197265625,0.09652416408061981,0.08541752398014069
20215,0.0,0.1230747252702713,0.0922442078590393,0.11517089605331421,0.058664802461862564
20216,0.0,0.1230747252702713,0.08011627197265625,0.08580759912729263,0.055373694747686386
20217,0.0,0.1230747252702713,0.07491898536682129,0.08744629472494125,0.0545651949942112
20218,0.0,0.1230747252702713,0.07670915126800537,0.10246549546718597,0.05172941833734512
20219,0.0,0.1230747252702713,0.08286154270172119,0.0823933482170105,0.04752877727150917
20220,0.0,0.1230747252702713,0.06179887056350708,0.07987263798713684,0.0454276017844677
20221,0.0,0.1230747252702713,0.06172454357147217,0.08529092371463776,0.04488619789481163
20222,0.0,0.1230747252702713,0.06062972545623779,0.06976453214883804,0.03948879614472389
20223,0.0,0.12307469546794891,0.057144880294799805,0.09006747603416443,0.04197830334305763
20224,0.0,0.12307469546794891,0.06251204013824463,0.07546606659889221,0.043154824525117874
20225,0.0,0.12307469546794891,0.05137902498245239,0.0897328332066536,0.03425939008593559
20226,0.0,0.12307469546794891,0.04105275869369507,0.049258626997470856,0.02869742177426815
20227,0.0,0.12307469546794891,0.03941833972930908,0.05882062762975693,0.026395058259367943
20228,0.0,0.12307469546794891,0.04114466905593872,0.050022024661302567,0.028267545625567436
20229,0.0,0.12307469546794891,0.03829222917556763,0.05169949680566788,0.02707950584590435
20230,0.0,0.12307469546794891,0.05855172872543335,0.08248105645179749,0.03620351478457451
20231,0.0,0.12307469546794891,0.03848862648010254,0.049848608672618866,0.024010205641388893
20232,0.0,0.12307469546794891,0.04584771394729614,0.06346303224563599,0.02978000044822693
20233,0.0,0.12307468056678772,0.03921610116958618,0.047854941338300705,0.028720218688249588
20234,0.0,0.12307468056678772,0.0373150110244751,0.06863018125295639,0.021986251696944237
20235,0.0,0.12307468056678772,0.03391498327255249,0.05489536374807358,0.016152001917362213
20236,0.0,0.12307468056678772,0.028819680213928223,0.03490786626935005,0.01307477056980133
20237,0.0,0.12307468056678772,0.024826467037200928,0.034401796758174896,0.010584087111055851
20238,0.0,0.12307467311620712,0.031032264232635498,0.03470399230718613,0.016559256240725517
20239,0.0,0.12307467311620712,0.025392472743988037,0.02956022322177887,0.012600175105035305
20240,0.0,0.12307467311620712,0.0362127423286438,0.035475268959999084,0.01757032237946987
20241,0.0,0.12307467311620712,0.03136944770812988,0.042624033987522125,0.014210990630090237
20242,0.0,0.12307467311620712,0.04052162170410156,0.08002399653196335,0.0187041237950325
20243,0.0,0.12307467311620712,0.040647804737091064,0.058149222284555435,0.013583051040768623
20244,0.0,0.12307467311620712,0.05653136968612671,0.05430896580219269,0.026864025741815567
20245,0.0,0.12307467311620712,0.058696210384368896,0.059832725673913956,0.028574004769325256
20246,0.0,0.12307467311620712,0.0570530891418457,0.12309128046035767,0.05375450849533081
20768,1.0,0.10860557854175568,0.6638797521591187,0.7044798731803894,0.9410033226013184
20769,1.0,0.10860546678304672,0.5933868288993835,0.7232789397239685,0.9699881672859192
20770,1.0,0.10860546678304672,0.5577431917190552,0.7514399290084839,0.9416497945785522
20771,1.0,0.10860546678304672,0.5760282874107361,0.7708418965339661,0.9049567580223083
20772,1.0,0.10860546678304672,0.5327849388122559,0.7236223220825195,0.8704622387886047
20773,1.0,0.10860546678304672,0.4966842532157898,0.748120129108429,0.8934352993965149
20774,1.0,0.10860546678304672,0.5385501384735107,0.7569519281387329,0.8745755553245544
20775,1.0,0.10860546678304672,0.4348231554031372,0.6715201139450073,0.6106846332550049
20776,1.0,0.10860546678304672,0.4257544279098511,0.6296772360801697,0.5946681499481201
20777,1.0,0.10860546678304672,0.3992224931716919,0.520000696182251,0.5339429378509521
20778,1.0,0.10860546678304672,0.42173147201538086,0.5329412817955017,0.6015057563781738
20779,1.0,0.10860544443130493,0.33684730529785156,0.45625245571136475,0.4285351037979126
20780,1.0,0.10860544443130493,0.33823806047439575,0.4608515501022339,0.4908924102783203
20781,1.0,0.10860544443130493,0.4609701633453369,0.459841251373291,0.5488439202308655
20782,1.0,0.10860544443130493,0.3475932478904724,0.4335782825946808,0.34729093313217163
20783,1.0,0.10860544443130493,0.3811432123184204,0.4623764455318451,0.42087221145629883
20784,1.0,0.10860544443130493,0.45686614513397217,0.5029534101486206,0.636712908744812
20785,1.0,0.10860544443130493,0.5553792715072632,0.5699326395988464,0.7185539603233337
20786,1.0,0.10860544443130493,0.3938303589820862,0.45630624890327454,0.5579514503479004
20787,1.0,0.10860544443130493,0.4502115845680237,0.40528565645217896,0.5627425312995911
20788,1.0,0.10860544443130493,0.3114524483680725,0.33925360441207886,0.4909152090549469
20789,1.0,0.10860542207956314,0.3402740955352783,0.24838252365589142,0.3512268364429474
20790,1.0,0.10860542207956314,0.29264557361602783,0.238657608628273,0.2791925370693207
20791,1.0,0.10860542207956314,0.2870064973831177,0.21371836960315704,0.31318238377571106
20792,1.0,0.10860542207956314,0.2647066116333008,0.16197270154953003,0.32238560914993286
20793,1.0,0.10860542207956314,0.2473543882369995,0.16672544181346893,0.286664754152298
20794,1.0,0.10860542207956314,0.10747510194778442,0.09885352849960327,0.11642409861087799
20795,1.0,0.10860542207956314,0.08977395296096802,0.11706462502479553,0.08847696334123611
20796,1.0,0.10860542207956314,0.12804126739501953,0.11294283717870712,0.19816164672374725
20797,1.0,0.10860542207956314,0.07287335395812988,0.10206188261508942,0.10021671652793884
20798,1.0,0.10860542207956314,0.07691359519958496,0.10997556149959564,0.11421545594930649
20799,1.0,0.10860539972782135,0.08379119634628296,0.13013385236263275,0.11914308369159698
20800,1.0,0.10860539972782135,0.07368385791778564,0.11399564146995544,0.07104634493589401
20801,1.0,0.10860539972782135,0.0717347264289856,0.1142735555768013,0.06017564982175827
20802,1.0,0.10860539972782135,0.062162935733795166,0.08808649331331253,0.05049647018313408
20803,1.0,0.10860539972782135,0.0531313419342041,0.08593225479125977,0.04868917167186737
20804,1.0,0.10860539972782135,0.05886197090148926,0.10044185817241669,0.05165571719408035
20805,1.0,0.10860539972782135,0.05132889747619629,0.0958850085735321,0.03809469938278198
20806,1.0,0.10860539972782135,0.08708274364471436,0.10434487462043762,0.06867679953575134
20807,1.0,0.10860539972782135,0.06634396314620972,0.11340191215276718,0.0661691278219223
20808,1.0,0.10860539972782135,0.07621276378631592,0.08541108667850494,0.0935012549161911
20809,1.0,0.10860537737607956,0.06748789548873901,0.07623443752527237,0.07156602293252945
20810,1.0,0.10860537737607956,0.05449467897415161,0.07525628060102463,0.048220958560705185
20811,1.0,0.10860537737607956,0.043666303157806396,0.06692799925804138,0.037333570420742035
20812,1.0,0.10860537737607956,0.2057470679283142,0.18257492780685425,0.2504633963108063
20813,1.0,0.10860537737607956,0.24477672576904297,0.3337177634239197,0.3275935649871826
20814,1.0,0.10860537737607956,0.2905951738357544,0.2964552938938141,0.4165099263191223
20815,1.0,0.10860537737607956,0.29688048362731934,0.27615928649902344,0.4798673987388611
20816,1.0,0.10860537737607956,0.21399623155593872,0.2770109474658966,0.29648256301879883
20817,1.0,0.10860537737607956,0.28259867429733276,0.32813790440559387,0.37478864192962646
20818,1.0,0.10860537737607956,0.5109571218490601,0.5209183692932129,0.6731270551681519
20819,1.0,0.10860535502433777,0.43433183431625366,0.463296502828598,0.6103623509407043
20820,1.0,0.10860535502433777,0.43174880743026733,0.4451960325241089,0.6468474864959717
21342,1.0,0.10854054242372513,0.39226430654525757,0.37744277715682983,0.5398657321929932
21343,1.0,0.10854042321443558,0.1702154278755188,0.30301839113235474,0.2822239398956299
21344,1.0,0.10854042321443558,0.17066043615341187,0.22149020433425903,0.2329099029302597
21345,1.0,0.10854042321443558,0.17539280652999878,0.14661116898059845,0.2938551902770996
21346,1.0,0.10854042321443558,0.12762343883514404,0.15251579880714417,0.16249096393585205
21347,1.0,0.10854042321443558,0.35710597038269043,0.2865348160266876,0.525492250919342
21348,1.0,0.10854040086269379,0.2570308446884155,0.2753162086009979,0.4110652506351471
21349,1.0,0.10854040086269379,0.4280872344970703,0.3827475607395172,0.6054680347442627
21350,1.0,0.10854040086269379,0.4650343656539917,0.46700626611709595,0.6740688681602478
21351,1.0,0.10854040086269379,0.3116908073425293,0.2482433021068573,0.5536946058273315
21352,1.0,0.10854040086269379,0.46539878845214844,0.5660478472709656,0.7233346104621887
21353,1.0,0.10854040086269379,0.5118527412414551,0.6901629567146301,0.767329216003418
21354,1.0,0.10854040086269379,0.5968952178955078,0.619306743144989,0.831559956073761
21355,1.0,0.10854040086269379,0.5822536945343018,0.5302865505218506,0.8163896203041077
21356,1.0,0.10854040086269379,0.5572176575660706,0.5527527928352356,0.7554488778114319
21357,1.0,0.10854040086269379,0.654777467250824,0.6970167756080627,0.9034873247146606
21358,1.0,0.10854040086269379,0.5631140470504761,0.699942409992218,0.828555166721344
21359,1.0,0.108540378510952,0.6858131885528564,0.7133680582046509,0.9125843048095703
21360,1.0,0.108540378510952,0.442085862159729,0.5198188424110413,0.6990710496902466
21361,1.0,0.108540378510952,0.47203201055526733,0.42724305391311646,0.6814179420471191
21362,1.0,0.108540378510952,0.6025190353393555,0.5116706490516663,0.7954819798469543
21363,1.0,0.108540378510952,0.6094328165054321,0.6466211676597595,0.8636156320571899
21364,1.0,0.108540378510952,0.4987306594848633,0.5738847851753235,0.8712899684906006
21365,1.0,0.108540378510952,0.5537666082382202,0.6208622455596924,0.8808719515800476
21366,1.0,0.108540378510952,0.5488889217376709,0.6174346208572388,0.8566380739212036
21367,1.0,0.108540378510952,0.3843103051185608,0.5398138761520386,0.6430384516716003
21368,1.0,0.108540378510952,0.2881245017051697,0.32617223262786865,0.34531497955322266
21369,1.0,0.1085403561592102,0.2901957631111145,0.41804641485214233,0.46874845027923584
21370,1.0,0.1085403561592102,0.2827659249305725,0.3088519275188446,0.30784744024276733
21371,1.0,0.1085403561592102,0.2626612186431885,0.27196499705314636,0.33138471841812134
21372,1.0,0.1085403561592102,0.30333036184310913,0.34381306171417236,0.38259220123291016
21373,1.0,0.1085403561592102,0.2490590214729309,0.3629133999347687,0.4620245397090912
21374,1.0,0.1085403561592102,0.2160022258758545,0.32830891013145447,0.24416331946849823
21375,1.0,0.1085403561592102,0.2591245174407959,0.36734625697135925,0.4462476670742035
21376,1.0,0.1085403561592102,0.23999905586242676,0.3061045706272125,0.3249214291572571
21377,1.0,0.1085403561592102,0.22129768133163452,0.26928722858428955,0.2086527794599533
21378,1.0,0.1085403561592102,0.24918997287750244,0.26609939336776733,0.3137788474559784
21379,1.0,0.10854032635688782,0.14397239685058594,0.22026638686656952,0.11604449898004532
21380,1.0,0.10854032635688782,0.15478360652923584,0.24543341994285583,0.1348547488451004
21381,1.0,0.10854032635688782,0.17452901601791382,0.1921973079442978,0.18528787791728973
21382,1.0,0.10854032635688782,0.18367433547973633,0.21983978152275085,0.22653540968894958
21383,1.0,0.10854032635688782,0.27026069164276123,0.2962341606616974,0.2642298936843872
21384,1.0,0.10854032635688782,0.20491701364517212,0.2752887010574341,0.2029210329055786
21385,1.0,0.10854032635688782,0.13858789205551147,0.1972305029630661,0.13259215652942657
21386,1.0,0.10854032635688782,0.2507413625717163,0.23079609870910645,0.28078314661979675
21387,1.0,0.10854032635688782,0.31586068868637085,0.3228016197681427,0.35716328024864197
21388,1.0,0.10854032635688782,0.38115501403808594,0.24977384507656097,0.47263267636299133
21389,1.0,0.10854030400514603,0.32147157192230225,0.3787573277950287,0.47614336013793945
21390,1.0,0.10854030400514603,0.308074414730072,0.41859200596809387,0.4580959975719452
21391,1.0,0.10854030400514603,0.4073997735977173,0.5465391874313354,0.5675579309463501
21392,1.0,0.10854030400514603,0.33665740489959717,0.49846360087394714,0.49479418992996216
21393,1.0,0.10854030400514603,0.3508882522583008,0.3176712095737457,0.4987500011920929
21394,1.0,0.10854030400514603,0.40347862243652344,0.36303234100341797,0.775444746017456
21916,0.0,0.03310143202543259,0.4295338988304138,0.43324726819992065,0.38087987899780273
21917,1.0,0.0331013947725296,0.32389187812805176,0.39004647731781006,0.4303954243659973
21918,1.0,0.0331013947725296,0.2651665210723877,0.43127039074897766,0.5886774063110352
21919,1.0,0.0331013947725296,0.23578983545303345,0.24673019349575043,0.2624751329421997
21920,0.0,0.0331013947725296,0.3673511743545532,0.35587871074676514,0.5332178473472595
21921,1.0,0.0331013947725296,0.36833804845809937,0.29762786626815796,0.473421573638916
21922,1.0,0.033101387321949005,0.2668948769569397,0.28519585728645325,0.315297394990921
21923,0.0,0.033101387321949005,0.2490757703781128,0.2504023611545563,0.32197627425193787
21924,0.0,0.033101387321949005,0.4202551245689392,0.3447028696537018,0.43222424387931824
21925,1.0,0.033101387321949005,0.37296062707901,0.24758280813694,0.4699886739253998
21926,1.0,0.033101387321949005,0.4717440605163574,0.424654483795166,0.5424057245254517
21927,1.0,0.033101387321949005,0.6144858598709106,0.6809893846511841,0.7906181216239929
21928,1.0,0.033101387321949005,0.6943902969360352,0.7585203051567078,0.8754526972770691
21929,1.0,0.033101387321949005,0.58214271068573,0.5823168158531189,0.7527241110801697
21930,1.0,0.033101387321949005,0.4799773693084717,0.4466956555843353,0.6153039336204529
21931,1.0,0.033101387321949005,0.4377169609069824,0.5082442164421082,0.6382389664649963
21932,1.0,0.03310137987136841,0.49659281969070435,0.48716557025909424,0.7384536862373352
21933,1.0,0.03310137987136841,0.4228726029396057,0.40872204303741455,0.5948723554611206
21934,1.0,0.03310137987136841,0.4858289361000061,0.4418039917945862,0.6322024464607239
21935,1.0,0.03310137987136841,0.42853784561157227,0.502906084060669,0.7182773947715759
21936,1.0,0.03310137987136841,0.43056559562683105,0.4036463797092438,0.5575595498085022
21937,1.0,0.03310137987136841,0.38412022590637207,0.3486853837966919,0.510344922542572
21938,1.0,0.03310137987136841,0.37268245220184326,0.2783335745334625,0.40785014629364014
21939,1.0,0.03310137987136841,0.38271766901016235,0.35232290625572205,0.44488391280174255
21940,1.0,0.03310137987136841,0.3075353503227234,0.2825503647327423,0.39120832085609436
21941,1.0,0.03310137987136841,0.2810022830963135,0.296720951795578,0.3147934079170227
21942,1.0,0.03310137987136841,0.16159826517105103,0.1634770929813385,0.13042420148849487
21943,0.0,0.03310137242078781,0.19390887022018433,0.21731597185134888,0.231764018535614
21944,1.0,0.03310137242078781,0.10560441017150879,0.14366422593593597,0.09244874119758606
21945,0.0,0.03310137242078781,0.09742206335067749,0.16108034551143646,0.09568355977535248
21946,0.0,0.03310137242078781,0.11956119537353516,0.19012920558452606,0.09812893718481064
21947,1.0,0.03310137242078781,0.1040382981300354,0.12060151249170303,0.1112857460975647
21948,0.0,0.03310137242078781,0.07802772521972656,0.151154562830925,0.06793175637722015
21949,1.0,0.03310137242078781,0.13791179656982422,0.17227455973625183,0.22527053952217102
21950,1.0,0.03310137242078781,0.1776077151298523,0.1586420238018036,0.22476091980934143
21951,1.0,0.03310137242078781,0.05259352922439575,0.18555663526058197,0.051337677985429764
21952,0.0,0.03310137242078781,0.061719298362731934,0.08415871113538742,0.05465112254023552
21953,0.0,0.033101364970207214,0.050104498863220215,0.11608739197254181,0.03008783981204033
21954,1.0,0.033101364970207214,0.03799295425415039,0.12139365822076797,0.045000817626714706
21955,1.0,0.033101364970207214,0.08975827693939209,0.15290772914886475,0.0794408991932869
21956,0.0,0.033101364970207214,0.16144472360610962,0.23536574840545654,0.21578550338745117
21957,1.0,0.033101364970207214,0.09109926223754883,0.15114463865756989,0.08226867020130157
21958,1.0,0.033101364970207214,0.06244176626205444,0.13797025382518768,0.06953871995210648
21959,1.0,0.033101364970207214,0.13718163967132568,0.1917535364627838,0.2019987255334854
21960,1.0,0.033101364970207214,0.18240058422088623,0.1983126550912857,0.14832442998886108
21961,1.0,0.033101364970207214,0.17268407344818115,0.21494168043136597,0.16727152466773987
21962,0.0,0.033101364970207214,0.2550196051597595,0.20834368467330933,0.3505886197090149
21963,1.0,0.033101361244916916,0.18200522661209106,0.12882007658481598,0.1551957130432129
21964,0.0,0.033101361244916916,0.3787708878517151,0.43290093541145325,0.3935296833515167
21965,1.0,0.033101361244916916,0.24406534433364868,0.3849286437034607,0.2252640575170517
21966,1.0,0.033101361244916916,0.3680710196495056,0.3366519510746002,0.4896184802055359
21967,1.0,0.033101361244916916,0.30362915992736816,0.2759777903556824,0.345355749130249
21968,0.0,0.033101361244916916,0.4525245428085327,0.3699248135089874,0.5427038669586182
22490,1.0,0.031008301302790642,0.5764678716659546,0.6435641646385193,0.8481667041778564
22491,1.0,0.031008265912532806,0.5076143741607666,0.624695897102356,0.7120268940925598
22492,1.0,0.031008265912532806,0.5194313526153564,0.6126061677932739,0.7558466196060181
22493,1.0,0.031008265912532806,0.5344412326812744,0.6389293670654297,0.6915165185928345
22494,1.0,0.031008265912532806,0.6028579473495483,0.657573938369751,0.8676732778549194
22495,1.0,0.031008265912532806,0.5526178479194641,0.7254552245140076,0.8571528792381287
22496,1.0,0.031008265912532806,0.5516211986541748,0.7892537117004395,0.8076269030570984
22497,1.0,0.031008265912532806,0.6295763254165649,0.759651780128479,0.8937960863113403
22498,1.0,0.031008265912532806,0.5326356887817383,0.7580955028533936,0.8216578364372253
22499,1.0,0.031008265912532806,0.5557165741920471,0.6600168347358704,0.8424239158630371
22500,1.0,0.03100825846195221,0.5160312652587891,0.6805050373077393,0.7405768632888794
22501,1.0,0.03100825846195221,0.5580790638923645,0.6387147307395935,0.811552882194519
22502,1.0,0.03100825846195221,0.6200921535491943,0.741219162940979,0.8401368260383606
22503,1.0,0.03100825846195221,0.519341766834259,0.7244678735733032,0.7339497208595276
22504,1.0,0.03100825846195221,0.49383050203323364,0.7440028190612793,0.7950206398963928
22505,1.0,0.03100825846195221,0.4861609935760498,0.6369860768318176,0.7292503118515015
22506,1.0,0.03100825846195221,0.528770923614502,0.6715714335441589,0.7633015513420105
22507,1.0,0.03100825846195221,0.5342327356338501,0.6497004628181458,0.7168380618095398
22508,1.0,0.03100825846195221,0.44878101348876953,0.6555837988853455,0.6641976833343506
22509,1.0,0.03100825846195221,0.4284828305244446,0.7114450335502625,0.6489424109458923
22510,1.0,0.031008251011371613,0.45880019664764404,0.5789626240730286,0.6603107452392578
22511,1.0,0.031008251011371613,0.4171796441078186,0.6520105004310608,0.6382446885108948
22512,1.0,0.031008251011371613,0.47825103998184204,0.6121243834495544,0.6066023707389832
22513,1.0,0.031008251011371613,0.3925248384475708,0.5112484693527222,0.5359431505203247
22514,1.0,0.031008251011371613,0.3794294595718384,0.3918304443359375,0.392408162355423
22515,1.0,0.031008251011371613,0.3497207760810852,0.34002482891082764,0.3133414685726166
22516,1.0,0.031008251011371613,0.3198162317276001,0.31350865960121155,0.3463723063468933
22517,1.0,0.031008251011371613,0.2424997091293335,0.3022225499153137,0.25472521781921387
22518,1.0,0.031008251011371613,0.3329169750213623,0.42457905411720276,0.30119583010673523
22519,1.0,0.031008251011371613,0.369889497756958,0.39998987317085266,0.45124292373657227
22520,1.0,0.031008243560791016,0.2700873613357544,0.38047897815704346,0.34814274311065674
22521,1.0,0.031008243560791016,0.2242487668991089,0.3958136737346649,0.24023009836673737
22522,1.0,0.031008243560791016,0.1667114496231079,0.31500333547592163,0.11639119684696198
22523,1.0,0.031008243560791016,0.15453189611434937,0.18077132105827332,0.15380199253559113
22524,1.0,0.031008243560791016,0.14492857456207275,0.150321364402771,0.10232744365930557
22525,1.0,0.031008243560791016,0.07240450382232666,0.1474980115890503,0.06618494540452957
22526,1.0,0.031008243560791016,0.05756103992462158,0.14134572446346283,0.06563369184732437
22527,1.0,0.031008243560791016,0.10900527238845825,0.2109563648700714,0.05714062228798866
22528,1.0,0.031008243560791016,0.19406068325042725,0.3304443955421448,0.1725964993238449
22529,1.0,0.031008243560791016,0.17323362827301025,0.22128483653068542,0.14203013479709625
22530,1.0,0.03100823611021042,0.15145224332809448,0.13720540702342987,0.15906305611133575
22531,1.0,0.03100823611021042,0.12032663822174072,0.12834466993808746,0.08591227978467941
22532,1.0,0.03100823611021042,0.12664270401000977,0.20781369507312775,0.07025918364524841
22533,1.0,0.03100823611021042,0.19237470626831055,0.29551684856414795,0.30217328667640686
22534,1.0,0.03100823611021042,0.27599984407424927,0.21694590151309967,0.3038822114467621
22535,1.0,0.03100823611021042,0.1986064910888672,0.2680748999118805,0.18258653581142426
22536,1.0,0.03100823611021042,0.3756277561187744,0.347036749124527,0.5520610213279724
22537,1.0,0.03100823611021042,0.3389476537704468,0.5091793537139893,0.58127361536026
22538,1.0,0.03100823611021042,0.41425400972366333,0.5218548774719238,0.5250738263130188
22539,1.0,0.03100823611021042,0.3807278871536255,0.6148064136505127,0.6418041586875916
22540,1.0,0.031008228659629822,0.4034767746925354,0.6071652173995972,0.5812395811080933
22541,1.0,0.031008228659629822,0.41938120126724243,0.539129912853241,0.7790672779083252
22542,1.0,0.031008228659629822,0.5562547445297241,0.6057378053665161,0.8752397894859314
23064,0.0,0.13101297616958618,0.2340468168258667,0.35772013664245605,0.280539870262146
23065,0.0,0.13101284205913544,0.12216919660568237,0.2894248366355896,0.07973852008581161
23066,0.0,0.13101284205913544,0.2096167802810669,0.32149744033813477,0.20796921849250793
23067,0.0,0.13101284205913544,0.12184309959411621,0.25882160663604736,0.07613320648670197
23068,0.0,0.13101282715797424,0.17781132459640503,0.3610213100910187,0.245204359292984
23069,0.0,0.13101282715797424,0.2176230549812317,0.3351097106933594,0.33157241344451904
23070,0.0,0.13101282715797424,0.16490983963012695,0.28829848766326904,0.14982381463050842
23071,0.0,0.13101282715797424,0.1226722002029419,0.1750243604183197,0.09491686522960663
23072,0.0,0.13101282715797424,0.16411817073822021,0.19227388501167297,0.1834208071231842
23073,0.0,0.13101281225681305,0.1098894476890564,0.1366833597421646,0.127519890666008
23074,0.0,0.13101281225681305,0.08154791593551636,0.12310963869094849,0.0836610272526741
23075,0.0,0.13101281225681305,0.23874294757843018,0.2929777503013611,0.31631141901016235
23076,0.0,0.13101281225681305,0.3077903389930725,0.44821402430534363,0.39251378178596497
23077,0.0,0.13101281225681305,0.21073466539382935,0.16757987439632416,0.18937361240386963
23078,0.0,0.13101279735565186,0.25636589527130127,0.4061615467071533,0.327156126499176
23079,0.0,0.13101279735565186,0.3418346047401428,0.440733939409256,0.33251556754112244
23080,0.0,0.13101279735565186,0.3433454632759094,0.414529412984848,0.45783835649490356
23081,0.0,0.13101279735565186,0.3025023341178894,0.4091678857803345,0.38822078704833984
23082,0.0,0.13101279735565186,0.24396240711212158,0.26461467146873474,0.26466745138168335
23083,0.0,0.13101279735565186,0.18607312440872192,0.1652313470840454,0.19450271129608154
23084,0.0,0.13101279735565186,0.23776787519454956,0.2507854104042053,0.25863590836524963
23085,0.0,0.13101279735565186,0.24000275135040283,0.32331183552742004,0.1933290660381317
23086,0.0,0.13101279735565186,0.16590726375579834,0.18993225693702698,0.12415607273578644
23087,0.0,0.13101279735565186,0.14380818605422974,0.18888607621192932,0.11000066995620728
23088,0.0,0.13101276755332947,0.15751159191131592,0.13243527710437775,0.15223322808742523
23089,0.0,0.13101276755332947,0.20111781358718872,0.17594097554683685,0.18682566285133362
23090,0.0,0.13101276755332947,0.13675403594970703,0.12700174748897552,0.1572169065475464
23091,0.0,0.13101276755332947,0.09081029891967773,0.10668821632862091,0.09176109731197357
23092,0.0,0.13101276755332947,0.17912912368774414,0.24044115841388702,0.19280177354812622
23093,0.0,0.13101275265216827,0.1104159951210022,0.11813878268003464,0.09698573499917984
23094,0.0,0.13101275265216827,0.18961697816848755,0.19479010999202728,0.20393288135528564
23095,0.0,0.13101275265216827,0.11063510179519653,0.11657898128032684,0.1344251036643982
23096,0.0,0.13101275265216827,0.10498261451721191,0.14378730952739716,0.11691293865442276
23097,0.0,0.13101275265216827,0.10963094234466553,0.17980286478996277,0.1139887347817421
23098,0.0,0.13101273775100708,0.12494790554046631,0.17631080746650696,0.14841967821121216
23099,0.0,0.13101273775100708,0.08840757608413696,0.10964316129684448,0.11481749266386032
23100,0.0,0.13101273775100708,0.17026489973068237,0.20203249156475067,0.225341796875
23101,0.0,0.13101273775100708,0.06062060594558716,0.08218903839588165,0.05782143026590347
23102,0.0,0.13101273775100708,0.08101505041122437,0.11091883480548859,0.07127437740564346
23103,0.0,0.13101273775100708,0.07899880409240723,0.15142586827278137,0.06831744313240051
23104,0.0,0.13101273775100708,0.07257449626922607,0.16887949407100677,0.06367827951908112
23105,0.0,0.13101273775100708,0.07774621248245239,0.0868958905339241,0.07932199537754059
23106,0.0,0.13101273775100708,0.0706186294555664,0.10466914623975754,0.0644337460398674
23107,0.0,0.13101273775100708,0.05594879388809204,0.06581190973520279,0.04674467071890831
23108,0.0,0.1310127228498459,0.05137979984283447,0.08120866119861603,0.02778029441833496
23109,0.0,0.1310127228498459,0.051018476486206055,0.08120070397853851,0.027990072965621948
23110,0.0,0.1310127228498459,0.04736196994781494,0.06780853867530823,0.02700440026819706
23111,0.0,0.1310127228498459,0.058441758155822754,0.08200913667678833,0.03621489554643631
23112,0.0,0.1310127228498459,0.06597715616226196,0.0862697884440422,0.0345565490424633
23113,0.0,0.1310126930475235,0.07508629560470581,0.134913831949234,0.061096664518117905
23114,0.0,0.1310126930475235,0.0928615927696228,0.09948103874921799,0.07150402665138245
23115,0.0,0.1310126930475235,0.12390744686126709,0.12195149809122086,0.08068042993545532
23116,0.0,0.1310126930475235,0.06175786256790161,0.12697401642799377,0.05803326517343521
23638,0.0,0.12290113419294357,0.46237653493881226,0.5346305966377258,0.5524752140045166
23639,0.0,0.12290101498365402,0.3301522135734558,0.47053101658821106,0.37496232986450195
23640,0.0,0.12290101498365402,0.29954421520233154,0.45444461703300476,0.29895976185798645
23641,0.0,0.12290101498365402,0.3079413175582886,0.3617839217185974,0.306892991065979
23642,0.0,0.12290101498365402,0.332638680934906,0.36799442768096924,0.34178832173347473
23643,0.0,0.12290101498365402,0.2874169945716858,0.38842952251434326,0.29576393961906433
23644,0.0,0.12290099263191223,0.2633652687072754,0.39381423592567444,0.256359726190567
23645,0.0,0.12290099263191223,0.27494382858276367,0.4155830442905426,0.23804298043251038
23646,0.0,0.12290099263191223,0.2946482300758362,0.3308930993080139,0.2167133241891861
23647,0.0,0.12290099263191223,0.3021644949913025,0.4948314428329468,0.3749508857727051
23648,0.0,0.12290099263191223,0.3839375376701355,0.5658591985702515,0.39954954385757446
23649,0.0,0.12290099263191223,0.3802838921546936,0.6705222725868225,0.45143842697143555
23650,0.0,0.12290099263191223,0.29444587230682373,0.5054985284805298,0.23363332450389862
23651,0.0,0.12290099263191223,0.2955278754234314,0.36035558581352234,0.2484850287437439
23652,0.0,0.12290099263191223,0.4510144591331482,0.6236852407455444,0.5041906833648682
23653,0.0,0.12290099263191223,0.3813076615333557,0.42602407932281494,0.4188629984855652
23654,0.0,0.12290099263191223,0.42203038930892944,0.6351668238639832,0.5370810031890869
23655,0.0,0.12290097773075104,0.45597130060195923,0.5928465127944946,0.5776118040084839
23656,0.0,0.12290097773075104,0.4357336759567261,0.48002946376800537,0.531064510345459
23657,0.0,0.12290097773075104,0.3870731592178345,0.4896741807460785,0.4794919490814209
23658,0.0,0.12290097773075104,0.4084291458129883,0.37568894028663635,0.4528866708278656
23659,0.0,0.12290097773075104,0.39266765117645264,0.3765254616737366,0.4537130892276764
23660,0.0,0.12290096282958984,0.4262240529060364,0.4624052941799164,0.557203471660614
23661,0.0,0.12290096282958984,0.42159128189086914,0.4014629125595093,0.5404488444328308
23662,0.0,0.12290096282958984,0.35129886865615845,0.28756147623062134,0.3210289478302002
23663,0.0,0.12290096282958984,0.29985326528549194,0.2735971212387085,0.28506922721862793
23664,0.0,0.12290096282958984,0.24011802673339844,0.2374691218137741,0.173714280128479
23665,0.0,0.12290094792842865,0.3302096724510193,0.21100367605686188,0.25757038593292236
23666,0.0,0.12290094792842865,0.33688586950302124,0.27291467785835266,0.2548181712627411
23667,0.0,0.12290094792842865,0.3556026220321655,0.26920807361602783,0.3329755961894989
23668,0.0,0.12290094792842865,0.31619441509246826,0.2888299822807312,0.24772895872592926
23669,0.0,0.12290094792842865,0.12934666872024536,0.20455314218997955,0.0767495259642601
23670,0.0,0.12290093302726746,0.14553123712539673,0.20305907726287842,0.08258100599050522
23671,0.0,0.12290093302726746,0.1881210207939148,0.23962683975696564,0.1512221097946167
23672,0.0,0.12290093302726746,0.15250134468078613,0.21545639634132385,0.10378258675336838
23673,0.0,0.12290093302726746,0.12051457166671753,0.14517651498317719,0.0713646188378334
23674,0.0,0.12290093302726746,0.15356117486953735,0.22555826604366302,0.14283180236816406
23675,0.0,0.12290091812610626,0.14426839351654053,0.19246886670589447,0.139018252491951
23676,0.0,0.12290091812610626,0.12083923816680908,0.15996621549129486,0.08918607980012894
23677,0.0,0.12290091812610626,0.1313481330871582,0.13165804743766785,0.10545086860656738
23678,0.0,0.12290091812610626,0.1108020544052124,0.11124290525913239,0.06280180811882019
23679,0.0,0.12290091812610626,0.12577581405639648,0.12121482938528061,0.06374583393335342
23680,0.0,0.12290090322494507,0.11671096086502075,0.12290418148040771,0.053013887256383896
23681,0.0,0.12290090322494507,0.11258095502853394,0.1706302911043167,0.06199297681450844
23682,0.0,0.12290090322494507,0.13444209098815918,0.12746450304985046,0.05617447569966316
23683,0.0,0.12290090322494507,0.14997464418411255,0.12321071326732635,0.07630079239606857
23684,0.0,0.12290090322494507,0.28792816400527954,0.2915846109390259,0.20391495525836945
23685,0.0,0.12290088832378387,0.2614789605140686,0.31496068835258484,0.20949819684028625
23686,0.0,0.12290088832378387,0.1795581579208374,0.23009923100471497,0.07416919618844986
23687,0.0,0.12290088832378387,0.1605319380760193,0.12636958062648773,0.06666836887598038
23688,0.0,0.12290088832378387,0.18865352869033813,0.2096964716911316,0.12777897715568542
23689,0.0,0.12290088832378387,0.22616726160049438,0.23962005972862244,0.1658957302570343
23690,0.0,0.12290087342262268,0.37143605947494507,0.30325746536254883,0.3361789286136627
24212,1.0,0.05534764751791954,0.485522985458374,0.5817883014678955,0.6779706478118896
24213,1.0,0.055347587913274765,0.45024240016937256,0.5164249539375305,0.5053529739379883
24214,1.0,0.055347587913274765,0.41563695669174194,0.5234760642051697,0.5431627035140991
24215,1.0,0.055347587913274765,0.4081704616546631,0.49375680088996887,0.5554978847503662
24216,0.0,0.055347587913274765,0.471157968044281,0.6038514971733093,0.72980135679245
24217,1.0,0.05534757673740387,0.46964842081069946,0.5041398406028748,0.6511482000350952
24218,0.0,0.05534757673740387,0.24884945154190063,0.5217699408531189,0.4209209680557251
24219,0.0,0.05534757673740387,0.32121050357818604,0.45071420073509216,0.30583447217941284
24220,0.0,0.05534757673740387,0.3787108063697815,0.6080278754234314,0.5197477340698242
24221,1.0,0.05534757673740387,0.36683958768844604,0.428347110748291,0.5081019401550293
24222,0.0,0.05534757673740387,0.3264368772506714,0.4778798520565033,0.47586894035339355
24223,1.0,0.05534757673740387,0.33695828914642334,0.3780752420425415,0.7199886441230774
24224,0.0,0.05534757673740387,0.39149874448776245,0.3402878940105438,0.5640506148338318
24225,0.0,0.05534757673740387,0.39551758766174316,0.4460922181606293,0.5524680614471436
24226,1.0,0.05534757673740387,0.5608344078063965,0.565200924873352,0.6746614575386047
24227,1.0,0.055347565561532974,0.41252899169921875,0.5123562812805176,0.7090537548065186
24228,0.0,0.055347565561532974,0.37921828031539917,0.35366055369377136,0.4786607325077057
24229,0.0,0.055347565561532974,0.37199944257736206,0.3862568140029907,0.6816242337226868
24230,1.0,0.055347565561532974,0.4767453670501709,0.34241774678230286,0.725032389163971
24231,1.0,0.055347565561532974,0.47813016176223755,0.34979403018951416,0.6471124291419983
24232,0.0,0.055347565561532974,0.4068484306335449,0.3500153720378876,0.4786749482154846
24233,0.0,0.055347565561532974,0.4060811996459961,0.2643605172634125,0.38120022416114807
24234,1.0,0.055347565561532974,0.37499481439590454,0.26208409667015076,0.3775850236415863
24235,0.0,0.055347565561532974,0.2533077597618103,0.28750720620155334,0.3514051139354706
24236,0.0,0.055347565561532974,0.2723524570465088,0.19161885976791382,0.2777427136898041
24237,0.0,0.05534754693508148,0.21843844652175903,0.22992007434368134,0.2434977889060974
24238,0.0,0.05534754693508148,0.2208625078201294,0.18019676208496094,0.25916579365730286
24239,0.0,0.05534754693508148,0.16151440143585205,0.19237150251865387,0.23025768995285034
24240,0.0,0.05534754693508148,0.23583924770355225,0.23087549209594727,0.2995593249797821
24241,0.0,0.05534754693508148,0.20775562524795532,0.23085789382457733,0.3168950080871582
24242,0.0,0.05534754693508148,0.21613377332687378,0.17472903430461884,0.3262404501438141
24243,0.0,0.05534754693508148,0.14179950952529907,0.15679754316806793,0.2908346354961395
24244,0.0,0.05534754693508148,0.14388495683670044,0.1549982726573944,0.2305881232023239
24245,0.0,0.05534754693508148,0.15724396705627441,0.13213911652565002,0.23576965928077698
24246,0.0,0.05534754693508148,0.11449652910232544,0.12314605712890625,0.17240594327449799
24247,0.0,0.05534753575921059,0.12365996837615967,0.16980703175067902,0.21985562145709991
24248,0.0,0.05534753575921059,0.1394510269165039,0.19207195937633514,0.16264207661151886
24249,1.0,0.05534753575921059,0.17496812343597412,0.21778686344623566,0.25176963210105896
24250,0.0,0.05534753575921059,0.1673986315727234,0.17729568481445312,0.2691706120967865
24251,0.0,0.05534753575921059,0.15838003158569336,0.16328203678131104,0.2644263505935669
24252,1.0,0.05534753575921059,0.17000913619995117,0.163337841629982,0.28260546922683716
24253,0.0,0.05534753575921059,0.20919716358184814,0.21827290952205658,0.4231373071670532
24254,1.0,0.05534753575921059,0.17357957363128662,0.16781102120876312,0.312294602394104
24255,0.0,0.05534753575921059,0.17364627122879028,0.2082808017730713,0.260990172624588
24256,0.0,0.05534753575921059,0.18546301126480103,0.24296584725379944,0.31772905588150024
24257,0.0,0.05534753575921059,0.22719967365264893,0.26488739252090454,0.3714313507080078
24258,0.0,0.05534752458333969,0.3258834481239319,0.2629601061344147,0.43744876980781555
24259,1.0,0.05534752458333969,0.20654356479644775,0.26589563488960266,0.3093581199645996
24260,0.0,0.05534752458333969,0.3895636200904846,0.40690726041793823,0.5658259391784668
24261,0.0,0.05534752458333969,0.4798623323440552,0.5023070573806763,0.6903893351554871
24262,1.0,0.05534752458333969,0.3043876886367798,0.5087441802024841,0.4988940954208374
24263,1.0,0.05534752458333969,0.5075387954711914,0.692141056060791,0.7188644409179688
24264,1.0,0.05534752458333969,0.579861044883728,0.635786771774292,0.72175532579422
24786,0.0,0.17410387098789215,0.2763449549674988,0.46836888790130615,0.40463516116142273
24787,0.0,0.17410370707511902,0.35103416442871094,0.7237709164619446,0.5341771841049194
24788,0.0,0.17410369217395782,0.4021555185317993,0.7363161444664001,0.6720292568206787
24789,0.0,0.17410370707511902,0.45141011476516724,0.7790620923042297,0.7266640067100525
24790,0.0,0.1741037517786026,0.46828097105026245,0.7833839654922485,0.8106990456581116
24791,1.0,0.17410379648208618,0.46963322162628174,0.8218719363212585,0.9041010737419128
24792,1.0,0.174103781580925,0.4500359296798706,0.8112104535102844,0.9074451327323914
24793,1.0,0.1741037517786026,0.4442773461341858,0.7606650590896606,0.7660746574401855
24794,1.0,0.1741037517786026,0.46408653259277344,0.8000986576080322,0.8808432221412659
24795,1.0,0.17410407960414886,0.4674929976463318,0.7942109107971191,0.9072620868682861
24796,1.0,0.1741054505109787,0.4833589792251587,0.7996938824653625,0.9000543355941772
24797,1.0,0.17411018908023834,0.4658058285713196,0.8141411542892456,0.9233059883117676
24798,1.0,0.1741144061088562,0.47515368461608887,0.8169590830802917,0.9298639893531799
24799,1.0,0.17413146793842316,0.4464152455329895,0.846646249294281,0.9052996635437012
24800,1.0,0.17413021624088287,0.4706602692604065,0.8378539085388184,0.9542202949523926
24801,1.0,0.17412467300891876,0.4687785506248474,0.837917149066925,0.8895955085754395
24802,1.0,0.17411579191684723,0.4239622950553894,0.8201471567153931,0.8820632696151733
24803,1.0,0.17411096394062042,0.44749075174331665,0.8170866966247559,0.8904364109039307
24804,1.0,0.17411372065544128,0.40860503911972046,0.8463472723960876,0.8734313249588013
24805,1.0,0.1741115003824234,0.40474802255630493,0.7786622047424316,0.8717144727706909
24806,1.0,0.17411422729492188,0.4072563648223877,0.7318307757377625,0.807075560092926
24807,1.0,0.17413946986198425,0.3908976912498474,0.8030917644500732,0.8079589605331421
24808,1.0,0.17413830757141113,0.3792523741722107,0.6668339967727661,0.7647301554679871
24809,1.0,0.17413556575775146,0.3178393840789795,0.7311791181564331,0.7801188826560974
24810,1.0,0.17411793768405914,0.3323463201522827,0.7329810857772827,0.7801342010498047
24811,1.0,0.17411182820796967,0.2888789772987366,0.710767388343811,0.7384867072105408
24812,1.0,0.17410679161548615,0.25575536489486694,0.6619409918785095,0.7197213768959045
24813,1.0,0.17410419881343842,0.263977587223053,0.6478708386421204,0.724454402923584
24814,1.0,0.17410388588905334,0.25894254446029663,0.7141266465187073,0.6785423159599304
24815,1.0,0.17410369217395782,0.2730141282081604,0.6595503091812134,0.7097064256668091
24816,1.0,0.1741037666797638,0.26946669816970825,0.7396126389503479,0.7159299850463867
24817,1.0,0.17410391569137573,0.23725390434265137,0.7441924214363098,0.7178804278373718
24818,1.0,0.1741037666797638,0.22076642513275146,0.7667732238769531,0.5213446617126465
24819,1.0,0.17410381138324738,0.187286376953125,0.628513514995575,0.46440136432647705
24820,1.0,0.1741037517786026,0.21299892663955688,0.7169620990753174,0.4018998146057129
24821,0.0,0.1741037517786026,0.23473209142684937,0.5115699768066406,0.34048229455947876
24822,1.0,0.17410361766815186,0.1919350028038025,0.4050661623477936,0.29609420895576477
24823,0.0,0.17410363256931305,0.19664156436920166,0.4929729104042053,0.2391892671585083
24824,0.0,0.17410366237163544,0.18752360343933105,0.36080142855644226,0.22467029094696045
24825,0.0,0.17410370707511902,0.19158238172531128,0.39268675446510315,0.22984683513641357
24826,0.0,0.17410363256931305,0.1760813593864441,0.37330734729766846,0.2601168751716614
24827,0.0,0.17410360276699066,0.12793952226638794,0.055459003895521164,0.0780106633901596
24828,0.0,0.17410358786582947,0.14093923568725586,0.027742696925997734,0.10282821208238602
24829,0.0,0.17410357296466827,0.17403745651245117,0.2627919018268585,0.1182384267449379
24830,0.0,0.17410357296466827,0.18917697668075562,0.0867479220032692,0.16478663682937622
24831,0.0,0.17410357296466827,0.15126240253448486,0.14851877093315125,0.11029732972383499
24832,0.0,0.17410357296466827,0.13553178310394287,0.026998888701200485,0.13551287353038788
24833,0.0,0.17410357296466827,0.12481158971786499,0.026873791590332985,0.10165221989154816
24834,0.0,0.1741035431623459,0.1385076642036438,0.049501221626996994,0.08817940205335617
24835,0.0,0.1741035431623459,0.16642683744430542,0.054673705250024796,0.1438034176826477
24836,0.0,0.1741035431623459,0.14061158895492554,0.06350214779376984,0.07613195478916168
24837,0.0,0.1741035431623459,0.1410602331161499,0.14833195507526398,0.1166529655456543
24838,0.0,0.1741035282611847,0.23627722263336182,0.3034585118293762,0.28534606099128723
25360,1.0,0.058868199586868286,0.315415620803833,0.16267859935760498,0.33591392636299133
25361,1.0,0.058868132531642914,0.23198437690734863,0.1724374145269394,0.2651495933532715
25362,1.0,0.058868132531642914,0.23640680313110352,0.18629220128059387,0.2857348322868347
25363,1.0,0.058868132531642914,0.2207891345024109,0.14478619396686554,0.2661847472190857
25364,1.0,0.058868132531642914,0.2071048617362976,0.12727361917495728,0.42324766516685486
25365,1.0,0.058868132531642914,0.2999662756919861,0.25192636251449585,0.5125088095664978
25366,1.0,0.058868132531642914,0.36874157190322876,0.24855870008468628,0.5096760392189026
25367,1.0,0.058868132531642914,0.32878023386001587,0.27186933159828186,0.4259288012981415
25368,1.0,0.058868132531642914,0.22030997276306152,0.24029108881950378,0.3725939989089966
25369,1.0,0.058868132531642914,0.2509586215019226,0.2330496460199356,0.32713422179222107
25370,1.0,0.058868132531642914,0.3541529178619385,0.3350578844547272,0.3650916814804077
25371,1.0,0.058868132531642914,0.26965510845184326,0.34110164642333984,0.5049824118614197
25372,1.0,0.05886811763048172,0.36408770084381104,0.2955441176891327,0.4809744358062744
25373,1.0,0.05886811763048172,0.4652339220046997,0.5357329249382019,0.7219632267951965
25374,1.0,0.05886811763048172,0.4203365445137024,0.35561439394950867,0.6523166298866272
25375,1.0,0.05886811763048172,0.505901038646698,0.3719788193702698,0.67587810754776
25376,1.0,0.05886811763048172,0.39190536737442017,0.30008482933044434,0.49330323934555054
25377,1.0,0.05886811763048172,0.2458559274673462,0.2471328228712082,0.47815555334091187
25378,1.0,0.05886811763048172,0.368297278881073,0.2846173644065857,0.43899664282798767
25379,1.0,0.05886811763048172,0.27397215366363525,0.25089773535728455,0.38376399874687195
25380,1.0,0.05886811763048172,0.29429328441619873,0.23678290843963623,0.3855690360069275
25381,1.0,0.05886811763048172,0.34091997146606445,0.1861601322889328,0.439177542924881
25382,1.0,0.058868106454610825,0.26122069358825684,0.2511090040206909,0.3616192936897278
25383,1.0,0.058868106454610825,0.31422364711761475,0.21715761721134186,0.515678882598877
25384,1.0,0.058868106454610825,0.2270687222480774,0.1908172070980072,0.3408351540565491
25385,1.0,0.058868106454610825,0.23354512453079224,0.19481414556503296,0.2977725863456726
25386,1.0,0.058868106454610825,0.1412442922592163,0.23410476744174957,0.24905958771705627
25387,1.0,0.058868106454610825,0.18502074480056763,0.21716366708278656,0.2934233248233795
25388,1.0,0.058868106454610825,0.17113995552062988,0.14942410588264465,0.24673883616924286
25389,1.0,0.058868106454610825,0.21139180660247803,0.25629922747612,0.38120025396347046
25390,1.0,0.058868106454610825,0.19532257318496704,0.18638019263744354,0.22741006314754486
25391,1.0,0.058868106454610825,0.16436010599136353,0.11155412346124649,0.2532275915145874
25392,1.0,0.05886809155344963,0.18191301822662354,0.12188573181629181,0.21747304499149323
25393,1.0,0.05886809155344963,0.16365420818328857,0.16775743663311005,0.23437871038913727
25394,1.0,0.05886809155344963,0.15560132265090942,0.1530880182981491,0.1869574934244156
25395,1.0,0.05886809155344963,0.14970147609710693,0.16819018125534058,0.202138751745224
25396,1.0,0.05886809155344963,0.14421755075454712,0.16723158955574036,0.16610252857208252
25397,1.0,0.05886809155344963,0.10351943969726562,0.14556445181369781,0.18067282438278198
25398,1.0,0.05886809155344963,0.10573124885559082,0.11604245752096176,0.12580958008766174
25399,1.0,0.05886809155344963,0.13737839460372925,0.18598495423793793,0.14600542187690735
25400,1.0,0.05886809155344963,0.15663737058639526,0.1663452386856079,0.2330777943134308
25401,1.0,0.05886809155344963,0.2284085750579834,0.15347172319889069,0.3924439251422882
25402,1.0,0.058868080377578735,0.14501214027404785,0.16591882705688477,0.2303265780210495
25403,1.0,0.058868080377578735,0.1598602533340454,0.14976918697357178,0.28081443905830383
25404,1.0,0.058868080377578735,0.1971735954284668,0.14902973175048828,0.38728654384613037
25405,1.0,0.058868080377578735,0.22353118658065796,0.11493919044733047,0.29037246108055115
25406,1.0,0.058868080377578735,0.14790838956832886,0.11848282814025879,0.15534216165542603
25407,1.0,0.058868080377578735,0.1124613881111145,0.10763117671012878,0.12722156941890717
25408,1.0,0.058868080377578735,0.15355360507965088,0.1993352472782135,0.2893470227718353
25409,1.0,0.058868080377578735,0.20793968439102173,0.1822144091129303,0.39039915800094604
25410,1.0,0.058868080377578735,0.11360037326812744,0.15282659232616425,0.13149996101856232
25411,1.0,0.058868080377578735,0.31500476598739624,0.17328163981437683,0.4127013087272644
25412,1.0,0.05886807292699814,0.47381842136383057,0.445098876953125,0.6418662071228027
25934,0.0,0.1467963606119156,0.389695405960083,0.5418074727058411,0.471513032913208
25935,0.0,0.14679622650146484,0.3339427709579468,0.4269512891769409,0.5155782103538513
25936,0.0,0.14679621160030365,0.3611411452293396,0.3847084045410156,0.43440502882003784
25937,0.0,0.14679621160030365,0.20504313707351685,0.26786062121391296,0.29873234033584595
25938,0.0,0.14679621160030365,0.1905757188796997,0.13996164500713348,0.29097896814346313
25939,0.0,0.14679621160030365,0.24718427658081055,0.3293526768684387,0.26410388946533203
25940,0.0,0.14679621160030365,0.3170664310455322,0.36008962988853455,0.3628441393375397
25941,0.0,0.14679621160030365,0.33452749252319336,0.3641945421695709,0.4319872260093689
25942,0.0,0.14679619669914246,0.20657646656036377,0.2674550712108612,0.22602985799312592
25943,0.0,0.14679619669914246,0.31542348861694336,0.4230721592903137,0.41620364785194397
25944,0.0,0.14679619669914246,0.3320351839065552,0.5096403360366821,0.4249892234802246
25945,0.0,0.14679619669914246,0.3174845576286316,0.2854935824871063,0.4916316270828247
25946,0.0,0.14679619669914246,0.3339327573776245,0.420522004365921,0.41070979833602905
25947,0.0,0.14679618179798126,0.3752061724662781,0.47817137837409973,0.4683075249195099
25948,0.0,0.14679618179798126,0.32727301120758057,0.3068005442619324,0.4649941623210907
25949,0.0,0.14679618179798126,0.3021093010902405,0.22479747235774994,0.40644773840904236
25950,0.0,0.14679618179798126,0.34785228967666626,0.34967291355133057,0.4454137980937958
25951,0.0,0.14679618179798126,0.3712373971939087,0.4903620779514313,0.5195701122283936
25952,0.0,0.14679616689682007,0.28453296422958374,0.2636910378932953,0.34032461047172546
25953,0.0,0.14679616689682007,0.3303375244140625,0.2904834449291229,0.4694937765598297
25954,0.0,0.14679616689682007,0.15680187940597534,0.13448067009449005,0.14839550852775574
25955,0.0,0.14679616689682007,0.23736637830734253,0.30394935607910156,0.3333280682563782
25956,0.0,0.14679616689682007,0.24046552181243896,0.2598945200443268,0.20405814051628113
25957,0.0,0.14679613709449768,0.3835533857345581,0.3537331521511078,0.5254912376403809
25958,0.0,0.14679613709449768,0.49838560819625854,0.5045498013496399,0.6148316264152527
25959,0.0,0.14679613709449768,0.4394150972366333,0.3553873598575592,0.6044590473175049
25960,0.0,0.14679613709449768,0.31661874055862427,0.34959009289741516,0.36330413818359375
25961,0.0,0.14679613709449768,0.27108144760131836,0.32745179533958435,0.2991616725921631
25962,0.0,0.1467961221933365,0.2311338186264038,0.2458629310131073,0.2670081853866577
25963,0.0,0.1467961221933365,0.1963089108467102,0.2064945250749588,0.2835964858531952
25964,0.0,0.1467961221933365,0.2455093264579773,0.28170546889305115,0.31225135922431946
25965,0.0,0.1467961221933365,0.12144869565963745,0.24977777898311615,0.18217585980892181
25966,0.0,0.1467961221933365,0.1316162347793579,0.1315438598394394,0.12345899641513824
25967,0.0,0.1467961072921753,0.12306267023086548,0.2095637023448944,0.14557206630706787
25968,0.0,0.1467961072921753,0.12931311130523682,0.1758047193288803,0.11241638660430908
25969,0.0,0.1467961072921753,0.09663569927215576,0.12127985805273056,0.10770940035581589
25970,0.0,0.1467961072921753,0.12889009714126587,0.1356992870569229,0.13975262641906738
25971,0.0,0.1467961072921753,0.1672345995903015,0.18901494145393372,0.17672337591648102
25972,0.0,0.1467960923910141,0.10475832223892212,0.11748693138360977,0.12928350269794464
25973,0.0,0.1467960923910141,0.0941629409790039,0.11795015633106232,0.07522561401128769
25974,0.0,0.1467960923910141,0.10167604684829712,0.11869446933269501,0.10257498174905777
25975,0.0,0.1467960923910141,0.1446351408958435,0.14286822080612183,0.1470765471458435
25976,0.0,0.1467960923910141,0.09873402118682861,0.09829037636518478,0.10471014678478241
25977,0.0,0.1467960774898529,0.09548276662826538,0.09685342758893967,0.09660404175519943
25978,0.0,0.1467960774898529,0.07739335298538208,0.11584050208330154,0.06881815940141678
25979,0.0,0.1467960774898529,0.0722876787185669,0.10873553901910782,0.06182070076465607
25980,0.0,0.1467960774898529,0.061335861682891846,0.08429732173681259,0.058350395411252975
25981,0.0,0.1467960774898529,0.06426018476486206,0.0766041949391365,0.053429752588272095
25982,0.0,0.1467960774898529,0.08345526456832886,0.11128100007772446,0.07854823023080826
25983,0.0,0.1467960774898529,0.08310204744338989,0.10777788609266281,0.06118349730968475
25984,0.0,0.1467960774898529,0.13577157258987427,0.14900222420692444,0.0992112010717392
25985,0.0,0.1467960774898529,0.23902279138565063,0.39168763160705566,0.2966679036617279
25986,0.0,0.1467960774898529,0.22290104627609253,0.33231037855148315,0.2776200771331787
26508,1.0,0.028946692124009132,0.5415819883346558,0.500858724117279,0.86762535572052
26509,1.0,0.028946660459041595,0.49840086698532104,0.5725840926170349,0.65876704454422
26510,1.0,0.028946660459041595,0.47950488328933716,0.505694568157196,0.7173298001289368
26511,1.0,0.028946660459041595,0.5690250396728516,0.5113130807876587,0.7262755036354065
26512,1.0,0.028946660459041595,0.6493197679519653,0.5705641508102417,0.8400875926017761
26513,1.0,0.028946660459041595,0.5563593506813049,0.6361053586006165,0.832493245601654
26514,1.0,0.028946660459041595,0.6336469650268555,0.5570218563079834,0.835629403591156
26515,0.0,0.028946660459041595,0.5151922702789307,0.5484002828598022,0.7046912312507629
26516,1.0,0.028946660459041595,0.5714025497436523,0.609360933303833,0.7894155979156494
26517,1.0,0.028946660459041595,0.6490049362182617,0.6120748519897461,0.8492547273635864
26518,1.0,0.028946660459041595,0.48432648181915283,0.5811594128608704,0.7678503394126892
26519,1.0,0.02894665114581585,0.464601993560791,0.6317834258079529,0.6905626058578491
26520,1.0,0.02894665114581585,0.5962486267089844,0.6123468279838562,0.8065645098686218
26521,1.0,0.02894665114581585,0.5024641752243042,0.44193533062934875,0.7545382976531982
26522,0.0,0.02894665114581585,0.3860980272293091,0.42505356669425964,0.574661374092102
26523,0.0,0.02894665114581585,0.36712396144866943,0.42794620990753174,0.4198892414569855
26524,1.0,0.02894665114581585,0.4290924668312073,0.4689432680606842,0.6272363662719727
26525,1.0,0.02894665114581585,0.5802081823348999,0.5446552038192749,0.8155983090400696
26526,1.0,0.02894665114581585,0.5259645581245422,0.5136370062828064,0.7590084075927734
26527,1.0,0.02894665114581585,0.39518582820892334,0.38569843769073486,0.4780341386795044
26528,1.0,0.02894665114581585,0.4239276051521301,0.35506531596183777,0.6074636578559875
26529,1.0,0.02894664742052555,0.34240639209747314,0.3595447838306427,0.47231194376945496
26530,1.0,0.02894664742052555,0.40965980291366577,0.3755475580692291,0.5150180459022522
26531,1.0,0.02894664742052555,0.26508641242980957,0.2451731115579605,0.2287648618221283
26532,0.0,0.02894664742052555,0.2276279330253601,0.30069801211357117,0.22516416013240814
26533,0.0,0.02894664742052555,0.24887502193450928,0.22885170578956604,0.21346083283424377
26534,1.0,0.02894664742052555,0.21200215816497803,0.27562376856803894,0.2449054718017578
26535,1.0,0.02894664742052555,0.16541624069213867,0.22805538773536682,0.14898714423179626
26536,1.0,0.02894664742052555,0.18538647890090942,0.2663084864616394,0.14266958832740784
26537,0.0,0.02894664742052555,0.15596002340316772,0.23627381026744843,0.10909765958786011
26538,1.0,0.02894664742052555,0.11674392223358154,0.24743537604808807,0.10808306932449341
26539,0.0,0.028946641832590103,0.10992902517318726,0.19961197674274445,0.06259669363498688
26540,0.0,0.028946641832590103,0.07425433397293091,0.1994209885597229,0.1084057092666626
26541,1.0,0.028946641832590103,0.07843118906021118,0.2231718748807907,0.07590603828430176
26542,0.0,0.028946641832590103,0.13454872369766235,0.1951015144586563,0.16141708195209503
26543,1.0,0.028946641832590103,0.08082860708236694,0.20350438356399536,0.1375037431716919
26544,0.0,0.028946641832590103,0.09613847732543945,0.17675992846488953,0.08682480454444885
26545,0.0,0.028946641832590103,0.07857775688171387,0.1370941698551178,0.07896461337804794
26546,0.0,0.028946641832590103,0.05624973773956299,0.1471095234155655,0.05847066640853882
26547,0.0,0.028946641832590103,0.12405061721801758,0.15226466953754425,0.11099708080291748
26548,1.0,0.028946641832590103,0.13938671350479126,0.2457635998725891,0.18828085064888
26549,1.0,0.028946634382009506,0.07494741678237915,0.21994633972644806,0.1192830502986908
26550,0.0,0.028946634382009506,0.07206058502197266,0.13916371762752533,0.06185024976730347
26551,0.0,0.028946634382009506,0.1346735954284668,0.1973031908273697,0.16687722504138947
26552,1.0,0.028946634382009506,0.2464582920074463,0.2772883176803589,0.3816083073616028
26553,1.0,0.028946634382009506,0.2853319048881531,0.28129398822784424,0.41920772194862366
26554,0.0,0.028946634382009506,0.18214410543441772,0.22282744944095612,0.2301977127790451
26555,0.0,0.028946634382009506,0.25910240411758423,0.22700215876102448,0.3101614713668823
26556,0.0,0.028946634382009506,0.3866056203842163,0.36321625113487244,0.5077471733093262
26557,0.0,0.028946634382009506,0.2821308970451355,0.38157057762145996,0.5072466135025024
26558,0.0,0.028946634382009506,0.4554482698440552,0.44291505217552185,0.6149285435676575
26559,1.0,0.02894662506878376,0.38258683681488037,0.4871160387992859,0.6077979207038879
26560,0.0,0.02894662506878376,0.5477831363677979,0.49531200528144836,0.785145103931427
27082,1.0,0.10800081491470337,0.6461198925971985,0.6743762493133545,0.942633330821991
27083,1.0,0.10800070315599442,0.5835769176483154,0.7364838719367981,0.9642555713653564
27084,1.0,0.10800070315599442,0.520140528678894,0.7634376287460327,0.9569269418716431
27085,1.0,0.10800070315599442,0.5739326477050781,0.769875705242157,0.9579954743385315
27086,1.0,0.10800070315599442,0.5949598550796509,0.7928465604782104,0.9574981927871704
27087,1.0,0.10800077021121979,0.5221267938613892,0.845619797706604,0.9564412832260132
27088,1.0,0.10800088196992874,0.6467403173446655,0.8612725734710693,0.9781615734100342
27089,1.0,0.10800117999315262,0.5102044939994812,0.8648799657821655,0.9613951444625854
27090,1.0,0.10800133645534515,0.5140224695205688,0.8630926609039307,0.9650359749794006
27091,1.0,0.10800154507160187,0.48050564527511597,0.8351609110832214,0.970816969871521
27092,1.0,0.10800136625766754,0.5194835662841797,0.855226457118988,0.9799184799194336
27093,1.0,0.1080009788274765,0.45632123947143555,0.8497333526611328,0.9677445292472839
27094,1.0,0.10800083726644516,0.4417601227760315,0.8392549157142639,0.9394451379776001
27095,1.0,0.10800090432167053,0.4717699885368347,0.8272618651390076,0.9336580038070679
27096,1.0,0.10800113528966904,0.4721742272377014,0.8304334282875061,0.8222008943557739
27097,1.0,0.10800205916166306,0.44216471910476685,0.8139067888259888,0.8141436576843262
27098,1.0,0.10800158977508545,0.39376115798950195,0.7745044827461243,0.8122280836105347
27099,1.0,0.10800138860940933,0.45130783319473267,0.8092322945594788,0.7482540011405945
27100,1.0,0.10800086706876755,0.4429091215133667,0.7819734811782837,0.7370444536209106
27101,1.0,0.10800077021121979,0.4681699872016907,0.777255117893219,0.6473089456558228
27102,1.0,0.10800070315599442,0.4295750856399536,0.7266066670417786,0.5706650018692017
27103,1.0,0.10800070315599442,0.5060117244720459,0.7619175910949707,0.5620452761650085
27104,1.0,0.10800066590309143,0.448001503944397,0.6917387247085571,0.58021080493927
27105,1.0,0.10800065845251083,0.43435877561569214,0.7059319615364075,0.533462405204773
27106,1.0,0.10800065845251083,0.44149553775787354,0.5627147555351257,0.4500885307788849
27107,1.0,0.10800065845251083,0.39522433280944824,0.5134444236755371,0.42593464255332947
27108,1.0,0.10800065845251083,0.33263731002807617,0.36806216835975647,0.2567165493965149
27109,1.0,0.10800063610076904,0.3092615008354187,0.39623916149139404,0.25173962116241455
27110,1.0,0.10800063610076904,0.31873130798339844,0.30779966711997986,0.23878143727779388
27111,1.0,0.10800063610076904,0.35024356842041016,0.3818477988243103,0.31567996740341187
27112,1.0,0.10800063610076904,0.2988514304161072,0.33942025899887085,0.20370009541511536
27113,1.0,0.10800063610076904,0.17469406127929688,0.31332212686538696,0.19097405672073364
27114,1.0,0.10800063610076904,0.15495121479034424,0.254765123128891,0.11123348027467728
27115,1.0,0.10800063610076904,0.19424563646316528,0.2834683358669281,0.18492963910102844
27116,1.0,0.10800063610076904,0.18572914600372314,0.2785055339336395,0.17799519002437592
27117,1.0,0.10800063610076904,0.15854722261428833,0.15912379324436188,0.1467055082321167
27118,1.0,0.10800061374902725,0.19950687885284424,0.2312745451927185,0.22193267941474915
27119,1.0,0.10800061374902725,0.18660885095596313,0.24193356931209564,0.21948863565921783
27120,1.0,0.10800061374902725,0.24634498357772827,0.29264405369758606,0.32765164971351624
27121,1.0,0.10800061374902725,0.2295464277267456,0.24587537348270416,0.40577971935272217
27122,1.0,0.10800061374902725,0.13047397136688232,0.12072928249835968,0.15805557370185852
27123,1.0,0.10800061374902725,0.18700844049453735,0.24794992804527283,0.24770128726959229
27124,1.0,0.10800061374902725,0.16935724020004272,0.24139083921909332,0.1763482689857483
27125,1.0,0.10800061374902725,0.297174870967865,0.32483983039855957,0.47190871834754944
27126,1.0,0.10800061374902725,0.2134075164794922,0.20864257216453552,0.3030361831188202
27127,1.0,0.10800061374902725,0.27454572916030884,0.2253044694662094,0.2756248414516449
27128,1.0,0.10800057649612427,0.24903815984725952,0.14328064024448395,0.2701856791973114
27129,1.0,0.10800057649612427,0.23960530757904053,0.2072765976190567,0.37649890780448914
27130,1.0,0.10800057649612427,0.32132357358932495,0.31670495867729187,0.42669132351875305
27131,1.0,0.10800057649612427,0.3540768027305603,0.39494743943214417,0.3829936683177948
27132,1.0,0.10800057649612427,0.3425915241241455,0.43106746673583984,0.4846871793270111
27133,1.0,0.10800057649612427,0.24687868356704712,0.18251439929008484,0.28817886114120483
27134,1.0,0.10800057649612427,0.2881048321723938,0.2538406252861023,0.4333014190196991
27656,0.0,0.14676211774349213,0.24228918552398682,0.20215792953968048,0.22589877247810364
27657,0.0,0.1467619687318802,0.19123798608779907,0.2736620604991913,0.232887864112854
27658,0.0,0.1467619687318802,0.18518227338790894,0.18016739189624786,0.22043578326702118
27659,0.0,0.1467619687318802,0.17835885286331177,0.17289288341999054,0.18876491487026215
27660,0.0,0.1467619687318802,0.17520272731781006,0.160190612077713,0.2076820731163025
27661,0.0,0.146761953830719,0.17572468519210815,0.18515434861183167,0.24793966114521027
27662,0.0,0.146761953830719,0.12191987037658691,0.16584640741348267,0.13692538440227509
27663,0.0,0.146761953830719,0.11776703596115112,0.12464431673288345,0.14045841991901398
27664,0.0,0.146761953830719,0.17213112115859985,0.17330993711948395,0.24653054773807526
27665,0.0,0.146761953830719,0.16208535432815552,0.17012913525104523,0.21796296536922455
27666,0.0,0.1467619389295578,0.27155208587646484,0.21675531566143036,0.30047252774238586
27667,0.0,0.1467619389295578,0.2079777717590332,0.32125359773635864,0.31184378266334534
27668,0.0,0.1467619389295578,0.183214008808136,0.24250958859920502,0.23519396781921387
27669,0.0,0.1467619389295578,0.18034857511520386,0.1965167373418808,0.2180493324995041
27670,0.0,0.1467619389295578,0.18124067783355713,0.17291569709777832,0.1755845844745636
27671,0.0,0.1467619240283966,0.2636858820915222,0.25770121812820435,0.32985249161720276
27672,0.0,0.1467619240283966,0.18678295612335205,0.2984335422515869,0.2070823609828949
27673,0.0,0.1467619240283966,0.18368983268737793,0.18834997713565826,0.20801636576652527
27674,0.0,0.1467619240283966,0.16908729076385498,0.1255536824464798,0.167042538523674
27675,0.0,0.1467619240283966,0.16576600074768066,0.1334400624036789,0.21255932748317719
27676,0.0,0.1467619091272354,0.22270703315734863,0.26971131563186646,0.278989315032959
27677,1.0,0.1467619091272354,0.2335415482521057,0.2701107859611511,0.26837384700775146
27678,0.0,0.1467619091272354,0.23793721199035645,0.26991453766822815,0.33385688066482544
27679,0.0,0.1467619091272354,0.16907745599746704,0.13765978813171387,0.20850032567977905
27680,0.0,0.1467619091272354,0.16872870922088623,0.15908348560333252,0.18874399363994598
27681,0.0,0.14676189422607422,0.12757956981658936,0.11246661096811295,0.11342663317918777
27682,0.0,0.14676189422607422,0.16646909713745117,0.23312295973300934,0.16343006491661072
27683,0.0,0.14676189422607422,0.12284648418426514,0.19169366359710693,0.1319066733121872
27684,0.0,0.14676189422607422,0.1035158634185791,0.11690523475408554,0.08931928128004074
27685,0.0,0.14676189422607422,0.17604589462280273,0.25747182965278625,0.12871041893959045
27686,0.0,0.14676187932491302,0.12512671947479248,0.16908980906009674,0.13111527264118195
27687,0.0,0.14676187932491302,0.09216123819351196,0.10432347655296326,0.0894976481795311
27688,0.0,0.14676187932491302,0.10814803838729858,0.15669479966163635,0.0979059711098671
27689,0.0,0.14676187932491302,0.11556684970855713,0.11647707968950272,0.11239606887102127
27690,0.0,0.14676187932491302,0.09641647338867188,0.08440884202718735,0.08602257817983627
27691,0.0,0.14676186442375183,0.07800304889678955,0.09857064485549927,0.06589792668819427
27692,0.0,0.14676186442375183,0.07939070463180542,0.10526981204748154,0.06206774711608887
27693,0.0,0.14676186442375183,0.08365362882614136,0.08882316201925278,0.07349401712417603
27694,0.0,0.14676186442375183,0.08029550313949585,0.09634647518396378,0.06284662336111069
27695,0.0,0.14676186442375183,0.07918506860733032,0.09304454177618027,0.06229965761303902
27696,0.0,0.14676184952259064,0.08021718263626099,0.0827295333147049,0.06957695633172989
27697,0.0,0.14676184952259064,0.08121144771575928,0.09189017117023468,0.06497091799974442
27698,0.0,0.14676184952259064,0.08581030368804932,0.07690110802650452,0.06920983642339706
27699,0.0,0.14676184952259064,0.08545494079589844,0.07740526646375656,0.07574847340583801
27700,0.0,0.14676184952259064,0.09723848104476929,0.09246944636106491,0.07981635630130768
27701,0.0,0.14676183462142944,0.09712684154510498,0.14988011121749878,0.10246390849351883
27702,0.0,0.14676183462142944,0.11236971616744995,0.1214865893125534,0.11447536200284958
27703,0.0,0.14676183462142944,0.09662479162216187,0.11112856864929199,0.10241696238517761
27704,0.0,0.14676183462142944,0.12799721956253052,0.13570702075958252,0.15053391456604004
27705,0.0,0.14676183462142944,0.0937122106552124,0.12588733434677124,0.08532913029193878
27706,0.0,0.14676181972026825,0.08529418706893921,0.09670640528202057,0.0733671709895134
27707,0.0,0.14676181972026825,0.17267781496047974,0.121517613530159,0.14281968772411346
27708,0.0,0.14676181972026825,0.27201223373413086,0.19990503787994385,0.31073829531669617
28230,1.0,0.12283515185117722,0.12184417247772217,0.1717943549156189,0.12830860912799835
28231,0.0,0.12283503264188766,0.3385680913925171,0.3649560511112213,0.3686371147632599
28232,1.0,0.12283503264188766,0.11976027488708496,0.2552890479564667,0.12213006615638733
28233,0.0,0.12283501774072647,0.1081547737121582,0.14407119154930115,0.100129134953022
28234,0.0,0.12283501774072647,0.10928148031234741,0.21909864246845245,0.09915239363908768
28235,0.0,0.12283501774072647,0.27250391244888306,0.42702001333236694,0.3179206848144531
28236,1.0,0.12283501774072647,0.13640552759170532,0.2550027668476105,0.16030919551849365
28237,0.0,0.12283501774072647,0.09059643745422363,0.19803251326084137,0.09554274380207062
28238,0.0,0.12283501774072647,0.26187634468078613,0.3721383213996887,0.32415300607681274
28239,1.0,0.12283501774072647,0.1332440972328186,0.23965154588222504,0.13116995990276337
28240,0.0,0.12283501774072647,0.14577728509902954,0.22528111934661865,0.1282157152891159
28241,0.0,0.12283501774072647,0.10906606912612915,0.14518974721431732,0.07901275902986526
28242,0.0,0.12283501774072647,0.10499066114425659,0.14822973310947418,0.06957641243934631
28243,0.0,0.12283499538898468,0.09107118844985962,0.10842001438140869,0.08324231207370758
28244,0.0,0.12283499538898468,0.07666069269180298,0.0994776114821434,0.0617549754679203
28245,0.0,0.12283499538898468,0.06733459234237671,0.16454163193702698,0.07088124006986618
28246,0.0,0.12283499538898468,0.06811076402664185,0.11987988650798798,0.06651154905557632
28247,0.0,0.12283499538898468,0.06865060329437256,0.08372742682695389,0.0654018297791481
28248,0.0,0.12283499538898468,0.06296306848526001,0.11382729560136795,0.044919777661561966
28249,0.0,0.12283499538898468,0.060378849506378174,0.1066293939948082,0.04813406243920326
28250,0.0,0.12283499538898468,0.05497395992279053,0.07489020377397537,0.04903653636574745
28251,0.0,0.12283499538898468,0.04760456085205078,0.05096783861517906,0.04248245060443878
28252,0.0,0.12283499538898468,0.04216575622558594,0.051661569625139236,0.03098471276462078
28253,0.0,0.12283498048782349,0.042926788330078125,0.04443102702498436,0.027903638780117035
28254,0.0,0.12283498048782349,0.045834481716156006,0.06973845511674881,0.031069323420524597
28255,0.0,0.12283498048782349,0.04468214511871338,0.07874695956707001,0.031010590493679047
28256,0.0,0.12283498048782349,0.0303383469581604,0.06078227981925011,0.024757687002420425
28257,0.0,0.12283498048782349,0.03367072343826294,0.07787732779979706,0.026743659749627113
28258,0.0,0.12283496558666229,0.030594706535339355,0.05718730762600899,0.022540312260389328
28259,0.0,0.12283496558666229,0.03262591361999512,0.07094723731279373,0.02246091142296791
28260,0.0,0.12283496558666229,0.03282099962234497,0.071668341755867,0.026971789076924324
28261,0.0,0.12283496558666229,0.031048715114593506,0.0788380429148674,0.020490989089012146
28262,0.0,0.12283496558666229,0.03269076347351074,0.08739441633224487,0.025908244773745537
28263,0.0,0.1228349506855011,0.02943640947341919,0.078776054084301,0.01900937780737877
28264,0.0,0.1228349506855011,0.031665682792663574,0.04519476741552353,0.021570034325122833
28265,0.0,0.1228349506855011,0.030441462993621826,0.09136246889829636,0.021912410855293274
28266,0.0,0.1228349506855011,0.030441462993621826,0.07759501039981842,0.022114086896181107
28267,0.0,0.1228349506855011,0.05665242671966553,0.09389873594045639,0.03738877549767494
28268,1.0,0.1228349357843399,0.05504721403121948,0.12400094419717789,0.05043584853410721
28269,0.0,0.1228349357843399,0.06200838088989258,0.07694905996322632,0.039370354264974594
28270,0.0,0.1228349357843399,0.04793745279312134,0.06594305485486984,0.029863594099879265
28271,0.0,0.1228349357843399,0.05250829458236694,0.0720766931772232,0.03239377588033676
28272,0.0,0.1228349357843399,0.04853886365890503,0.0608225055038929,0.02613183856010437
28273,0.0,0.12283492088317871,0.04782932996749878,0.06397517025470734,0.03512804955244064
28274,0.0,0.12283492088317871,0.03449338674545288,0.020972833037376404,0.028592953458428383
28275,0.0,0.12283492088317871,0.06111067533493042,0.10235414654016495,0.04756125435233116
28276,0.0,0.12283492088317871,0.05360513925552368,0.055727336555719376,0.05488183721899986
28277,0.0,0.12283492088317871,0.032523155212402344,0.025171037763357162,0.02299216017127037
28278,0.0,0.12283490598201752,0.05068022012710571,0.03467658534646034,0.03548422455787659
28279,0.0,0.12283490598201752,0.10465055704116821,0.1405796855688095,0.12483573704957962
28280,0.0,0.12283490598201752,0.13690423965454102,0.13771112263202667,0.12202412635087967
28281,0.0,0.12283490598201752,0.04725790023803711,0.0630401074886322,0.038213055580854416
28282,0.0,0.12283490598201752,0.06253814697265625,0.1051827147603035,0.08512187749147415
28804,1.0,0.08512452989816666,0.41361474990844727,0.3965751528739929,0.6189941763877869
28805,1.0,0.0851244404911995,0.37163305282592773,0.35912156105041504,0.4230794608592987
28806,1.0,0.0851244404911995,0.34162437915802,0.35417094826698303,0.3870563805103302
28807,1.0,0.0851244404911995,0.4152644872665405,0.41342949867248535,0.7000749707221985
28808,1.0,0.0851244255900383,0.47209107875823975,0.49812448024749756,0.685428261756897
28809,1.0,0.0851244255900383,0.4032467007637024,0.4359101355075836,0.616132915019989
28810,1.0,0.0851244255900383,0.37061429023742676,0.43723252415657043,0.6901001334190369
28811,1.0,0.0851244255900383,0.31972330808639526,0.32222387194633484,0.49845612049102783
28812,0.0,0.0851244255900383,0.3181113004684448,0.27904224395751953,0.5368240475654602
28813,0.0,0.0851244255900383,0.2808551788330078,0.22099542617797852,0.37168243527412415
28814,0.0,0.0851244255900383,0.3145800828933716,0.3499108850955963,0.3803879916667938
28815,1.0,0.0851244255900383,0.34772878885269165,0.405653715133667,0.4619864225387573
28816,1.0,0.0851244255900383,0.3917160630226135,0.4133690893650055,0.578431248664856
28817,1.0,0.0851244255900383,0.3434215188026428,0.37101882696151733,0.49786949157714844
28818,0.0,0.08512440323829651,0.3115741014480591,0.25768783688545227,0.4825647175312042
28819,0.0,0.08512440323829651,0.3506188988685608,0.29933086037635803,0.5389395952224731
28820,0.0,0.08512440323829651,0.2688766121864319,0.22569747269153595,0.400772362947464
28821,0.0,0.08512440323829651,0.2657179832458496,0.2142295390367508,0.37366002798080444
28822,0.0,0.08512440323829651,0.33396202325820923,0.28643131256103516,0.49070754647254944
28823,0.0,0.08512440323829651,0.2476518154144287,0.17338086664676666,0.29575783014297485
28824,0.0,0.08512440323829651,0.33509546518325806,0.3750523030757904,0.34066542983055115
28825,1.0,0.08512440323829651,0.33250749111175537,0.2909539043903351,0.3435112535953522
28826,0.0,0.08512440323829651,0.3175566792488098,0.2453199028968811,0.3262014091014862
28827,0.0,0.08512440323829651,0.3036311864852905,0.20361003279685974,0.357927531003952
28828,1.0,0.08512438088655472,0.3012721538543701,0.24844489991664886,0.35064780712127686
28829,1.0,0.08512438088655472,0.29960715770721436,0.24354031682014465,0.34433335065841675
28830,0.0,0.08512438088655472,0.24265789985656738,0.16798728704452515,0.2927710711956024
28831,0.0,0.08512438088655472,0.15949183702468872,0.15493746101856232,0.2098848521709442
28832,0.0,0.08512438088655472,0.22284656763076782,0.17979712784290314,0.19370430707931519
28833,1.0,0.08512438088655472,0.2070838212966919,0.14273545145988464,0.24777373671531677
28834,0.0,0.08512438088655472,0.27237826585769653,0.1492738276720047,0.35269126296043396
28835,0.0,0.08512438088655472,0.14004355669021606,0.12625551223754883,0.20048832893371582
28836,1.0,0.08512438088655472,0.16367995738983154,0.19477760791778564,0.15315128862857819
28837,1.0,0.08512438088655472,0.22067421674728394,0.22134150564670563,0.43772751092910767
28838,0.0,0.08512435853481293,0.14289695024490356,0.13788868486881256,0.2250191867351532
28839,1.0,0.08512435853481293,0.14871150255203247,0.15331265330314636,0.1725558042526245
28840,1.0,0.08512435853481293,0.20682305097579956,0.14492860436439514,0.3109533488750458
28841,0.0,0.08512435853481293,0.2192147970199585,0.15002305805683136,0.33091726899147034
28842,0.0,0.08512435853481293,0.143670916557312,0.11525717377662659,0.1799078732728958
28843,1.0,0.08512435853481293,0.19162625074386597,0.15420641005039215,0.26332733035087585
28844,0.0,0.08512435853481293,0.1340881586074829,0.1296471506357193,0.18296462297439575
28845,0.0,0.08512435853481293,0.16538649797439575,0.1540064811706543,0.19557532668113708
28846,0.0,0.08512435853481293,0.14346027374267578,0.12658874690532684,0.22559133172035217
28847,0.0,0.08512435853481293,0.1483442187309265,0.17546814680099487,0.19715577363967896
28848,1.0,0.08512434363365173,0.19816964864730835,0.1989511102437973,0.21270327270030975
28849,1.0,0.08512434363365173,0.27188366651535034,0.21802686154842377,0.3645060956478119
28850,0.0,0.08512434363365173,0.22589296102523804,0.11553597450256348,0.3160543739795685
28851,0.0,0.08512434363365173,0.29905396699905396,0.24727000296115875,0.3792988359928131
28852,0.0,0.08512434363365173,0.31881773471832275,0.3578867018222809,0.3397853374481201
28853,1.0,0.08512434363365173,0.2917994260787964,0.3611315190792084,0.4440174698829651
28854,0.0,0.08512434363365173,0.4042099118232727,0.4468080699443817,0.5347602367401123
28855,1.0,0.08512434363365173,0.40342533588409424,0.4639836549758911,0.6564882397651672
28856,0.0,0.08512434363365173,0.4127577543258667,0.42764484882354736,0.6176207661628723
29378,1.0,0.1740112006664276,0.07478290796279907,0.12459337711334229,0.06915140897035599
29379,1.0,0.17401103675365448,0.09558165073394775,0.1186627447605133,0.09306471049785614
29380,1.0,0.17401103675365448,0.0843399167060852,0.12365733087062836,0.0758083164691925
29381,1.0,0.17401103675365448,0.08129853010177612,0.11739232391119003,0.07855722308158875
29382,1.0,0.17401103675365448,0.09097236394882202,0.11797642707824707,0.09362365305423737
29383,1.0,0.17401103675365448,0.12883049249649048,0.2048497498035431,0.14074738323688507
29384,1.0,0.1740110069513321,0.12877744436264038,0.21523679792881012,0.14431656897068024
29385,1.0,0.1740110069513321,0.14016807079315186,0.25739598274230957,0.15327392518520355
29386,1.0,0.1740110069513321,0.14213043451309204,0.2813825309276581,0.14751067757606506
29387,1.0,0.1740110069513321,0.26544201374053955,0.2922111451625824,0.2716769874095917
29388,1.0,0.1740110069513321,0.25481194257736206,0.27770811319351196,0.24517105519771576
29389,1.0,0.1740109920501709,0.3289910554885864,0.2688261568546295,0.304524302482605
29390,1.0,0.1740109920501709,0.45640450716018677,0.5416192412376404,0.43085283041000366
29391,1.0,0.1740109920501709,0.5522065758705139,0.6375505328178406,0.8183162212371826
29392,1.0,0.1740109920501709,0.4791305661201477,0.8392398357391357,0.952965259552002
29393,1.0,0.1740109920501709,0.4955395460128784,0.763331413269043,0.9035245180130005
29394,1.0,0.1740109920501709,0.29830867052078247,0.659848153591156,0.783043622970581
29395,1.0,0.1740109771490097,0.3327599763870239,0.6599656939506531,0.7898331880569458
29396,1.0,0.1740109771490097,0.2679411768913269,0.6359125375747681,0.6606647372245789
29397,1.0,0.1740109771490097,0.34390389919281006,0.6121899485588074,0.8545676469802856
29398,1.0,0.1740109771490097,0.3174856901168823,0.6499444246292114,0.7844939827919006
29399,1.0,0.1740109771490097,0.3342783451080322,0.7307257056236267,0.7443634867668152
29400,1.0,0.1740109622478485,0.3480091094970703,0.5439441800117493,0.6265534162521362
29401,1.0,0.1740109622478485,0.32615095376968384,0.7061595916748047,0.7022979259490967
29402,1.0,0.1740109622478485,0.38221287727355957,0.6472806930541992,0.8544902205467224
29403,1.0,0.1740109622478485,0.31650930643081665,0.6467540264129639,0.7034229040145874
29404,1.0,0.1740109622478485,0.23723578453063965,0.4654162526130676,0.481406033039093
29405,1.0,0.17401093244552612,0.2714758515357971,0.4909202456474304,0.6210025548934937
29406,1.0,0.17401093244552612,0.2771363854408264,0.40484124422073364,0.47923216223716736
29407,1.0,0.17401093244552612,0.23332905769348145,0.37144196033477783,0.509329080581665
29408,1.0,0.17401093244552612,0.261768639087677,0.45764636993408203,0.5967774391174316
29409,1.0,0.17401093244552612,0.19928878545761108,0.30128011107444763,0.35504233837127686
29410,1.0,0.17401093244552612,0.14438796043395996,0.27656859159469604,0.22339044511318207
29411,1.0,0.17401093244552612,0.143607497215271,0.21586552262306213,0.1762145757675171
29412,1.0,0.17401093244552612,0.12142348289489746,0.1694849580526352,0.11676023155450821
29413,1.0,0.17401093244552612,0.10450530052185059,0.1609891951084137,0.10574948787689209
29414,1.0,0.17401093244552612,0.10108554363250732,0.1893022656440735,0.1193988248705864
29415,1.0,0.17401091754436493,0.08708155155181885,0.09521818906068802,0.07749852538108826
29416,1.0,0.17401091754436493,0.08718228340148926,0.19814199209213257,0.1580241322517395
29417,1.0,0.17401091754436493,0.08382230997085571,0.18895885348320007,0.09682832658290863
29418,1.0,0.17401091754436493,0.08498549461364746,0.10067740082740784,0.06523770838975906
29419,1.0,0.17401091754436493,0.11306619644165039,0.20349222421646118,0.16115319728851318
29420,1.0,0.17401090264320374,0.09666740894317627,0.19141696393489838,0.16406242549419403
29421,1.0,0.17401090264320374,0.1222350001335144,0.16700533032417297,0.23980170488357544
29422,1.0,0.17401090264320374,0.11867856979370117,0.16059795022010803,0.1443377584218979
29423,1.0,0.17401090264320374,0.09631860256195068,0.14421607553958893,0.12780041992664337
29424,1.0,0.17401090264320374,0.0871170163154602,0.1595028042793274,0.11969171464443207
29425,1.0,0.17401088774204254,0.11780351400375366,0.17352557182312012,0.13683325052261353
29426,1.0,0.17401088774204254,0.1626821756362915,0.12243085354566574,0.19409975409507751
29427,1.0,0.17401088774204254,0.11759716272354126,0.21218490600585938,0.10746871680021286
29428,1.0,0.17401088774204254,0.11378234624862671,0.24322830140590668,0.11557327955961227
29429,1.0,0.17401088774204254,0.10649961233139038,0.26104170083999634,0.1349477916955948
29430,1.0,0.17401087284088135,0.11247944831848145,0.28876805305480957,0.12192905694246292
29952,0.0,0.1740063577890396,0.12242573499679565,0.23518633842468262,0.11936305463314056
29953,0.0,0.17400620877742767,0.1704639196395874,0.4547322690486908,0.22913525998592377
29954,1.0,0.17400617897510529,0.1652929186820984,0.2509140968322754,0.18335141241550446
29955,0.0,0.17400617897510529,0.17392772436141968,0.17245365679264069,0.15013468265533447
29956,0.0,0.17400617897510529,0.38779252767562866,0.45416951179504395,0.5367069244384766
29957,1.0,0.17400617897510529,0.28212469816207886,0.5165726542472839,0.5418443083763123
29958,1.0,0.17400617897510529,0.5066689848899841,0.6090846657752991,0.8542349934577942
29959,1.0,0.17400617897510529,0.599969744682312,0.6835223436355591,0.8355898857116699
29960,0.0,0.17400617897510529,0.464214026927948,0.5178452134132385,0.6733334064483643
29961,0.0,0.17400617897510529,0.5021364688873291,0.48546427488327026,0.719063937664032
29962,0.0,0.17400617897510529,0.5037761926651001,0.5587016940116882,0.7139431834220886
29963,1.0,0.17400617897510529,0.4487384557723999,0.39163193106651306,0.6559242010116577
29964,1.0,0.1740061491727829,0.5658326745033264,0.4944877028465271,0.8292102813720703
29965,1.0,0.1740061491727829,0.5619386434555054,0.6378609538078308,0.8241431713104248
29966,1.0,0.1740061491727829,0.6167783737182617,0.8034378290176392,0.8819943070411682
29967,1.0,0.1740061491727829,0.6217451095581055,0.8366867303848267,0.9705655574798584
29968,1.0,0.1740061491727829,0.563279390335083,0.8350401520729065,0.9764020442962646
29969,1.0,0.1740061491727829,0.5070527195930481,0.8191637992858887,0.9337913393974304
29970,1.0,0.1740061491727829,0.4968199133872986,0.8261373043060303,0.9574766159057617
29971,1.0,0.1740061342716217,0.4557315707206726,0.815726101398468,0.9093988537788391
29972,1.0,0.1740061491727829,0.4876176118850708,0.8691104054450989,0.9551290273666382
29973,1.0,0.1740061491727829,0.3782501220703125,0.8702638745307922,0.9034532904624939
29974,1.0,0.1740061342716217,0.3564951419830322,0.7857577800750732,0.8387120962142944
29975,1.0,0.1740061193704605,0.4343016743659973,0.8628115057945251,0.8761544823646545
29976,1.0,0.1740061342716217,0.3789513111114502,0.8484417796134949,0.8798601627349854
29977,1.0,0.1740061342716217,0.4041736125946045,0.805602490901947,0.9084892272949219
29978,1.0,0.1740061342716217,0.35320156812667847,0.6470345854759216,0.8421822190284729
29979,1.0,0.1740061193704605,0.3604177236557007,0.5140194892883301,0.8032141327857971
29980,1.0,0.17400610446929932,0.3187578320503235,0.5441988110542297,0.6449854373931885
29981,1.0,0.17400610446929932,0.29637008905410767,0.5148980021476746,0.643084704875946
29982,1.0,0.17400610446929932,0.2928283214569092,0.546448290348053,0.6154138445854187
29983,1.0,0.17400610446929932,0.26822733879089355,0.5142166018486023,0.5590140223503113
29984,1.0,0.17400610446929932,0.2433762550354004,0.3745737075805664,0.3887828290462494
29985,1.0,0.17400608956813812,0.19933760166168213,0.3242246210575104,0.2339535802602768
29986,1.0,0.17400608956813812,0.166814923286438,0.30870553851127625,0.20606282353401184
29987,1.0,0.17400608956813812,0.19353461265563965,0.23590652644634247,0.26824599504470825
29988,1.0,0.17400608956813812,0.16175103187561035,0.18607892096042633,0.13659736514091492
29989,0.0,0.17400608956813812,0.1515321135520935,0.20513495802879333,0.1991879791021347
29990,1.0,0.17400605976581573,0.13628602027893066,0.2153116911649704,0.11381782591342926
29991,0.0,0.17400605976581573,0.08505088090896606,0.11307505518198013,0.06740909069776535
29992,0.0,0.17400605976581573,0.03736531734466553,0.15541505813598633,0.049526941031217575
29993,1.0,0.17400605976581573,0.05665445327758789,0.08196859061717987,0.05345771089196205
29994,0.0,0.17400605976581573,0.04284614324569702,0.07708178460597992,0.02224710024893284
29995,0.0,0.17400604486465454,0.038141846656799316,0.08174735307693481,0.022029927000403404
29996,0.0,0.17400604486465454,0.06049966812133789,0.11371912807226181,0.048402320593595505
29997,0.0,0.17400604486465454,0.04374563694000244,0.0752091184258461,0.026667553931474686
29998,0.0,0.17400604486465454,0.08285009860992432,0.15027007460594177,0.06897474080324173
29999,1.0,0.17400604486465454,0.04674363136291504,0.07849892973899841,0.03498558700084686
30000,0.0,0.17400602996349335,0.10080099105834961,0.15792429447174072,0.08892278373241425
30001,0.0,0.17400602996349335,0.09596353769302368,0.1290624439716339,0.07800683379173279
30002,0.0,0.17400602996349335,0.11121416091918945,0.12258875370025635,0.09109067916870117
30003,0.0,0.17400602996349335,0.223516583442688,0.3051248788833618,0.25633004307746887
30004,0.0,0.17400602996349335,0.06412488222122192,0.16552579402923584,0.06819465011358261
30526,0.0,0.14672870934009552,0.24847590923309326,0.36306217312812805,0.33836308121681213
30527,0.0,0.14672857522964478,0.148343026638031,0.26288023591041565,0.13818185031414032
30528,0.0,0.14672857522964478,0.21009302139282227,0.3970901370048523,0.23181423544883728
30529,0.0,0.14672857522964478,0.11227607727050781,0.17948128283023834,0.10905980318784714
30530,0.0,0.14672857522964478,0.11758941411972046,0.15639513731002808,0.1155037134885788
30531,0.0,0.14672857522964478,0.182700514793396,0.3710804879665375,0.22202849388122559
30532,0.0,0.14672857522964478,0.21284353733062744,0.29078903794288635,0.33689284324645996
30533,0.0,0.14672857522964478,0.19171637296676636,0.24287119507789612,0.25606587529182434
30534,0.0,0.1467285454273224,0.2755064368247986,0.2902815639972687,0.38934385776519775
30535,0.0,0.1467285454273224,0.31904053688049316,0.31135237216949463,0.44431543350219727
30536,0.0,0.1467285454273224,0.18425220251083374,0.24553349614143372,0.1818867027759552
30537,0.0,0.1467285454273224,0.2648477554321289,0.3524959683418274,0.3532062768936157
30538,0.0,0.1467285454273224,0.1899559497833252,0.2181262969970703,0.19275254011154175
30539,0.0,0.1467285454273224,0.24400615692138672,0.40500402450561523,0.366489052772522
30540,0.0,0.1467285454273224,0.24346864223480225,0.2754134237766266,0.3131362497806549
30541,0.0,0.1467285454273224,0.29631221294403076,0.31838560104370117,0.31008365750312805
30542,0.0,0.1467285454273224,0.1846681833267212,0.21102340519428253,0.16878661513328552
30543,0.0,0.1467285454273224,0.2343495488166809,0.2959480285644531,0.30037978291511536
30544,0.0,0.146728515625,0.2753545045852661,0.290257066488266,0.2398618459701538
30545,0.0,0.146728515625,0.2148035764694214,0.24801510572433472,0.21311770379543304
30546,0.0,0.146728515625,0.32603973150253296,0.40482646226882935,0.4023844003677368
30547,0.0,0.146728515625,0.47656458616256714,0.5595635771751404,0.581193208694458
30548,0.0,0.146728515625,0.4384521245956421,0.4453194737434387,0.48678895831108093
30549,0.0,0.146728515625,0.30086612701416016,0.3131232261657715,0.4699486196041107
30550,0.0,0.146728515625,0.4144243001937866,0.32330694794654846,0.44921016693115234
30551,0.0,0.146728515625,0.3309922218322754,0.3410016894340515,0.42950403690338135
30552,0.0,0.146728515625,0.23284459114074707,0.2680288255214691,0.19687682390213013
30553,0.0,0.146728515625,0.2165970802307129,0.21105071902275085,0.1711345613002777
30554,0.0,0.1467284858226776,0.1494770050048828,0.22577004134655,0.1512240767478943
30555,0.0,0.1467284858226776,0.17823666334152222,0.20529232919216156,0.18498972058296204
30556,0.0,0.1467284858226776,0.15632307529449463,0.20882460474967957,0.17346426844596863
30557,0.0,0.1467284858226776,0.1296006441116333,0.17765820026397705,0.1320749819278717
30558,0.0,0.1467284858226776,0.13437628746032715,0.20030814409255981,0.1544109731912613
30559,0.0,0.1467284858226776,0.12566179037094116,0.16343756020069122,0.11810886859893799
30560,0.0,0.1467284858226776,0.11643874645233154,0.1456013321876526,0.12337686121463776
30561,0.0,0.1467284858226776,0.09671217203140259,0.13564062118530273,0.08783209323883057
30562,0.0,0.1467284858226776,0.07956349849700928,0.12745952606201172,0.08901099860668182
30563,0.0,0.1467284858226776,0.1306685209274292,0.2772866189479828,0.16640259325504303
30564,1.0,0.14672847092151642,0.09988808631896973,0.21161635220050812,0.11844467371702194
30565,0.0,0.14672847092151642,0.15533548593521118,0.16540205478668213,0.203860804438591
30566,0.0,0.14672847092151642,0.08396100997924805,0.14387424290180206,0.06449193507432938
30567,0.0,0.14672847092151642,0.07411223649978638,0.10821136832237244,0.06238264963030815
30568,0.0,0.14672847092151642,0.059899866580963135,0.08318763971328735,0.054736193269491196
30569,0.0,0.14672844111919403,0.05924326181411743,0.06440344452857971,0.04852669686079025
30570,0.0,0.14672844111919403,0.09296387434005737,0.09175048768520355,0.060143012553453445
30571,0.0,0.14672844111919403,0.050232768058776855,0.1102241799235344,0.03389875963330269
30572,0.0,0.14672844111919403,0.09164988994598389,0.15200655162334442,0.059644535183906555
30573,0.0,0.14672844111919403,0.07244640588760376,0.15206237137317657,0.04943358153104782
30574,0.0,0.14672844111919403,0.07498025894165039,0.121982641518116,0.049585677683353424
30575,0.0,0.14672844111919403,0.08097612857818604,0.12111116945743561,0.07564141601324081
30576,0.0,0.14672844111919403,0.06949394941329956,0.113014817237854,0.05784844607114792
30577,0.0,0.14672844111919403,0.07559758424758911,0.13778351247310638,0.03873958811163902
30578,0.0,0.14672844111919403,0.14085286855697632,0.13407112658023834,0.12899482250213623
31100,1.0,0.10776705294847488,0.335077166557312,0.2803197205066681,0.36144357919692993
31101,1.0,0.10776694118976593,0.1988847255706787,0.24867741763591766,0.2741874158382416
31102,1.0,0.10776694118976593,0.21902763843536377,0.19444911181926727,0.21526989340782166
31103,1.0,0.10776694118976593,0.23487263917922974,0.15786750614643097,0.29723119735717773
31104,1.0,0.10776694118976593,0.3930569887161255,0.4225665032863617,0.49992406368255615
31105,1.0,0.10776694118976593,0.35402733087539673,0.4260352551937103,0.5485525131225586
31106,1.0,0.10776694118976593,0.3596274256706238,0.3970452845096588,0.5446269512176514
31107,1.0,0.10776694118976593,0.4281523823738098,0.3184908628463745,0.5660601854324341
31108,1.0,0.10776694118976593,0.20134711265563965,0.2551649510860443,0.3951723575592041
31109,1.0,0.10776691883802414,0.4526480436325073,0.42596757411956787,0.650696337223053
31110,1.0,0.10776691883802414,0.5487164258956909,0.7246955633163452,0.8445238471031189
31111,1.0,0.10776691883802414,0.6015374064445496,0.7826498746871948,0.9125844836235046
31112,1.0,0.10776691883802414,0.608648419380188,0.765536904335022,0.9086068272590637
31113,1.0,0.10776691883802414,0.6016833782196045,0.616921067237854,0.8271877765655518
31114,1.0,0.10776691883802414,0.6380211114883423,0.7060821652412415,0.87319016456604
31115,1.0,0.10776691883802414,0.5970966815948486,0.730148196220398,0.8939998745918274
31116,1.0,0.10776691883802414,0.597771406173706,0.7010166645050049,0.9138088226318359
31117,1.0,0.10776691883802414,0.6606841087341309,0.7569223046302795,0.9476853013038635
31118,1.0,0.10776691883802414,0.568668007850647,0.6683899164199829,0.8928051590919495
31119,1.0,0.10776689648628235,0.5029571056365967,0.6543830633163452,0.8120521306991577
31120,1.0,0.10776689648628235,0.6297842860221863,0.6980702877044678,0.9070937633514404
31121,1.0,0.10776689648628235,0.6002559661865234,0.6646299958229065,0.8725274205207825
31122,1.0,0.10776689648628235,0.43307119607925415,0.5872461795806885,0.6856285929679871
31123,1.0,0.10776689648628235,0.49373167753219604,0.6789690852165222,0.7577947974205017
31124,1.0,0.10776689648628235,0.5135806798934937,0.5471101403236389,0.7103294730186462
31125,1.0,0.10776689648628235,0.4005170464515686,0.5585227608680725,0.759885311126709
31126,1.0,0.10776689648628235,0.34510719776153564,0.48084908723831177,0.6400671005249023
31127,1.0,0.10776689648628235,0.31005990505218506,0.4513223171234131,0.5622867941856384
31128,1.0,0.10776689648628235,0.3113846182823181,0.3850024938583374,0.46486032009124756
31129,1.0,0.10776689648628235,0.2785099148750305,0.4362696707248688,0.4257718324661255
31130,1.0,0.10776687413454056,0.3013842701911926,0.517469048500061,0.5270246863365173
31131,1.0,0.10776687413454056,0.25264972448349,0.49164053797721863,0.4761296808719635
31132,1.0,0.10776687413454056,0.23140853643417358,0.46357452869415283,0.3665519654750824
31133,1.0,0.10776687413454056,0.20848536491394043,0.310860276222229,0.28163206577301025
31134,1.0,0.10776687413454056,0.20746088027954102,0.32783278822898865,0.3337220847606659
31135,1.0,0.10776687413454056,0.17998027801513672,0.2691633701324463,0.1799316108226776
31136,1.0,0.10776687413454056,0.1834498643875122,0.24947749078273773,0.1735069751739502
31137,1.0,0.10776687413454056,0.16897499561309814,0.20268134772777557,0.12643854320049286
31138,1.0,0.10776687413454056,0.17067664861679077,0.18836809694766998,0.15276215970516205
31139,1.0,0.10776685178279877,0.16749650239944458,0.1836712509393692,0.12959147989749908
31140,1.0,0.10776685178279877,0.143684983253479,0.13641583919525146,0.1341363936662674
31141,1.0,0.10776685178279877,0.1651645302772522,0.16898848116397858,0.16773352026939392
31142,1.0,0.10776685178279877,0.1445150375366211,0.14294184744358063,0.11443737894296646
31143,1.0,0.10776685178279877,0.1527760624885559,0.14238271117210388,0.10599494725465775
31144,1.0,0.10776685178279877,0.19238370656967163,0.18596410751342773,0.15551596879959106
31145,1.0,0.10776685178279877,0.2930920720100403,0.2973567545413971,0.36594581604003906
31146,1.0,0.10776685178279877,0.34654176235198975,0.29685601592063904,0.430120050907135
31147,1.0,0.10776685178279877,0.315343976020813,0.2680470645427704,0.4220104515552521
31148,1.0,0.10776685178279877,0.4001046419143677,0.45871734619140625,0.5530495643615723
31149,1.0,0.10776682943105698,0.46407508850097656,0.6677912473678589,0.653356671333313
31150,1.0,0.10776682943105698,0.4606283903121948,0.683875560760498,0.7088823914527893
31151,1.0,0.10776682943105698,0.38003093004226685,0.4792622923851013,0.46513086557388306
31152,1.0,0.10776682943105698,0.3197411298751831,0.308743953704834,0.6139110326766968
31674,0.0,0.14669466018676758,0.2474876046180725,0.4257027804851532,0.3784436583518982
31675,0.0,0.14669451117515564,0.23269373178482056,0.4529528319835663,0.3086804449558258
31676,0.0,0.14669451117515564,0.2522069811820984,0.38643184304237366,0.2720164358615875
31677,0.0,0.14669451117515564,0.216502845287323,0.3520074486732483,0.14740975201129913
31678,0.0,0.14669451117515564,0.23314011096954346,0.2944384217262268,0.2056460976600647
31679,0.0,0.14669449627399445,0.1105567216873169,0.19374488294124603,0.11008162051439285
31680,0.0,0.14669449627399445,0.17290258407592773,0.26377516984939575,0.21568918228149414
31681,0.0,0.14669449627399445,0.09564173221588135,0.20432399213314056,0.06387633085250854
31682,0.0,0.14669449627399445,0.15167653560638428,0.19822882115840912,0.1847745031118393
31683,0.0,0.14669449627399445,0.23242849111557007,0.37939149141311646,0.29152804613113403
31684,0.0,0.14669448137283325,0.1350245475769043,0.19736967980861664,0.12269707769155502
31685,0.0,0.14669448137283325,0.2526353597640991,0.25891590118408203,0.36579328775405884
31686,0.0,0.14669448137283325,0.1661773920059204,0.2396114021539688,0.11596812307834625
31687,0.0,0.14669448137283325,0.1568058729171753,0.20364493131637573,0.20853829383850098
31688,0.0,0.14669448137283325,0.15504145622253418,0.14454740285873413,0.16147629916667938
31689,0.0,0.14669448137283325,0.2994215488433838,0.3503393530845642,0.30121371150016785
31690,0.0,0.14669446647167206,0.3005779981613159,0.5029703974723816,0.2799789011478424
31691,0.0,0.14669446647167206,0.19913077354431152,0.26321539282798767,0.13463003933429718
31692,0.0,0.14669446647167206,0.1763172745704651,0.16997461020946503,0.1473013162612915
31693,0.0,0.14669446647167206,0.3059385418891907,0.3361685276031494,0.3129827380180359
31694,0.0,0.14669446647167206,0.3079727292060852,0.3396737277507782,0.22091026604175568
31695,0.0,0.14669445157051086,0.2628282308578491,0.39768627285957336,0.3928427994251251
31696,0.0,0.14669445157051086,0.22420603036880493,0.3469209671020508,0.20427550375461578
31697,0.0,0.14669445157051086,0.1867191195487976,0.23635201156139374,0.18380632996559143
31698,0.0,0.14669445157051086,0.14054763317108154,0.1415214091539383,0.14240480959415436
31699,0.0,0.14669445157051086,0.18848729133605957,0.18774163722991943,0.19919760525226593
31700,0.0,0.14669443666934967,0.17937368154525757,0.21596166491508484,0.21227046847343445
31701,0.0,0.14669443666934967,0.17364561557769775,0.21379491686820984,0.140412375330925
31702,0.0,0.14669443666934967,0.08196890354156494,0.1616508513689041,0.06236651912331581
31703,0.0,0.14669443666934967,0.19485443830490112,0.2575002610683441,0.26022228598594666
31704,0.0,0.14669443666934967,0.14553534984588623,0.16442666947841644,0.15197505056858063
31705,0.0,0.14669442176818848,0.14947408437728882,0.22435879707336426,0.19899722933769226
31706,0.0,0.14669442176818848,0.09093403816223145,0.08499223738908768,0.09065662324428558
31707,0.0,0.14669442176818848,0.10492801666259766,0.14232894778251648,0.1250399649143219
31708,0.0,0.14669442176818848,0.10609263181686401,0.12256435304880142,0.07587888836860657
31709,0.0,0.14669442176818848,0.10226106643676758,0.1105174794793129,0.09670919179916382
31710,0.0,0.14669440686702728,0.08757960796356201,0.13815920054912567,0.0806630551815033
31711,0.0,0.14669440686702728,0.14452630281448364,0.18844182789325714,0.11533144861459732
31712,0.0,0.14669440686702728,0.09485310316085815,0.1648218333721161,0.13990771770477295
31713,0.0,0.14669440686702728,0.09115874767303467,0.14901699125766754,0.0886789932847023
31714,0.0,0.14669440686702728,0.07941287755966187,0.1198362484574318,0.07765945047140121
31715,0.0,0.1466943919658661,0.07938253879547119,0.10544717311859131,0.08492879569530487
31716,0.0,0.1466943919658661,0.07930594682693481,0.11042927950620651,0.07599978148937225
31717,0.0,0.1466943919658661,0.07402312755584717,0.107062928378582,0.05892876163125038
31718,0.0,0.1466943919658661,0.06418091058731079,0.05281233415007591,0.04234396293759346
31719,0.0,0.1466943919658661,0.055221378803253174,0.046936023980379105,0.02736368589103222
31720,0.0,0.1466943770647049,0.05700951814651489,0.10870573669672012,0.03834834322333336
31721,0.0,0.1466943770647049,0.09641772508621216,0.1524573266506195,0.07719196379184723
31722,0.0,0.1466943770647049,0.10134530067443848,0.1700340211391449,0.06200287491083145
31723,0.0,0.1466943770647049,0.10143959522247314,0.13979603350162506,0.07361569255590439
31724,0.0,0.1466943770647049,0.10933685302734375,0.15156328678131104,0.06292885541915894
31725,0.0,0.1466943621635437,0.13646215200424194,0.28981927037239075,0.09009666740894318
31726,0.0,0.1466943621635437,0.19904768466949463,0.30239027738571167,0.18196529150009155
32248,1.0,0.17393851280212402,0.06883949041366577,0.08532984554767609,0.0559232234954834
32249,1.0,0.1739383488893509,0.07507389783859253,0.10718747228384018,0.07800870388746262
32250,1.0,0.1739383488893509,0.10793519020080566,0.11380541324615479,0.13655491173267365
32251,1.0,0.1739383488893509,0.3012693524360657,0.28811562061309814,0.39675581455230713
32252,1.0,0.1739383339881897,0.2623124122619629,0.22089917957782745,0.3174601197242737
32253,1.0,0.1739383339881897,0.3791014552116394,0.37432610988616943,0.540395975112915
32254,1.0,0.1739383339881897,0.3978503942489624,0.40592774748802185,0.5936625003814697
32255,1.0,0.1739383339881897,0.241222083568573,0.22299779951572418,0.3105871081352234
32256,1.0,0.1739383339881897,0.26620709896087646,0.23607513308525085,0.4116035997867584
32257,1.0,0.1739383041858673,0.24187707901000977,0.2655118405818939,0.4507550001144409
32258,1.0,0.1739383041858673,0.21271198987960815,0.19577156007289886,0.35735955834388733
32259,1.0,0.1739383041858673,0.4629213809967041,0.4168623983860016,0.8000677824020386
32260,1.0,0.1739383041858673,0.591375470161438,0.7746597528457642,0.8090532422065735
32261,1.0,0.1739383041858673,0.6071546077728271,0.7845317721366882,0.8899388313293457
32262,1.0,0.1739383041858673,0.7314349412918091,0.8963617086410522,0.9756829738616943
32263,1.0,0.1739383041858673,0.6632108092308044,0.8746162056922913,0.9730773568153381
32264,1.0,0.1739383041858673,0.6105897426605225,0.8504846096038818,0.9649561643600464
32265,1.0,0.1739383041858673,0.597615122795105,0.8436795473098755,0.9757760167121887
32266,1.0,0.1739383041858673,0.5780454874038696,0.8332324624061584,0.9727079272270203
32267,1.0,0.1739383041858673,0.5332045555114746,0.831641674041748,0.931745171546936
32268,1.0,0.1739383041858673,0.4668278694152832,0.8270132541656494,0.9160428047180176
32269,1.0,0.17393827438354492,0.45661699771881104,0.8419550657272339,0.8265768885612488
32270,1.0,0.1739383041858673,0.4039481282234192,0.675703227519989,0.7734958529472351
32271,1.0,0.1739383041858673,0.37758809328079224,0.8072224259376526,0.7951335310935974
32272,1.0,0.17393827438354492,0.4088062047958374,0.7479800581932068,0.7643070816993713
32273,1.0,0.17393825948238373,0.32413697242736816,0.6542741060256958,0.6714820265769958
32274,1.0,0.17393825948238373,0.24606233835220337,0.4589821398258209,0.4442470073699951
32275,1.0,0.17393825948238373,0.2818898558616638,0.4975234866142273,0.6472141146659851
32276,1.0,0.17393825948238373,0.2116205096244812,0.3208356499671936,0.2858158051967621
32277,1.0,0.17393825948238373,0.16115927696228027,0.2905038893222809,0.22337840497493744
32278,1.0,0.17393824458122253,0.1237562894821167,0.2121565192937851,0.1542174518108368
32279,1.0,0.17393824458122253,0.11505413055419922,0.22301235795021057,0.11501021683216095
32280,1.0,0.17393824458122253,0.054673194885253906,0.0651339516043663,0.04369691386818886
32281,1.0,0.17393824458122253,0.05119049549102783,0.060307666659355164,0.04511347413063049
32282,1.0,0.17393822968006134,0.0519372820854187,0.07546385377645493,0.038326870650053024
32283,1.0,0.17393822968006134,0.053259849548339844,0.0692635029554367,0.04654030129313469
32284,1.0,0.17393822968006134,0.05247718095779419,0.07603904604911804,0.05160946398973465
32285,1.0,0.17393822968006134,0.0516853928565979,0.09014417976140976,0.05831948667764664
32286,1.0,0.17393822968006134,0.05433875322341919,0.0745684951543808,0.06490957736968994
32287,1.0,0.17393822968006134,0.05429434776306152,0.07164638489484787,0.057349227368831635
32288,1.0,0.17393821477890015,0.030520915985107422,0.06334887444972992,0.029448945075273514
32289,1.0,0.17393821477890015,0.030787944793701172,0.05074053630232811,0.027965791523456573
32290,1.0,0.17393821477890015,0.04106324911117554,0.03572704643011093,0.03991341590881348
32291,1.0,0.17393821477890015,0.030615508556365967,0.06568104773759842,0.026839349418878555
32292,1.0,0.17393821477890015,0.04224580526351929,0.04572751373052597,0.04712684080004692
32293,1.0,0.17393818497657776,0.04166537523269653,0.033116597682237625,0.0365201011300087
32294,1.0,0.17393818497657776,0.04392021894454956,0.04595980420708656,0.04100321978330612
32295,1.0,0.17393818497657776,0.043021321296691895,0.03974790498614311,0.04006359353661537
32296,1.0,0.17393818497657776,0.05356955528259277,0.04727210849523544,0.04132040962576866
32297,1.0,0.17393818497657776,0.06193900108337402,0.07129373401403427,0.056868474930524826
32298,1.0,0.17393817007541656,0.054305434226989746,0.05163878947496414,0.05707778409123421
32299,1.0,0.17393817007541656,0.05997699499130249,0.07565680891275406,0.055927131325006485
32300,1.0,0.17393817007541656,0.11709612607955933,0.14818793535232544,0.12781500816345215
32822,1.0,0.12261806428432465,0.3543439507484436,0.44487807154655457,0.43477892875671387
32823,0.0,0.1226179227232933,0.19525283575057983,0.39962291717529297,0.2098548412322998
32824,0.0,0.1226179227232933,0.27042579650878906,0.34130242466926575,0.32081013917922974
32825,0.0,0.1226179227232933,0.127005934715271,0.2304258942604065,0.111177958548069
32826,0.0,0.1226179227232933,0.26923668384552,0.40657684206962585,0.34031108021736145
32827,0.0,0.1226179227232933,0.11261403560638428,0.2854374051094055,0.11838765442371368
32828,0.0,0.1226179227232933,0.09696400165557861,0.13694675266742706,0.06603381037712097
32829,0.0,0.1226179227232933,0.24021518230438232,0.37588682770729065,0.2472222000360489
32830,0.0,0.12261789292097092,0.12260621786117554,0.2661559283733368,0.09482638537883759
32831,0.0,0.12261789292097092,0.091175377368927,0.15403905510902405,0.06757232546806335
32832,0.0,0.12261789292097092,0.08121979236602783,0.12704595923423767,0.06854112446308136
32833,0.0,0.12261789292097092,0.08155393600463867,0.12931369245052338,0.05125878378748894
32834,0.0,0.12261789292097092,0.07376301288604736,0.12628065049648285,0.052631959319114685
32835,0.0,0.12261789292097092,0.22481274604797363,0.3567143380641937,0.27915823459625244
32836,0.0,0.12261789292097092,0.29480457305908203,0.3997923731803894,0.3409518599510193
32837,0.0,0.12261789292097092,0.13907861709594727,0.2651638686656952,0.12075350433588028
32838,0.0,0.12261789292097092,0.10136061906814575,0.11823083460330963,0.07551075518131256
32839,0.0,0.12261789292097092,0.10233741998672485,0.0877523347735405,0.08183560520410538
32840,0.0,0.12261786311864853,0.07924658060073853,0.07251694798469543,0.06410321593284607
32841,0.0,0.12261786311864853,0.06826281547546387,0.06932144612073898,0.06224709004163742
32842,0.0,0.12261786311864853,0.16796839237213135,0.2588553726673126,0.1742807924747467
32843,0.0,0.12261786311864853,0.09739649295806885,0.19685645401477814,0.09721603989601135
32844,0.0,0.12261786311864853,0.10747331380844116,0.12396484613418579,0.09943584352731705
32845,0.0,0.12261786311864853,0.08515435457229614,0.09380671381950378,0.07212627679109573
32846,0.0,0.12261786311864853,0.07916414737701416,0.08537884801626205,0.08699493110179901
32847,0.0,0.12261786311864853,0.05430006980895996,0.07111085951328278,0.027847042307257652
32848,0.0,0.12261786311864853,0.04351532459259033,0.06007158383727074,0.027644330635666847
32849,0.0,0.12261786311864853,0.04545515775680542,0.06330262869596481,0.02661631628870964
32850,0.0,0.12261784821748734,0.044821858406066895,0.06261848658323288,0.02803160436451435
32851,0.0,0.12261784821748734,0.058787524700164795,0.06447221338748932,0.05875049903988838
32852,0.0,0.12261784821748734,0.0445713996887207,0.05616671219468117,0.02849178947508335
32853,0.0,0.12261784821748734,0.051089584827423096,0.06576768308877945,0.041546113789081573
32854,0.0,0.12261784821748734,0.0497051477432251,0.06113496050238609,0.03726644068956375
32855,0.0,0.12261784076690674,0.032770395278930664,0.05815541744232178,0.02111411653459072
32856,0.0,0.12261784076690674,0.03286617994308472,0.043970268219709396,0.022390024736523628
32857,0.0,0.12261784076690674,0.03267073631286621,0.06260626018047333,0.016631005331873894
32858,0.0,0.12261784076690674,0.03236359357833862,0.04792926833033562,0.020927656441926956
32859,0.0,0.12261784076690674,0.029794514179229736,0.04557628557085991,0.017916982993483543
32860,0.0,0.12261784076690674,0.03152751922607422,0.04412924498319626,0.01922140084207058
32861,0.0,0.12261784076690674,0.03382730484008789,0.042966246604919434,0.03000239096581936
32862,0.0,0.12261784076690674,0.030928432941436768,0.037349190562963486,0.020781436935067177
32863,0.0,0.12261784076690674,0.04088747501373291,0.05250941589474678,0.026950761675834656
32864,0.0,0.12261784076690674,0.029109716415405273,0.031020119786262512,0.017278244718909264
32865,0.0,0.12261784076690674,0.030581235885620117,0.03390384092926979,0.01763978600502014
32866,0.0,0.12261781096458435,0.028071820735931396,0.019876455888152122,0.01923546940088272
32867,0.0,0.12261781096458435,0.02857661247253418,0.025340881198644638,0.01962188072502613
32868,0.0,0.12261781096458435,0.06674808263778687,0.1026204451918602,0.08027193695306778
32869,0.0,0.12261781096458435,0.03770989179611206,0.04646257311105728,0.03717935457825661
32870,0.0,0.12261781096458435,0.0452653169631958,0.0480848103761673,0.032267916947603226
32871,0.0,0.12261781096458435,0.04041785001754761,0.04750824347138405,0.020970026031136513
32872,0.0,0.12261781096458435,0.10215896368026733,0.14631947875022888,0.11424662917852402
32873,0.0,0.12261781096458435,0.08393722772598267,0.12092770636081696,0.07484971731901169
32874,0.0,0.12261781096458435,0.07704395055770874,0.09822624921798706,0.07054201513528824
33396,1.0,0.09720679372549057,0.48601531982421875,0.5917978286743164,0.6781646013259888
33397,1.0,0.09720668196678162,0.5531463623046875,0.4443208873271942,0.719948410987854
33398,1.0,0.09720668196678162,0.41573983430862427,0.580727219581604,0.6342352032661438
33399,1.0,0.09720668196678162,0.3412998914718628,0.3920072317123413,0.5427402257919312
33400,1.0,0.09720668196678162,0.5775778293609619,0.6201010942459106,0.7791330814361572
33401,1.0,0.09720665961503983,0.40373873710632324,0.2569999694824219,0.5754203796386719
33402,1.0,0.09720665961503983,0.3030255436897278,0.24132077395915985,0.5310414433479309
33403,1.0,0.09720665961503983,0.19781887531280518,0.17573615908622742,0.3105815052986145
33404,1.0,0.09720665961503983,0.415014386177063,0.5330777764320374,0.5693474411964417
33405,1.0,0.09720665961503983,0.30208057165145874,0.22142371535301208,0.4670058786869049
33406,1.0,0.09720665961503983,0.4113020896911621,0.39902326464653015,0.609975278377533
33407,1.0,0.09720665961503983,0.47676318883895874,0.5057078003883362,0.7222563028335571
33408,1.0,0.09720665961503983,0.4157469868659973,0.353580117225647,0.6028087735176086
33409,1.0,0.09720665961503983,0.424666166305542,0.2839682102203369,0.569054126739502
33410,1.0,0.09720665961503983,0.5280324220657349,0.5348712205886841,0.7154920697212219
33411,1.0,0.09720663726329803,0.6539009809494019,0.6699382662773132,0.8535404801368713
33412,1.0,0.09720663726329803,0.729750394821167,0.704782247543335,0.9344241619110107
33413,1.0,0.09720663726329803,0.6930959820747375,0.5732031464576721,0.8687213659286499
33414,1.0,0.09720663726329803,0.6944712996482849,0.580885648727417,0.8967705368995667
33415,1.0,0.09720663726329803,0.6078914403915405,0.6071779727935791,0.8535767793655396
33416,1.0,0.09720663726329803,0.47724562883377075,0.44031640887260437,0.7225446105003357
33417,1.0,0.09720663726329803,0.6263623237609863,0.5996265411376953,0.9043137431144714
33418,1.0,0.09720663726329803,0.6707404851913452,0.6720611453056335,0.9441274404525757
33419,1.0,0.09720663726329803,0.5066115856170654,0.6871705651283264,0.8811637759208679
33420,1.0,0.09720663726329803,0.5500757694244385,0.6679580807685852,0.8434004783630371
33421,1.0,0.09720663726329803,0.49734771251678467,0.586658775806427,0.7705533504486084
33422,1.0,0.09720662236213684,0.5103707313537598,0.49536988139152527,0.7853307723999023
33423,1.0,0.09720662236213684,0.3635045886039734,0.45166584849357605,0.671308159828186
33424,1.0,0.09720662236213684,0.4719424843788147,0.4544469118118286,0.7460424304008484
33425,1.0,0.09720662236213684,0.421752393245697,0.34988200664520264,0.6489983797073364
33426,1.0,0.09720662236213684,0.3781201243400574,0.41300198435783386,0.6467995047569275
33427,1.0,0.09720662236213684,0.27898019552230835,0.2895175814628601,0.3744206130504608
33428,1.0,0.09720662236213684,0.24396491050720215,0.25296345353126526,0.4047636389732361
33429,1.0,0.09720662236213684,0.29632335901260376,0.2633243799209595,0.36122816801071167
33430,1.0,0.09720662236213684,0.21253520250320435,0.270049124956131,0.3362427055835724
33431,1.0,0.09720662236213684,0.1727239489555359,0.2431657463312149,0.27542346715927124
33432,1.0,0.09720660746097565,0.17142140865325928,0.23107384145259857,0.22613227367401123
33433,1.0,0.09720660746097565,0.2545683979988098,0.28668490052223206,0.18268005549907684
33434,1.0,0.09720660746097565,0.2037123441696167,0.26088082790374756,0.2641479969024658
33435,1.0,0.09720660746097565,0.18350297212600708,0.17394620180130005,0.20792660117149353
33436,1.0,0.09720660746097565,0.19653910398483276,0.1929263025522232,0.2627289891242981
33437,1.0,0.09720660746097565,0.23748445510864258,0.22365567088127136,0.320613831281662
33438,1.0,0.09720660746097565,0.16017919778823853,0.13070859014987946,0.14476659893989563
33439,1.0,0.09720660746097565,0.21657800674438477,0.22216929495334625,0.38419729471206665
33440,1.0,0.09720660746097565,0.2498704195022583,0.19135624170303345,0.3212507367134094
33441,1.0,0.09720660746097565,0.19319641590118408,0.18155799806118011,0.23375019431114197
33442,1.0,0.09720658510923386,0.18571633100509644,0.14632660150527954,0.17786747217178345
33443,1.0,0.09720658510923386,0.3257666230201721,0.473063200712204,0.6033674478530884
33444,1.0,0.09720658510923386,0.6135541200637817,0.6120006442070007,0.8428662419319153
33445,1.0,0.09720658510923386,0.4994816184043884,0.691928505897522,0.7464731335639954
33446,1.0,0.09720658510923386,0.40754562616348267,0.3570026159286499,0.6711861491203308
33447,1.0,0.09720658510923386,0.3029574751853943,0.27779048681259155,0.5980362892150879
33448,1.0,0.09720658510923386,0.3975452780723572,0.4564489722251892,0.5735592246055603
33970,0.0,0.12261086702346802,0.41076141595840454,0.4547114074230194,0.6138710379600525
33971,0.0,0.12261075526475906,0.3480203151702881,0.5371303558349609,0.50278639793396
33972,0.0,0.12261074036359787,0.35352271795272827,0.5488659143447876,0.5773748159408569
33973,0.0,0.12261074036359787,0.33667635917663574,0.49377045035362244,0.48338526487350464
33974,0.0,0.12261074036359787,0.3365405797958374,0.4843192994594574,0.473925918340683
33975,0.0,0.12261074036359787,0.35984623432159424,0.4903050661087036,0.5278263688087463
33976,0.0,0.12261074036359787,0.3349745273590088,0.44568705558776855,0.41915827989578247
33977,0.0,0.12261072546243668,0.4080391526222229,0.5588013529777527,0.5455217361450195
33978,0.0,0.12261072546243668,0.43014800548553467,0.6324769258499146,0.5447492003440857
33979,0.0,0.12261072546243668,0.3420175313949585,0.450283408164978,0.44293591380119324
33980,0.0,0.12261072546243668,0.3366243243217468,0.5363841652870178,0.48075801134109497
33981,0.0,0.12261072546243668,0.4460620880126953,0.6678698658943176,0.7114576697349548
33982,0.0,0.12261072546243668,0.4252793788909912,0.5467813014984131,0.5988519787788391
33983,0.0,0.12261072546243668,0.4124125838279724,0.5250195264816284,0.5332620143890381
33984,0.0,0.12261072546243668,0.42207640409469604,0.4862056374549866,0.4281925857067108
33985,0.0,0.12261072546243668,0.3740314245223999,0.4443092942237854,0.4401575028896332
33986,0.0,0.12261072546243668,0.35831284523010254,0.4296577572822571,0.40593665838241577
33987,0.0,0.12261069566011429,0.3666146397590637,0.422254741191864,0.4549494981765747
33988,0.0,0.12261069566011429,0.33534425497055054,0.30595728754997253,0.4124462902545929
33989,0.0,0.12261069566011429,0.5474419593811035,0.5808842182159424,0.709723174571991
33990,0.0,0.12261069566011429,0.4215226173400879,0.4388725757598877,0.465160608291626
33991,0.0,0.12261069566011429,0.417568564414978,0.3210698068141937,0.44198960065841675
33992,0.0,0.12261069566011429,0.4053928852081299,0.463461309671402,0.5106737613677979
33993,0.0,0.12261069566011429,0.5642334818840027,0.49618884921073914,0.706501841545105
33994,0.0,0.12261069566011429,0.31013965606689453,0.3695335388183594,0.3915562927722931
33995,0.0,0.12261069566011429,0.2967003583908081,0.2379201054573059,0.23867429792881012
33996,0.0,0.12261069566011429,0.1964368224143982,0.20430102944374084,0.11706464737653732
33997,0.0,0.1226106807589531,0.21348798274993896,0.1804860532283783,0.1546347439289093
33998,0.0,0.1226106807589531,0.19644957780838013,0.26053401827812195,0.26838549971580505
33999,0.0,0.1226106807589531,0.3782431483268738,0.4509439170360565,0.5889994502067566
34000,0.0,0.1226106807589531,0.33763521909713745,0.30428969860076904,0.38192835450172424
34001,0.0,0.1226106807589531,0.1562885046005249,0.26267045736312866,0.13981078565120697
34002,0.0,0.1226106658577919,0.14867568016052246,0.14552803337574005,0.08929036557674408
34003,0.0,0.1226106658577919,0.12441140413284302,0.16151787340641022,0.08549480885267258
34004,0.0,0.1226106658577919,0.13122022151947021,0.18983596563339233,0.1433030366897583
34005,0.0,0.1226106658577919,0.09822452068328857,0.15514671802520752,0.08815538138151169
34006,0.0,0.1226106658577919,0.1089552640914917,0.11836318671703339,0.13472162187099457
34007,0.0,0.1226106509566307,0.1205490231513977,0.24543294310569763,0.11456988751888275
34008,0.0,0.1226106509566307,0.10618692636489868,0.17204886674880981,0.08534245193004608
34009,0.0,0.1226106509566307,0.11636686325073242,0.16817830502986908,0.11279799044132233
34010,0.0,0.1226106509566307,0.10841876268386841,0.11678706109523773,0.09956144541501999
34011,0.0,0.1226106509566307,0.09003829956054688,0.09388206154108047,0.07716783881187439
34012,0.0,0.12261063605546951,0.10956871509552002,0.12105952203273773,0.12170565128326416
34013,0.0,0.12261063605546951,0.09328299760818481,0.10905268043279648,0.08804761618375778
34014,0.0,0.12261063605546951,0.1713181734085083,0.16664014756679535,0.21048840880393982
34015,0.0,0.12261063605546951,0.14544665813446045,0.1488056182861328,0.14303208887577057
34016,0.0,0.12261063605546951,0.1812339425086975,0.23071692883968353,0.23050931096076965
34017,0.0,0.12261062860488892,0.15945899486541748,0.19024431705474854,0.17827081680297852
34018,0.0,0.12261062860488892,0.15039604902267456,0.17490029335021973,0.1405639499425888
34019,0.0,0.12261062860488892,0.22996234893798828,0.3497641384601593,0.3080039918422699
34020,0.0,0.12261062860488892,0.30075234174728394,0.40706828236579895,0.3935420513153076
34021,0.0,0.12261062860488892,0.2940025329589844,0.34097543358802795,0.3141043782234192
34022,0.0,0.12261062860488892,0.38929957151412964,0.3356149196624756,0.4664995074272156
34544,1.0,0.09718875586986542,0.5023608803749084,0.46028193831443787,0.6039287447929382
34545,1.0,0.09718867391347885,0.4535698890686035,0.5651170611381531,0.6276291608810425
34546,1.0,0.09718865156173706,0.5001513361930847,0.499004065990448,0.7577131390571594
34547,1.0,0.09718865156173706,0.5676792860031128,0.5667150616645813,0.791589617729187
34548,1.0,0.09718865156173706,0.45789486169815063,0.5652003884315491,0.6676034331321716
34549,1.0,0.09718865156173706,0.6473730802536011,0.7157857418060303,0.8906930088996887
34550,1.0,0.09718865156173706,0.6279484629631042,0.7791804075241089,0.8511659502983093
34551,1.0,0.09718865156173706,0.6772975325584412,0.7097297310829163,0.9166045188903809
34552,1.0,0.09718865156173706,0.5362508296966553,0.6133742928504944,0.6923872828483582
34553,1.0,0.09718865156173706,0.5836799144744873,0.6651994585990906,0.8497588038444519
34554,1.0,0.09718865156173706,0.7302441000938416,0.7609376311302185,0.9471516609191895
34555,1.0,0.09718865156173706,0.5304125547409058,0.7790660858154297,0.7973517179489136
34556,1.0,0.09718862920999527,0.5681264400482178,0.7393234372138977,0.8591538667678833
34557,1.0,0.09718862920999527,0.639407753944397,0.7586291432380676,0.8982182741165161
34558,1.0,0.09718862920999527,0.642333984375,0.797272264957428,0.9354819655418396
34559,1.0,0.09718862920999527,0.4592382311820984,0.762694776058197,0.8155422210693359
34560,1.0,0.09718862920999527,0.49695444107055664,0.6960167288780212,0.850005030632019
34561,1.0,0.09718862920999527,0.5202018618583679,0.6266077756881714,0.7487971186637878
34562,1.0,0.09718862920999527,0.4290393590927124,0.5462131500244141,0.6804280877113342
34563,1.0,0.09718862920999527,0.44103723764419556,0.43853530287742615,0.5523139834403992
34564,1.0,0.09718862920999527,0.4468563199043274,0.43243902921676636,0.543641209602356
34565,1.0,0.09718862920999527,0.45312702655792236,0.3769247233867645,0.5823354721069336
34566,1.0,0.09718861430883408,0.4395821690559387,0.41982710361480713,0.5076864361763
34567,1.0,0.09718861430883408,0.37876343727111816,0.37976476550102234,0.48054373264312744
34568,1.0,0.09718861430883408,0.38734257221221924,0.3497236669063568,0.4924536943435669
34569,1.0,0.09718861430883408,0.343914270401001,0.35883286595344543,0.4017196595668793
34570,1.0,0.09718861430883408,0.318051815032959,0.2699422240257263,0.287762850522995
34571,1.0,0.09718861430883408,0.380698025226593,0.3483920991420746,0.6452254056930542
34572,1.0,0.09718861430883408,0.3741912841796875,0.3853011131286621,0.5739431381225586
34573,1.0,0.09718861430883408,0.29676663875579834,0.3257693350315094,0.3936779201030731
34574,1.0,0.09718861430883408,0.28757965564727783,0.37463077902793884,0.387260377407074
34575,1.0,0.09718861430883408,0.20555227994918823,0.3275601267814636,0.32866010069847107
34576,1.0,0.09718858450651169,0.16141808032989502,0.20078623294830322,0.12599726021289825
34577,1.0,0.09718858450651169,0.21726757287979126,0.2639898955821991,0.2303808480501175
34578,1.0,0.09718858450651169,0.168901264667511,0.19673429429531097,0.18882039189338684
34579,1.0,0.09718858450651169,0.12794208526611328,0.18146048486232758,0.10496331006288528
34580,1.0,0.09718858450651169,0.14364385604858398,0.21560394763946533,0.13055527210235596
34581,1.0,0.09718858450651169,0.20141053199768066,0.25571751594543457,0.2952914237976074
34582,1.0,0.09718858450651169,0.1554722785949707,0.22434300184249878,0.1629498302936554
34583,1.0,0.09718858450651169,0.20642906427383423,0.17772521078586578,0.14938096702098846
34584,1.0,0.09718858450651169,0.1583573818206787,0.14526362717151642,0.11111977696418762
34585,1.0,0.09718858450651169,0.19770598411560059,0.24866297841072083,0.2278156578540802
34586,1.0,0.0971885696053505,0.17494714260101318,0.26417940855026245,0.234034463763237
34587,1.0,0.0971885696053505,0.16784894466400146,0.1994052678346634,0.16503314673900604
34588,1.0,0.0971885696053505,0.1774606704711914,0.17111940681934357,0.22531528770923615
34589,1.0,0.0971885696053505,0.19277215003967285,0.16905580461025238,0.22603394091129303
34590,1.0,0.0971885696053505,0.1644977331161499,0.15776927769184113,0.1848568320274353
34591,1.0,0.0971885696053505,0.2335464358329773,0.1958363652229309,0.31085559725761414
34592,1.0,0.0971885696053505,0.271869957447052,0.15994836390018463,0.3537173569202423
34593,1.0,0.0971885696053505,0.24538856744766235,0.16489943861961365,0.3570084571838379
34594,1.0,0.0971885696053505,0.35813063383102417,0.4072784185409546,0.4522123634815216
34595,1.0,0.0971885696053505,0.3809531331062317,0.4350831210613251,0.37146827578544617
34596,1.0,0.0971885472536087,0.6509369611740112,0.5898333787918091,0.9392153024673462
35118,0.0,0.1466362327337265,0.301061749458313,0.5382192134857178,0.5833262205123901
35119,1.0,0.14663609862327576,0.3063246011734009,0.675067663192749,0.5861996412277222
35120,0.0,0.14663609862327576,0.2702102065086365,0.47755128145217896,0.32856354117393494
35121,0.0,0.14663609862327576,0.1927843689918518,0.4171298146247864,0.15057672560214996
35122,0.0,0.14663609862327576,0.21990251541137695,0.4084545969963074,0.2652395963668823
35123,0.0,0.14663609862327576,0.24705743789672852,0.4948776364326477,0.3183000981807709
35124,0.0,0.14663609862327576,0.307971715927124,0.6926664113998413,0.5708729028701782
35125,0.0,0.14663609862327576,0.23344570398330688,0.4787660837173462,0.282234251499176
35126,0.0,0.14663606882095337,0.2655356526374817,0.438064843416214,0.32604917883872986
35127,0.0,0.14663606882095337,0.17394083738327026,0.3300694227218628,0.23163838684558868
35128,0.0,0.14663606882095337,0.2364071011543274,0.35786619782447815,0.22984923422336578
35129,0.0,0.14663606882095337,0.3049905300140381,0.4470035433769226,0.42766255140304565
35130,0.0,0.14663606882095337,0.30781233310699463,0.4535689651966095,0.36949142813682556
35131,0.0,0.14663606882095337,0.4104440212249756,0.6083250641822815,0.7015988230705261
35132,0.0,0.14663606882095337,0.34735411405563354,0.5746402740478516,0.43881821632385254
35133,0.0,0.14663606882095337,0.2799338698387146,0.45802366733551025,0.31205716729164124
35134,0.0,0.14663606882095337,0.3008003234863281,0.3737429678440094,0.211619570851326
35135,0.0,0.14663606882095337,0.3520650267601013,0.5514542460441589,0.5550930500030518
35136,0.0,0.14663605391979218,0.44133615493774414,0.623981237411499,0.6381017565727234
35137,0.0,0.14663605391979218,0.3633958101272583,0.4737386703491211,0.46051183342933655
35138,0.0,0.14663605391979218,0.2792566418647766,0.4061093032360077,0.323783814907074
35139,0.0,0.14663605391979218,0.29002243280410767,0.37386608123779297,0.36703774333000183
35140,0.0,0.14663605391979218,0.27020448446273804,0.3582770526409149,0.23752522468566895
35141,0.0,0.1466360241174698,0.424956738948822,0.39967361092567444,0.42960068583488464
35142,0.0,0.1466360241174698,0.4070671796798706,0.39636921882629395,0.42179685831069946
35143,0.0,0.1466360241174698,0.3293713927268982,0.3007875978946686,0.4654086232185364
35144,0.0,0.1466360241174698,0.2668076157569885,0.30188390612602234,0.33707913756370544
35145,0.0,0.1466360241174698,0.25652313232421875,0.2307254821062088,0.2340400069952011
35146,0.0,0.1466360241174698,0.29771578311920166,0.31964540481567383,0.39966604113578796
35147,1.0,0.1466360241174698,0.43353700637817383,0.5322462916374207,0.7650038599967957
35148,1.0,0.1466360241174698,0.3020419478416443,0.3780248761177063,0.44792839884757996
35149,0.0,0.1466360241174698,0.2890133261680603,0.34826210141181946,0.46008291840553284
35150,1.0,0.1466360241174698,0.18099194765090942,0.3331722915172577,0.2064398229122162
35151,1.0,0.1466359943151474,0.1741819977760315,0.2899683713912964,0.2107774317264557
35152,0.0,0.1466359943151474,0.20304107666015625,0.3058241307735443,0.17726360261440277
35153,0.0,0.1466359943151474,0.09325426816940308,0.17349980771541595,0.12504012882709503
35154,0.0,0.1466359943151474,0.1447892189025879,0.19264347851276398,0.15692704916000366
35155,1.0,0.1466359943151474,0.14771628379821777,0.20767787098884583,0.11942773312330246
35156,0.0,0.1466359943151474,0.08690524101257324,0.14618416130542755,0.10473506897687912
35157,0.0,0.1466359943151474,0.09232711791992188,0.10605377703905106,0.09641413390636444
35158,0.0,0.1466359943151474,0.07315832376480103,0.06097551807761192,0.050881870090961456
35159,0.0,0.1466359943151474,0.08978748321533203,0.1138940155506134,0.08668214827775955
35160,0.0,0.1466359943151474,0.056444525718688965,0.07366486638784409,0.03686339780688286
35161,0.0,0.146635964512825,0.08306759595870972,0.11088709533214569,0.056678906083106995
35162,0.0,0.146635964512825,0.10175657272338867,0.085561603307724,0.05171579495072365
35163,0.0,0.146635964512825,0.06182664632797241,0.09461560845375061,0.025378894060850143
35164,0.0,0.146635964512825,0.07858288288116455,0.13795451819896698,0.051386985927820206
35165,0.0,0.146635964512825,0.1090286374092102,0.13113388419151306,0.0704168826341629
35166,0.0,0.14663594961166382,0.10271936655044556,0.1379624605178833,0.061659395694732666
35167,0.0,0.14663594961166382,0.1382153034210205,0.14643363654613495,0.08391211926937103
35168,0.0,0.14663594961166382,0.10769635438919067,0.15494659543037415,0.09799010306596756
35169,0.0,0.14663594961166382,0.12674254179000854,0.2028510868549347,0.09961754828691483
35170,0.0,0.14663594961166382,0.16179245710372925,0.2682017385959625,0.24926847219467163
35692,1.0,0.32175639271736145,0.37332600355148315,0.42110997438430786,0.5177432894706726
35693,1.0,0.32175615429878235,0.3634924292564392,0.42105814814567566,0.4093276262283325
35694,1.0,0.32175612449645996,0.2579496502876282,0.30882686376571655,0.4444936215877533
35695,0.0,0.32175612449645996,0.46719104051589966,0.46068909764289856,0.6158387660980225
35696,1.0,0.32175612449645996,0.61881023645401,0.7565586566925049,0.8219470381736755
35697,1.0,0.32175612449645996,0.536145031452179,0.7289467453956604,0.859084963798523
35698,1.0,0.32175612449645996,0.4722837805747986,0.6009455323219299,0.6924466490745544
35699,1.0,0.32175612449645996,0.500624418258667,0.47661182284355164,0.666843593120575
35700,1.0,0.32175612449645996,0.4174845218658447,0.5075676441192627,0.5032055377960205
35701,1.0,0.32175612449645996,0.368100106716156,0.34945693612098694,0.5674152374267578
35702,1.0,0.3217560946941376,0.2543431520462036,0.2784549593925476,0.31189027428627014
35703,0.0,0.3217560946941376,0.21822786331176758,0.22838221490383148,0.31498709321022034
35704,0.0,0.3217560648918152,0.4213797450065613,0.49257776141166687,0.6560313105583191
35705,1.0,0.3217560648918152,0.3995901346206665,0.4695878028869629,0.530036449432373
35706,1.0,0.3217560648918152,0.2652885317802429,0.31741246581077576,0.3996519446372986
35707,0.0,0.3217560648918152,0.3219020366668701,0.44887298345565796,0.513714075088501
35708,1.0,0.3217560648918152,0.3248414397239685,0.35132986307144165,0.5530725717544556
35709,1.0,0.3217560350894928,0.37550467252731323,0.3296254575252533,0.6198028922080994
35710,1.0,0.3217560350894928,0.34731990098953247,0.3056364953517914,0.539463222026825
35711,1.0,0.3217560350894928,0.25794780254364014,0.24814040958881378,0.3534910976886749
35712,0.0,0.3217560350894928,0.40861380100250244,0.38655394315719604,0.6007409691810608
35713,1.0,0.3217560350894928,0.3551937937736511,0.4081939160823822,0.5127150416374207
35714,1.0,0.3217560350894928,0.3291546702384949,0.26314812898635864,0.3402712643146515
35715,0.0,0.3217560350894928,0.3043467402458191,0.31682589650154114,0.38333019614219666
35716,1.0,0.3217560350894928,0.2778080701828003,0.2600798010826111,0.16139520704746246
35717,1.0,0.3217560052871704,0.13158142566680908,0.19223493337631226,0.09189225733280182
35718,0.0,0.3217560052871704,0.16288143396377563,0.2212630659341812,0.09986158460378647
35719,1.0,0.3217560052871704,0.16775280237197876,0.1993316262960434,0.08934613317251205
35720,1.0,0.3217560052871704,0.09963995218276978,0.12073887884616852,0.046961598098278046
35721,0.0,0.3217560052871704,0.10503971576690674,0.14850035309791565,0.05278347432613373
35722,0.0,0.321755975484848,0.12740081548690796,0.21752110123634338,0.058896906673908234
35723,1.0,0.321755975484848,0.09777718782424927,0.20082508027553558,0.05075567960739136
35724,1.0,0.321755975484848,0.07184207439422607,0.26012566685676575,0.04293940216302872
35725,1.0,0.321755975484848,0.14900201559066772,0.2979874312877655,0.13436274230480194
35726,1.0,0.321755975484848,0.13117152452468872,0.2139844298362732,0.12146060913801193
35727,1.0,0.321755975484848,0.04910510778427124,0.14072097837924957,0.02270432561635971
35728,1.0,0.321755975484848,0.03623342514038086,0.12532806396484375,0.019835084676742554
35729,0.0,0.321755975484848,0.0424923300743103,0.14391347765922546,0.02392580546438694
35730,0.0,0.32175594568252563,0.05948591232299805,0.22460708022117615,0.04905310273170471
35731,1.0,0.32175594568252563,0.14447379112243652,0.2239256352186203,0.16624949872493744
35732,1.0,0.32175591588020325,0.147408127784729,0.266891211271286,0.15485955774784088
35733,1.0,0.32175591588020325,0.16841155290603638,0.22599777579307556,0.22768446803092957
35734,1.0,0.32175591588020325,0.16844791173934937,0.2252766489982605,0.1666981428861618
35735,1.0,0.32175591588020325,0.18021315336227417,0.28396981954574585,0.26157429814338684
35736,0.0,0.32175591588020325,0.2221992015838623,0.24182064831256866,0.3083496391773224
35737,0.0,0.32175591588020325,0.2050492763519287,0.2460363209247589,0.32027918100357056
35738,1.0,0.32175591588020325,0.13582009077072144,0.1833687424659729,0.14098691940307617
35739,0.0,0.32175591588020325,0.14198601245880127,0.1342100352048874,0.17038403451442719
35740,0.0,0.32175588607788086,0.22152459621429443,0.32017654180526733,0.2784176170825958
35741,1.0,0.32175588607788086,0.352347731590271,0.3814926743507385,0.5062533020973206
35742,1.0,0.32175588607788086,0.3278210759162903,0.39516526460647583,0.45214635133743286
35743,1.0,0.32175588607788086,0.3221657872200012,0.5341808199882507,0.5130755305290222
35744,0.0,0.32175588607788086,0.36993706226348877,0.43419668078422546,0.5437625050544739
36266,0.0,0.15530121326446533,0.20293736457824707,0.41561639308929443,0.2571801543235779
36267,0.0,0.1553010642528534,0.27872174978256226,0.6974964141845703,0.8042327761650085
36268,1.0,0.1553010642528534,0.3024715781211853,0.722419798374176,0.7312493920326233
36269,1.0,0.1553010642528534,0.23289579153060913,0.6445484161376953,0.5315412282943726
36270,0.0,0.1553010642528534,0.27848875522613525,0.642352283000946,0.5763548016548157
36271,0.0,0.1553010493516922,0.26539212465286255,0.605973482131958,0.46379533410072327
36272,0.0,0.1553010493516922,0.264271080493927,0.6459286212921143,0.4206140637397766
36273,0.0,0.1553010493516922,0.21102100610733032,0.5611972212791443,0.4805682301521301
36274,0.0,0.1553010493516922,0.28331077098846436,0.5807278156280518,0.479190856218338
36275,0.0,0.155301034450531,0.27414005994796753,0.5975818634033203,0.36836615204811096
36276,0.0,0.155301034450531,0.2662270665168762,0.5428756475448608,0.319062203168869
36277,0.0,0.155301034450531,0.3837593197822571,0.6059949994087219,0.5177157521247864
36278,0.0,0.155301034450531,0.3252086043357849,0.6417811512947083,0.4997674226760864
36279,0.0,0.155301034450531,0.29330718517303467,0.592745840549469,0.3410869836807251
36280,0.0,0.155301034450531,0.3157998323440552,0.6351664066314697,0.5427746772766113
36281,0.0,0.1553010195493698,0.3499385714530945,0.6287606954574585,0.3869349956512451
36282,0.0,0.1553010195493698,0.30222469568252563,0.6226948499679565,0.42944347858428955
36283,0.0,0.1553010195493698,0.2705416679382324,0.5532852411270142,0.2739536762237549
36284,0.0,0.1553010195493698,0.28571832180023193,0.5545055866241455,0.3037068247795105
36285,0.0,0.1553010195493698,0.370289146900177,0.4927186071872711,0.49077385663986206
36286,0.0,0.15530098974704742,0.34724855422973633,0.6294140815734863,0.5352236032485962
36287,0.0,0.15530098974704742,0.38722938299179077,0.7028294801712036,0.6753917336463928
36288,1.0,0.15530098974704742,0.3399863839149475,0.7392194271087646,0.6621242165565491
36289,1.0,0.15530098974704742,0.2886087894439697,0.5775836110115051,0.30852189660072327
36290,0.0,0.15530098974704742,0.30231088399887085,0.5696936249732971,0.28600066900253296
36291,0.0,0.15530097484588623,0.2924872040748596,0.5261545777320862,0.3867073357105255
36292,0.0,0.15530097484588623,0.2990923523902893,0.41883647441864014,0.4644658863544464
36293,0.0,0.15530097484588623,0.31799226999282837,0.42131689190864563,0.5067792534828186
36294,0.0,0.15530097484588623,0.2835767865180969,0.3737192153930664,0.29512301087379456
36295,0.0,0.15530097484588623,0.34837567806243896,0.4079844653606415,0.45925477147102356
36296,0.0,0.15530097484588623,0.4106302857398987,0.5260181427001953,0.6253038048744202
36297,0.0,0.15530097484588623,0.2796329855918884,0.45205435156822205,0.49444580078125
36298,0.0,0.15530097484588623,0.1829679012298584,0.32745757699012756,0.2361803948879242
36299,0.0,0.15530097484588623,0.16330957412719727,0.2762916684150696,0.22087964415550232
36300,0.0,0.15530097484588623,0.1764882206916809,0.27915552258491516,0.2045532763004303
36301,0.0,0.15530095994472504,0.13764804601669312,0.15971730649471283,0.17152287065982819
36302,0.0,0.15530095994472504,0.11489790678024292,0.18321889638900757,0.0952758714556694
36303,0.0,0.15530095994472504,0.11168128252029419,0.16622090339660645,0.12183654308319092
36304,0.0,0.15530095994472504,0.0928146243095398,0.11005979031324387,0.09526904672384262
36305,0.0,0.15530095994472504,0.07559007406234741,0.11568474024534225,0.05621799826622009
36306,0.0,0.15530093014240265,0.07488608360290527,0.11504533141851425,0.059249065816402435
36307,0.0,0.15530093014240265,0.06968516111373901,0.10946385562419891,0.04066424071788788
36308,0.0,0.15530093014240265,0.0716257095336914,0.10923927277326584,0.04083160310983658
36309,0.0,0.15530093014240265,0.09019804000854492,0.13388602435588837,0.03467424213886261
36310,0.0,0.15530093014240265,0.09822839498519897,0.08948847651481628,0.04690021649003029
36311,0.0,0.15530093014240265,0.07881873846054077,0.03170790150761604,0.03801538050174713
36312,0.0,0.15530093014240265,0.13220661878585815,0.0411762036383152,0.10497231036424637
36313,0.0,0.15530093014240265,0.08864325284957886,0.047679319977760315,0.04843369871377945
36314,0.0,0.15530093014240265,0.10198968648910522,0.04181462153792381,0.08158064633607864
36315,0.0,0.15530093014240265,0.1297672986984253,0.13435949385166168,0.10073656588792801
36316,0.0,0.15530091524124146,0.15419095754623413,0.16060224175453186,0.23628558218479156
36317,1.0,0.15530091524124146,0.11831831932067871,0.2495671659708023,0.11018873006105423
36318,0.0,0.15530091524124146,0.11186468601226807,0.124127097427845,0.1300935298204422
36840,0.0,0.12234991788864136,0.23397809267044067,0.31582847237586975,0.22450192272663116
36841,0.0,0.1223498061299324,0.07049965858459473,0.2688402235507965,0.050131190568208694
36842,0.0,0.1223498061299324,0.098621666431427,0.21771128475666046,0.05633256956934929
36843,0.0,0.1223498061299324,0.0538630485534668,0.22244010865688324,0.03000248782336712
36844,0.0,0.12234979122877121,0.17925536632537842,0.3875918984413147,0.14436501264572144
36845,0.0,0.12234979122877121,0.1704079508781433,0.4135999381542206,0.17037801444530487
36846,0.0,0.12234979122877121,0.11920076608657837,0.26942798495292664,0.09416453540325165
36847,0.0,0.12234979122877121,0.11845940351486206,0.1918555498123169,0.09180473536252975
36848,0.0,0.12234979122877121,0.10752600431442261,0.19235745072364807,0.09436072409152985
36849,0.0,0.12234977632761002,0.0887218713760376,0.20880281925201416,0.06428611278533936
36850,0.0,0.12234977632761002,0.07177013158798218,0.22425837814807892,0.056456442922353745
36851,0.0,0.12234977632761002,0.07890117168426514,0.21229147911071777,0.07104682177305222
36852,0.0,0.12234977632761002,0.08107775449752808,0.23778200149536133,0.07994505017995834
36853,0.0,0.12234977632761002,0.07133692502975464,0.15230433642864227,0.06241969019174576
36854,0.0,0.12234976142644882,0.19456523656845093,0.24220898747444153,0.23541006445884705
36855,0.0,0.12234976142644882,0.1045985221862793,0.1638491004705429,0.07629630714654922
36856,0.0,0.12234976142644882,0.09490460157394409,0.09292908012866974,0.07187416404485703
36857,0.0,0.12234976142644882,0.09496384859085083,0.14820030331611633,0.07020726054906845
36858,0.0,0.12234976142644882,0.21842801570892334,0.29458439350128174,0.20268641412258148
36859,0.0,0.12234974652528763,0.08676481246948242,0.13642951846122742,0.08385275304317474
36860,0.0,0.12234974652528763,0.08572793006896973,0.08901061117649078,0.061296246945858
36861,0.0,0.12234974652528763,0.07422512769699097,0.07555090636014938,0.047672078013420105
36862,0.0,0.12234974652528763,0.058483779430389404,0.048660922795534134,0.03482258319854736
36863,0.0,0.12234974652528763,0.04170382022857666,0.045832838863134384,0.028448933735489845
36864,0.0,0.12234973162412643,0.046306610107421875,0.029436537995934486,0.031150883063673973
36865,0.0,0.12234973162412643,0.04804635047912598,0.062329381704330444,0.0276580099016428
36866,0.0,0.12234973162412643,0.04188960790634155,0.06301271915435791,0.02443750761449337
36867,0.0,0.12234973162412643,0.043179869651794434,0.06987309455871582,0.02508707158267498
36868,0.0,0.12234973162412643,0.039878010749816895,0.0650300681591034,0.02256084978580475
36869,0.0,0.12234971672296524,0.04191696643829346,0.05544154345989227,0.02650444023311138
36870,0.0,0.12234971672296524,0.08800572156906128,0.09700378030538559,0.06907535344362259
36871,0.0,0.12234971672296524,0.06251823902130127,0.09283756464719772,0.049098607152700424
36872,0.0,0.12234971672296524,0.06635522842407227,0.0750369057059288,0.047072142362594604
36873,0.0,0.12234971672296524,0.052105486392974854,0.06809913367033005,0.03465547785162926
36874,0.0,0.12234970182180405,0.047069549560546875,0.06262937188148499,0.03230874240398407
36875,0.0,0.12234970182180405,0.03817248344421387,0.053386859595775604,0.024241209030151367
36876,0.0,0.12234970182180405,0.03822356462478638,0.05845195800065994,0.023906337097287178
36877,0.0,0.12234970182180405,0.034091830253601074,0.058172911405563354,0.020772825926542282
36878,0.0,0.12234970182180405,0.03611093759536743,0.057025808840990067,0.02096707746386528
36879,0.0,0.12234968692064285,0.036040663719177246,0.04352857545018196,0.027393750846385956
36880,0.0,0.12234968692064285,0.031130671501159668,0.04732682928442955,0.02029663510620594
36881,0.0,0.12234968692064285,0.0628172755241394,0.0698714330792427,0.030106740072369576
36882,0.0,0.12234968692064285,0.08731597661972046,0.11168795078992844,0.07368959486484528
36883,0.0,0.12234968692064285,0.06845110654830933,0.09443000704050064,0.057810284197330475
36884,0.0,0.12234968692064285,0.06706798076629639,0.06079680100083351,0.04781561717391014
36885,0.0,0.12234968692064285,0.05830669403076172,0.06195196881890297,0.036861736327409744
36886,0.0,0.12234968692064285,0.04904216527938843,0.0689733475446701,0.028301062062382698
36887,0.0,0.12234968692064285,0.039779722690582275,0.0716119110584259,0.023777035996317863
36888,0.0,0.12234968692064285,0.09652888774871826,0.12269648164510727,0.08098549395799637
36889,0.0,0.12234966456890106,0.03865337371826172,0.12641853094100952,0.02071230113506317
36890,0.0,0.12234966456890106,0.08073210716247559,0.08787959069013596,0.05295969545841217
36891,0.0,0.12234966456890106,0.07859545946121216,0.11732181906700134,0.05865279957652092
36892,0.0,0.12234966456890106,0.07914990186691284,0.1270364671945572,0.06259248405694962
37414,0.0,0.12229207158088684,0.09130889177322388,0.22298556566238403,0.06915762275457382
37415,0.0,0.12229195982217789,0.0829814076423645,0.19082917273044586,0.04710730165243149
37416,0.0,0.12229195982217789,0.07319432497024536,0.14181064069271088,0.04188615083694458
37417,0.0,0.12229195982217789,0.06858617067337036,0.12064038962125778,0.032412927597761154
37418,0.0,0.12229195982217789,0.055017054080963135,0.1105274185538292,0.035078126937150955
37419,0.0,0.1222919449210167,0.06787109375,0.1624884158372879,0.047288838773965836
37420,0.0,0.1222919449210167,0.061507582664489746,0.14579539000988007,0.04017975181341171
37421,0.0,0.1222919449210167,0.06591123342514038,0.1593010425567627,0.04229126125574112
37422,0.0,0.1222919449210167,0.08929556608200073,0.19321678578853607,0.04967397451400757
37423,0.0,0.1222919449210167,0.07674747705459595,0.17659632861614227,0.05151968449354172
37424,0.0,0.1222919300198555,0.06772541999816895,0.166023388504982,0.048618532717227936
37425,0.0,0.1222919300198555,0.08889269828796387,0.18689951300621033,0.05099426582455635
37426,0.0,0.1222919300198555,0.0689038634300232,0.22394730150699615,0.04466110095381737
37427,0.0,0.1222919300198555,0.08105212450027466,0.20132780075073242,0.05960625037550926
37428,0.0,0.1222919300198555,0.09263414144515991,0.2278130054473877,0.04640071094036102
37429,0.0,0.1222919151186943,0.10479015111923218,0.23597732186317444,0.06312199681997299
37430,0.0,0.1222919151186943,0.0999937653541565,0.2004089057445526,0.0735371857881546
37431,0.0,0.1222919151186943,0.0816388726234436,0.2151034027338028,0.04019053280353546
37432,0.0,0.1222919151186943,0.08768826723098755,0.16404560208320618,0.06301546841859818
37433,0.0,0.1222919151186943,0.17863881587982178,0.2548392117023468,0.1628032773733139
37434,0.0,0.12229190021753311,0.20026224851608276,0.3138379156589508,0.17406123876571655
37435,0.0,0.12229190021753311,0.11445891857147217,0.2890746593475342,0.08063647150993347
37436,0.0,0.12229190021753311,0.09375524520874023,0.19496940076351166,0.04724929481744766
37437,0.0,0.12229190021753311,0.11251163482666016,0.22088055312633514,0.05035051330924034
37438,0.0,0.12229190021753311,0.04374641180038452,0.08341125398874283,0.02004937455058098
37439,0.0,0.12229188531637192,0.10696303844451904,0.13612836599349976,0.06263820081949234
37440,0.0,0.12229188531637192,0.07444930076599121,0.10363353043794632,0.04863174632191658
37441,0.0,0.12229188531637192,0.08016836643218994,0.15085843205451965,0.08123284578323364
37442,0.0,0.12229188531637192,0.08274787664413452,0.1349010020494461,0.06736260652542114
37443,0.0,0.12229188531637192,0.11460471153259277,0.15910664200782776,0.11877453327178955
37444,0.0,0.12229187041521072,0.08411812782287598,0.12179640680551529,0.05708003044128418
37445,0.0,0.12229187041521072,0.08207446336746216,0.10900048911571503,0.057904742658138275
37446,0.0,0.12229187041521072,0.058205366134643555,0.07768633216619492,0.034292131662368774
37447,0.0,0.12229187041521072,0.04029667377471924,0.08624740689992905,0.03447107970714569
37448,0.0,0.12229187041521072,0.0462149977684021,0.08115850389003754,0.0293507669121027
37449,0.0,0.12229185551404953,0.03483438491821289,0.06114065647125244,0.027791190892457962
37450,0.0,0.12229185551404953,0.06030827760696411,0.11858119815587997,0.03676541522145271
37451,0.0,0.12229185551404953,0.037297725677490234,0.06307092308998108,0.022251255810260773
37452,0.0,0.12229185551404953,0.04557615518569946,0.08520098030567169,0.029485836625099182
37453,0.0,0.12229185551404953,0.042460739612579346,0.07654133439064026,0.023860247805714607
37454,0.0,0.12229184061288834,0.041418492794036865,0.08685051649808884,0.019713956862688065
37455,0.0,0.12229184061288834,0.04012644290924072,0.0646899938583374,0.018257448449730873
37456,0.0,0.12229184061288834,0.030628681182861328,0.0529310517013073,0.013966935686767101
37457,0.0,0.12229184061288834,0.025849759578704834,0.037352532148361206,0.010889320634305477
37458,0.0,0.12229184061288834,0.08119314908981323,0.11848435550928116,0.04140044376254082
37459,0.0,0.12229184061288834,0.06715279817581177,0.09765540808439255,0.031211357563734055
37460,0.0,0.12229184061288834,0.05880939960479736,0.11256363242864609,0.0323067307472229
37461,0.0,0.12229184061288834,0.0530545711517334,0.10489761084318161,0.026539547368884087
37462,0.0,0.12229184061288834,0.057839274406433105,0.10948023200035095,0.03005434013903141
37463,0.0,0.12229184061288834,0.1564660668373108,0.18439432978630066,0.10328412801027298
37464,0.0,0.12229181826114655,0.08818137645721436,0.2431519776582718,0.03512176498770714
37465,0.0,0.12229181826114655,0.09119290113449097,0.19958128035068512,0.05111836642026901
37466,0.0,0.12229181826114655,0.06874525547027588,0.12896044552326202,0.06047038733959198
37988,1.0,0.16438041627407074,0.4674392342567444,0.5956557989120483,0.6898694634437561
37989,1.0,0.1643802523612976,0.2858620285987854,0.4584488868713379,0.5046244859695435
37990,0.0,0.1643802523612976,0.301571249961853,0.4153316617012024,0.545465350151062
37991,0.0,0.1643802523612976,0.21164965629577637,0.3563179075717926,0.20578119158744812
37992,0.0,0.1643802523612976,0.22282052040100098,0.30340519547462463,0.2713930010795593
37993,0.0,0.1643802523612976,0.15253907442092896,0.18417030572891235,0.14773713052272797
37994,0.0,0.1643802523612976,0.13813477754592896,0.1561681181192398,0.14867377281188965
37995,0.0,0.1643802523612976,0.2458156943321228,0.34343647956848145,0.2822141647338867
37996,0.0,0.1643802374601364,0.18035215139389038,0.1929638683795929,0.23619093000888824
37997,0.0,0.1643802374601364,0.1650714874267578,0.20449036359786987,0.20103172957897186
37998,0.0,0.1643802374601364,0.26172614097595215,0.33441653847694397,0.32070648670196533
37999,0.0,0.1643802374601364,0.3021138906478882,0.3930164575576782,0.392670601606369
38000,0.0,0.1643802374601364,0.24885684251785278,0.24231871962547302,0.2829756736755371
38001,0.0,0.16438022255897522,0.24125653505325317,0.21813158690929413,0.289054274559021
38002,0.0,0.16438022255897522,0.3674312233924866,0.45990437269210815,0.46794021129608154
38003,0.0,0.16438022255897522,0.3305584788322449,0.33809030055999756,0.43253159523010254
38004,0.0,0.16438022255897522,0.3195890188217163,0.43501758575439453,0.5153343081474304
38005,0.0,0.16438022255897522,0.33272480964660645,0.4714409410953522,0.4025033116340637
38006,0.0,0.16438019275665283,0.30273234844207764,0.32921767234802246,0.4212631583213806
38007,0.0,0.16438019275665283,0.27464717626571655,0.32052308320999146,0.3352421224117279
38008,0.0,0.16438019275665283,0.2649187445640564,0.3017989695072174,0.2859356999397278
38009,0.0,0.16438019275665283,0.16221606731414795,0.15563586354255676,0.15359748899936676
38010,0.0,0.16438019275665283,0.17840492725372314,0.226834237575531,0.21416161954402924
38011,0.0,0.16438017785549164,0.18499219417572021,0.1586609035730362,0.2271568477153778
38012,0.0,0.16438017785549164,0.17061501741409302,0.12716151773929596,0.12926900386810303
38013,0.0,0.16438017785549164,0.21359431743621826,0.19674590229988098,0.28842034935951233
38014,0.0,0.16438017785549164,0.197157084941864,0.26159152388572693,0.2065112143754959
38015,0.0,0.16438017785549164,0.16594016551971436,0.19390453398227692,0.1763172745704651
38016,0.0,0.16438016295433044,0.19559305906295776,0.19661343097686768,0.2135574370622635
38017,0.0,0.16438016295433044,0.18142932653427124,0.2311725914478302,0.1935955137014389
38018,0.0,0.16438016295433044,0.19009685516357422,0.22677373886108398,0.2796171009540558
38019,0.0,0.16438016295433044,0.12579810619354248,0.151912122964859,0.15070267021656036
38020,0.0,0.16438016295433044,0.11278808116912842,0.12254302948713303,0.13158147037029266
38021,0.0,0.16438016295433044,0.11677616834640503,0.10203468799591064,0.12945343554019928
38022,0.0,0.16438016295433044,0.11521822214126587,0.10077279061079025,0.11143439263105392
38023,0.0,0.16438016295433044,0.06537473201751709,0.07326456904411316,0.06570156663656235
38024,0.0,0.16438016295433044,0.056690335273742676,0.06810436397790909,0.07106654345989227
38025,0.0,0.16438016295433044,0.0458337664604187,0.04943348467350006,0.0389074832201004
38026,0.0,0.16438014805316925,0.04800957441329956,0.050745654851198196,0.03672877699136734
38027,0.0,0.16438014805316925,0.058255791664123535,0.09712421149015427,0.06306640058755875
38028,0.0,0.16438014805316925,0.05888378620147705,0.055184505879879,0.04070211574435234
38029,0.0,0.16438014805316925,0.05597281455993652,0.060349974781274796,0.04324343428015709
38030,0.0,0.16438014805316925,0.06604385375976562,0.075044646859169,0.060873910784721375
38031,0.0,0.16438011825084686,0.06653779745101929,0.12144745141267776,0.06100841239094734
38032,0.0,0.16438011825084686,0.07769441604614258,0.09711668640375137,0.06956470012664795
38033,0.0,0.16438011825084686,0.08786529302597046,0.09859935939311981,0.06624474376440048
38034,0.0,0.16438011825084686,0.09691917896270752,0.095204658806324,0.08042941987514496
38035,0.0,0.16438011825084686,0.07106661796569824,0.123391292989254,0.05523143708705902
38036,0.0,0.16438010334968567,0.07969576120376587,0.08652880042791367,0.06050443649291992
38037,0.0,0.16438010334968567,0.1001819372177124,0.10867726802825928,0.10230991989374161
38038,0.0,0.16438010334968567,0.16449248790740967,0.16850242018699646,0.16536760330200195
38039,0.0,0.16438010334968567,0.11025762557983398,0.25694993138313293,0.1317281574010849
38040,0.0,0.16438010334968567,0.20632785558700562,0.26719120144844055,0.2452262043952942
38562,1.0,0.12224912643432617,0.29180318117141724,0.2676384150981903,0.39272764325141907
38563,1.0,0.12224901467561722,0.14465129375457764,0.3043689727783203,0.140931636095047
38564,1.0,0.12224901467561722,0.13166838884353638,0.17383889853954315,0.11666737496852875
38565,1.0,0.12224899977445602,0.10363483428955078,0.13088147342205048,0.08436492085456848
38566,1.0,0.12224899977445602,0.12148869037628174,0.1780214160680771,0.10402776300907135
38567,1.0,0.12224899977445602,0.09406852722167969,0.17233233153820038,0.1042187288403511
38568,1.0,0.12224899977445602,0.2688950300216675,0.26108628511428833,0.2532788813114166
38569,1.0,0.12224899977445602,0.12118220329284668,0.20582491159439087,0.1328846663236618
38570,1.0,0.12224898487329483,0.12727504968643188,0.15669575333595276,0.11095308512449265
38571,1.0,0.12224898487329483,0.11252498626708984,0.1790209412574768,0.08900689333677292
38572,1.0,0.12224898487329483,0.12377017736434937,0.22054517269134521,0.10843101143836975
38573,1.0,0.12224898487329483,0.08717292547225952,0.13695399463176727,0.10030816495418549
38574,1.0,0.12224898487329483,0.09115642309188843,0.15988075733184814,0.09108901023864746
38575,1.0,0.12224898487329483,0.09514814615249634,0.11418387293815613,0.09427130967378616
38576,1.0,0.12224898487329483,0.12176865339279175,0.12633457779884338,0.17332300543785095
38577,1.0,0.12224898487329483,0.0744580626487732,0.1446780413389206,0.07181794941425323
38578,1.0,0.12224898487329483,0.07567065954208374,0.12724460661411285,0.09236887842416763
38579,1.0,0.12224898487329483,0.07307487726211548,0.10817372798919678,0.07677700370550156
38580,1.0,0.12224895507097244,0.07244783639907837,0.09074702858924866,0.06082936003804207
38581,1.0,0.12224895507097244,0.06202530860900879,0.09392884373664856,0.056094940751791
38582,1.0,0.12224895507097244,0.050064146518707275,0.06891335546970367,0.046904802322387695
38583,1.0,0.12224895507097244,0.049085140228271484,0.05377858504652977,0.043287571519613266
38584,1.0,0.12224895507097244,0.15182483196258545,0.20083779096603394,0.14121748507022858
38585,1.0,0.12224895507097244,0.23260843753814697,0.25938650965690613,0.27844417095184326
38586,1.0,0.12224895507097244,0.11463648080825806,0.17647963762283325,0.11319849640130997
38587,1.0,0.12224895507097244,0.10318267345428467,0.11780130863189697,0.08322775363922119
38588,1.0,0.12224895507097244,0.06550085544586182,0.08352358639240265,0.05651697888970375
38589,1.0,0.12224895507097244,0.05450868606567383,0.07213295251131058,0.045531678944826126
38590,1.0,0.12224894016981125,0.04203367233276367,0.056156717240810394,0.02385411225259304
38591,1.0,0.12224894016981125,0.07550948858261108,0.09459453821182251,0.06059876084327698
38592,1.0,0.12224894016981125,0.06008100509643555,0.09914933890104294,0.05488346889615059
38593,1.0,0.12224894016981125,0.08241420984268188,0.15962909162044525,0.07518989592790604
38594,1.0,0.12224894016981125,0.06735944747924805,0.09762725979089737,0.06233731657266617
38595,1.0,0.12224892526865005,0.07275879383087158,0.1223040521144867,0.06420870870351791
38596,1.0,0.12224892526865005,0.048371315002441406,0.07687274366617203,0.04476284608244896
38597,1.0,0.12224892526865005,0.049588918685913086,0.10222072899341583,0.04557988420128822
38598,1.0,0.12224892526865005,0.036745309829711914,0.08058474212884903,0.027550823986530304
38599,1.0,0.12224892526865005,0.037458062171936035,0.08371630311012268,0.029269177466630936
38600,1.0,0.12224891036748886,0.03794097900390625,0.08191695809364319,0.027753151953220367
38601,1.0,0.12224891036748886,0.044444262981414795,0.06908809393644333,0.033165644854307175
38602,1.0,0.12224891036748886,0.046598613262176514,0.07100177556276321,0.03386940434575081
38603,1.0,0.12224891036748886,0.04550057649612427,0.07625260949134827,0.031151024624705315
38604,1.0,0.12224891036748886,0.05135160684585571,0.07539041340351105,0.030933327972888947
38605,1.0,0.12224890291690826,0.041959166526794434,0.07133052498102188,0.03207212686538696
38606,1.0,0.12224890291690826,0.034686386585235596,0.0459236241877079,0.030568016692996025
38607,1.0,0.12224890291690826,0.034910738468170166,0.028912093490362167,0.025948865339159966
38608,1.0,0.12224890291690826,0.05638760328292847,0.07134776562452316,0.06219105422496796
38609,1.0,0.12224890291690826,0.030201494693756104,0.026179533451795578,0.026998640969395638
38610,1.0,0.12224888801574707,0.04492563009262085,0.0665624812245369,0.034522999078035355
38611,1.0,0.12224888801574707,0.15111762285232544,0.1897316426038742,0.14217692613601685
38612,1.0,0.12224888801574707,0.18980413675308228,0.39757055044174194,0.32775869965553284
38613,1.0,0.12224888801574707,0.1038661003112793,0.16525806486606598,0.0861295536160469
38614,1.0,0.12224888801574707,0.10020500421524048,0.13351868093013763,0.12029476463794708
39136,0.0,0.13869649171829224,0.16573452949523926,0.2841077744960785,0.19173093140125275
39137,0.0,0.1386963427066803,0.20708823204040527,0.42809268832206726,0.19030259549617767
39138,0.0,0.1386963427066803,0.20992004871368408,0.483002632856369,0.2675529718399048
39139,0.0,0.1386963427066803,0.19754016399383545,0.4366874098777771,0.18455661833286285
39140,0.0,0.1386963427066803,0.266590416431427,0.5018109679222107,0.3658270835876465
39141,0.0,0.1386963427066803,0.2149384617805481,0.4191729724407196,0.2176317274570465
39142,0.0,0.1386963278055191,0.21992522478103638,0.4061554968357086,0.23436762392520905
39143,0.0,0.1386963278055191,0.18565750122070312,0.36080899834632874,0.21285437047481537
39144,0.0,0.1386963278055191,0.2684827446937561,0.4033516049385071,0.33664095401763916
39145,0.0,0.1386963278055191,0.2767072319984436,0.41137009859085083,0.3006362020969391
39146,0.0,0.1386963278055191,0.21788054704666138,0.37077486515045166,0.262977659702301
39147,0.0,0.1386963129043579,0.38261663913726807,0.5469264984130859,0.7024765610694885
39148,0.0,0.1386963129043579,0.35505300760269165,0.761638879776001,0.6260021328926086
39149,0.0,0.1386963129043579,0.2894596457481384,0.5719786286354065,0.5505689382553101
39150,0.0,0.1386963129043579,0.2701205015182495,0.48991358280181885,0.3580191731452942
39151,0.0,0.1386963129043579,0.32752496004104614,0.41196757555007935,0.4167952537536621
39152,0.0,0.1386963129043579,0.3017385005950928,0.4389270544052124,0.38527926802635193
39153,0.0,0.1386963129043579,0.31898409128189087,0.4262177050113678,0.4181506633758545
39154,0.0,0.1386963129043579,0.2972291111946106,0.3450092077255249,0.3694519102573395
39155,0.0,0.1386963129043579,0.25469350814819336,0.30758097767829895,0.35067203640937805
39156,0.0,0.1386963129043579,0.2869313955307007,0.3352714478969574,0.3206370770931244
39157,0.0,0.13869629800319672,0.32004207372665405,0.3500010073184967,0.4317053258419037
39158,0.0,0.13869629800319672,0.35764795541763306,0.3819170892238617,0.4698787331581116
39159,0.0,0.13869629800319672,0.36695247888565063,0.32572388648986816,0.4674869477748871
39160,0.0,0.13869629800319672,0.38795143365859985,0.3337295651435852,0.49746835231781006
39161,0.0,0.13869629800319672,0.37392979860305786,0.35291051864624023,0.6002262830734253
39162,0.0,0.13869628310203552,0.38135290145874023,0.35090211033821106,0.5984088182449341
39163,0.0,0.13869628310203552,0.3868541717529297,0.37240785360336304,0.6608350276947021
39164,0.0,0.13869628310203552,0.20701146125793457,0.22792541980743408,0.2614363431930542
39165,0.0,0.13869628310203552,0.24889862537384033,0.25041553378105164,0.392852783203125
39166,0.0,0.13869628310203552,0.30656951665878296,0.246460422873497,0.4094448685646057
39167,0.0,0.13869626820087433,0.17153459787368774,0.23988892138004303,0.22027745842933655
39168,0.0,0.13869626820087433,0.1869335174560547,0.24334914982318878,0.21878886222839355
39169,0.0,0.13869626820087433,0.20035004615783691,0.34265318512916565,0.29848775267601013
39170,0.0,0.13869626820087433,0.17458057403564453,0.2777501046657562,0.25405779480934143
39171,0.0,0.13869626820087433,0.1133928894996643,0.17664384841918945,0.11002849787473679
39172,0.0,0.13869625329971313,0.1335565447807312,0.21130028367042542,0.1413147747516632
39173,0.0,0.13869625329971313,0.13183081150054932,0.1680014729499817,0.08973433077335358
39174,0.0,0.13869625329971313,0.12994933128356934,0.17035125195980072,0.13320109248161316
39175,0.0,0.13869625329971313,0.15891844034194946,0.21622334420681,0.12907998263835907
39176,0.0,0.13869625329971313,0.14318490028381348,0.20277272164821625,0.1636204868555069
39177,0.0,0.13869623839855194,0.12348419427871704,0.16319221258163452,0.11607690900564194
39178,0.0,0.13869623839855194,0.12167471647262573,0.1612730175256729,0.07249575853347778
39179,0.0,0.13869623839855194,0.11835432052612305,0.16404180228710175,0.08638343960046768
39180,0.0,0.13869623839855194,0.13616091012954712,0.13498567044734955,0.06206085532903671
39181,0.0,0.13869623839855194,0.12009817361831665,0.11880248039960861,0.12186220288276672
39182,0.0,0.13869622349739075,0.13375025987625122,0.10639536380767822,0.07391557097434998
39183,0.0,0.13869622349739075,0.1746857762336731,0.14544439315795898,0.12652598321437836
39184,0.0,0.13869622349739075,0.14029628038406372,0.13317988812923431,0.10669545084238052
39185,0.0,0.13869622349739075,0.22794359922409058,0.19562481343746185,0.148223876953125
39186,0.0,0.13869622349739075,0.09852564334869385,0.14132626354694366,0.06465579569339752
39187,0.0,0.13869619369506836,0.21742188930511475,0.3539057672023773,0.22476494312286377
39188,0.0,0.13869619369506836,0.2549811601638794,0.2915036082267761,0.3281908929347992
39710,0.0,0.29274553060531616,0.3376200199127197,0.39617323875427246,0.5095705389976501
39711,0.0,0.29274532198905945,0.4026086926460266,0.5804151296615601,0.5698776245117188
39712,0.0,0.29274532198905945,0.38412654399871826,0.5412198901176453,0.6049060225486755
39713,1.0,0.29274532198905945,0.4875871539115906,0.569830060005188,0.7039286494255066
39714,1.0,0.29274529218673706,0.4061688184738159,0.613105297088623,0.6873671412467957
39715,1.0,0.29274529218673706,0.5010277032852173,0.6345852017402649,0.7858344316482544
39716,1.0,0.2927452623844147,0.43653273582458496,0.7625085711479187,0.83831387758255
39717,1.0,0.2927452623844147,0.3492780923843384,0.661633312702179,0.5964518189430237
39718,0.0,0.2927452623844147,0.4115327000617981,0.6438132524490356,0.7228178977966309
39719,0.0,0.2927452623844147,0.4657368063926697,0.7037400603294373,0.7734066843986511
39720,1.0,0.2927452623844147,0.40423667430877686,0.6365989446640015,0.7041112780570984
39721,1.0,0.2927452325820923,0.3843749165534973,0.6370868682861328,0.6728050708770752
39722,1.0,0.2927452325820923,0.42873889207839966,0.6559330224990845,0.6738942265510559
39723,1.0,0.2927452325820923,0.38085347414016724,0.5685552358627319,0.5885421633720398
39724,1.0,0.2927452325820923,0.3905366063117981,0.5845937132835388,0.5814136862754822
39725,1.0,0.2927452325820923,0.3954998254776001,0.4946657717227936,0.6298465132713318
39726,0.0,0.2927452027797699,0.4251868724822998,0.6007456183433533,0.7197247743606567
39727,0.0,0.2927452027797699,0.39766746759414673,0.5310196876525879,0.5262682437896729
39728,0.0,0.2927452027797699,0.3953728675842285,0.4745802879333496,0.5144959688186646
39729,0.0,0.2927452027797699,0.33925241231918335,0.44062885642051697,0.3673567771911621
39730,0.0,0.2927452027797699,0.343716561794281,0.3361700475215912,0.32981038093566895
39731,0.0,0.2927452027797699,0.37184256315231323,0.36380141973495483,0.29708465933799744
39732,0.0,0.2927452027797699,0.33106255531311035,0.34381362795829773,0.3418372869491577
39733,0.0,0.2927452027797699,0.3481394052505493,0.2721478343009949,0.2756088674068451
39734,0.0,0.2927451729774475,0.3220311403274536,0.26784226298332214,0.3041391670703888
39735,0.0,0.2927451729774475,0.37147057056427,0.3166930377483368,0.4324931204319
39736,0.0,0.2927451729774475,0.2941462993621826,0.239125058054924,0.3602669835090637
39737,0.0,0.2927451729774475,0.3119882345199585,0.2923142611980438,0.31837600469589233
39738,0.0,0.2927451729774475,0.27392488718032837,0.18398252129554749,0.17107868194580078
39739,0.0,0.2927451729774475,0.2652391791343689,0.2681545615196228,0.2641277015209198
39740,0.0,0.2927451729774475,0.3088822364807129,0.24796457588672638,0.259967565536499
39741,0.0,0.2927451431751251,0.18063998222351074,0.16913752257823944,0.13654141128063202
39742,0.0,0.2927451431751251,0.18800437450408936,0.1521187126636505,0.11081188917160034
39743,0.0,0.2927451431751251,0.1384904384613037,0.24296747148036957,0.09108172357082367
39744,0.0,0.29274511337280273,0.1902468204498291,0.2360401451587677,0.16531816124916077
39745,0.0,0.29274511337280273,0.1832965612411499,0.27946996688842773,0.1286616027355194
39746,0.0,0.29274511337280273,0.14646512269973755,0.18039774894714355,0.08176267147064209
39747,0.0,0.29274511337280273,0.16667652130126953,0.15596671402454376,0.0710134208202362
39748,0.0,0.29274511337280273,0.16414058208465576,0.2074020653963089,0.09351503849029541
39749,0.0,0.29274511337280273,0.115744948387146,0.26160749793052673,0.11450931429862976
39750,0.0,0.29274511337280273,0.13251376152038574,0.1677921712398529,0.07716056704521179
39751,0.0,0.29274508357048035,0.10692232847213745,0.22724667191505432,0.07492400705814362
39752,0.0,0.29274508357048035,0.10698944330215454,0.24673648178577423,0.06384547054767609
39753,0.0,0.29274508357048035,0.10505825281143188,0.2412489801645279,0.06475721299648285
39754,0.0,0.29274508357048035,0.18277651071548462,0.2306302934885025,0.14584210515022278
39755,0.0,0.29274508357048035,0.2177678346633911,0.27150318026542664,0.16333787143230438
39756,0.0,0.29274508357048035,0.20546096563339233,0.3010132908821106,0.21585990488529205
39757,0.0,0.29274508357048035,0.22652888298034668,0.24672284722328186,0.12677675485610962
39758,0.0,0.29274508357048035,0.2724929451942444,0.37518301606178284,0.15445254743099213
39759,0.0,0.29274505376815796,0.3255763053894043,0.2781943678855896,0.14084549248218536
39760,0.0,0.29274505376815796,0.23819416761398315,0.4405590891838074,0.18791338801383972
39761,0.0,0.29274505376815796,0.20333611965179443,0.4188325107097626,0.25689107179641724
39762,0.0,0.29274505376815796,0.25870877504348755,0.4298151731491089,0.3431481122970581
40284,1.0,0.09716534614562988,0.3231521248817444,0.27671098709106445,0.5453925728797913
40285,1.0,0.09716527163982391,0.20495861768722534,0.14587996900081635,0.23367184400558472
40286,1.0,0.09716524183750153,0.38809579610824585,0.33933353424072266,0.6034770011901855
40287,1.0,0.09716524183750153,0.30665260553359985,0.23267976939678192,0.4453018605709076
40288,1.0,0.09716524183750153,0.3196476697921753,0.25225040316581726,0.528478741645813
40289,1.0,0.09716524183750153,0.4184277057647705,0.4560888111591339,0.6445176005363464
40290,1.0,0.09716524183750153,0.3200286626815796,0.3805293142795563,0.5545347929000854
40291,1.0,0.09716524183750153,0.16447162628173828,0.15343552827835083,0.2270437777042389
40292,1.0,0.09716524183750153,0.15811926126480103,0.16775618493556976,0.23673050105571747
40293,1.0,0.09716524183750153,0.25049054622650146,0.20834757387638092,0.3377336859703064
40294,1.0,0.09716524183750153,0.2475266456604004,0.2389346808195114,0.3806823790073395
40295,1.0,0.09716524183750153,0.2636933922767639,0.21231308579444885,0.37880533933639526
40296,1.0,0.09716522693634033,0.28227853775024414,0.24946390092372894,0.44729867577552795
40297,1.0,0.09716522693634033,0.262109637260437,0.25255468487739563,0.4034990966320038
40298,1.0,0.09716522693634033,0.25066274404525757,0.17914782464504242,0.40497201681137085
40299,1.0,0.09716522693634033,0.27463680505752563,0.21102945506572723,0.40731513500213623
40300,1.0,0.09716522693634033,0.2592054605484009,0.18366031348705292,0.3722616136074066
40301,1.0,0.09716522693634033,0.3002806305885315,0.22183436155319214,0.4426175355911255
40302,1.0,0.09716522693634033,0.22775256633758545,0.1779673844575882,0.3295741677284241
40303,1.0,0.09716522693634033,0.22789841890335083,0.19685518741607666,0.32200026512145996
40304,1.0,0.09716522693634033,0.19601428508758545,0.18990908563137054,0.3125578761100769
40305,1.0,0.09716522693634033,0.17450463771820068,0.15636129677295685,0.24501731991767883
40306,1.0,0.09716519713401794,0.18392062187194824,0.17348641157150269,0.2304593026638031
40307,1.0,0.09716519713401794,0.14699745178222656,0.18659275770187378,0.23196284472942352
40308,1.0,0.09716519713401794,0.21570175886154175,0.15332454442977905,0.3373783528804779
40309,1.0,0.09716519713401794,0.2145741581916809,0.15713977813720703,0.32642143964767456
40310,1.0,0.09716519713401794,0.14127904176712036,0.1821267306804657,0.2619638741016388
40311,1.0,0.09716519713401794,0.15314406156539917,0.1766934096813202,0.21054601669311523
40312,1.0,0.09716519713401794,0.14340317249298096,0.18305635452270508,0.27809301018714905
40313,1.0,0.09716519713401794,0.10893374681472778,0.1669275462627411,0.1805502027273178
40314,1.0,0.09716519713401794,0.14893728494644165,0.2280501276254654,0.301556259393692
40315,1.0,0.09716519713401794,0.11490720510482788,0.1634804606437683,0.1638304591178894
40316,1.0,0.09716518968343735,0.1453554630279541,0.21284513175487518,0.3172982335090637
40317,1.0,0.09716518968343735,0.1876671314239502,0.1530527025461197,0.3545498251914978
40318,1.0,0.09716518968343735,0.15536892414093018,0.1387513279914856,0.2669583559036255
40319,1.0,0.09716518968343735,0.13980156183242798,0.17749285697937012,0.24947859346866608
40320,1.0,0.09716518968343735,0.0846133828163147,0.1557227522134781,0.08380825817584991
40321,1.0,0.09716518968343735,0.061016976833343506,0.11241374909877777,0.07369036227464676
40322,1.0,0.09716518968343735,0.06940913200378418,0.13469775021076202,0.07216732203960419
40323,1.0,0.09716518968343735,0.12412965297698975,0.18145965039730072,0.1986294835805893
40324,1.0,0.09716518968343735,0.09737008810043335,0.1207246407866478,0.16475893557071686
40325,1.0,0.09716518968343735,0.09654366970062256,0.14354367554187775,0.1182662770152092
40326,1.0,0.09716518968343735,0.079845130443573,0.11792445182800293,0.11403940618038177
40327,1.0,0.09716515988111496,0.16215574741363525,0.14675673842430115,0.21062268316745758
40328,1.0,0.09716515988111496,0.08982062339782715,0.14269523322582245,0.10712987929582596
40329,1.0,0.09716515988111496,0.1349005103111267,0.14391466975212097,0.1882626712322235
40330,1.0,0.09716515988111496,0.06616228818893433,0.12144701927900314,0.07778078317642212
40331,1.0,0.09716515988111496,0.24942654371261597,0.1929565966129303,0.29130423069000244
40332,1.0,0.09716515988111496,0.28957033157348633,0.2540469467639923,0.43676090240478516
40333,1.0,0.09716515988111496,0.2088913917541504,0.21310316026210785,0.33206167817115784
40334,1.0,0.09716515988111496,0.19878315925598145,0.24892903864383698,0.29742440581321716
40335,1.0,0.09716515988111496,0.26974648237228394,0.19723176956176758,0.36742261052131653
40336,1.0,0.09716515988111496,0.3633469343185425,0.2749536335468292,0.5257269144058228
40858,0.0,0.1737845242023468,0.3163920044898987,0.3552185297012329,0.345859557390213
40859,1.0,0.17378434538841248,0.38308650255203247,0.5149000287055969,0.5152943730354309
40860,1.0,0.17378434538841248,0.4001660943031311,0.48784926533699036,0.6022214889526367
40861,1.0,0.17378433048725128,0.4324365258216858,0.5260177850723267,0.5861220359802246
40862,1.0,0.17378433048725128,0.45129865407943726,0.41371601819992065,0.6484478712081909
40863,1.0,0.17378433048725128,0.4726076126098633,0.5701016783714294,0.7142834663391113
40864,1.0,0.17378433048725128,0.4602903723716736,0.5539709329605103,0.622128427028656
40865,1.0,0.17378433048725128,0.5002689361572266,0.5969410538673401,0.7291016578674316
40866,1.0,0.1737843155860901,0.6407303810119629,0.8099979758262634,0.8834015727043152
40867,1.0,0.1737843155860901,0.7021620869636536,0.8480532169342041,0.9599727988243103
40868,1.0,0.1737843155860901,0.6056458353996277,0.8809342384338379,0.9548293352127075
40869,1.0,0.1737843155860901,0.565819501876831,0.860933244228363,0.9694491028785706
40870,1.0,0.17378433048725128,0.6143214106559753,0.8369865417480469,0.9699490070343018
40871,1.0,0.17378436028957367,0.5371213555335999,0.85654217004776,0.9566534161567688
40872,1.0,0.17378437519073486,0.5482915639877319,0.8645238280296326,0.9590186476707458
40873,1.0,0.17378436028957367,0.51679527759552,0.857715368270874,0.9731159806251526
40874,1.0,0.17378433048725128,0.46949803829193115,0.8120183944702148,0.9222380518913269
40875,1.0,0.1737843155860901,0.472686767578125,0.8219336867332458,0.8598831295967102
40876,1.0,0.17378433048725128,0.4526354670524597,0.8045212030410767,0.8555185198783875
40877,1.0,0.1737843155860901,0.4294808506965637,0.8202611207962036,0.8556402325630188
40878,1.0,0.1737842857837677,0.4587925672531128,0.8231454491615295,0.8133759498596191
40879,1.0,0.1737842857837677,0.4929813742637634,0.8312092423439026,0.8649845719337463
40880,1.0,0.1737842857837677,0.4337984323501587,0.7250605225563049,0.8070696592330933
40881,1.0,0.1737842708826065,0.43661224842071533,0.7418272495269775,0.7767660617828369
40882,1.0,0.1737842708826065,0.457740843296051,0.7644147872924805,0.845895528793335
40883,1.0,0.1737842708826065,0.36905741691589355,0.7544390559196472,0.7293416261672974
40884,1.0,0.1737842559814453,0.3746868968009949,0.4612574875354767,0.6240515112876892
40885,1.0,0.1737842559814453,0.3102404475212097,0.4748021364212036,0.6181958317756653
40886,1.0,0.1737842559814453,0.32125037908554077,0.5908295512199402,0.5463530421257019
40887,1.0,0.1737842559814453,0.32648783922195435,0.5024398565292358,0.6455867290496826
40888,1.0,0.1737842559814453,0.3170742392539978,0.5057901740074158,0.5893903374671936
40889,1.0,0.17378424108028412,0.2211858630180359,0.4495876431465149,0.48805150389671326
40890,1.0,0.17378424108028412,0.20590263605117798,0.41539013385772705,0.39715415239334106
40891,1.0,0.17378424108028412,0.194976806640625,0.32646119594573975,0.31612107157707214
40892,1.0,0.17378421127796173,0.16077888011932373,0.2726540267467499,0.20381121337413788
40893,1.0,0.17378421127796173,0.15774661302566528,0.20759744942188263,0.2607373595237732
40894,1.0,0.17378421127796173,0.15230226516723633,0.21621516346931458,0.21980774402618408
40895,1.0,0.17378421127796173,0.14097201824188232,0.20921550691127777,0.2641487717628479
40896,1.0,0.17378421127796173,0.1361790895462036,0.19879336655139923,0.186872199177742
40897,1.0,0.17378419637680054,0.12831437587738037,0.18354041874408722,0.2326112687587738
40898,1.0,0.17378419637680054,0.11878252029418945,0.154511958360672,0.17268414795398712
40899,1.0,0.17378419637680054,0.14014452695846558,0.10336323082447052,0.17144913971424103
40900,0.0,0.17378419637680054,0.13636046648025513,0.17814944684505463,0.23640453815460205
40901,1.0,0.17378419637680054,0.11774301528930664,0.2042481154203415,0.14939549565315247
40902,1.0,0.17378419637680054,0.18512916564941406,0.1880391240119934,0.2630281448364258
40903,1.0,0.17378419637680054,0.17769581079483032,0.21961598098278046,0.2429284006357193
40904,1.0,0.17378419637680054,0.14972537755966187,0.16187657415866852,0.16667495667934418
40905,1.0,0.17378419637680054,0.14905571937561035,0.14743557572364807,0.17116738855838776
40906,1.0,0.17378419637680054,0.18856626749038696,0.1523633599281311,0.18227550387382507
40907,1.0,0.17378418147563934,0.21815413236618042,0.19102197885513306,0.2555881142616272
40908,1.0,0.17378418147563934,0.18048429489135742,0.16639773547649384,0.22137998044490814
40909,1.0,0.17378418147563934,0.2920965552330017,0.2545103430747986,0.395580917596817
40910,1.0,0.17378418147563934,0.3241366744041443,0.29041391611099243,0.35540953278541565
41432,1.0,0.09715951234102249,0.34465521574020386,0.3656787574291229,0.48569661378860474
41433,1.0,0.09715940803289413,0.2523619532585144,0.22665174305438995,0.32466191053390503
41434,1.0,0.09715940803289413,0.3527994155883789,0.4300960302352905,0.4244368076324463
41435,1.0,0.09715940803289413,0.2465692162513733,0.21806806325912476,0.3356376588344574
41436,1.0,0.09715940803289413,0.22223395109176636,0.2014433741569519,0.3359808325767517
41437,1.0,0.09715940803289413,0.20011287927627563,0.180559441447258,0.26000523567199707
41438,1.0,0.09715940803289413,0.21331077814102173,0.18947727978229523,0.2962839901447296
41439,1.0,0.09715940803289413,0.28054529428482056,0.3647625744342804,0.4534655809402466
41440,1.0,0.09715940803289413,0.36516374349594116,0.4916195571422577,0.4623744487762451
41441,1.0,0.09715939313173294,0.28821879625320435,0.2465679943561554,0.4845379590988159
41442,1.0,0.09715939313173294,0.3728181719779968,0.3936496078968048,0.5559884905815125
41443,1.0,0.09715939313173294,0.32860326766967773,0.264015257358551,0.5054134726524353
41444,1.0,0.09715939313173294,0.36545538902282715,0.3630693256855011,0.6340304017066956
41445,1.0,0.09715939313173294,0.4365578889846802,0.43472209572792053,0.612002432346344
41446,1.0,0.09715939313173294,0.5725283622741699,0.5458579659461975,0.8081305027008057
41447,1.0,0.09715939313173294,0.5506125688552856,0.432451993227005,0.7886527180671692
41448,1.0,0.09715939313173294,0.5470680594444275,0.5150440335273743,0.7832528352737427
41449,1.0,0.09715939313173294,0.7400470972061157,0.6880900263786316,0.9044486880302429
41450,1.0,0.09715939313173294,0.5705338716506958,0.4690852761268616,0.8480574488639832
41451,1.0,0.09715936332941055,0.5934780836105347,0.4284982681274414,0.719380259513855
41452,1.0,0.09715936332941055,0.48646390438079834,0.3006715476512909,0.6773350834846497
41453,1.0,0.09715936332941055,0.5308619737625122,0.4491089880466461,0.6371745467185974
41454,1.0,0.09715936332941055,0.4303790330886841,0.3728640377521515,0.5465063452720642
41455,1.0,0.09715936332941055,0.406876802444458,0.32820194959640503,0.5663700103759766
41456,1.0,0.09715936332941055,0.513128399848938,0.334823340177536,0.645672619342804
41457,1.0,0.09715936332941055,0.4932817220687866,0.34897714853286743,0.6209037899971008
41458,1.0,0.09715936332941055,0.3966417908668518,0.2802378833293915,0.5213606357574463
41459,1.0,0.09715936332941055,0.4624590277671814,0.30675700306892395,0.5900684595108032
41460,1.0,0.09715936332941055,0.39970606565475464,0.3347134292125702,0.3853677809238434
41461,1.0,0.09715935587882996,0.40189027786254883,0.22216887772083282,0.4788985848426819
41462,1.0,0.09715935587882996,0.3878982663154602,0.28884267807006836,0.4642033576965332
41463,1.0,0.09715935587882996,0.17953139543533325,0.20969833433628082,0.2093317210674286
41464,1.0,0.09715935587882996,0.23731404542922974,0.2144971787929535,0.35126882791519165
41465,1.0,0.09715935587882996,0.23980921506881714,0.26709964871406555,0.3722567558288574
41466,1.0,0.09715935587882996,0.17641478776931763,0.19688546657562256,0.24297942221164703
41467,1.0,0.09715935587882996,0.1509842872619629,0.16595350205898285,0.15882664918899536
41468,1.0,0.09715935587882996,0.14220917224884033,0.19931745529174805,0.11504527181386948
41469,1.0,0.09715935587882996,0.15261977910995483,0.19162073731422424,0.17207421362400055
41470,1.0,0.09715935587882996,0.14109617471694946,0.19973348081111908,0.19064776599407196
41471,1.0,0.09715932607650757,0.17877459526062012,0.15799659490585327,0.19238640367984772
41472,1.0,0.09715932607650757,0.15478789806365967,0.20178481936454773,0.23329763114452362
41473,1.0,0.09715932607650757,0.17237454652786255,0.2368551641702652,0.2010001391172409
41474,1.0,0.09715932607650757,0.1861879825592041,0.23750081658363342,0.31612807512283325
41475,1.0,0.09715932607650757,0.2145709991455078,0.2474595606327057,0.37811949849128723
41476,1.0,0.09715932607650757,0.16865146160125732,0.22045862674713135,0.20620135962963104
41477,1.0,0.09715932607650757,0.2437986135482788,0.33516836166381836,0.3845706880092621
41478,1.0,0.09715932607650757,0.35490351915359497,0.32040029764175415,0.44890227913856506
41479,1.0,0.09715932607650757,0.36884891986846924,0.4055728018283844,0.5893496870994568
41480,1.0,0.09715932607650757,0.4772283434867859,0.6123614311218262,0.6204211115837097
41481,1.0,0.09715931117534637,0.5863114595413208,0.6478925347328186,0.7914792895317078
41482,1.0,0.09715931117534637,0.5052741169929504,0.512860894203186,0.7044288516044617
41483,1.0,0.09715931117534637,0.2997727394104004,0.36302316188812256,0.5120993852615356
41484,1.0,0.09715931117534637,0.30922287702560425,0.48669859766960144,0.5052357316017151
42006,1.0,0.2654140591621399,0.7107587456703186,0.6975151300430298,0.9121972918510437
42007,1.0,0.2654138207435608,0.4457009434700012,0.7047669291496277,0.7098521590232849
42008,1.0,0.2654138207435608,0.4578436613082886,0.6849806904792786,0.67106032371521
42009,1.0,0.2654138207435608,0.475455105304718,0.5720611810684204,0.6661243438720703
42010,1.0,0.2654138207435608,0.4580947160720825,0.5528488159179688,0.5782201886177063
42011,1.0,0.2654138207435608,0.4360032081604004,0.5893644690513611,0.6040873527526855
42012,1.0,0.2654138207435608,0.4817543029785156,0.5325528979301453,0.7460247278213501
42013,1.0,0.2654138207435608,0.416267454624176,0.5351932048797607,0.7144758701324463
42014,1.0,0.2654138207435608,0.40454232692718506,0.5499407052993774,0.5190417170524597
42015,1.0,0.2654137909412384,0.5016050338745117,0.6189591288566589,0.739870011806488
42016,1.0,0.2654137909412384,0.47671592235565186,0.6329933404922485,0.6662546992301941
42017,1.0,0.2654137909412384,0.45813310146331787,0.5638653039932251,0.7033448219299316
42018,1.0,0.2654137909412384,0.447051465511322,0.5292148590087891,0.6071751713752747
42019,1.0,0.2654137909412384,0.4271009564399719,0.47966358065605164,0.6428220868110657
42020,1.0,0.265413761138916,0.39279818534851074,0.41900548338890076,0.4998251795768738
42021,1.0,0.265413761138916,0.3335520625114441,0.4596022963523865,0.34591144323349
42022,1.0,0.265413761138916,0.3410176634788513,0.3569912612438202,0.36126890778541565
42023,1.0,0.265413761138916,0.35688042640686035,0.3067425489425659,0.3756105601787567
42024,1.0,0.265413761138916,0.21996647119522095,0.1951848715543747,0.23555147647857666
42025,0.0,0.265413761138916,0.28399527072906494,0.30249103903770447,0.29895153641700745
42026,1.0,0.26541373133659363,0.22405052185058594,0.16239003837108612,0.1816769391298294
42027,0.0,0.26541373133659363,0.29017555713653564,0.25139614939689636,0.2976628839969635
42028,1.0,0.26541373133659363,0.1599522829055786,0.16394798457622528,0.1130121648311615
42029,0.0,0.26541373133659363,0.21030044555664062,0.19696205854415894,0.230906143784523
42030,0.0,0.26541373133659363,0.2900835871696472,0.27992644906044006,0.3641373813152313
42031,1.0,0.26541370153427124,0.6510328054428101,0.599823534488678,0.783330500125885
42032,1.0,0.26541370153427124,0.45844465494155884,0.4236316382884979,0.6686967611312866
42033,1.0,0.26541370153427124,0.4277275800704956,0.26549234986305237,0.6046658754348755
42034,1.0,0.26541370153427124,0.4290727972984314,0.2165759801864624,0.553055465221405
42035,1.0,0.26541370153427124,0.5219542980194092,0.29313409328460693,0.7178126573562622
42036,1.0,0.26541367173194885,0.443950891494751,0.27201783657073975,0.5825288891792297
42037,1.0,0.26541367173194885,0.3140275478363037,0.24781517684459686,0.5382845997810364
42038,1.0,0.26541367173194885,0.28646397590637207,0.21491821110248566,0.4293140172958374
42039,1.0,0.26541367173194885,0.3028407692909241,0.2412324994802475,0.45585086941719055
42040,1.0,0.26541367173194885,0.3239471912384033,0.22452875971794128,0.4809569716453552
42041,1.0,0.26541367173194885,0.33514589071273804,0.3713160753250122,0.585510790348053
42042,1.0,0.26541367173194885,0.26803839206695557,0.3503323793411255,0.5286074280738831
42043,1.0,0.26541367173194885,0.2981940507888794,0.32095345854759216,0.5902129411697388
42044,1.0,0.26541367173194885,0.2676527500152588,0.3326040208339691,0.65091872215271
42045,1.0,0.26541367173194885,0.2684085965156555,0.22856006026268005,0.5983994007110596
42046,1.0,0.26541364192962646,0.21914714574813843,0.23522020876407623,0.3739398717880249
42047,1.0,0.26541364192962646,0.23823285102844238,0.21999430656433105,0.45966577529907227
42048,1.0,0.26541364192962646,0.30663806200027466,0.2966245412826538,0.6291545033454895
42049,1.0,0.26541364192962646,0.3201717734336853,0.4271770715713501,0.7366936802864075
42050,1.0,0.26541364192962646,0.2934257984161377,0.35282811522483826,0.6993573307991028
42051,1.0,0.2654136121273041,0.30600452423095703,0.3780464828014374,0.7148163914680481
42052,1.0,0.2654136121273041,0.2543019652366638,0.334983229637146,0.3913881480693817
42053,1.0,0.2654136121273041,0.2953709363937378,0.32626205682754517,0.5918536186218262
42054,1.0,0.2654136121273041,0.3000323176383972,0.3643198609352112,0.6418553590774536
42055,1.0,0.2654136121273041,0.25226348638534546,0.22575698792934418,0.48646700382232666
42056,1.0,0.2654136121273041,0.24785733222961426,0.35587239265441895,0.3450718820095062
42057,1.0,0.2654136121273041,0.2550872564315796,0.42809441685676575,0.5446380376815796
42058,1.0,0.2654136121273041,0.27021265029907227,0.39323902130126953,0.40136581659317017
42580,1.0,0.17375501990318298,0.19006407260894775,0.2674146890640259,0.2502789795398712
42581,1.0,0.17375485599040985,0.16565769910812378,0.21893417835235596,0.2318042367696762
42582,1.0,0.17375482618808746,0.2387414574623108,0.1972055286169052,0.2971915900707245
42583,1.0,0.17375482618808746,0.3090493083000183,0.2927793264389038,0.4020962417125702
42584,1.0,0.17375482618808746,0.254000186920166,0.2302549183368683,0.33940210938453674
42585,1.0,0.17375482618808746,0.42738091945648193,0.374484121799469,0.6083936095237732
42586,1.0,0.17375482618808746,0.4921392798423767,0.6055361032485962,0.6630774736404419
42587,1.0,0.17375481128692627,0.4340859651565552,0.5457127094268799,0.6334869861602783
42588,1.0,0.17375481128692627,0.3427894115447998,0.3564269542694092,0.5408047437667847
42589,1.0,0.17375481128692627,0.4345512390136719,0.5383358001708984,0.6089562773704529
42590,1.0,0.17375481128692627,0.45463550090789795,0.5111121535301208,0.6336987614631653
42591,1.0,0.17375481128692627,0.5836495161056519,0.7607073783874512,0.8395649194717407
42592,1.0,0.17375479638576508,0.5706850290298462,0.7188686728477478,0.8294272422790527
42593,1.0,0.17375479638576508,0.5437203645706177,0.6768766045570374,0.7451930046081543
42594,1.0,0.17375479638576508,0.6563012599945068,0.6411108374595642,0.9250809550285339
42595,1.0,0.17375479638576508,0.6583566665649414,0.8591198921203613,0.9474524855613708
42596,1.0,0.17375479638576508,0.5755550265312195,0.8255932927131653,0.9075073003768921
42597,1.0,0.17375479638576508,0.5668327808380127,0.8223137259483337,0.9342185258865356
42598,1.0,0.17375478148460388,0.5768023729324341,0.7873361110687256,0.968245267868042
42599,1.0,0.17375478148460388,0.5657335519790649,0.8331191539764404,0.9681456089019775
42600,1.0,0.17375479638576508,0.6117457151412964,0.8558975458145142,0.9732872247695923
42601,1.0,0.17375479638576508,0.5662480592727661,0.8470221161842346,0.9677479863166809
42602,1.0,0.17375479638576508,0.48724955320358276,0.8173951506614685,0.914881706237793
42603,1.0,0.17375478148460388,0.4247528314590454,0.8511142730712891,0.862715482711792
42604,1.0,0.17375478148460388,0.4237127900123596,0.8098167181015015,0.8663244843482971
42605,1.0,0.17375478148460388,0.37596654891967773,0.8085280060768127,0.840760350227356
42606,1.0,0.1737547665834427,0.3102980852127075,0.6710100769996643,0.5531200170516968
42607,1.0,0.1737547665834427,0.2840334177017212,0.5660266876220703,0.6379193067550659
42608,1.0,0.1737547665834427,0.36143773794174194,0.5656231641769409,0.6287055611610413
42609,1.0,0.1737547516822815,0.23566681146621704,0.5315989255905151,0.4509984850883484
42610,1.0,0.1737547516822815,0.22206032276153564,0.49363526701927185,0.45584937930107117
42611,1.0,0.1737547516822815,0.20846277475357056,0.44073379039764404,0.3614296317100525
42612,1.0,0.1737547516822815,0.18656384944915771,0.2963011860847473,0.2503596246242523
42613,1.0,0.1737547516822815,0.15043866634368896,0.2926936745643616,0.1920912265777588
42614,1.0,0.1737547516822815,0.14013046026229858,0.17787137627601624,0.1056523472070694
42615,1.0,0.1737547516822815,0.06819808483123779,0.12357731908559799,0.050196219235658646
42616,1.0,0.1737547516822815,0.1391543745994568,0.1690952628850937,0.16123232245445251
42617,1.0,0.1737547516822815,0.12987422943115234,0.11138000339269638,0.10554484277963638
42618,1.0,0.1737547218799591,0.07339781522750854,0.13294240832328796,0.0966184139251709
42619,1.0,0.1737547218799591,0.055063068866729736,0.08769574761390686,0.03665124252438545
42620,1.0,0.1737547218799591,0.0516890287399292,0.0878874808549881,0.03529912233352661
42621,1.0,0.1737547218799591,0.04042792320251465,0.06233752518892288,0.023959480226039886
42622,1.0,0.1737547218799591,0.12125808000564575,0.11735829710960388,0.1491733193397522
42623,1.0,0.1737547069787979,0.03233975172042847,0.07721265405416489,0.031034322455525398
42624,1.0,0.1737547069787979,0.13597983121871948,0.2007327824831009,0.15102462470531464
42625,1.0,0.1737547069787979,0.14320749044418335,0.11405988037586212,0.21804238855838776
42626,1.0,0.1737547069787979,0.14723145961761475,0.1280588060617447,0.17956100404262543
42627,1.0,0.1737547069787979,0.1435721516609192,0.1372605562210083,0.1864316761493683
42628,1.0,0.17375469207763672,0.20250606536865234,0.16893191635608673,0.26631563901901245
42629,1.0,0.17375469207763672,0.13372528553009033,0.14480368793010712,0.13358131051063538
42630,1.0,0.17375469207763672,0.11306017637252808,0.14550615847110748,0.12123336642980576
42631,1.0,0.17375469207763672,0.18834412097930908,0.18693538010120392,0.21014149487018585
42632,1.0,0.17375469207763672,0.38914263248443604,0.2942435145378113,0.5808950662612915
43154,1.0,0.17372629046440125,0.08004432916641235,0.13023938238620758,0.08367577940225601
43155,1.0,0.1737261265516281,0.05079531669616699,0.19336944818496704,0.053466230630874634
43156,1.0,0.1737261265516281,0.08447086811065674,0.14999555051326752,0.14213904738426208
43157,1.0,0.1737261265516281,0.0904279351234436,0.08285581320524216,0.09307625889778137
43158,1.0,0.1737261265516281,0.11579006910324097,0.11994809657335281,0.13515937328338623
43159,1.0,0.1737261265516281,0.26970648765563965,0.3680174946784973,0.47782325744628906
43160,1.0,0.17372609674930573,0.3908337950706482,0.42492321133613586,0.5628082156181335
43161,1.0,0.17372609674930573,0.21932709217071533,0.19485336542129517,0.30116647481918335
43162,1.0,0.17372609674930573,0.19472622871398926,0.1621883660554886,0.23943966627120972
43163,1.0,0.17372609674930573,0.4039486050605774,0.48448553681373596,0.5940847396850586
43164,1.0,0.17372609674930573,0.4272603392601013,0.47947368025779724,0.7133079171180725
43165,1.0,0.17372608184814453,0.3045598268508911,0.2774598300457001,0.5172938704490662
43166,1.0,0.17372608184814453,0.4538014531135559,0.577118992805481,0.6959749460220337
43167,1.0,0.17372608184814453,0.7477431893348694,0.8491133451461792,0.9711276888847351
43168,1.0,0.17372608184814453,0.5638656616210938,0.8712971806526184,0.9732261300086975
43169,1.0,0.17372608184814453,0.6031783223152161,0.8444986343383789,0.9791473746299744
43170,1.0,0.17372608184814453,0.4890950918197632,0.8312415480613708,0.9707128405570984
43171,1.0,0.17372608184814453,0.4481111168861389,0.8437661528587341,0.9627330899238586
43172,1.0,0.17372608184814453,0.5013309121131897,0.8367210626602173,0.9679226279258728
43173,1.0,0.17372608184814453,0.4755725860595703,0.8747466206550598,0.966559112071991
43174,1.0,0.17372608184814453,0.37459832429885864,0.8535093069076538,0.864986777305603
43175,1.0,0.17372609674930573,0.41349726915359497,0.7704164981842041,0.8786672353744507
43176,1.0,0.17372609674930573,0.42132920026779175,0.7449266910552979,0.8940905332565308
43177,1.0,0.17372608184814453,0.4433733820915222,0.810993492603302,0.9323819875717163
43178,1.0,0.17372605204582214,0.40546590089797974,0.7789704203605652,0.8731874823570251
43179,1.0,0.17372605204582214,0.3707941770553589,0.6849311590194702,0.7880675792694092
43180,1.0,0.17372605204582214,0.32988911867141724,0.5924737453460693,0.7160631418228149
43181,1.0,0.17372602224349976,0.41673344373703003,0.5825119614601135,0.8352680802345276
43182,1.0,0.17372602224349976,0.3601457476615906,0.5918297171592712,0.7846179604530334
43183,1.0,0.17372602224349976,0.30870115756988525,0.5627027153968811,0.6390373706817627
43184,1.0,0.17372602224349976,0.26162177324295044,0.49773484468460083,0.6495879292488098
43185,1.0,0.17372602224349976,0.18448537588119507,0.3510468006134033,0.2552476227283478
43186,1.0,0.17372602224349976,0.19238752126693726,0.34079834818840027,0.1961885541677475
43187,1.0,0.17372602224349976,0.11544501781463623,0.11357341706752777,0.06180812045931816
43188,1.0,0.17372602224349976,0.1180422306060791,0.11770965903997421,0.11273300647735596
43189,1.0,0.17372602224349976,0.1300743818283081,0.09770188480615616,0.11285236477851868
43190,1.0,0.17372602224349976,0.12703710794448853,0.14487889409065247,0.08321873098611832
43191,1.0,0.17372600734233856,0.11526244878768921,0.17570284008979797,0.15866154432296753
43192,1.0,0.17372600734233856,0.08463257551193237,0.08311538398265839,0.062310438603162766
43193,1.0,0.17372600734233856,0.14290666580200195,0.13420991599559784,0.1582784205675125
43194,1.0,0.17372600734233856,0.06694984436035156,0.09201285988092422,0.05933188647031784
43195,1.0,0.17372600734233856,0.14457887411117554,0.08797920495271683,0.15650217235088348
43196,1.0,0.17372599244117737,0.08752334117889404,0.05872811749577522,0.10397246479988098
43197,1.0,0.17372599244117737,0.04856222867965698,0.06984764337539673,0.042908452451229095
43198,1.0,0.17372599244117737,0.03507030010223389,0.0685935690999031,0.03322726860642433
43199,1.0,0.17372599244117737,0.06094139814376831,0.07442235201597214,0.07895521074533463
43200,1.0,0.17372599244117737,0.05815988779067993,0.07267677038908005,0.05346456542611122
43201,1.0,0.17372597754001617,0.0598946213722229,0.07112252712249756,0.057869140058755875
43202,1.0,0.17372597754001617,0.0756731629371643,0.09050538390874863,0.06748166680335999
43203,1.0,0.17372597754001617,0.11345028877258301,0.1457393318414688,0.11203835904598236
43204,1.0,0.17372597754001617,0.25110387802124023,0.14837366342544556,0.25845417380332947
43205,1.0,0.17372597754001617,0.13808977603912354,0.20061716437339783,0.16556939482688904
43206,1.0,0.17372596263885498,0.12356632947921753,0.16093876957893372,0.16673022508621216
43728,1.0,0.10699271410703659,0.2402018904685974,0.22039149701595306,0.3570692837238312
43729,1.0,0.10699259489774704,0.18753129243850708,0.20456114411354065,0.2699516713619232
43730,1.0,0.10699259489774704,0.1659206748008728,0.19153670966625214,0.2213275283575058
43731,1.0,0.10699259489774704,0.14836031198501587,0.17851091921329498,0.17861244082450867
43732,1.0,0.10699259489774704,0.1645122766494751,0.15771575272083282,0.20094119012355804
43733,1.0,0.10699259489774704,0.32032620906829834,0.324433296918869,0.5035995244979858
43734,1.0,0.10699259489774704,0.4054580330848694,0.43135833740234375,0.6279001832008362
43735,1.0,0.10699259489774704,0.4014677405357361,0.3899601697921753,0.6422759294509888
43736,1.0,0.10699257254600525,0.4193306565284729,0.3985581398010254,0.6552658677101135
43737,1.0,0.10699257254600525,0.411172091960907,0.41659384965896606,0.6299242377281189
43738,1.0,0.10699257254600525,0.3414345383644104,0.3756972849369049,0.6438794136047363
43739,1.0,0.10699257254600525,0.35669946670532227,0.3724885582923889,0.6227449774742126
43740,1.0,0.10699257254600525,0.1930733323097229,0.23336806893348694,0.26930826902389526
43741,1.0,0.10699257254600525,0.21093201637268066,0.17003613710403442,0.3597772717475891
43742,1.0,0.10699257254600525,0.3726687431335449,0.27056044340133667,0.44357362389564514
43743,1.0,0.10699257254600525,0.4085119366645813,0.4668615758419037,0.6387914419174194
43744,1.0,0.10699257254600525,0.27579444646835327,0.2497902661561966,0.47408807277679443
43745,1.0,0.10699257254600525,0.3519660234451294,0.42659202218055725,0.5619131326675415
43746,1.0,0.10699255019426346,0.4075809717178345,0.2988937497138977,0.5634517073631287
43747,1.0,0.10699255019426346,0.21371454000473022,0.18508845567703247,0.26725074648857117
43748,1.0,0.10699255019426346,0.22998583316802979,0.10911401361227036,0.2550031244754791
43749,1.0,0.10699255019426346,0.16052353382110596,0.07756365835666656,0.18885232508182526
43750,1.0,0.10699255019426346,0.15014857053756714,0.09184838831424713,0.11723855137825012
43751,1.0,0.10699255019426346,0.08474022150039673,0.12223094701766968,0.07426319271326065
43752,1.0,0.10699255019426346,0.09452754259109497,0.12498224526643753,0.08556030690670013
43753,1.0,0.10699255019426346,0.09471440315246582,0.14812713861465454,0.07749508321285248
43754,1.0,0.10699255019426346,0.07292258739471436,0.10820720344781876,0.07712467759847641
43755,1.0,0.10699255019426346,0.09254127740859985,0.16866792738437653,0.14720457792282104
43756,1.0,0.10699252784252167,0.12113529443740845,0.13092324137687683,0.16018597781658173
43757,1.0,0.10699252784252167,0.10958749055862427,0.13365669548511505,0.12928351759910583
43758,1.0,0.10699252784252167,0.10359758138656616,0.13849006593227386,0.10164659470319748
43759,1.0,0.10699252784252167,0.08492773771286011,0.11632118374109268,0.08154835551977158
43760,1.0,0.10699252784252167,0.07509315013885498,0.13285939395427704,0.09011097252368927
43761,1.0,0.10699252784252167,0.09538209438323975,0.16895818710327148,0.08997474610805511
43762,1.0,0.10699252784252167,0.08659285306930542,0.11401171237230301,0.08821506053209305
43763,1.0,0.10699252784252167,0.09752017259597778,0.16144521534442902,0.09482903778553009
43764,1.0,0.10699252784252167,0.08040398359298706,0.13440579175949097,0.08259167522192001
43765,1.0,0.10699252784252167,0.09094995260238647,0.13053905963897705,0.08586576581001282
43766,1.0,0.10699250549077988,0.08125793933868408,0.10759525001049042,0.08926702290773392
43767,1.0,0.10699250549077988,0.09515553712844849,0.10635147243738174,0.11895564943552017
43768,1.0,0.10699250549077988,0.06888103485107422,0.0832437053322792,0.07764285802841187
43769,1.0,0.10699250549077988,0.08925247192382812,0.17366288602352142,0.0896097719669342
43770,1.0,0.10699250549077988,0.07636094093322754,0.12455026060342789,0.09323307871818542
43771,1.0,0.10699250549077988,0.07435083389282227,0.16420474648475647,0.11614485830068588
43772,1.0,0.10699250549077988,0.07943004369735718,0.11658747494220734,0.08247991651296616
43773,1.0,0.10699250549077988,0.13591015338897705,0.14765506982803345,0.1768585592508316
43774,1.0,0.10699250549077988,0.18652719259262085,0.1618933081626892,0.2437739223241806
43775,1.0,0.10699250549077988,0.1691308617591858,0.1582842618227005,0.27388572692871094
43776,1.0,0.10699248313903809,0.20943796634674072,0.20100049674510956,0.18924827873706818
43777,1.0,0.10699248313903809,0.3090851902961731,0.23594726622104645,0.39180678129196167
43778,1.0,0.10699248313903809,0.3788013458251953,0.3096139430999756,0.48619961738586426
43779,1.0,0.10699248313903809,0.11486339569091797,0.3405151665210724,0.12376648187637329
43780,1.0,0.10699248313903809,0.11202418804168701,0.22441263496875763,0.21029645204544067
44302,0.0,0.16429725289344788,0.24271827936172485,0.41647958755493164,0.3950382173061371
44303,0.0,0.16429708898067474,0.29428422451019287,0.6671261787414551,0.7253339886665344
44304,0.0,0.16429708898067474,0.31058138608932495,0.5658328533172607,0.4930294454097748
44305,0.0,0.16429708898067474,0.25448691844940186,0.5537977814674377,0.3231835961341858
44306,0.0,0.16429708898067474,0.25726819038391113,0.55207759141922,0.36855974793434143
44307,0.0,0.16429707407951355,0.3231026530265808,0.619621992111206,0.5198633074760437
44308,0.0,0.16429707407951355,0.39319705963134766,0.6826076507568359,0.7160084247589111
44309,0.0,0.16429707407951355,0.5551861524581909,0.7878468036651611,0.9133183360099792
44310,1.0,0.16429707407951355,0.5360672473907471,0.8199394345283508,0.8790029287338257
44311,1.0,0.16429707407951355,0.4388198256492615,0.8158698678016663,0.8096504807472229
44312,0.0,0.16429707407951355,0.3411998152732849,0.7405295372009277,0.6784421801567078
44313,0.0,0.16429707407951355,0.34745556116104126,0.7073171734809875,0.48760101199150085
44314,0.0,0.16429707407951355,0.38506364822387695,0.7641062140464783,0.5699173808097839
44315,0.0,0.16429707407951355,0.3830476999282837,0.5967203974723816,0.39258599281311035
44316,0.0,0.16429707407951355,0.32933300733566284,0.5869003534317017,0.4169764220714569
44317,0.0,0.16429705917835236,0.35403966903686523,0.549653172492981,0.3142358362674713
44318,0.0,0.16429705917835236,0.24612313508987427,0.5522772669792175,0.22313912212848663
44319,0.0,0.16429705917835236,0.5005770921707153,0.6325428485870361,0.7512213587760925
44320,0.0,0.16429705917835236,0.2702973484992981,0.65448397397995,0.43520787358283997
44321,0.0,0.16429705917835236,0.32502269744873047,0.6692448258399963,0.4799503684043884
44322,0.0,0.16429704427719116,0.357832670211792,0.7456412315368652,0.6324049234390259
44323,0.0,0.16429704427719116,0.34337979555130005,0.7433513402938843,0.6577728390693665
44324,0.0,0.16429704427719116,0.3067246079444885,0.6715894341468811,0.4785652160644531
44325,0.0,0.16429704427719116,0.2361621856689453,0.6795740127563477,0.36111849546432495
44326,0.0,0.16429704427719116,0.3142639398574829,0.6369821429252625,0.4880182445049286
44327,0.0,0.16429701447486877,0.22288203239440918,0.6583649516105652,0.2879262864589691
44328,0.0,0.16429701447486877,0.19938117265701294,0.38947415351867676,0.20038220286369324
44329,0.0,0.16429701447486877,0.2853354811668396,0.4902890920639038,0.4710385203361511
44330,0.0,0.16429701447486877,0.3023113012313843,0.5460144877433777,0.5004000663757324
44331,0.0,0.16429701447486877,0.2651762366294861,0.5185569524765015,0.4099849760532379
44332,0.0,0.16429701447486877,0.24263817071914673,0.45295724272727966,0.28274664282798767
44333,0.0,0.16429699957370758,0.17493242025375366,0.3883439004421234,0.22512517869472504
44334,0.0,0.16429699957370758,0.1771296262741089,0.3523506224155426,0.21439102292060852
44335,0.0,0.16429699957370758,0.1260036826133728,0.34715819358825684,0.07977921515703201
44336,0.0,0.16429699957370758,0.12163668870925903,0.250937283039093,0.05707144737243652
44337,0.0,0.1642969697713852,0.11174118518829346,0.22363077104091644,0.0608527846634388
44338,0.0,0.1642969697713852,0.12332552671432495,0.2096768170595169,0.07729136198759079
44339,0.0,0.1642969697713852,0.16153335571289062,0.15197451412677765,0.1026236042380333
44340,0.0,0.1642969697713852,0.12163090705871582,0.19005322456359863,0.06685841828584671
44341,0.0,0.1642969697713852,0.11909055709838867,0.1786956787109375,0.08300372958183289
44342,0.0,0.1642969697713852,0.11509788036346436,0.18447861075401306,0.07860003411769867
44343,0.0,0.1642969697713852,0.0980110764503479,0.1975121796131134,0.04144266992807388
44344,0.0,0.1642969697713852,0.08613556623458862,0.1327517181634903,0.05873807892203331
44345,0.0,0.1642969697713852,0.10106033086776733,0.13631565868854523,0.06108742952346802
44346,0.0,0.1642969697713852,0.11542266607284546,0.11628977209329605,0.06971856206655502
44347,0.0,0.164296954870224,0.11075043678283691,0.13774581253528595,0.06874409317970276
44348,0.0,0.164296954870224,0.1586930751800537,0.26733702421188354,0.13414157927036285
44349,0.0,0.164296954870224,0.17441582679748535,0.29463186860084534,0.18479691445827484
44350,0.0,0.164296954870224,0.13545364141464233,0.21713566780090332,0.10794715583324432
44351,0.0,0.164296954870224,0.12425744533538818,0.1643824577331543,0.07362480461597443
44352,0.0,0.164296954870224,0.11856728792190552,0.09672056883573532,0.0656123161315918
44353,0.0,0.1642969399690628,0.16233009099960327,0.1843033879995346,0.14033177495002747
44354,0.0,0.1642969399690628,0.13934147357940674,0.19303953647613525,0.11344072967767715
44876,0.0,0.16428810358047485,0.284213662147522,0.5364575386047363,0.4694488048553467
44877,0.0,0.16428795456886292,0.28562504053115845,0.7020220160484314,0.6017207503318787
44878,0.0,0.16428795456886292,0.22860687971115112,0.6395083069801331,0.43466848134994507
44879,0.0,0.16428795456886292,0.19985979795455933,0.6178276538848877,0.32961708307266235
44880,0.0,0.16428792476654053,0.20986026525497437,0.5599036812782288,0.30492064356803894
44881,0.0,0.16428792476654053,0.2811121344566345,0.5894190669059753,0.487170934677124
44882,0.0,0.16428792476654053,0.2517906427383423,0.6468992829322815,0.3550751805305481
44883,0.0,0.16428792476654053,0.2268422245979309,0.6163330674171448,0.37457752227783203
44884,0.0,0.16428792476654053,0.34788572788238525,0.6563827395439148,0.6085431575775146
44885,0.0,0.16428790986537933,0.35047322511672974,0.6619473099708557,0.2987384796142578
44886,0.0,0.16428790986537933,0.2886844873428345,0.5760453939437866,0.28845277428627014
44887,0.0,0.16428790986537933,0.30585068464279175,0.6403135061264038,0.288176566362381
44888,0.0,0.16428790986537933,0.31822270154953003,0.634111762046814,0.2657351493835449
44889,0.0,0.16428790986537933,0.35064756870269775,0.5705115795135498,0.45422759652137756
44890,0.0,0.16428790986537933,0.31551647186279297,0.7316808104515076,0.48345741629600525
44891,0.0,0.16428790986537933,0.3070741295814514,0.6289334297180176,0.2508724331855774
44892,0.0,0.16428790986537933,0.23530912399291992,0.5951104760169983,0.2889541685581207
44893,0.0,0.16428790986537933,0.3046058416366577,0.5832071900367737,0.18002304434776306
44894,0.0,0.16428790986537933,0.264228880405426,0.6058912873268127,0.16990454494953156
44895,0.0,0.16428789496421814,0.29994261264801025,0.5798634886741638,0.19593596458435059
44896,0.0,0.16428789496421814,0.26995837688446045,0.5635530352592468,0.173155277967453
44897,0.0,0.16428789496421814,0.18170541524887085,0.5387112498283386,0.131301611661911
44898,0.0,0.16428789496421814,0.3237326145172119,0.553074061870575,0.2942920923233032
44899,0.0,0.16428789496421814,0.32777488231658936,0.5247987508773804,0.3159792721271515
44900,0.0,0.16428788006305695,0.26976078748703003,0.6244063377380371,0.23582583665847778
44901,0.0,0.16428788006305695,0.2526072859764099,0.4486510157585144,0.16484574973583221
44902,0.0,0.16428788006305695,0.28184032440185547,0.40765702724456787,0.4285387396812439
44903,0.0,0.16428788006305695,0.29249536991119385,0.39425069093704224,0.29544010758399963
44904,0.0,0.16428788006305695,0.309126615524292,0.38996103405952454,0.26243504881858826
44905,0.0,0.16428785026073456,0.3525213599205017,0.4428396224975586,0.35864704847335815
44906,0.0,0.16428785026073456,0.3148001432418823,0.4555295705795288,0.33542564511299133
44907,0.0,0.16428785026073456,0.21028488874435425,0.3532768189907074,0.24671076238155365
44908,0.0,0.16428785026073456,0.20373213291168213,0.27298128604888916,0.2368420958518982
44909,0.0,0.16428785026073456,0.16394609212875366,0.22994376718997955,0.20033635199069977
44910,0.0,0.16428785026073456,0.12758773565292358,0.18155062198638916,0.12012872099876404
44911,0.0,0.16428783535957336,0.07876968383789062,0.08732139319181442,0.03265831992030144
44912,0.0,0.16428783535957336,0.10236603021621704,0.12486293911933899,0.06653020530939102
44913,0.0,0.16428783535957336,0.0890931487083435,0.0827544555068016,0.04641992598772049
44914,0.0,0.16428783535957336,0.08540898561477661,0.040628477931022644,0.02779712900519371
44915,0.0,0.16428780555725098,0.06920653581619263,0.024034395813941956,0.022679395973682404
44916,0.0,0.16428780555725098,0.06555646657943726,0.029804211109876633,0.020313085988163948
44917,0.0,0.16428780555725098,0.06761234998703003,0.029855899512767792,0.01709466613829136
44918,0.0,0.16428780555725098,0.06902885437011719,0.0340355820953846,0.020249798893928528
44919,0.0,0.16428780555725098,0.07133454084396362,0.040697142481803894,0.030742434784770012
44920,0.0,0.16428780555725098,0.0836988091468811,0.05268300324678421,0.022304829210042953
44921,0.0,0.16428780555725098,0.07757103443145752,0.021453263238072395,0.024075720459222794
44922,0.0,0.16428780555725098,0.08099979162216187,0.028789831325411797,0.026872318238019943
44923,0.0,0.16428780555725098,0.07895106077194214,0.02243349701166153,0.028224969282746315
44924,0.0,0.16428780555725098,0.10935497283935547,0.0867743045091629,0.08224379271268845
44925,0.0,0.16428779065608978,0.10651344060897827,0.13969776034355164,0.06385540217161179
44926,0.0,0.16428779065608978,0.09420120716094971,0.12330436706542969,0.05267517641186714
44927,0.0,0.16428779065608978,0.10347229242324829,0.07954971492290497,0.06277710199356079
44928,0.0,0.16428779065608978,0.18070316314697266,0.18086865544319153,0.19656841456890106
45450,1.0,0.09712395071983337,0.4769747257232666,0.6477919220924377,0.8071795105934143
45451,1.0,0.09712383896112442,0.5982666015625,0.749919593334198,0.9042150378227234
45452,1.0,0.09712383896112442,0.5534687638282776,0.7644967436790466,0.9172313213348389
45453,1.0,0.09712383896112442,0.5010347962379456,0.6596358418464661,0.8598223924636841
45454,1.0,0.09712383896112442,0.41162413358688354,0.5906704664230347,0.8100467920303345
45455,1.0,0.09712383896112442,0.4648328423500061,0.5512204766273499,0.8099004030227661
45456,1.0,0.09712383896112442,0.421322762966156,0.6024417281150818,0.7418489456176758
45457,1.0,0.09712383896112442,0.4007842540740967,0.609038770198822,0.6312158107757568
45458,1.0,0.09712383896112442,0.49591225385665894,0.655879557132721,0.8130733370780945
45459,1.0,0.09712381660938263,0.40024465322494507,0.5822915434837341,0.6392744183540344
45460,1.0,0.09712381660938263,0.3843027353286743,0.5323116779327393,0.5631868839263916
45461,1.0,0.09712381660938263,0.44714558124542236,0.574557363986969,0.6389012336730957
45462,1.0,0.09712381660938263,0.5366194248199463,0.6205751299858093,0.7142489552497864
45463,1.0,0.09712381660938263,0.6213935613632202,0.68252032995224,0.8830556869506836
45464,1.0,0.09712381660938263,0.5130633115768433,0.6141387224197388,0.7559658288955688
45465,1.0,0.09712381660938263,0.5623783469200134,0.6625176072120667,0.828281819820404
45466,1.0,0.09712381660938263,0.484724223613739,0.5188347101211548,0.7374723553657532
45467,1.0,0.09712381660938263,0.5973974466323853,0.6180830597877502,0.8782788515090942
45468,1.0,0.09712381660938263,0.5462328791618347,0.6714309453964233,0.8196078538894653
45469,1.0,0.09712379425764084,0.6215689182281494,0.6293890476226807,0.8809522390365601
45470,1.0,0.09712379425764084,0.5594769716262817,0.7118065357208252,0.8275728821754456
45471,1.0,0.09712379425764084,0.5498805046081543,0.688340425491333,0.789478063583374
45472,1.0,0.09712379425764084,0.5632652044296265,0.6305751800537109,0.7859295010566711
45473,1.0,0.09712379425764084,0.42815178632736206,0.5321736335754395,0.6276267170906067
45474,1.0,0.09712379425764084,0.5297089219093323,0.6211161017417908,0.6733698844909668
45475,1.0,0.09712379425764084,0.4875890016555786,0.617664098739624,0.6291247010231018
45476,1.0,0.09712379425764084,0.4646448493003845,0.5005698800086975,0.6181622743606567
45477,1.0,0.09712379425764084,0.43448740243911743,0.42016321420669556,0.5848670601844788
45478,1.0,0.09712379425764084,0.5239904522895813,0.48974913358688354,0.7582329511642456
45479,1.0,0.09712379425764084,0.4107632040977478,0.35655179619789124,0.5991477966308594
45480,1.0,0.09712377935647964,0.43961983919143677,0.43623030185699463,0.630513608455658
45481,1.0,0.09712377935647964,0.2572517991065979,0.32010889053344727,0.3090077340602875
45482,0.0,0.09712377935647964,0.18938380479812622,0.1774360090494156,0.17980633676052094
45483,1.0,0.09712377935647964,0.19313949346542358,0.2060958296060562,0.21268539130687714
45484,1.0,0.09712377935647964,0.16810792684555054,0.17863163352012634,0.1775089055299759
45485,1.0,0.09712377935647964,0.14230310916900635,0.16365954279899597,0.1758013367652893
45486,0.0,0.09712377935647964,0.14811891317367554,0.1877494752407074,0.1668410450220108
45487,1.0,0.09712377935647964,0.14622437953948975,0.21502217650413513,0.17950884997844696
45488,1.0,0.09712377935647964,0.14400380849838257,0.18241643905639648,0.1421765834093094
45489,0.0,0.09712376445531845,0.14543259143829346,0.13817307353019714,0.1612042337656021
45490,0.0,0.09712376445531845,0.13775241374969482,0.13923296332359314,0.17907781898975372
45491,0.0,0.09712376445531845,0.22355127334594727,0.3003726601600647,0.2521819770336151
45492,1.0,0.09712376445531845,0.17065823078155518,0.24935106933116913,0.24615205824375153
45493,1.0,0.09712376445531845,0.19469857215881348,0.1620071977376938,0.31328701972961426
45494,0.0,0.09712376445531845,0.25475645065307617,0.244394451379776,0.39525580406188965
45495,1.0,0.09712376445531845,0.19148099422454834,0.20882469415664673,0.1941629946231842
45496,0.0,0.09712376445531845,0.20853549242019653,0.18917249143123627,0.18941177427768707
45497,0.0,0.09712376445531845,0.343855082988739,0.4502011239528656,0.5545533299446106
45498,1.0,0.09712376445531845,0.5331480503082275,0.5878047347068787,0.6826638579368591
45499,1.0,0.09712376445531845,0.5552167296409607,0.5899790525436401,0.7402155995368958
45500,1.0,0.09712374210357666,0.3596372604370117,0.35364747047424316,0.5285214781761169
45501,1.0,0.09712374210357666,0.46624135971069336,0.35686731338500977,0.7194195985794067
45502,1.0,0.09712374210357666,0.46537643671035767,0.46742960810661316,0.6758994460105896
46024,1.0,0.13080614805221558,0.19155186414718628,0.27847298979759216,0.1791382133960724
46025,0.0,0.13080602884292603,0.21057385206222534,0.3439897298812866,0.2445986121892929
46026,0.0,0.13080602884292603,0.24103260040283203,0.4372592270374298,0.40520691871643066
46027,0.0,0.13080602884292603,0.2434576153755188,0.42886027693748474,0.4019053280353546
46028,1.0,0.13080602884292603,0.2656351923942566,0.3977687954902649,0.42392203211784363
46029,0.0,0.13080599904060364,0.1327294111251831,0.2731296420097351,0.10754145681858063
46030,0.0,0.13080599904060364,0.2222387194633484,0.42089566588401794,0.4424575865268707
46031,0.0,0.13080599904060364,0.2194678783416748,0.4047328233718872,0.2493104636669159
46032,0.0,0.13080599904060364,0.19039475917816162,0.39250418543815613,0.2108045518398285
46033,0.0,0.13080599904060364,0.22867286205291748,0.32107487320899963,0.21904264390468597
46034,0.0,0.13080599904060364,0.18869876861572266,0.43173202872276306,0.26845085620880127
46035,0.0,0.13080599904060364,0.34456849098205566,0.3917277455329895,0.4712379276752472
46036,0.0,0.13080599904060364,0.35537922382354736,0.684725821018219,0.6319068670272827
46037,0.0,0.13080599904060364,0.25726771354675293,0.4312836825847626,0.4308970868587494
46038,0.0,0.13080599904060364,0.2896495461463928,0.4014965891838074,0.30324575304985046
46039,0.0,0.13080598413944244,0.3222576379776001,0.43441903591156006,0.3164770007133484
46040,0.0,0.13080598413944244,0.3273186683654785,0.41006016731262207,0.3095487058162689
46041,0.0,0.13080598413944244,0.2850385904312134,0.3868585228919983,0.3561752438545227
46042,0.0,0.13080598413944244,0.38916945457458496,0.37763741612434387,0.350553035736084
46043,0.0,0.13080598413944244,0.29756850004196167,0.274289608001709,0.27101022005081177
46044,0.0,0.13080596923828125,0.21876507997512817,0.200654536485672,0.162728413939476
46045,0.0,0.13080596923828125,0.265847384929657,0.26499247550964355,0.24380084872245789
46046,0.0,0.13080596923828125,0.11822301149368286,0.146853506565094,0.053308457136154175
46047,0.0,0.13080596923828125,0.08376014232635498,0.09195578098297119,0.03596843034029007
46048,0.0,0.13080596923828125,0.16745173931121826,0.2256738841533661,0.1317119151353836
46049,0.0,0.13080595433712006,0.22717726230621338,0.30009642243385315,0.2529269754886627
46050,0.0,0.13080595433712006,0.1708710789680481,0.28878381848335266,0.2345276176929474
46051,0.0,0.13080595433712006,0.11273658275604248,0.12474105507135391,0.09907791763544083
46052,0.0,0.13080595433712006,0.07305693626403809,0.09187426418066025,0.06985906511545181
46053,0.0,0.13080595433712006,0.05527311563491821,0.07710476219654083,0.04551765322685242
46054,0.0,0.13080593943595886,0.10165196657180786,0.11179373413324356,0.11278948932886124
46055,0.0,0.13080593943595886,0.08056527376174927,0.07881724089384079,0.08207928389310837
46056,0.0,0.13080593943595886,0.0755196213722229,0.08479905128479004,0.053573861718177795
46057,0.0,0.13080593943595886,0.06641906499862671,0.09846802055835724,0.04908638820052147
46058,0.0,0.13080593943595886,0.09019535779953003,0.10299567878246307,0.07488779723644257
46059,0.0,0.13080593943595886,0.06892621517181396,0.09910951554775238,0.056117329746484756
46060,0.0,0.13080593943595886,0.1758691668510437,0.1571604162454605,0.2117154449224472
46061,0.0,0.13080593943595886,0.0688202977180481,0.08568878471851349,0.047889500856399536
46062,0.0,0.13080593943595886,0.07154953479766846,0.11991831660270691,0.05976550653576851
46063,0.0,0.13080593943595886,0.05767560005187988,0.0789584070444107,0.04167431965470314
46064,0.0,0.13080590963363647,0.05648696422576904,0.0705888643860817,0.036158766597509384
46065,0.0,0.13080590963363647,0.05699789524078369,0.07606972008943558,0.03834248706698418
46066,0.0,0.13080590963363647,0.05664104223251343,0.08052566647529602,0.03428026661276817
46067,0.0,0.13080590963363647,0.043627798557281494,0.07554537802934647,0.024035396054387093
46068,0.0,0.13080590963363647,0.04130321741104126,0.07839756458997726,0.022812269628047943
46069,0.0,0.13080589473247528,0.042195916175842285,0.07987018674612045,0.024196073412895203
46070,0.0,0.13080589473247528,0.038054823875427246,0.07203240692615509,0.020969746634364128
46071,0.0,0.13080589473247528,0.04508042335510254,0.07865972816944122,0.02622736245393753
46072,0.0,0.13080589473247528,0.04573887586593628,0.08023589849472046,0.023585909977555275
46073,0.0,0.13080589473247528,0.05821537971496582,0.13383422791957855,0.04968586191534996
46074,0.0,0.1308058798313141,0.06776434183120728,0.10392793267965317,0.043091073632240295
46075,0.0,0.1308058798313141,0.06788855791091919,0.14565132558345795,0.0432300791144371
46076,0.0,0.1308058798313141,0.05709660053253174,0.12706054747104645,0.05835700035095215
46598,0.0,0.0971122682094574,0.1479617953300476,0.1872183084487915,0.18408727645874023
46599,0.0,0.09711215645074844,0.20148056745529175,0.1740466058254242,0.35262858867645264
46600,0.0,0.09711215645074844,0.4264904856681824,0.32299575209617615,0.5897481441497803
46601,0.0,0.09711215645074844,0.5045862197875977,0.6243011355400085,0.6981046199798584
46602,0.0,0.09711215645074844,0.35680001974105835,0.37266096472740173,0.4665571451187134
46603,0.0,0.09711215645074844,0.4128916263580322,0.3051255941390991,0.6554994583129883
46604,0.0,0.09711215645074844,0.484358012676239,0.5401779413223267,0.6854478120803833
46605,0.0,0.09711213409900665,0.22483688592910767,0.324003130197525,0.29785245656967163
46606,0.0,0.09711213409900665,0.386332631111145,0.4874892234802246,0.5792955160140991
46607,0.0,0.09711213409900665,0.4833557605743408,0.46516287326812744,0.7709518074989319
46608,0.0,0.09711213409900665,0.5188796520233154,0.489937424659729,0.7443281412124634
46609,0.0,0.09711213409900665,0.47809648513793945,0.4599440395832062,0.7254617810249329
46610,0.0,0.09711213409900665,0.4542190432548523,0.3872024118900299,0.6142359375953674
46611,0.0,0.09711213409900665,0.5174494981765747,0.43324142694473267,0.6750016808509827
46612,0.0,0.09711213409900665,0.5426754355430603,0.5010105967521667,0.7758409976959229
46613,0.0,0.09711213409900665,0.44765764474868774,0.3765491247177124,0.6697242856025696
46614,0.0,0.09711213409900665,0.4300432801246643,0.3573813736438751,0.5727517604827881
46615,0.0,0.09711211174726486,0.3762199282646179,0.26168540120124817,0.48656728863716125
46616,0.0,0.09711211174726486,0.47191208600997925,0.338588148355484,0.5488805174827576
46617,0.0,0.09711211174726486,0.4105721712112427,0.24685709178447723,0.5432483553886414
46618,0.0,0.09711211174726486,0.3483574390411377,0.19757290184497833,0.4776803255081177
46619,0.0,0.09711211174726486,0.265542209148407,0.125101238489151,0.33413228392601013
46620,0.0,0.09711211174726486,0.22932320833206177,0.1586519330739975,0.24692833423614502
46621,0.0,0.09711211174726486,0.22313296794891357,0.16827961802482605,0.29802456498146057
46622,0.0,0.09711211174726486,0.28298741579055786,0.24480301141738892,0.3574060797691345
46623,0.0,0.09711211174726486,0.29821956157684326,0.22170409560203552,0.42654067277908325
46624,0.0,0.09711211174726486,0.2547004222869873,0.16039156913757324,0.31245753169059753
46625,0.0,0.09711209684610367,0.18156230449676514,0.17728878557682037,0.25618964433670044
46626,0.0,0.09711209684610367,0.21357882022857666,0.14136944711208344,0.3026530146598816
46627,0.0,0.09711209684610367,0.17371749877929688,0.17820146679878235,0.2925209701061249
46628,0.0,0.09711209684610367,0.14826250076293945,0.19479598104953766,0.26836663484573364
46629,0.0,0.09711209684610367,0.08932483196258545,0.1475379467010498,0.10958128422498703
46630,0.0,0.09711209684610367,0.11264610290527344,0.1534467339515686,0.1966782957315445
46631,0.0,0.09711209684610367,0.1349448561668396,0.15734262764453888,0.16326214373111725
46632,0.0,0.09711209684610367,0.15185368061065674,0.15365546941757202,0.21637912094593048
46633,0.0,0.09711209684610367,0.19200026988983154,0.11305508762598038,0.24119314551353455
46634,0.0,0.09711209684610367,0.11606305837631226,0.15432891249656677,0.1234934851527214
46635,0.0,0.09711207449436188,0.10818767547607422,0.1452467143535614,0.1501442790031433
46636,0.0,0.09711207449436188,0.11366969347000122,0.139618918299675,0.18274499475955963
46637,0.0,0.09711207449436188,0.15188968181610107,0.12818387150764465,0.20075401663780212
46638,0.0,0.09711207449436188,0.159371018409729,0.16847780346870422,0.23071050643920898
46639,0.0,0.09711207449436188,0.09692060947418213,0.10302909463644028,0.13514219224452972
46640,0.0,0.09711207449436188,0.11093109846115112,0.08004975318908691,0.12428754568099976
46641,0.0,0.09711207449436188,0.13736343383789062,0.18368811905384064,0.19526395201683044
46642,0.0,0.09711207449436188,0.2673712372779846,0.27912601828575134,0.35759249329566956
46643,0.0,0.09711207449436188,0.17339158058166504,0.1542579084634781,0.2713988423347473
46644,0.0,0.09711207449436188,0.17979341745376587,0.17537662386894226,0.16005800664424896
46645,0.0,0.09711205214262009,0.24230724573135376,0.1632682830095291,0.3045419156551361
46646,0.0,0.09711205214262009,0.3020344376564026,0.2554512023925781,0.37362387776374817
46647,0.0,0.09711205214262009,0.23302876949310303,0.1756412237882614,0.31952542066574097
46648,0.0,0.09711205214262009,0.33252376317977905,0.3556968867778778,0.4196842610836029
46649,0.0,0.09711205214262009,0.3457416296005249,0.4625954329967499,0.4267461895942688
46650,0.0,0.09711205214262009,0.5032981634140015,0.4586677551269531,0.8150596022605896
47172,1.0,0.17361456155776978,0.06693387031555176,0.06704007834196091,0.06651610881090164
47173,1.0,0.17361439764499664,0.2502949833869934,0.4516184628009796,0.40961921215057373
47174,1.0,0.17361439764499664,0.18360114097595215,0.1976621448993683,0.24134045839309692
47175,1.0,0.17361439764499664,0.38994836807250977,0.377198725938797,0.5716260075569153
47176,1.0,0.17361439764499664,0.5628782510757446,0.544940173625946,0.8870133757591248
47177,1.0,0.17361439764499664,0.6380318403244019,0.8622199296951294,0.9519806504249573
47178,1.0,0.17361438274383545,0.6477421522140503,0.8454905152320862,0.9719192981719971
47179,1.0,0.17361438274383545,0.6013705134391785,0.8382052779197693,0.9587416648864746
47180,1.0,0.17361438274383545,0.5878727436065674,0.8600156903266907,0.9678992033004761
47181,1.0,0.17361439764499664,0.545830488204956,0.8258705735206604,0.9326155185699463
47182,1.0,0.17361438274383545,0.4762226343154907,0.816875696182251,0.9149228930473328
47183,1.0,0.17361438274383545,0.4811566472053528,0.7926154136657715,0.8701568841934204
47184,1.0,0.17361438274383545,0.46042823791503906,0.8142403960227966,0.8732957243919373
47185,1.0,0.17361435294151306,0.5080759525299072,0.7753614187240601,0.8492453694343567
47186,1.0,0.17361435294151306,0.5064852833747864,0.7102780938148499,0.8685387969017029
47187,1.0,0.17361435294151306,0.527326226234436,0.7929738759994507,0.9310089945793152
47188,1.0,0.17361435294151306,0.5694639682769775,0.7153749465942383,0.8916917443275452
47189,1.0,0.17361435294151306,0.5006207823753357,0.6865510940551758,0.8591914772987366
47190,1.0,0.17361433804035187,0.5137037038803101,0.6544063091278076,0.8144773244857788
47191,1.0,0.17361433804035187,0.46844083070755005,0.666593611240387,0.7570333480834961
47192,1.0,0.17361433804035187,0.44081389904022217,0.5359154343605042,0.6739065647125244
47193,1.0,0.17361432313919067,0.41550254821777344,0.6427021026611328,0.6566173434257507
47194,1.0,0.17361432313919067,0.45237135887145996,0.5148119926452637,0.7756083011627197
47195,1.0,0.17361432313919067,0.4260604977607727,0.4342780113220215,0.7562044262886047
47196,1.0,0.17361432313919067,0.2555003762245178,0.4026551842689514,0.3867177963256836
47197,1.0,0.17361432313919067,0.25337547063827515,0.4483509361743927,0.39401882886886597
47198,1.0,0.17361430823802948,0.2650872468948364,0.37262818217277527,0.6070220470428467
47199,1.0,0.17361430823802948,0.32066452503204346,0.4723309278488159,0.7663081288337708
47200,1.0,0.17361430823802948,0.27767276763916016,0.40315744280815125,0.659438967704773
47201,1.0,0.17361430823802948,0.3141863942146301,0.4463575780391693,0.6847739219665527
47202,1.0,0.17361430823802948,0.26000499725341797,0.47404733300209045,0.5056814551353455
47203,1.0,0.1736142933368683,0.18853604793548584,0.3333841860294342,0.29280921816825867
47204,1.0,0.1736142933368683,0.23207604885101318,0.34327617287635803,0.3232503831386566
47205,1.0,0.1736142933368683,0.20330935716629028,0.3146400451660156,0.2726407051086426
47206,1.0,0.1736142933368683,0.1822516918182373,0.25636911392211914,0.16997241973876953
47207,1.0,0.1736142933368683,0.12877362966537476,0.16760164499282837,0.10501886904239655
47208,1.0,0.1736142635345459,0.1404324173927307,0.24823832511901855,0.22925536334514618
47209,1.0,0.1736142635345459,0.21058720350265503,0.2571372985839844,0.22277940809726715
47210,1.0,0.1736142635345459,0.14407795667648315,0.2818152904510498,0.18945342302322388
47211,1.0,0.1736142635345459,0.149239182472229,0.21351583302021027,0.1591150313615799
47212,1.0,0.1736142635345459,0.06383740901947021,0.1665889471769333,0.05707108601927757
47213,1.0,0.1736142635345459,0.17879563570022583,0.24483399093151093,0.28187647461891174
47214,1.0,0.1736142635345459,0.10244935750961304,0.22609883546829224,0.12945903837680817
47215,1.0,0.1736142635345459,0.07422155141830444,0.09544798731803894,0.056326787918806076
47216,1.0,0.1736142635345459,0.09821254014968872,0.12782233953475952,0.07140107452869415
47217,1.0,0.1736142635345459,0.2174164056777954,0.26366034150123596,0.26902392506599426
47218,1.0,0.1736142337322235,0.19999033212661743,0.29437726736068726,0.2860538065433502
47219,1.0,0.1736142337322235,0.13725030422210693,0.17203176021575928,0.16451844573020935
47220,1.0,0.1736142337322235,0.123293936252594,0.16338495910167694,0.11269225925207138
47221,1.0,0.1736142337322235,0.14279812574386597,0.18446780741214752,0.14826343953609467
47222,1.0,0.1736142337322235,0.1220429539680481,0.13683359324932098,0.15122756361961365
47223,1.0,0.17361421883106232,0.08257836103439331,0.08457358181476593,0.07571148872375488
47224,1.0,0.17361421883106232,0.14424318075180054,0.17915791273117065,0.13052502274513245
47746,1.0,0.1464931219816208,0.17180633544921875,0.5276119709014893,0.39958468079566956
47747,0.0,0.14649297297000885,0.20918738842010498,0.3974629342556,0.2810094356536865
47748,0.0,0.14649297297000885,0.21176058053970337,0.43717265129089355,0.2530355155467987
47749,0.0,0.14649297297000885,0.19380754232406616,0.31559646129608154,0.2074805498123169
47750,0.0,0.14649294316768646,0.1953338384628296,0.39514538645744324,0.2607291340827942
47751,0.0,0.14649294316768646,0.22270190715789795,0.48775970935821533,0.3127999007701874
47752,0.0,0.14649294316768646,0.28830718994140625,0.5322579741477966,0.48635193705558777
47753,0.0,0.14649294316768646,0.24658966064453125,0.4266481399536133,0.3779909610748291
47754,0.0,0.14649294316768646,0.2127974033355713,0.31941288709640503,0.1993694007396698
47755,0.0,0.14649294316768646,0.2830570340156555,0.3254716694355011,0.1897134780883789
47756,0.0,0.14649294316768646,0.21767818927764893,0.27709925174713135,0.19770924746990204
47757,0.0,0.14649294316768646,0.2348099946975708,0.3413471579551697,0.24909891188144684
47758,0.0,0.14649294316768646,0.265114963054657,0.3398796617984772,0.30956608057022095
47759,0.0,0.14649292826652527,0.23589521646499634,0.26898446679115295,0.2312360554933548
47760,0.0,0.14649292826652527,0.1520715355873108,0.14334861934185028,0.1616397351026535
47761,0.0,0.14649292826652527,0.23898029327392578,0.3323795199394226,0.2228216528892517
47762,0.0,0.14649292826652527,0.2561061382293701,0.39595144987106323,0.24312451481819153
47763,0.0,0.14649292826652527,0.2186434268951416,0.26564618945121765,0.21764159202575684
47764,0.0,0.14649289846420288,0.2224714756011963,0.2584080398082733,0.18708030879497528
47765,0.0,0.14649289846420288,0.23575693368911743,0.26486700773239136,0.19262433052062988
47766,0.0,0.14649289846420288,0.26351040601730347,0.2720359265804291,0.29827502369880676
47767,0.0,0.14649289846420288,0.2602398991584778,0.2820796072483063,0.23731164634227753
47768,0.0,0.14649289846420288,0.18979984521865845,0.2874580919742584,0.18104295432567596
47769,0.0,0.14649289846420288,0.20281982421875,0.2253713458776474,0.16058801114559174
47770,0.0,0.14649289846420288,0.22096920013427734,0.23513679206371307,0.20586349070072174
47771,0.0,0.14649289846420288,0.21282416582107544,0.2560517191886902,0.32545965909957886
47772,0.0,0.14649289846420288,0.18563097715377808,0.22911733388900757,0.2344893217086792
47773,0.0,0.14649289846420288,0.1486627459526062,0.19293008744716644,0.1399884968996048
47774,0.0,0.1464928686618805,0.07558315992355347,0.10544762015342712,0.053088393062353134
47775,0.0,0.1464928686618805,0.11065727472305298,0.15061764419078827,0.10574556887149811
47776,0.0,0.1464928686618805,0.12388342618942261,0.16271577775478363,0.10326509922742844
47777,0.0,0.1464928686618805,0.0865129828453064,0.1389676332473755,0.09225738048553467
47778,0.0,0.1464928686618805,0.07565557956695557,0.07559369504451752,0.06034080684185028
47779,0.0,0.1464928686618805,0.08834528923034668,0.1334839165210724,0.0743093341588974
47780,0.0,0.1464928686618805,0.10215502977371216,0.1936512291431427,0.06998279690742493
47781,0.0,0.1464928686618805,0.09279084205627441,0.1687062382698059,0.1073901355266571
47782,0.0,0.1464928686618805,0.0981552004814148,0.18625730276107788,0.11205726861953735
47783,0.0,0.1464928686618805,0.11372900009155273,0.20181512832641602,0.14607667922973633
47784,0.0,0.1464928388595581,0.13432151079177856,0.1857708990573883,0.18299822509288788
47785,0.0,0.1464928388595581,0.10028314590454102,0.11668965965509415,0.08634698390960693
47786,0.0,0.1464928388595581,0.08694183826446533,0.11730856448411942,0.07764612883329391
47787,0.0,0.1464928388595581,0.1035580039024353,0.08326508849859238,0.11366842687129974
47788,0.0,0.1464928388595581,0.07736319303512573,0.05383000522851944,0.041315045207738876
47789,0.0,0.1464928388595581,0.07631009817123413,0.0678730234503746,0.04613977298140526
47790,0.0,0.1464928388595581,0.12762492895126343,0.06122579053044319,0.06495315581560135
47791,0.0,0.1464928388595581,0.08879506587982178,0.04431594908237457,0.034606099128723145
47792,0.0,0.1464928388595581,0.07372629642486572,0.05887376144528389,0.030890539288520813
47793,0.0,0.1464928388595581,0.10220766067504883,0.16720762848854065,0.06096123903989792
47794,0.0,0.14649280905723572,0.10279297828674316,0.12565375864505768,0.0601777583360672
47795,0.0,0.14649280905723572,0.15661674737930298,0.11353904753923416,0.14757147431373596
47796,0.0,0.14649280905723572,0.12377732992172241,0.10743016749620438,0.10918620973825455
47797,0.0,0.14649280905723572,0.11277562379837036,0.1500990241765976,0.05901423469185829
47798,0.0,0.14649280905723572,0.14498120546340942,0.15566986799240112,0.1222914457321167
48320,0.0,0.14645910263061523,0.15801650285720825,0.12601041793823242,0.22562280297279358
48321,0.0,0.1464589387178421,0.11297464370727539,0.14279022812843323,0.15815110504627228
48322,0.0,0.1464589387178421,0.11405783891677856,0.12681111693382263,0.17674924433231354
48323,0.0,0.1464589238166809,0.10291612148284912,0.12832854688167572,0.1290404498577118
48324,0.0,0.1464589238166809,0.11848777532577515,0.15960705280303955,0.17749279737472534
48325,0.0,0.1464589238166809,0.14381259679794312,0.20165687799453735,0.22430959343910217
48326,0.0,0.1464589238166809,0.10623812675476074,0.18219389021396637,0.1170356273651123
48327,0.0,0.1464589238166809,0.10739558935165405,0.14115962386131287,0.12920482456684113
48328,0.0,0.14645890891551971,0.13983064889907837,0.19562332332134247,0.20705263316631317
48329,0.0,0.14645890891551971,0.13339358568191528,0.1921248883008957,0.1843268871307373
48330,0.0,0.14645890891551971,0.13550060987472534,0.1888745129108429,0.18444176018238068
48331,0.0,0.14645890891551971,0.1381586194038391,0.20764502882957458,0.19468770921230316
48332,0.0,0.14645890891551971,0.13749831914901733,0.2022937536239624,0.1810275763273239
48333,0.0,0.14645889401435852,0.15127134323120117,0.17442533373832703,0.1586080640554428
48334,0.0,0.14645889401435852,0.1347540020942688,0.18340331315994263,0.1644582450389862
48335,0.0,0.14645889401435852,0.14609688520431519,0.1758614033460617,0.21631568670272827
48336,0.0,0.14645889401435852,0.1322306990623474,0.17015637457370758,0.1532416045665741
48337,0.0,0.14645889401435852,0.1308233141899109,0.16103944182395935,0.14474661648273468
48338,0.0,0.14645887911319733,0.11626613140106201,0.11478488892316818,0.14941823482513428
48339,0.0,0.14645887911319733,0.12222009897232056,0.12231028079986572,0.13598215579986572
48340,0.0,0.14645887911319733,0.09737497568130493,0.13767215609550476,0.11453870683908463
48341,0.0,0.14645887911319733,0.2642715573310852,0.4034874439239502,0.24384285509586334
48342,1.0,0.14645887911319733,0.2054121494293213,0.2826957106590271,0.2944001257419586
48343,0.0,0.14645886421203613,0.21571660041809082,0.20779210329055786,0.3443027138710022
48344,1.0,0.14645886421203613,0.21951830387115479,0.29383182525634766,0.3681938648223877
48345,0.0,0.14645886421203613,0.2926647663116455,0.28212693333625793,0.4017193913459778
48346,1.0,0.14645886421203613,0.19486206769943237,0.2541552484035492,0.22909826040267944
48347,1.0,0.14645886421203613,0.17870557308197021,0.2929489016532898,0.23808708786964417
48348,0.0,0.14645886421203613,0.17856651544570923,0.16543592512607574,0.23428818583488464
48349,1.0,0.14645886421203613,0.1962994933128357,0.18337073922157288,0.23830284178256989
48350,1.0,0.14645886421203613,0.17706596851348877,0.15966340899467468,0.22907118499279022
48351,0.0,0.14645886421203613,0.12896984815597534,0.11493251472711563,0.18879199028015137
48352,0.0,0.14645886421203613,0.11788564920425415,0.1761176735162735,0.1874481737613678
48353,1.0,0.14645883440971375,0.21213239431381226,0.35446467995643616,0.338063508272171
48354,0.0,0.14645883440971375,0.2741103172302246,0.3913666009902954,0.37587839365005493
48355,0.0,0.14645883440971375,0.15952527523040771,0.24589776992797852,0.22824877500534058
48356,1.0,0.14645883440971375,0.1584080457687378,0.27622994780540466,0.2893621325492859
48357,1.0,0.14645883440971375,0.24030357599258423,0.2895723283290863,0.41146937012672424
48358,1.0,0.14645883440971375,0.16787946224212646,0.2855317294597626,0.2712469696998596
48359,1.0,0.14645883440971375,0.1613193154335022,0.2193928062915802,0.2882908582687378
48360,1.0,0.14645883440971375,0.1537332534790039,0.16880866885185242,0.23314975202083588
48361,1.0,0.14645883440971375,0.22578680515289307,0.16871985793113708,0.2514445185661316
48362,0.0,0.14645883440971375,0.21404308080673218,0.17817789316177368,0.25186192989349365
48363,0.0,0.14645883440971375,0.1471121907234192,0.1543966382741928,0.14245487749576569
48364,0.0,0.14645880460739136,0.16038018465042114,0.16658996045589447,0.15573012828826904
48365,1.0,0.14645880460739136,0.1488017439842224,0.18776190280914307,0.14381544291973114
48366,1.0,0.14645880460739136,0.1820070743560791,0.16646191477775574,0.20323508977890015
48367,1.0,0.14645880460739136,0.15934407711029053,0.16091299057006836,0.1438746452331543
48368,1.0,0.14645880460739136,0.1572595238685608,0.18531036376953125,0.13350223004817963
48369,0.0,0.14645878970623016,0.20865952968597412,0.21741139888763428,0.15812456607818604
48370,1.0,0.14645878970623016,0.1996040940284729,0.30576106905937195,0.18711458146572113
48371,1.0,0.14645878970623016,0.3773775100708008,0.39703598618507385,0.44106507301330566
48372,1.0,0.14645878970623016,0.3690187931060791,0.38149821758270264,0.48612725734710693
48894,1.0,0.237962007522583,0.4872516989707947,0.5390377640724182,0.7477349638938904
48895,1.0,0.2379617840051651,0.5726585388183594,0.6812183856964111,0.807285726070404
48896,1.0,0.2379617840051651,0.6315398216247559,0.7446228265762329,0.8865817785263062
48897,1.0,0.2379617840051651,0.5598764419555664,0.762773871421814,0.8420029282569885
48898,1.0,0.2379617840051651,0.5495398044586182,0.716302216053009,0.8374360799789429
48899,1.0,0.2379617840051651,0.6072294116020203,0.7724342346191406,0.8823205828666687
48900,1.0,0.2379617840051651,0.5767092704772949,0.799957811832428,0.9182925820350647
48901,1.0,0.23796173930168152,0.5029570460319519,0.7416932582855225,0.8807076215744019
48902,1.0,0.23796173930168152,0.45858317613601685,0.7580381035804749,0.8106812834739685
48903,1.0,0.23796173930168152,0.48044562339782715,0.7128446102142334,0.8064490556716919
48904,1.0,0.23796173930168152,0.4824984073638916,0.6809192299842834,0.7651917338371277
48905,1.0,0.23796173930168152,0.5608545541763306,0.7191530466079712,0.9071284532546997
48906,1.0,0.23796173930168152,0.5921095013618469,0.8125578761100769,0.9513875842094421
48907,1.0,0.23796173930168152,0.4971800446510315,0.781521737575531,0.9169995188713074
48908,1.0,0.23796173930168152,0.49779653549194336,0.7769735455513,0.9032226204872131
48909,1.0,0.23796173930168152,0.49285197257995605,0.7400801777839661,0.8340885043144226
48910,1.0,0.23796173930168152,0.5105220079421997,0.7542770504951477,0.888653576374054
48911,1.0,0.23796173930168152,0.5996297001838684,0.7959185838699341,0.9395438432693481
48912,1.0,0.23796170949935913,0.5107929706573486,0.8566320538520813,0.9335375428199768
48913,1.0,0.23796173930168152,0.5125594139099121,0.8990854620933533,0.954419732093811
48914,1.0,0.23796170949935913,0.46026408672332764,0.8600386381149292,0.9058720469474792
48915,1.0,0.23796173930168152,0.4406636953353882,0.8525302410125732,0.9354630708694458
48916,1.0,0.23796170949935913,0.4006248116493225,0.895497739315033,0.8794459104537964
48917,1.0,0.23796170949935913,0.5031231045722961,0.8957840800285339,0.8906643390655518
48918,1.0,0.23796170949935913,0.48623448610305786,0.8369680047035217,0.8967028856277466
48919,1.0,0.23796170949935913,0.4680662155151367,0.8385167121887207,0.8752330541610718
48920,1.0,0.23796170949935913,0.4094651937484741,0.6991171836853027,0.8038489818572998
48921,1.0,0.23796167969703674,0.2913637161254883,0.6713338494300842,0.6688107252120972
48922,1.0,0.23796167969703674,0.3454838991165161,0.6524329781532288,0.7034344673156738
48923,1.0,0.23796167969703674,0.3634718060493469,0.5669609308242798,0.6331273317337036
48924,1.0,0.23796167969703674,0.2484484314918518,0.534549355506897,0.45520949363708496
48925,1.0,0.23796167969703674,0.201854407787323,0.5448808073997498,0.3927745223045349
48926,1.0,0.23796167969703674,0.18468648195266724,0.4976297616958618,0.3904922604560852
48927,1.0,0.23796162009239197,0.11853766441345215,0.45267853140830994,0.2601209282875061
48928,1.0,0.23796162009239197,0.13333433866500854,0.35000577569007874,0.2576252818107605
48929,1.0,0.23796162009239197,0.12423902750015259,0.26486578583717346,0.09400512278079987
48930,1.0,0.23796162009239197,0.11135399341583252,0.27738308906555176,0.22800765931606293
48931,1.0,0.23796162009239197,0.08400148153305054,0.22773875296115875,0.0757254809141159
48932,1.0,0.23796162009239197,0.10364490747451782,0.20137223601341248,0.11519450694322586
48933,1.0,0.23796162009239197,0.05363953113555908,0.16951633989810944,0.048680953681468964
48934,1.0,0.23796162009239197,0.04587024450302124,0.1548415869474411,0.05034273862838745
48935,1.0,0.23796162009239197,0.051110267639160156,0.18391428887844086,0.09411595016717911
48936,1.0,0.23796162009239197,0.04910773038864136,0.23475949466228485,0.05346357822418213
48937,1.0,0.23796160519123077,0.0582965612411499,0.1723160594701767,0.0452754832804203
48938,1.0,0.23796160519123077,0.21605604887008667,0.12174239009618759,0.2981106638908386
48939,1.0,0.23796160519123077,0.23574382066726685,0.2317115217447281,0.28647616505622864
48940,1.0,0.23796160519123077,0.27091920375823975,0.24241943657398224,0.3659384548664093
48941,1.0,0.23796160519123077,0.25348472595214844,0.23883189260959625,0.3315826654434204
48942,1.0,0.2379615753889084,0.2731720805168152,0.2402624785900116,0.4419762194156647
48943,1.0,0.2379615753889084,0.2813299298286438,0.2795737385749817,0.36129212379455566
48944,1.0,0.2379615753889084,0.29099076986312866,0.3467370569705963,0.4574093818664551
48945,1.0,0.2379615753889084,0.29083847999572754,0.3332161009311676,0.47070303559303284
48946,1.0,0.2379615753889084,0.4953880310058594,0.42706048488616943,0.7730045318603516
49468,1.0,0.2652677893638611,0.7968206405639648,0.7799701690673828,0.9673005938529968
49469,1.0,0.26526758074760437,0.6731749773025513,0.8143735527992249,0.9650492668151855
49470,1.0,0.26526758074760437,0.6416949033737183,0.8268064260482788,0.9615896344184875
49471,1.0,0.26526758074760437,0.6278162002563477,0.820814311504364,0.9631809592247009
49472,1.0,0.26526758074760437,0.6380190849304199,0.7968698143959045,0.9566699266433716
49473,1.0,0.26526764035224915,0.6420410871505737,0.8236554861068726,0.962884783744812
49474,1.0,0.26526764035224915,0.652827262878418,0.7123168110847473,0.8993760347366333
49475,1.0,0.26526764035224915,0.566078782081604,0.6676408052444458,0.8080865144729614
49476,1.0,0.26526764035224915,0.6123538017272949,0.6951974630355835,0.8469448089599609
49477,1.0,0.26526758074760437,0.6483521461486816,0.7205260396003723,0.9548978805541992
49478,1.0,0.265267550945282,0.6533101797103882,0.8327829837799072,0.9663212895393372
49479,1.0,0.26526767015457153,0.5864777565002441,0.8061320781707764,0.9500792622566223
49480,1.0,0.26526764035224915,0.5604917407035828,0.83929044008255,0.9406331777572632
49481,1.0,0.26526758074760437,0.5986080169677734,0.8240188360214233,0.9363122582435608
49482,1.0,0.26526758074760437,0.5709273815155029,0.7784867882728577,0.9008812308311462
49483,1.0,0.265267550945282,0.5368582010269165,0.8062902092933655,0.9159137010574341
49484,1.0,0.265267550945282,0.5359809398651123,0.7682973742485046,0.8778318762779236
49485,1.0,0.265267550945282,0.5288125276565552,0.8152191638946533,0.9115131497383118
49486,1.0,0.2652674913406372,0.4803178906440735,0.7095854878425598,0.721607506275177
49487,1.0,0.2652675211429596,0.5065599083900452,0.7170054316520691,0.8697595000267029
49488,1.0,0.2652674913406372,0.5108992457389832,0.7359676361083984,0.8103624582290649
49489,1.0,0.2652674913406372,0.5115281343460083,0.7473269701004028,0.8212607502937317
49490,1.0,0.2652674615383148,0.5035455226898193,0.7339683771133423,0.8269243240356445
49491,1.0,0.2652674615383148,0.43850576877593994,0.7052477598190308,0.8343799114227295
49492,1.0,0.2652674615383148,0.5134544372558594,0.755623996257782,0.9104835391044617
49493,1.0,0.2652674615383148,0.4824208617210388,0.7662240862846375,0.9171178936958313
49494,1.0,0.2652674615383148,0.425753653049469,0.6421331167221069,0.8213760852813721
49495,1.0,0.2652674615383148,0.4226481318473816,0.6208421587944031,0.7792994976043701
49496,1.0,0.2652674615383148,0.44942498207092285,0.5889387130737305,0.709110677242279
49497,1.0,0.2652674615383148,0.4598444104194641,0.511634111404419,0.6614136099815369
49498,1.0,0.26526743173599243,0.4594336748123169,0.5440197587013245,0.7014994621276855
49499,1.0,0.26526743173599243,0.3469867706298828,0.4491090476512909,0.4163433909416199
49500,1.0,0.26526743173599243,0.2595937252044678,0.35255610942840576,0.3720974922180176
49501,1.0,0.26526743173599243,0.26179271936416626,0.2573881447315216,0.40814805030822754
49502,1.0,0.26526743173599243,0.1676068902015686,0.30520278215408325,0.17908194661140442
49503,1.0,0.26526740193367004,0.21722370386123657,0.21975503861904144,0.2307906597852707
49504,0.0,0.26526740193367004,0.18820488452911377,0.22594375908374786,0.21782827377319336
49505,1.0,0.26526740193367004,0.180392324924469,0.16306938230991364,0.1632082760334015
49506,0.0,0.26526740193367004,0.14627158641815186,0.15935704112052917,0.12209761142730713
49507,0.0,0.26526740193367004,0.1325046420097351,0.17864562571048737,0.1302899867296219
49508,1.0,0.26526737213134766,0.1043441891670227,0.09855668246746063,0.11469827592372894
49509,0.0,0.26526737213134766,0.12916648387908936,0.183497816324234,0.12859392166137695
49510,1.0,0.26526737213134766,0.16580557823181152,0.13225015997886658,0.1790248155593872
49511,1.0,0.26526737213134766,0.16999322175979614,0.25927671790122986,0.26252281665802
49512,1.0,0.26526737213134766,0.23611897230148315,0.19189780950546265,0.31939542293548584
49513,1.0,0.26526737213134766,0.2427384853363037,0.18131601810455322,0.29692232608795166
49514,1.0,0.26526737213134766,0.2521679401397705,0.23857808113098145,0.3022177517414093
49515,1.0,0.26526737213134766,0.31377267837524414,0.23017153143882751,0.36885058879852295
49516,1.0,0.26526737213134766,0.3773999810218811,0.45153066515922546,0.47921162843704224
49517,1.0,0.26526737213134766,0.48597490787506104,0.43896880745887756,0.7022811770439148
49518,1.0,0.26526734232902527,0.46707773208618164,0.5384453535079956,0.651759922504425
49519,1.0,0.26526734232902527,0.45670926570892334,0.5882446765899658,0.5855032205581665
49520,1.0,0.26526734232902527,0.5441292524337769,0.5188724398612976,0.7334659695625305
50042,0.0,0.16473717987537384,0.10254561901092529,0.18342722952365875,0.08182582259178162
50043,0.0,0.1647370159626007,0.15773296356201172,0.2618328332901001,0.1378239542245865
50044,0.0,0.1647370159626007,0.17336857318878174,0.2787463366985321,0.15774177014827728
50045,0.0,0.1647370159626007,0.18147361278533936,0.310435026884079,0.21318361163139343
50046,0.0,0.1647370159626007,0.12363862991333008,0.24482065439224243,0.12243863940238953
50047,0.0,0.1647370159626007,0.11687982082366943,0.19556832313537598,0.11968231201171875
50048,0.0,0.1647370159626007,0.10661864280700684,0.17878185212612152,0.10877257585525513
50049,0.0,0.16473698616027832,0.08998852968215942,0.1377210170030594,0.09538985788822174
50050,0.0,0.16473698616027832,0.13481509685516357,0.18495139479637146,0.19730713963508606
50051,0.0,0.16473698616027832,0.15433484315872192,0.23328015208244324,0.1469973474740982
50052,0.0,0.16473698616027832,0.11420977115631104,0.23457570374011993,0.11662403494119644
50053,0.0,0.16473698616027832,0.2143956422805786,0.2396371215581894,0.20463880896568298
50054,0.0,0.16473698616027832,0.16900569200515747,0.2623618245124817,0.11698585003614426
50055,0.0,0.16473698616027832,0.150917649269104,0.23220209777355194,0.15448877215385437
50056,0.0,0.16473698616027832,0.12942767143249512,0.19274836778640747,0.14411571621894836
50057,0.0,0.16473698616027832,0.24280881881713867,0.2760768234729767,0.18302170932292938
50058,0.0,0.16473698616027832,0.1333131194114685,0.24474845826625824,0.11880211532115936
50059,0.0,0.16473695635795593,0.16554373502731323,0.23164942860603333,0.10920806974172592
50060,0.0,0.16473695635795593,0.12873190641403198,0.1617492437362671,0.09832768887281418
50061,0.0,0.16473695635795593,0.1277151107788086,0.16100747883319855,0.1289796084165573
50062,0.0,0.16473695635795593,0.09827393293380737,0.15619264543056488,0.11690624058246613
50063,0.0,0.16473695635795593,0.0758674144744873,0.12797856330871582,0.07118327915668488
50064,0.0,0.16473694145679474,0.16759592294692993,0.17585201561450958,0.1889694184064865
50065,0.0,0.16473694145679474,0.1203508973121643,0.18105316162109375,0.10810679197311401
50066,0.0,0.16473694145679474,0.11703372001647949,0.22663401067256927,0.07972314953804016
50067,0.0,0.16473694145679474,0.11510080099105835,0.13311725854873657,0.08647459000349045
50068,0.0,0.16473694145679474,0.17536550760269165,0.22926783561706543,0.23623283207416534
50069,0.0,0.16473692655563354,0.1104690432548523,0.16357986629009247,0.12186919897794724
50070,0.0,0.16473692655563354,0.17123806476593018,0.19498087465763092,0.13728301227092743
50071,0.0,0.16473692655563354,0.10673916339874268,0.13139401376247406,0.08757361769676208
50072,0.0,0.16473692655563354,0.17014366388320923,0.24801743030548096,0.1762043833732605
50073,0.0,0.16473692655563354,0.0997774600982666,0.16948214173316956,0.11309771984815598
50074,0.0,0.16473691165447235,0.08481305837631226,0.09403005987405777,0.06889812648296356
50075,0.0,0.16473691165447235,0.07595813274383545,0.08502533286809921,0.06273423135280609
50076,0.0,0.16473691165447235,0.06812024116516113,0.07536095380783081,0.06054764613509178
50077,0.0,0.16473691165447235,0.05068850517272949,0.0834844708442688,0.029328135773539543
50078,0.0,0.16473691165447235,0.05773848295211792,0.07295070588588715,0.03943626955151558
50079,0.0,0.16473691165447235,0.0555415153503418,0.0658678337931633,0.03614954650402069
50080,0.0,0.16473689675331116,0.04252249002456665,0.06335677951574326,0.025747381150722504
50081,0.0,0.16473689675331116,0.04171174764633179,0.06749172508716583,0.02527766115963459
50082,0.0,0.16473689675331116,0.04101747274398804,0.055696628987789154,0.02249417081475258
50083,0.0,0.16473689675331116,0.03666532039642334,0.05390503630042076,0.020547984167933464
50084,0.0,0.16473689675331116,0.04553896188735962,0.07202215492725372,0.02709529735147953
50085,0.0,0.16473688185214996,0.0429154634475708,0.0658031702041626,0.024648938328027725
50086,0.0,0.16473688185214996,0.03835242986679077,0.07429389655590057,0.022792154923081398
50087,0.0,0.16473688185214996,0.0319446325302124,0.041727468371391296,0.0179006215184927
50088,0.0,0.16473688185214996,0.033787667751312256,0.05326748639345169,0.018901383504271507
50089,0.0,0.16473688185214996,0.033787667751312256,0.053346145898103714,0.02165192924439907
50090,0.0,0.16473686695098877,0.04689514636993408,0.07983291149139404,0.03580364212393761
50091,0.0,0.16473686695098877,0.053620338439941406,0.1275932788848877,0.04086892306804657
50092,0.0,0.16473686695098877,0.05391812324523926,0.11894119530916214,0.04010128602385521
50093,0.0,0.16473686695098877,0.05804777145385742,0.1183590218424797,0.0530986487865448
50094,0.0,0.16473686695098877,0.0610123872756958,0.12162861973047256,0.06353428959846497
50616,1.0,0.14639990031719208,0.16070997714996338,0.2163611799478531,0.17778852581977844
50617,1.0,0.14639976620674133,0.17012447118759155,0.3064801096916199,0.1967117041349411
50618,1.0,0.14639976620674133,0.17535066604614258,0.322009801864624,0.21777446568012238
50619,1.0,0.14639976620674133,0.145330011844635,0.26932650804519653,0.13278144598007202
50620,1.0,0.14639973640441895,0.15390872955322266,0.3213421106338501,0.15766577422618866
50621,1.0,0.14639973640441895,0.18222826719284058,0.31710854172706604,0.2158786505460739
50622,1.0,0.14639973640441895,0.17389488220214844,0.24016718566417694,0.2801693379878998
50623,0.0,0.14639973640441895,0.13392257690429688,0.1429465413093567,0.14947207272052765
50624,0.0,0.14639973640441895,0.19660425186157227,0.4154973328113556,0.2686166763305664
50625,1.0,0.14639973640441895,0.14679479598999023,0.1714450865983963,0.16528551280498505
50626,0.0,0.14639973640441895,0.1232682466506958,0.17350104451179504,0.11509674787521362
50627,0.0,0.14639973640441895,0.14538156986236572,0.186183899641037,0.15100988745689392
50628,0.0,0.14639973640441895,0.2206127643585205,0.31990644335746765,0.2451254278421402
50629,1.0,0.14639973640441895,0.15070319175720215,0.20291896164417267,0.1231788843870163
50630,0.0,0.14639972150325775,0.12455320358276367,0.1459343135356903,0.11980784684419632
50631,0.0,0.14639972150325775,0.14781302213668823,0.16148556768894196,0.1212458685040474
50632,0.0,0.14639972150325775,0.22757792472839355,0.3017679452896118,0.2323286235332489
50633,1.0,0.14639972150325775,0.21976447105407715,0.2744590640068054,0.16623283922672272
50634,1.0,0.14639972150325775,0.1477205753326416,0.24407052993774414,0.10770666599273682
50635,0.0,0.14639972150325775,0.15533065795898438,0.20797862112522125,0.14752595126628876
50636,0.0,0.14639970660209656,0.233320415019989,0.2506314218044281,0.2580406367778778
50637,1.0,0.14639970660209656,0.15991604328155518,0.29635345935821533,0.15740059316158295
50638,0.0,0.14639970660209656,0.25212085247039795,0.3259000778198242,0.27179816365242004
50639,1.0,0.14639970660209656,0.17727094888687134,0.24963252246379852,0.18199200928211212
50640,1.0,0.14639970660209656,0.16040360927581787,0.21027682721614838,0.16212508082389832
50641,0.0,0.14639969170093536,0.2703275680541992,0.2727336585521698,0.3756829500198364
50642,1.0,0.14639969170093536,0.16748666763305664,0.2750566601753235,0.2918069064617157
50643,0.0,0.14639969170093536,0.130668044090271,0.16789810359477997,0.15373502671718597
50644,0.0,0.14639969170093536,0.14007806777954102,0.24117594957351685,0.126316636800766
50645,1.0,0.14639969170093536,0.28111809492111206,0.2777096927165985,0.3590507507324219
50646,1.0,0.14639967679977417,0.29429149627685547,0.2668258547782898,0.3277382552623749
50647,1.0,0.14639967679977417,0.13998949527740479,0.24400649964809418,0.14964917302131653
50648,1.0,0.14639967679977417,0.10863113403320312,0.15088900923728943,0.10265752673149109
50649,1.0,0.14639967679977417,0.1295376420021057,0.14461611211299896,0.13895219564437866
50650,1.0,0.14639967679977417,0.12785762548446655,0.13251656293869019,0.11891593784093857
50651,1.0,0.14639966189861298,0.11455422639846802,0.14864318072795868,0.13422559201717377
50652,0.0,0.14639966189861298,0.0897178053855896,0.15676335990428925,0.0990615114569664
50653,1.0,0.14639966189861298,0.07624131441116333,0.13867484033107758,0.07191561907529831
50654,0.0,0.14639966189861298,0.08827900886535645,0.16431249678134918,0.09315528720617294
50655,1.0,0.14639966189861298,0.09367918968200684,0.21679845452308655,0.08674904704093933
50656,1.0,0.14639964699745178,0.08263784646987915,0.12498918175697327,0.06684836000204086
50657,0.0,0.14639964699745178,0.08219963312149048,0.175116166472435,0.08124765008687973
50658,1.0,0.14639964699745178,0.06060117483139038,0.09345816820859909,0.05027502775192261
50659,0.0,0.14639964699745178,0.09797418117523193,0.2128068208694458,0.10962517559528351
50660,1.0,0.14639964699745178,0.14396005868911743,0.14994703233242035,0.10622208565473557
50661,1.0,0.1463996320962906,0.10489684343338013,0.13099418580532074,0.09689326584339142
50662,1.0,0.1463996320962906,0.10312974452972412,0.13047970831394196,0.08982810378074646
50663,1.0,0.1463996320962906,0.07370656728744507,0.10744571685791016,0.05020895227789879
50664,0.0,0.1463996320962906,0.12159502506256104,0.18469485640525818,0.10108526796102524
50665,1.0,0.1463996320962906,0.14599239826202393,0.12874099612236023,0.1559920459985733
50666,1.0,0.1463996022939682,0.15654700994491577,0.1571885645389557,0.22442860901355743
50667,1.0,0.1463996022939682,0.11644548177719116,0.20469051599502563,0.08637817203998566
50668,0.0,0.1463996022939682,0.1137855052947998,0.22931276261806488,0.14642369747161865
51190,0.0,0.1219453513622284,0.062065720558166504,0.07893536984920502,0.07634730637073517
51191,0.0,0.12194522470235825,0.061448752880096436,0.09548585116863251,0.06334033608436584
51192,0.0,0.12194522470235825,0.07061302661895752,0.1523878574371338,0.0632714033126831
51193,0.0,0.12194520980119705,0.07073694467544556,0.14009027183055878,0.06451083719730377
51194,0.0,0.12194520980119705,0.2137163281440735,0.3041238784790039,0.26452288031578064
51195,0.0,0.12194520980119705,0.2929600477218628,0.4498058557510376,0.39393675327301025
51196,0.0,0.12194520980119705,0.13333982229232788,0.28582707047462463,0.14125418663024902
51197,0.0,0.12194520980119705,0.2734553813934326,0.35503092408180237,0.29546990990638733
51198,0.0,0.12194519490003586,0.14379256963729858,0.2259318083524704,0.11847496032714844
51199,0.0,0.12194519490003586,0.11193102598190308,0.2082435041666031,0.09669974446296692
51200,0.0,0.12194519490003586,0.10174053907394409,0.18054652214050293,0.09081128984689713
51201,0.0,0.12194519490003586,0.09646868705749512,0.12849673628807068,0.09218035638332367
51202,0.0,0.12194519490003586,0.092135488986969,0.17218050360679626,0.11264679580926895
51203,0.0,0.12194519490003586,0.11170846223831177,0.16801753640174866,0.07907593250274658
51204,0.0,0.12194517999887466,0.0946265459060669,0.08686681091785431,0.09630943089723587
51205,0.0,0.12194517999887466,0.22637635469436646,0.267838716506958,0.26602739095687866
51206,0.0,0.12194517999887466,0.1269080638885498,0.17696931958198547,0.11258790642023087
51207,0.0,0.12194517999887466,0.11947107315063477,0.12042780220508575,0.09850160777568817
51208,0.0,0.12194517999887466,0.117714524269104,0.10835554450750351,0.11556687951087952
51209,0.0,0.12194516509771347,0.20982474088668823,0.2822308838367462,0.23197516798973083
51210,0.0,0.12194516509771347,0.10184550285339355,0.15574005246162415,0.08803433924913406
51211,0.0,0.12194516509771347,0.16205912828445435,0.1591225564479828,0.18057101964950562
51212,0.0,0.12194516509771347,0.1363682746887207,0.10810446739196777,0.15049079060554504
51213,0.0,0.12194516509771347,0.1133684515953064,0.10622939467430115,0.08995892852544785
51214,0.0,0.12194515019655228,0.10951203107833862,0.10978282988071442,0.08274929970502853
51215,0.0,0.12194515019655228,0.10483527183532715,0.11236516386270523,0.07340104877948761
51216,0.0,0.12194515019655228,0.07856839895248413,0.11137501895427704,0.06266826391220093
51217,0.0,0.12194515019655228,0.060929298400878906,0.10593973845243454,0.03823830932378769
51218,0.0,0.12194515019655228,0.0626407265663147,0.06941206753253937,0.057852379977703094
51219,0.0,0.12194513529539108,0.063987135887146,0.07303696125745773,0.05997147038578987
51220,0.0,0.12194513529539108,0.08207064867019653,0.08441413193941116,0.06416992843151093
51221,0.0,0.12194513529539108,0.06255888938903809,0.07247637957334518,0.052805811166763306
51222,0.0,0.12194513529539108,0.054503440856933594,0.06338993459939957,0.05055512487888336
51223,0.0,0.12194513529539108,0.048026978969573975,0.063361756503582,0.047155629843473434
51224,0.0,0.12194512039422989,0.05770838260650635,0.07558382302522659,0.04529758170247078
51225,0.0,0.12194512039422989,0.050700366497039795,0.06473025679588318,0.0398511067032814
51226,0.0,0.12194512039422989,0.060100257396698,0.07014558464288712,0.057093970477581024
51227,0.0,0.12194512039422989,0.055450379848480225,0.08545040339231491,0.06254642456769943
51228,0.0,0.12194512039422989,0.05060702562332153,0.05050468444824219,0.05446523800492287
51229,0.0,0.12194511294364929,0.045519113540649414,0.05016127973794937,0.041121065616607666
51230,0.0,0.12194511294364929,0.04064154624938965,0.04135919734835625,0.03583713248372078
51231,0.0,0.12194511294364929,0.04349863529205322,0.05457453429698944,0.042391855269670486
51232,0.0,0.12194511294364929,0.04150360822677612,0.028464335948228836,0.03743332624435425
51233,0.0,0.12194511294364929,0.03849214315414429,0.027006912976503372,0.03240400180220604
51234,0.0,0.12194511294364929,0.030278444290161133,0.0457351915538311,0.023991847410798073
51235,0.0,0.12194511294364929,0.030638158321380615,0.042331647127866745,0.019971655681729317
51236,0.0,0.12194511294364929,0.03337770700454712,0.03980855271220207,0.02962557040154934
51237,0.0,0.12194511294364929,0.032479941844940186,0.045629799365997314,0.028354886919260025
51238,0.0,0.12194511294364929,0.044937968254089355,0.08476156741380692,0.03774189203977585
51239,0.0,0.1219450831413269,0.09225791692733765,0.08879438042640686,0.06432771682739258
51240,0.0,0.1219450831413269,0.09139221906661987,0.1982966810464859,0.073190838098526
51241,0.0,0.1219450831413269,0.08396518230438232,0.1198427677154541,0.05481008440256119
51242,0.0,0.1219450831413269,0.08668357133865356,0.12395939975976944,0.09994539618492126
51764,1.0,0.14636676013469696,0.16866254806518555,0.31083449721336365,0.22524113953113556
51765,0.0,0.14636661112308502,0.1637101173400879,0.4006723165512085,0.2907801866531372
51766,0.0,0.14636661112308502,0.24463295936584473,0.386067658662796,0.4407573640346527
51767,0.0,0.14636661112308502,0.15816068649291992,0.43248307704925537,0.20729273557662964
51768,0.0,0.14636661112308502,0.11715221405029297,0.4090842306613922,0.16473908722400665
51769,0.0,0.14636659622192383,0.13824057579040527,0.4418710470199585,0.16837650537490845
51770,0.0,0.14636659622192383,0.2686993479728699,0.520355224609375,0.4836850166320801
51771,0.0,0.14636659622192383,0.2477048635482788,0.4151795506477356,0.3570244312286377
51772,0.0,0.14636659622192383,0.30726975202560425,0.43748992681503296,0.4697035253047943
51773,0.0,0.14636659622192383,0.2574232220649719,0.4672383666038513,0.3978407382965088
51774,0.0,0.14636659622192383,0.11289966106414795,0.21146512031555176,0.10523630678653717
51775,0.0,0.14636658132076263,0.23153138160705566,0.5314612984657288,0.4069913625717163
51776,0.0,0.14636658132076263,0.24516761302947998,0.4901052713394165,0.41168028116226196
51777,0.0,0.14636658132076263,0.2409343719482422,0.400182843208313,0.4300858974456787
51778,0.0,0.14636658132076263,0.21074342727661133,0.2901865541934967,0.30250391364097595
51779,0.0,0.14636658132076263,0.14068245887756348,0.11995194852352142,0.11759699881076813
51780,0.0,0.14636656641960144,0.27831757068634033,0.4339431822299957,0.44079938530921936
51781,0.0,0.14636656641960144,0.2636691927909851,0.3946709930896759,0.3415008783340454
51782,0.0,0.14636656641960144,0.25534600019454956,0.38218313455581665,0.45669427514076233
51783,0.0,0.14636656641960144,0.2904857397079468,0.44097042083740234,0.44664567708969116
51784,0.0,0.14636656641960144,0.3323436379432678,0.5200559496879578,0.6262258887290955
51785,1.0,0.14636655151844025,0.2652263641357422,0.446658730506897,0.4600858986377716
51786,0.0,0.14636655151844025,0.16795867681503296,0.26539650559425354,0.15253087878227234
51787,0.0,0.14636655151844025,0.1851637363433838,0.2639322876930237,0.17853710055351257
51788,0.0,0.14636655151844025,0.22647935152053833,0.2942844033241272,0.22888445854187012
51789,0.0,0.14636655151844025,0.18543100357055664,0.15832360088825226,0.28047242760658264
51790,0.0,0.14636652171611786,0.17637032270431519,0.1696796417236328,0.22341981530189514
51791,0.0,0.14636652171611786,0.1184801459312439,0.1098499521613121,0.12028743326663971
51792,0.0,0.14636652171611786,0.1676923632621765,0.16512808203697205,0.1951412856578827
51793,0.0,0.14636652171611786,0.17958533763885498,0.14232058823108673,0.21304196119308472
51794,0.0,0.14636652171611786,0.16604262590408325,0.13021083176136017,0.2025076299905777
51795,0.0,0.14636650681495667,0.08858150243759155,0.0789119228720665,0.07316066324710846
51796,0.0,0.14636650681495667,0.12359070777893066,0.12994278967380524,0.11086532473564148
51797,0.0,0.14636650681495667,0.12403905391693115,0.1042812317609787,0.08584246039390564
51798,0.0,0.14636650681495667,0.12026071548461914,0.18789614737033844,0.12572501599788666
51799,0.0,0.14636650681495667,0.11042386293411255,0.15114805102348328,0.0968766063451767
51800,0.0,0.14636649191379547,0.09549069404602051,0.094579316675663,0.09074375033378601
51801,0.0,0.14636649191379547,0.09597301483154297,0.07749789208173752,0.10426393151283264
51802,0.0,0.14636649191379547,0.09082281589508057,0.10119833797216415,0.06476835161447525
51803,0.0,0.14636649191379547,0.12699055671691895,0.11811904609203339,0.09807772189378738
51804,0.0,0.14636649191379547,0.06962519884109497,0.07738561183214188,0.04976978525519371
51805,0.0,0.14636647701263428,0.12505275011062622,0.13341069221496582,0.10948452353477478
51806,0.0,0.14636647701263428,0.11557197570800781,0.18301257491111755,0.11232183873653412
51807,0.0,0.14636647701263428,0.1139032244682312,0.13846655189990997,0.10350749641656876
51808,0.0,0.14636647701263428,0.08254069089889526,0.08662667125463486,0.04927670583128929
51809,0.0,0.14636647701263428,0.08061927556991577,0.07646041363477707,0.052010614424943924
51810,0.0,0.14636646211147308,0.06711810827255249,0.0677293911576271,0.039504315704107285
51811,0.0,0.14636646211147308,0.04975259304046631,0.07430074363946915,0.030657794326543808
51812,0.0,0.14636646211147308,0.038462162017822266,0.09268315881490707,0.024565767496824265
51813,0.0,0.14636646211147308,0.07383692264556885,0.14799654483795166,0.05819980055093765
51814,0.0,0.14636646211147308,0.0877007246017456,0.1501140594482422,0.05346832051873207
51815,0.0,0.1463664472103119,0.236303448677063,0.3669036626815796,0.2668854296207428
51816,0.0,0.1463664472103119,0.1324363350868225,0.22619466483592987,0.1433909833431244
52338,0.0,0.1836375594139099,0.06114530563354492,0.18307459354400635,0.04633225500583649
52339,0.0,0.18363741040229797,0.11076247692108154,0.3180403411388397,0.17717912793159485
52340,1.0,0.18363738059997559,0.12408357858657837,0.20823894441127777,0.10020935535430908
52341,0.0,0.18363738059997559,0.1561952829360962,0.14747296273708344,0.14113493263721466
52342,0.0,0.18363738059997559,0.1645457148551941,0.14082500338554382,0.2522076666355133
52343,0.0,0.18363738059997559,0.13461250066757202,0.17708157002925873,0.11831103265285492
52344,0.0,0.18363738059997559,0.1694735884666443,0.16581639647483826,0.2265259325504303
52345,0.0,0.1836373656988144,0.25528085231781006,0.23798871040344238,0.30456721782684326
52346,1.0,0.1836373656988144,0.22512340545654297,0.258646696805954,0.39090657234191895
52347,0.0,0.1836373656988144,0.229617178440094,0.21982891857624054,0.30681174993515015
52348,0.0,0.1836373656988144,0.17719018459320068,0.1917947381734848,0.23631085455417633
52349,0.0,0.1836373656988144,0.3182876706123352,0.3028648793697357,0.37654250860214233
52350,1.0,0.183637335896492,0.24397075176239014,0.2323693335056305,0.34972599148750305
52351,0.0,0.183637335896492,0.2695867419242859,0.20204803347587585,0.35792168974876404
52352,0.0,0.183637335896492,0.2573617100715637,0.15900152921676636,0.36448559165000916
52353,0.0,0.183637335896492,0.170812726020813,0.13293865323066711,0.22126825153827667
52354,0.0,0.183637335896492,0.26670289039611816,0.364175409078598,0.36123207211494446
52355,1.0,0.183637335896492,0.4199879765510559,0.5368942022323608,0.5720983147621155
52356,1.0,0.183637335896492,0.4714776873588562,0.45772525668144226,0.6554093360900879
52357,1.0,0.183637335896492,0.3102404475212097,0.5029923319816589,0.5593500137329102
52358,1.0,0.183637335896492,0.4800729751586914,0.5988141894340515,0.7150166034698486
52359,1.0,0.183637335896492,0.4416567087173462,0.6310520172119141,0.6890644431114197
52360,1.0,0.1836373209953308,0.397274374961853,0.46526098251342773,0.45298001170158386
52361,1.0,0.1836373209953308,0.41112446784973145,0.49567490816116333,0.5356325507164001
52362,1.0,0.1836373209953308,0.4158032536506653,0.43773701786994934,0.49172863364219666
52363,1.0,0.1836373209953308,0.3135269284248352,0.4023337960243225,0.39223405718803406
52364,1.0,0.1836373209953308,0.2419278621673584,0.29921865463256836,0.21538658440113068
52365,1.0,0.18363729119300842,0.2959213852882385,0.3213041424751282,0.2732429802417755
52366,1.0,0.18363729119300842,0.4237423539161682,0.3340495526790619,0.506284773349762
52367,1.0,0.18363729119300842,0.40471184253692627,0.3757801949977875,0.34947195649147034
52368,1.0,0.18363729119300842,0.41445213556289673,0.3716796338558197,0.5210347175598145
52369,1.0,0.18363729119300842,0.3759304881095886,0.3550402820110321,0.41134727001190186
52370,1.0,0.18363727629184723,0.18109053373336792,0.352458655834198,0.2583402395248413
52371,1.0,0.18363727629184723,0.2515576481819153,0.4044143259525299,0.37376418709754944
52372,1.0,0.18363727629184723,0.3062928318977356,0.47036245465278625,0.3298862874507904
52373,1.0,0.18363727629184723,0.22125929594039917,0.3147321939468384,0.257332980632782
52374,1.0,0.18363727629184723,0.2533307671546936,0.3534919023513794,0.37853363156318665
52375,1.0,0.18363727629184723,0.22910034656524658,0.3177965581417084,0.30536946654319763
52376,1.0,0.18363726139068604,0.21376627683639526,0.29779893159866333,0.24824444949626923
52377,1.0,0.18363726139068604,0.06503945589065552,0.15084028244018555,0.04344110190868378
52378,0.0,0.18363726139068604,0.03213447332382202,0.1612795740365982,0.021569719538092613
52379,1.0,0.18363726139068604,0.031557440757751465,0.11380701512098312,0.02792457863688469
52380,1.0,0.18363724648952484,0.04027432203292847,0.14477118849754333,0.03311559185385704
52381,1.0,0.18363724648952484,0.032341599464416504,0.18667180836200714,0.02709435485303402
52382,1.0,0.18363724648952484,0.04140442609786987,0.12946999073028564,0.016374584287405014
52383,0.0,0.18363724648952484,0.12717878818511963,0.17196409404277802,0.08395087718963623
52384,1.0,0.18363724648952484,0.09261542558670044,0.10764706879854202,0.050190456211566925
52385,0.0,0.18363723158836365,0.04320722818374634,0.14475491642951965,0.029577093198895454
52386,1.0,0.18363723158836365,0.04410737752914429,0.13598477840423584,0.023098817095160484
52387,0.0,0.18363723158836365,0.04592162370681763,0.15900036692619324,0.021817540749907494
52388,0.0,0.18363723158836365,0.10617244243621826,0.12064430117607117,0.05736679583787918
52389,0.0,0.18363723158836365,0.09909015893936157,0.14391769468784332,0.09312473237514496
52390,0.0,0.18363723158836365,0.09547090530395508,0.12942896783351898,0.10326928645372391
52912,1.0,0.09707670658826828,0.1592479944229126,0.12476715445518494,0.21273428201675415
52913,1.0,0.09707662463188171,0.11988615989685059,0.12342976778745651,0.14838692545890808
52914,1.0,0.09707660228013992,0.17865580320358276,0.15239664912223816,0.25055932998657227
52915,1.0,0.09707660228013992,0.1510571837425232,0.11733459681272507,0.2483782023191452
52916,1.0,0.09707660228013992,0.1168661117553711,0.1370192915201187,0.16391274333000183
52917,1.0,0.09707660228013992,0.2493247389793396,0.1960633099079132,0.4064164459705353
52918,1.0,0.09707660228013992,0.2626032829284668,0.203352689743042,0.4111019968986511
52919,1.0,0.09707660228013992,0.25767385959625244,0.22274968028068542,0.41059890389442444
52920,1.0,0.09707660228013992,0.5298880338668823,0.46005240082740784,0.6324275732040405
52921,1.0,0.09707660228013992,0.6035804748535156,0.5747389197349548,0.8259623050689697
52922,1.0,0.09707660228013992,0.467787504196167,0.5850109457969666,0.7611676454544067
52923,1.0,0.09707660228013992,0.5189813375473022,0.5086299777030945,0.7115293741226196
52924,1.0,0.09707657992839813,0.6265218257904053,0.6487753391265869,0.7547969222068787
52925,1.0,0.09707657992839813,0.5452444553375244,0.5669617652893066,0.7363924384117126
52926,1.0,0.09707657992839813,0.5092809200286865,0.4598909616470337,0.6349271535873413
52927,1.0,0.09707657992839813,0.5182743072509766,0.466450035572052,0.7013485431671143
52928,1.0,0.09707657992839813,0.261252224445343,0.26586711406707764,0.40525388717651367
52929,1.0,0.09707657992839813,0.5162383317947388,0.3974100351333618,0.7192224264144897
52930,1.0,0.09707657992839813,0.43327152729034424,0.40461599826812744,0.6571126580238342
52931,1.0,0.09707657992839813,0.368613064289093,0.2333066314458847,0.5364640951156616
52932,1.0,0.09707657992839813,0.45489567518234253,0.3403877019882202,0.668278157711029
52933,1.0,0.09707657992839813,0.3526487946510315,0.25932934880256653,0.427047461271286
52934,1.0,0.09707655757665634,0.25144702196121216,0.12820419669151306,0.3588099181652069
52935,1.0,0.09707655757665634,0.1885746717453003,0.10074663907289505,0.18187811970710754
52936,1.0,0.09707655757665634,0.2448645830154419,0.11819587647914886,0.298116534948349
52937,1.0,0.09707655757665634,0.2208905816078186,0.2078048288822174,0.315051406621933
52938,1.0,0.09707655757665634,0.17866986989974976,0.22385039925575256,0.28572073578834534
52939,1.0,0.09707655757665634,0.16531139612197876,0.19593963027000427,0.20580793917179108
52940,1.0,0.09707655757665634,0.1849924921989441,0.1525021493434906,0.3159998953342438
52941,1.0,0.09707655757665634,0.15880560874938965,0.18030421435832977,0.2807457447052002
52942,1.0,0.09707655757665634,0.20976614952087402,0.20853297412395477,0.34041374921798706
52943,1.0,0.09707655757665634,0.12238842248916626,0.15632280707359314,0.24141065776348114
52944,1.0,0.09707655757665634,0.0964394211769104,0.12199170142412186,0.13683083653450012
52945,1.0,0.09707654267549515,0.12864625453948975,0.17497609555721283,0.19719383120536804
52946,1.0,0.09707654267549515,0.13820970058441162,0.21217003464698792,0.29917463660240173
52947,1.0,0.09707654267549515,0.08046966791152954,0.16016885638237,0.10339150577783585
52948,1.0,0.09707654267549515,0.09395414590835571,0.16271939873695374,0.13766519725322723
52949,1.0,0.09707654267549515,0.06472605466842651,0.13170206546783447,0.07692856341600418
52950,1.0,0.09707654267549515,0.05828392505645752,0.14766472578048706,0.0586351603269577
52951,1.0,0.09707654267549515,0.06871777772903442,0.1149691641330719,0.0725707933306694
52952,1.0,0.09707654267549515,0.07380157709121704,0.09667030721902847,0.0650678500533104
52953,1.0,0.09707654267549515,0.057447612285614014,0.09520010650157928,0.07964034378528595
52954,1.0,0.09707654267549515,0.06130993366241455,0.10723363608121872,0.057821933180093765
52955,1.0,0.09707652032375336,0.05988180637359619,0.0914863720536232,0.07033505290746689
52956,1.0,0.09707652032375336,0.08326709270477295,0.12379639595746994,0.10107358545064926
52957,1.0,0.09707652032375336,0.1849231719970703,0.16546237468719482,0.21105273067951202
52958,1.0,0.09707652032375336,0.1274166703224182,0.1626470983028412,0.2516956329345703
52959,1.0,0.09707652032375336,0.21941828727722168,0.18564385175704956,0.27181756496429443
52960,1.0,0.09707652032375336,0.4214125871658325,0.5207917094230652,0.533062219619751
52961,1.0,0.09707652032375336,0.31339508295059204,0.36825454235076904,0.42424145340919495
52962,1.0,0.09707652032375336,0.3030012845993042,0.20524345338344574,0.3940972089767456
52963,1.0,0.09707652032375336,0.22022229433059692,0.20300935208797455,0.2828572988510132
52964,1.0,0.09707652032375336,0.3466663956642151,0.1535051465034485,0.5992947816848755
53486,1.0,0.23830363154411316,0.37766408920288086,0.3251517713069916,0.5862747430801392
53487,1.0,0.23830343782901764,0.46433502435684204,0.5243673324584961,0.6725243926048279
53488,1.0,0.23830340802669525,0.36650949716567993,0.24307984113693237,0.40858039259910583
53489,1.0,0.23830340802669525,0.29259157180786133,0.30301448702812195,0.43228402733802795
53490,1.0,0.23830340802669525,0.24740779399871826,0.2471925914287567,0.3658619225025177
53491,1.0,0.23830340802669525,0.40928375720977783,0.45783329010009766,0.5159950852394104
53492,1.0,0.23830340802669525,0.3343852162361145,0.37984511256217957,0.5386372208595276
53493,1.0,0.23830340802669525,0.3289458751678467,0.33325842022895813,0.508568525314331
53494,1.0,0.23830340802669525,0.2768350839614868,0.2055838257074356,0.388253778219223
53495,1.0,0.23830340802669525,0.24500036239624023,0.23886026442050934,0.3631773591041565
53496,1.0,0.23830340802669525,0.294095516204834,0.18839095532894135,0.3893958330154419
53497,1.0,0.23830340802669525,0.23679322004318237,0.21804875135421753,0.29434478282928467
53498,1.0,0.23830337822437286,0.2696334719657898,0.24239064753055573,0.3779520094394684
53499,1.0,0.23830337822437286,0.2369149923324585,0.18638944625854492,0.28498363494873047
53500,1.0,0.23830337822437286,0.3582289218902588,0.2719017565250397,0.41469311714172363
53501,1.0,0.23830337822437286,0.4153289198875427,0.49276652932167053,0.5879202485084534
53502,1.0,0.23830337822437286,0.43963998556137085,0.36313778162002563,0.6116300225257874
53503,1.0,0.23830336332321167,0.30395936965942383,0.25370433926582336,0.4275323152542114
53504,1.0,0.23830336332321167,0.15517419576644897,0.17257270216941833,0.20403890311717987
53505,1.0,0.23830336332321167,0.13423651456832886,0.19812823832035065,0.20915082097053528
53506,1.0,0.23830336332321167,0.35480135679244995,0.4782651662826538,0.423719197511673
53507,1.0,0.23830336332321167,0.14097923040390015,0.20105575025081635,0.1814902126789093
53508,1.0,0.23830336332321167,0.26438140869140625,0.25732529163360596,0.391036719083786
53509,1.0,0.23830336332321167,0.16582196950912476,0.1915074735879898,0.15515263378620148
53510,1.0,0.23830336332321167,0.1827060580253601,0.2393055260181427,0.14439751207828522
53511,1.0,0.23830336332321167,0.1309238076210022,0.14952367544174194,0.1028410941362381
53512,1.0,0.23830336332321167,0.09369629621505737,0.14375734329223633,0.08599167317152023
53513,1.0,0.23830333352088928,0.07047253847122192,0.14578455686569214,0.060783158987760544
53514,1.0,0.23830333352088928,0.08440810441970825,0.12051978707313538,0.09348369389772415
53515,1.0,0.23830333352088928,0.09347349405288696,0.17261293530464172,0.09140033274888992
53516,1.0,0.23830333352088928,0.13802063465118408,0.17868421971797943,0.09759648889303207
53517,1.0,0.23830333352088928,0.13602131605148315,0.14507974684238434,0.09462615847587585
53518,1.0,0.2383033037185669,0.06828415393829346,0.15821011364459991,0.060926653444767
53519,1.0,0.2383033037185669,0.04177504777908325,0.1684514433145523,0.03216242417693138
53520,1.0,0.2383033037185669,0.042624056339263916,0.14181207120418549,0.04351039230823517
53521,1.0,0.2383033037185669,0.04919564723968506,0.1936597228050232,0.040716879069805145
53522,1.0,0.2383033037185669,0.06878131628036499,0.1856696754693985,0.0720103457570076
53523,1.0,0.2383032739162445,0.06968611478805542,0.19075250625610352,0.07233450561761856
53524,1.0,0.2383032739162445,0.05420726537704468,0.1465439796447754,0.07110022753477097
53525,1.0,0.2383032739162445,0.04324352741241455,0.11716794222593307,0.042183682322502136
53526,1.0,0.2383032739162445,0.03342270851135254,0.19085665047168732,0.04550820589065552
53527,1.0,0.2383032739162445,0.043875932693481445,0.14268068969249725,0.05225340649485588
53528,1.0,0.23830324411392212,0.02690953016281128,0.11675938963890076,0.05316958948969841
53529,1.0,0.23830324411392212,0.035713255405426025,0.11422622948884964,0.06433280557394028
53530,1.0,0.23830324411392212,0.20024079084396362,0.22802220284938812,0.274455726146698
53531,1.0,0.23830324411392212,0.17917120456695557,0.23161399364471436,0.21054711937904358
53532,1.0,0.23830324411392212,0.15631067752838135,0.19491656124591827,0.18218271434307098
53533,1.0,0.23830324411392212,0.19900208711624146,0.187455415725708,0.2023114562034607
53534,1.0,0.23830324411392212,0.4067181944847107,0.312341570854187,0.5142881274223328
53535,1.0,0.23830324411392212,0.2897365093231201,0.24887754023075104,0.27650341391563416
53536,1.0,0.23830324411392212,0.27142244577407837,0.2683298885822296,0.3431864082813263
53537,1.0,0.23830324411392212,0.32534581422805786,0.23555241525173187,0.34335580468177795
53538,1.0,0.23830319941043854,0.4986805319786072,0.4274581968784332,0.5741195678710938
54060,1.0,0.12185206264257431,0.4723363518714905,0.44189828634262085,0.8149037957191467
54061,1.0,0.12185193598270416,0.47617870569229126,0.7516558766365051,0.8250666856765747
54062,1.0,0.12185193598270416,0.40384918451309204,0.736738383769989,0.7379697561264038
54063,1.0,0.12185192108154297,0.35752296447753906,0.751614511013031,0.5295787453651428
54064,1.0,0.12185192108154297,0.3584640622138977,0.7016699910163879,0.5499695539474487
54065,1.0,0.12185192108154297,0.37901562452316284,0.7505010962486267,0.5388250350952148
54066,1.0,0.12185192108154297,0.3379089832305908,0.7162936329841614,0.4450555443763733
54067,1.0,0.12185192108154297,0.4033131003379822,0.7101671099662781,0.6320752501487732
54068,1.0,0.12185192108154297,0.3566828966140747,0.5891954302787781,0.513938307762146
54069,1.0,0.12185192108154297,0.42671096324920654,0.5379838347434998,0.5604560375213623
54070,1.0,0.12185189127922058,0.4540269374847412,0.6606233716011047,0.6709592938423157
54071,1.0,0.12185189127922058,0.360007643699646,0.5052963495254517,0.45300930738449097
54072,1.0,0.12185189127922058,0.41759055852890015,0.580046534538269,0.49872398376464844
54073,1.0,0.12185189127922058,0.4368271827697754,0.6344575881958008,0.4826716184616089
54074,1.0,0.12185189127922058,0.5532587766647339,0.7605512738227844,0.8471677303314209
54075,1.0,0.12185189127922058,0.4340892434120178,0.7629327178001404,0.7201289534568787
54076,1.0,0.12185189127922058,0.3506796956062317,0.6300442218780518,0.586829423904419
54077,1.0,0.12185189127922058,0.4152669310569763,0.6867753267288208,0.575450599193573
54078,1.0,0.12185189127922058,0.45225638151168823,0.4884456396102905,0.6380648612976074
54079,1.0,0.12185189127922058,0.530247688293457,0.4143424332141876,0.6948187947273254
54080,1.0,0.12185187637805939,0.4207419753074646,0.5994861125946045,0.7165815830230713
54081,1.0,0.12185187637805939,0.48990124464035034,0.5775148868560791,0.6872773766517639
54082,1.0,0.12185187637805939,0.5347466468811035,0.7112947702407837,0.8725544810295105
54083,1.0,0.12185187637805939,0.4893934726715088,0.685627281665802,0.7427346110343933
54084,1.0,0.12185187637805939,0.49138790369033813,0.6679054498672485,0.7566397190093994
54085,1.0,0.12185187637805939,0.4712088108062744,0.582761824131012,0.6243598461151123
54086,1.0,0.12185186892747879,0.4091017246246338,0.4524349868297577,0.5262003540992737
54087,1.0,0.12185186892747879,0.2650822401046753,0.36461013555526733,0.32728520035743713
54088,1.0,0.12185186892747879,0.3683619499206543,0.34229037165641785,0.3247486352920532
54089,1.0,0.12185186892747879,0.3591877818107605,0.3785285949707031,0.37898656725883484
54090,1.0,0.12185186892747879,0.3536725640296936,0.3965461552143097,0.3265928030014038
54091,1.0,0.1218518540263176,0.16022980213165283,0.20027995109558105,0.12868455052375793
54092,1.0,0.1218518540263176,0.20528095960617065,0.25292205810546875,0.19966436922550201
54093,1.0,0.1218518540263176,0.13226914405822754,0.17951452732086182,0.08436371386051178
54094,1.0,0.1218518540263176,0.1595308780670166,0.23598933219909668,0.1353759467601776
54095,0.0,0.1218518540263176,0.15702903270721436,0.14209599792957306,0.12320422381162643
54096,0.0,0.1218518391251564,0.11809039115905762,0.19949020445346832,0.07608482986688614
54097,0.0,0.1218518391251564,0.10543954372406006,0.17040301859378815,0.06039552390575409
54098,0.0,0.1218518391251564,0.09049469232559204,0.12409474700689316,0.07686817646026611
54099,0.0,0.1218518391251564,0.13778537511825562,0.1955322027206421,0.14077892899513245
54100,0.0,0.12185182422399521,0.1354914903640747,0.24257835745811462,0.15164399147033691
54101,0.0,0.12185182422399521,0.11480152606964111,0.2216951996088028,0.10999023914337158
54102,0.0,0.12185182422399521,0.1213260293006897,0.1194281280040741,0.107521191239357
54103,0.0,0.12185182422399521,0.10038125514984131,0.12403158843517303,0.0591089241206646
54104,0.0,0.12185182422399521,0.14528757333755493,0.16609489917755127,0.14039503037929535
54105,0.0,0.12185180932283401,0.12698334455490112,0.1374368667602539,0.13193164765834808
54106,0.0,0.12185180932283401,0.21481430530548096,0.22882558405399323,0.24710267782211304
54107,0.0,0.12185180932283401,0.15519917011260986,0.17765572667121887,0.16043202579021454
54108,0.0,0.12185180932283401,0.24400079250335693,0.23791438341140747,0.2777097225189209
54109,0.0,0.12185180932283401,0.2405371069908142,0.2687552273273468,0.2751694619655609
54110,0.0,0.12185180932283401,0.23694443702697754,0.38758766651153564,0.32025521993637085
54111,0.0,0.12185179442167282,0.29386448860168457,0.31614357233047485,0.34866905212402344
54112,0.0,0.12185179442167282,0.26524829864501953,0.30003607273101807,0.2958891689777374
54634,1.0,0.3217442035675049,0.41938042640686035,0.6204847097396851,0.727048397064209
54635,1.0,0.3217439353466034,0.41439199447631836,0.6968635320663452,0.7538504600524902
54636,1.0,0.3217439353466034,0.5243356227874756,0.6894943118095398,0.8234743475914001
54637,1.0,0.3217439353466034,0.4614327549934387,0.7414135932922363,0.8195328712463379
54638,1.0,0.3217439353466034,0.4417983293533325,0.7453594207763672,0.8006377816200256
54639,1.0,0.3217439353466034,0.485848069190979,0.726402997970581,0.8349942564964294
54640,1.0,0.3217439353466034,0.5329062938690186,0.783424973487854,0.8528620004653931
54641,1.0,0.3217439353466034,0.4520757794380188,0.7920599579811096,0.8756189346313477
54642,1.0,0.321743905544281,0.47257286310195923,0.755954384803772,0.8621702790260315
54643,0.0,0.321743905544281,0.4407978653907776,0.7928168773651123,0.8969132304191589
54644,1.0,0.321743905544281,0.4512849450111389,0.6995398998260498,0.8123146891593933
54645,0.0,0.321743905544281,0.40123260021209717,0.6560090780258179,0.7792397737503052
54646,0.0,0.321743905544281,0.44131147861480713,0.5981478095054626,0.7142392992973328
54647,0.0,0.3217438757419586,0.469152569770813,0.6593259572982788,0.7702087759971619
54648,1.0,0.3217438757419586,0.4110480546951294,0.6043691635131836,0.614014208316803
54649,0.0,0.3217438757419586,0.45479846000671387,0.5441276431083679,0.6751752495765686
54650,0.0,0.3217438757419586,0.3678956627845764,0.4687613546848297,0.6760367155075073
54651,0.0,0.3217438757419586,0.42923426628112793,0.6318376064300537,0.7280836701393127
54652,0.0,0.32174384593963623,0.44719356298446655,0.5484365820884705,0.6682283878326416
54653,0.0,0.32174384593963623,0.5040223598480225,0.5698903203010559,0.8095089793205261
54654,1.0,0.32174384593963623,0.42560476064682007,0.5987098217010498,0.7108404040336609
54655,0.0,0.32174384593963623,0.4309096932411194,0.47507232427597046,0.7083922028541565
54656,0.0,0.32174384593963623,0.40035533905029297,0.4814034104347229,0.6161621809005737
54657,0.0,0.32174381613731384,0.38542836904525757,0.46531981229782104,0.6357954740524292
54658,0.0,0.32174381613731384,0.5829285979270935,0.46195992827415466,0.6616076827049255
54659,0.0,0.32174381613731384,0.4152138829231262,0.4405670166015625,0.5078989863395691
54660,0.0,0.32174381613731384,0.3230918049812317,0.42387309670448303,0.2240106165409088
54661,0.0,0.32174381613731384,0.3220583200454712,0.4552597105503082,0.2476547658443451
54662,0.0,0.32174381613731384,0.30219006538391113,0.4116160571575165,0.20540516078472137
54663,0.0,0.32174381613731384,0.3209148645401001,0.390434592962265,0.20390652120113373
54664,0.0,0.32174381613731384,0.14883381128311157,0.3150080144405365,0.05273249000310898
54665,0.0,0.32174381613731384,0.08609485626220703,0.27855604887008667,0.0401248075067997
54666,0.0,0.32174381613731384,0.09899812936782837,0.20332850515842438,0.03807408735156059
54667,0.0,0.32174378633499146,0.14892792701721191,0.255594402551651,0.11602506041526794
54668,0.0,0.32174378633499146,0.14521050453186035,0.2537527084350586,0.10372436791658401
54669,0.0,0.32174378633499146,0.07579785585403442,0.2739419937133789,0.0478278286755085
54670,0.0,0.32174375653266907,0.06925767660140991,0.2238183319568634,0.046394795179367065
54671,0.0,0.32174375653266907,0.14139199256896973,0.22825627028942108,0.07292315363883972
54672,0.0,0.32174375653266907,0.09882301092147827,0.12861590087413788,0.04512787610292435
54673,0.0,0.32174375653266907,0.1627139449119568,0.1634984165430069,0.09669607132673264
54674,0.0,0.32174375653266907,0.15236175060272217,0.18782028555870056,0.10316552221775055
54675,0.0,0.3217437267303467,0.15788251161575317,0.20715796947479248,0.16493095457553864
54676,0.0,0.3217437267303467,0.16201114654541016,0.21327854692935944,0.09398134797811508
54677,0.0,0.3217437267303467,0.13034403324127197,0.3168520927429199,0.21201449632644653
54678,0.0,0.3217437267303467,0.20694774389266968,0.2926449775695801,0.17775844037532806
54679,0.0,0.3217437267303467,0.17585033178329468,0.31192702054977417,0.14185817539691925
54680,0.0,0.3217436969280243,0.18865340948104858,0.3019075393676758,0.2018629014492035
54681,0.0,0.3217436969280243,0.2313603162765503,0.24961544573307037,0.22276008129119873
54682,0.0,0.3217436969280243,0.27619117498397827,0.3950943648815155,0.30750903487205505
54683,0.0,0.3217436969280243,0.2768934369087219,0.39698851108551025,0.3463425636291504
54684,0.0,0.3217436969280243,0.25147879123687744,0.4594786465167999,0.3198343813419342
54685,0.0,0.3217436671257019,0.33640211820602417,0.504682183265686,0.3733954131603241
54686,0.0,0.3217436671257019,0.3314364552497864,0.5686269402503967,0.5957699418067932
55208,0.0,0.1548599749803543,0.12335038185119629,0.08190982788801193,0.09548495709896088
55209,0.0,0.15485979616641998,0.2065199613571167,0.3495085537433624,0.2716961205005646
55210,1.0,0.15485979616641998,0.12195897102355957,0.19554701447486877,0.14598524570465088
55211,0.0,0.15485979616641998,0.12974613904953003,0.1558266133069992,0.1443227231502533
55212,0.0,0.15485979616641998,0.14533138275146484,0.1455407738685608,0.18441729247570038
55213,0.0,0.15485979616641998,0.2827981114387512,0.4377615451812744,0.41789188981056213
55214,1.0,0.15485979616641998,0.31146764755249023,0.3571528494358063,0.3263152539730072
55215,1.0,0.15485979616641998,0.18135690689086914,0.27681371569633484,0.21211236715316772
55216,0.0,0.1548597812652588,0.17970329523086548,0.2074703723192215,0.22785599529743195
55217,0.0,0.1548597812652588,0.3077501654624939,0.44884634017944336,0.40546324849128723
55218,1.0,0.1548597812652588,0.19370925426483154,0.2630023956298828,0.22806613147258759
55219,0.0,0.1548597812652588,0.20339125394821167,0.2295432984828949,0.27329516410827637
55220,0.0,0.1548597812652588,0.140957772731781,0.16517320275306702,0.14130087196826935
55221,0.0,0.1548597663640976,0.13378143310546875,0.13917946815490723,0.13506339490413666
55222,0.0,0.1548597663640976,0.2350892424583435,0.39447149634361267,0.3111671805381775
55223,1.0,0.1548597663640976,0.20574921369552612,0.25399282574653625,0.24581794440746307
55224,0.0,0.1548597663640976,0.14879494905471802,0.17818397283554077,0.15618006885051727
55225,0.0,0.1548597663640976,0.14135092496871948,0.15109939873218536,0.14314910769462585
55226,0.0,0.1548597663640976,0.2859017848968506,0.274879515171051,0.3766716718673706
55227,1.0,0.1548597514629364,0.1906070113182068,0.2448980212211609,0.20804844796657562
55228,0.0,0.1548597514629364,0.12948256731033325,0.147136390209198,0.1348351091146469
55229,0.0,0.1548597514629364,0.169062077999115,0.13013271987438202,0.1815246194601059
55230,0.0,0.1548597514629364,0.26376020908355713,0.24735072255134583,0.3659147024154663
55231,1.0,0.1548597514629364,0.15670877695083618,0.2141270488500595,0.16104795038700104
55232,0.0,0.1548597365617752,0.16532540321350098,0.1314990222454071,0.185114786028862
55233,0.0,0.1548597365617752,0.14769119024276733,0.1358044147491455,0.19770701229572296
55234,0.0,0.1548597365617752,0.14395207166671753,0.11575742065906525,0.19519184529781342
55235,0.0,0.1548597365617752,0.10296940803527832,0.12594188749790192,0.09700946509838104
55236,0.0,0.1548597365617752,0.08542472124099731,0.15500213205814362,0.07923075556755066
55237,0.0,0.154859721660614,0.12294870615005493,0.12400128692388535,0.13014085590839386
55238,0.0,0.154859721660614,0.09299492835998535,0.15474386513233185,0.08241827040910721
55239,0.0,0.154859721660614,0.09200716018676758,0.1429629921913147,0.08816734701395035
55240,0.0,0.154859721660614,0.08217185735702515,0.10323210805654526,0.08814403414726257
55241,0.0,0.154859721660614,0.09468549489974976,0.14141210913658142,0.11440777778625488
55242,0.0,0.15485969185829163,0.0929916501045227,0.13094741106033325,0.08374759554862976
55243,1.0,0.15485969185829163,0.08380722999572754,0.16268862783908844,0.1171242818236351
55244,0.0,0.15485969185829163,0.08043712377548218,0.10101113468408585,0.10416968166828156
55245,0.0,0.15485969185829163,0.0875544548034668,0.11487395316362381,0.13467323780059814
55246,0.0,0.15485969185829163,0.06960844993591309,0.08741245418787003,0.088477723300457
55247,0.0,0.15485969185829163,0.06477570533752441,0.06388196349143982,0.07328975945711136
55248,0.0,0.15485969185829163,0.07303297519683838,0.10275164246559143,0.07673770189285278
55249,1.0,0.15485969185829163,0.08662110567092896,0.10928022116422653,0.0777103379368782
55250,0.0,0.15485969185829163,0.12205487489700317,0.16143226623535156,0.13270139694213867
55251,0.0,0.15485969185829163,0.08464914560317993,0.08750548958778381,0.10032825917005539
55252,0.0,0.15485966205596924,0.08454346656799316,0.09742788970470428,0.0709574967622757
55253,0.0,0.15485966205596924,0.09231621026992798,0.08819013088941574,0.07468270510435104
55254,1.0,0.15485966205596924,0.12013787031173706,0.14995349943637848,0.13064180314540863
55255,1.0,0.15485966205596924,0.10850322246551514,0.13831256330013275,0.09865488857030869
55256,0.0,0.15485966205596924,0.14581924676895142,0.10703013092279434,0.12053883820772171
55257,0.0,0.15485964715480804,0.13069945573806763,0.08520159125328064,0.09923388063907623
55258,0.0,0.15485964715480804,0.10435229539871216,0.07617098838090897,0.10082414001226425
55259,0.0,0.15485964715480804,0.11217868328094482,0.08827439695596695,0.09387145936489105
55260,0.0,0.15485964715480804,0.13602060079574585,0.11938834935426712,0.16438749432563782
55782,1.0,0.0970742329955101,0.2420387864112854,0.3622540533542633,0.22491873800754547
55783,1.0,0.09707413613796234,0.2971627712249756,0.27225521206855774,0.45981740951538086
55784,1.0,0.09707413613796234,0.29360878467559814,0.21908442676067352,0.3692367970943451
55785,1.0,0.09707413613796234,0.2305610179901123,0.16536056995391846,0.2715163230895996
55786,1.0,0.09707413613796234,0.20617908239364624,0.19687797129154205,0.2770971357822418
55787,1.0,0.09707413613796234,0.26040583848953247,0.20687782764434814,0.4366191327571869
55788,1.0,0.09707412123680115,0.26461321115493774,0.202459454536438,0.41483423113822937
55789,1.0,0.09707412123680115,0.14797121286392212,0.2043919414281845,0.1890989989042282
55790,1.0,0.09707412123680115,0.15237128734588623,0.19755925238132477,0.2078070491552353
55791,1.0,0.09707412123680115,0.3032510280609131,0.23616786301136017,0.5978394746780396
55792,1.0,0.09707412123680115,0.276533305644989,0.21517321467399597,0.44367778301239014
55793,1.0,0.09707412123680115,0.2706083059310913,0.19871306419372559,0.38180941343307495
55794,1.0,0.09707412123680115,0.2698745131492615,0.22050054371356964,0.3689781129360199
55795,1.0,0.09707412123680115,0.23832321166992188,0.2041638195514679,0.3350720703601837
55796,1.0,0.09707412123680115,0.2477286458015442,0.19533683359622955,0.40220215916633606
55797,1.0,0.09707412123680115,0.21783047914505005,0.20741944015026093,0.31034576892852783
55798,1.0,0.09707409143447876,0.22726202011108398,0.1987178474664688,0.3077292740345001
55799,1.0,0.09707409143447876,0.2414306402206421,0.19791938364505768,0.37870118021965027
55800,1.0,0.09707409143447876,0.19307386875152588,0.14930416643619537,0.3097262382507324
55801,1.0,0.09707409143447876,0.1901237964630127,0.1520024836063385,0.28990548849105835
55802,1.0,0.09707409143447876,0.1778731346130371,0.14253291487693787,0.2575358748435974
55803,1.0,0.09707409143447876,0.16991686820983887,0.14340488612651825,0.24898703396320343
55804,1.0,0.09707409143447876,0.14857858419418335,0.16075734794139862,0.19331449270248413
55805,1.0,0.09707409143447876,0.14576399326324463,0.17370299994945526,0.19867806136608124
55806,1.0,0.09707409143447876,0.1691463589668274,0.14832118153572083,0.22160260379314423
55807,1.0,0.09707409143447876,0.15970224142074585,0.14754870533943176,0.2079882174730301
55808,1.0,0.09707407653331757,0.13968288898468018,0.18735381960868835,0.21391913294792175
55809,1.0,0.09707407653331757,0.15487021207809448,0.16723060607910156,0.19714970886707306
55810,1.0,0.09707407653331757,0.14683306217193604,0.1773843914270401,0.2255101054906845
55811,1.0,0.09707407653331757,0.13363099098205566,0.1879362165927887,0.24161358177661896
55812,1.0,0.09707407653331757,0.14140087366104126,0.21314577758312225,0.25903865694999695
55813,1.0,0.09707407653331757,0.07739144563674927,0.13727904856204987,0.08972420543432236
55814,1.0,0.09707407653331757,0.09539330005645752,0.13619588315486908,0.17547592520713806
55815,1.0,0.09707407653331757,0.11667150259017944,0.128647118806839,0.1902112066745758
55816,1.0,0.09707407653331757,0.155414879322052,0.14734689891338348,0.2672654688358307
55817,1.0,0.09707407653331757,0.11013907194137573,0.23914200067520142,0.15839608013629913
55818,1.0,0.09707405418157578,0.057235777378082275,0.14082784950733185,0.07136264443397522
55819,1.0,0.09707405418157578,0.0550694465637207,0.08507544547319412,0.06935561448335648
55820,1.0,0.09707405418157578,0.049036383628845215,0.10263406485319138,0.06966477632522583
55821,1.0,0.09707405418157578,0.08316296339035034,0.11604265868663788,0.11672049015760422
55822,1.0,0.09707405418157578,0.08093488216400146,0.11354772001504898,0.12036579102277756
55823,1.0,0.09707405418157578,0.0562441349029541,0.1089334711432457,0.05414619669318199
55824,1.0,0.09707405418157578,0.04523438215255737,0.07962220907211304,0.04824120178818703
55825,1.0,0.09707405418157578,0.07008624076843262,0.09199322015047073,0.09751170873641968
55826,1.0,0.09707405418157578,0.13170307874679565,0.1434292197227478,0.13781176507472992
55827,1.0,0.09707405418157578,0.12953871488571167,0.20587550103664398,0.17402444779872894
55828,1.0,0.09707403182983398,0.1000906229019165,0.09283989667892456,0.13002809882164001
55829,1.0,0.09707403182983398,0.23750847578048706,0.17056997120380402,0.27797481417655945
55830,1.0,0.09707403182983398,0.27948248386383057,0.19591431319713593,0.3796198070049286
55831,1.0,0.09707403182983398,0.23815983533859253,0.16884569823741913,0.3149099051952362
55832,1.0,0.09707403182983398,0.23764300346374512,0.26354140043258667,0.2888309955596924
55833,1.0,0.09707403182983398,0.22112351655960083,0.28192269802093506,0.297954797744751
55834,1.0,0.09707403182983398,0.4220881462097168,0.4445289075374603,0.648271918296814
56356,1.0,0.14633259177207947,0.16986006498336792,0.16657407581806183,0.21792925894260406
56357,1.0,0.14633244276046753,0.12495678663253784,0.14835861325263977,0.17609485983848572
56358,1.0,0.14633244276046753,0.23494493961334229,0.2577340602874756,0.2836669385433197
56359,1.0,0.14633244276046753,0.32342928647994995,0.41883569955825806,0.36145827174186707
56360,1.0,0.14633244276046753,0.22762960195541382,0.3898319602012634,0.36267024278640747
56361,1.0,0.14633242785930634,0.23801320791244507,0.30883780121803284,0.32894089818000793
56362,1.0,0.14633242785930634,0.1446068286895752,0.22361262142658234,0.16562704741954803
56363,1.0,0.14633242785930634,0.14982038736343384,0.20970898866653442,0.19060686230659485
56364,1.0,0.14633242785930634,0.165816068649292,0.20449745655059814,0.2181650847196579
56365,1.0,0.14633242785930634,0.13905787467956543,0.1858706772327423,0.16033653914928436
56366,1.0,0.14633241295814514,0.16150468587875366,0.1914789378643036,0.18729417026042938
56367,1.0,0.14633241295814514,0.1700802445411682,0.23384176194667816,0.26249486207962036
56368,1.0,0.14633241295814514,0.16628509759902954,0.22705818712711334,0.23254570364952087
56369,1.0,0.14633241295814514,0.16800349950790405,0.19327127933502197,0.2178461253643036
56370,1.0,0.14633241295814514,0.15644997358322144,0.16855990886688232,0.1735914796590805
56371,1.0,0.14633239805698395,0.29140299558639526,0.26463374495506287,0.38798555731773376
56372,1.0,0.14633239805698395,0.24121344089508057,0.36997151374816895,0.313073068857193
56373,1.0,0.14633239805698395,0.21486032009124756,0.21071460843086243,0.30526214838027954
56374,1.0,0.14633239805698395,0.19983071088790894,0.16027048230171204,0.2841613292694092
56375,1.0,0.14633239805698395,0.1838768720626831,0.15802107751369476,0.23313267529010773
56376,1.0,0.14633238315582275,0.13191741704940796,0.13844004273414612,0.17551715672016144
56377,1.0,0.14633238315582275,0.2165355682373047,0.32559725642204285,0.24260540306568146
56378,1.0,0.14633238315582275,0.22133904695510864,0.31931209564208984,0.2514040470123291
56379,1.0,0.14633238315582275,0.14989030361175537,0.1148488000035286,0.20493772625923157
56380,1.0,0.14633238315582275,0.1875452995300293,0.20538024604320526,0.30074602365493774
56381,1.0,0.14633236825466156,0.18994641304016113,0.295554518699646,0.3057215213775635
56382,1.0,0.14633236825466156,0.17241263389587402,0.2574152946472168,0.1788444072008133
56383,1.0,0.14633236825466156,0.18308669328689575,0.30934810638427734,0.19685138761997223
56384,1.0,0.14633236825466156,0.11552697420120239,0.13972832262516022,0.16903938353061676
56385,1.0,0.14633236825466156,0.16990113258361816,0.2404979169368744,0.204056978225708
56386,1.0,0.14633235335350037,0.1323053240776062,0.18224799633026123,0.26305505633354187
56387,1.0,0.14633235335350037,0.08606863021850586,0.10533902794122696,0.12847447395324707
56388,1.0,0.14633235335350037,0.07828444242477417,0.09485190361738205,0.12888643145561218
56389,1.0,0.14633235335350037,0.08580905199050903,0.12134992331266403,0.11211816221475601
56390,1.0,0.14633235335350037,0.12506836652755737,0.184332937002182,0.24035723507404327
56391,1.0,0.14633233845233917,0.07601004838943481,0.08786173164844513,0.10138799250125885
56392,1.0,0.14633233845233917,0.09701406955718994,0.09158708155155182,0.13437384366989136
56393,1.0,0.14633233845233917,0.12957626581192017,0.13200899958610535,0.1655617207288742
56394,1.0,0.14633233845233917,0.090426504611969,0.11146695166826248,0.14174853265285492
56395,1.0,0.14633233845233917,0.07468700408935547,0.0801590234041214,0.12128112465143204
56396,1.0,0.14633233845233917,0.07315331697463989,0.08388679474592209,0.11052834242582321
56397,1.0,0.14633232355117798,0.07259899377822876,0.08422026038169861,0.10439207404851913
56398,1.0,0.14633232355117798,0.07548195123672485,0.07466614991426468,0.10560231655836105
56399,1.0,0.14633232355117798,0.07635468244552612,0.0845353975892067,0.1336287558078766
56400,1.0,0.14633232355117798,0.07354134321212769,0.07555027306079865,0.10328958183526993
56401,1.0,0.14633232355117798,0.06909602880477905,0.09083309024572372,0.08575820177793503
56402,1.0,0.14633230865001678,0.07428359985351562,0.08753257989883423,0.08022650331258774
56403,1.0,0.14633230865001678,0.07050806283950806,0.09390860050916672,0.08234333246946335
56404,1.0,0.14633230865001678,0.09823876619338989,0.15496201813220978,0.11840283870697021
56405,1.0,0.14633230865001678,0.08107191324234009,0.11646541953086853,0.08676689118146896
56406,1.0,0.14633230865001678,0.07365989685058594,0.08122780919075012,0.06823413074016571
56407,1.0,0.1463322937488556,0.13731658458709717,0.12542706727981567,0.1817266345024109
56408,1.0,0.1463322937488556,0.17097580432891846,0.15085195004940033,0.22205889225006104
56930,0.0,0.17342650890350342,0.2639949917793274,0.36158624291419983,0.29068514704704285
56931,1.0,0.17342634499073029,0.09560638666152954,0.2490895539522171,0.11445945501327515
56932,0.0,0.1734263151884079,0.49251222610473633,0.5556172132492065,0.6548305749893188
56933,1.0,0.1734263151884079,0.6264703273773193,0.8133609294891357,0.8603009581565857
56934,1.0,0.1734263151884079,0.5343403816223145,0.7016990184783936,0.8101041913032532
56935,1.0,0.1734263151884079,0.47830212116241455,0.555432915687561,0.7503407597541809
56936,0.0,0.1734263151884079,0.4080408811569214,0.450528621673584,0.6394827961921692
56937,0.0,0.1734263151884079,0.48707348108291626,0.5261484980583191,0.7387258410453796
56938,1.0,0.1734263151884079,0.3680645227432251,0.4165218472480774,0.624643087387085
56939,0.0,0.1734263151884079,0.39451414346694946,0.387638658285141,0.6245224475860596
56940,0.0,0.1734263151884079,0.38843053579330444,0.3534579873085022,0.5839974880218506
56941,1.0,0.1734263151884079,0.4368264079093933,0.4211297631263733,0.5734784007072449
56942,1.0,0.1734262853860855,0.5719524025917053,0.6068299412727356,0.842905580997467
56943,1.0,0.1734262853860855,0.5584468841552734,0.6624007821083069,0.7606998682022095
56944,0.0,0.1734262853860855,0.6536914110183716,0.6914992332458496,0.9090345501899719
56945,1.0,0.1734262853860855,0.6962743997573853,0.8454792499542236,0.9246709942817688
56946,1.0,0.1734262853860855,0.6347362995147705,0.82244873046875,0.9497420191764832
56947,1.0,0.1734262853860855,0.6439114212989807,0.8497442603111267,0.9823992252349854
56948,1.0,0.1734262853860855,0.5707100629806519,0.8615071773529053,0.9771502017974854
56949,1.0,0.1734262853860855,0.5633692741394043,0.8558974266052246,0.9695195555686951
56950,1.0,0.1734262853860855,0.49113035202026367,0.8404025435447693,0.9173881411552429
56951,1.0,0.17342627048492432,0.500901460647583,0.8588624000549316,0.9487990140914917
56952,1.0,0.17342627048492432,0.4828141927719116,0.8020132184028625,0.9200457334518433
56953,1.0,0.17342627048492432,0.4306439757347107,0.8803417682647705,0.9337340593338013
56954,1.0,0.17342627048492432,0.3820740580558777,0.8439406156539917,0.8894206285476685
56955,1.0,0.17342627048492432,0.4207087755203247,0.8365048170089722,0.9346925616264343
56956,1.0,0.17342627048492432,0.3054186701774597,0.6543944478034973,0.5637876391410828
56957,1.0,0.17342624068260193,0.3980036973953247,0.6248312592506409,0.7494532465934753
56958,1.0,0.17342624068260193,0.39358335733413696,0.7118062376976013,0.7782488465309143
56959,1.0,0.17342627048492432,0.3561222553253174,0.616744875907898,0.767055094242096
56960,1.0,0.17342624068260193,0.33935546875,0.6193243861198425,0.7066875100135803
56961,1.0,0.17342624068260193,0.330369770526886,0.6802751421928406,0.7384056448936462
56962,1.0,0.17342624068260193,0.32357698678970337,0.6938096284866333,0.7031504511833191
56963,1.0,0.17342624068260193,0.3133801221847534,0.5866791009902954,0.5874277353286743
56964,1.0,0.17342621088027954,0.22325485944747925,0.4341937303543091,0.27172696590423584
56965,0.0,0.17342621088027954,0.1550547480583191,0.3342476487159729,0.18879708647727966
56966,1.0,0.17342621088027954,0.174996018409729,0.28841498494148254,0.18600696325302124
56967,0.0,0.17342621088027954,0.14273351430892944,0.17567355930805206,0.18704669177532196
56968,1.0,0.17342619597911835,0.1348591446876526,0.19025954604148865,0.13990269601345062
56969,0.0,0.17342619597911835,0.10201495885848999,0.08906518667936325,0.07194367051124573
56970,0.0,0.17342619597911835,0.07073974609375,0.12430739402770996,0.056587040424346924
56971,1.0,0.17342619597911835,0.10099166631698608,0.07934152334928513,0.07291609793901443
56972,0.0,0.17342619597911835,0.09412276744842529,0.0986776128411293,0.07990437746047974
56973,0.0,0.17342618107795715,0.03609633445739746,0.0650583803653717,0.021306229755282402
56974,0.0,0.17342618107795715,0.040424227714538574,0.07907520979642868,0.02723802998661995
56975,0.0,0.17342618107795715,0.053655147552490234,0.05919932201504707,0.04866018891334534
56976,0.0,0.17342618107795715,0.05691361427307129,0.06867785006761551,0.04559393972158432
56977,0.0,0.17342618107795715,0.05264437198638916,0.057194873690605164,0.04772840067744255
56978,0.0,0.17342616617679596,0.0749819278717041,0.08179921656847,0.0732627883553505
56979,0.0,0.17342616617679596,0.07467353343963623,0.089011050760746,0.07152441889047623
56980,0.0,0.17342616617679596,0.1619640588760376,0.11828924715518951,0.18085503578186035
56981,0.0,0.17342616617679596,0.12483876943588257,0.1842041313648224,0.1495288908481598
56982,0.0,0.17342616617679596,0.2548917531967163,0.41791003942489624,0.3238241970539093
57504,0.0,0.17341694235801697,0.07257890701293945,0.10006683319807053,0.05847836285829544
57505,0.0,0.17341677844524384,0.05975186824798584,0.15304608643054962,0.042727697640657425
57506,0.0,0.17341677844524384,0.09229278564453125,0.12007736414670944,0.07999688386917114
57507,0.0,0.17341677844524384,0.08200496435165405,0.15456195175647736,0.09348886460065842
57508,0.0,0.17341677844524384,0.07335197925567627,0.15459224581718445,0.04480837285518646
57509,0.0,0.17341677844524384,0.12014859914779663,0.1859898865222931,0.11785376071929932
57510,0.0,0.17341674864292145,0.13006991147994995,0.2112487256526947,0.17086580395698547
57511,0.0,0.17341674864292145,0.1962594985961914,0.19827048480510712,0.2903037369251251
57512,0.0,0.17341674864292145,0.22563064098358154,0.22985318303108215,0.3583468198776245
57513,0.0,0.17341674864292145,0.33358484506607056,0.24811427295207977,0.43749043345451355
57514,1.0,0.17341674864292145,0.41378962993621826,0.3991971015930176,0.4761192500591278
57515,1.0,0.17341673374176025,0.3726053237915039,0.3098556399345398,0.5421393513679504
57516,1.0,0.17341673374176025,0.5399702787399292,0.5250452756881714,0.6799378991127014
57517,1.0,0.17341673374176025,0.6520025730133057,0.795028567314148,0.8815924525260925
57518,1.0,0.17341673374176025,0.6406803131103516,0.748060405254364,0.8994727730751038
57519,1.0,0.17341673374176025,0.6748044490814209,0.7775231599807739,0.9382396340370178
57520,1.0,0.17341673374176025,0.5434540510177612,0.845291018486023,0.9264070987701416
57521,1.0,0.17341671884059906,0.654763400554657,0.85837322473526,0.9770992398262024
57522,1.0,0.17341671884059906,0.5192630290985107,0.8360633850097656,0.9618842601776123
57523,1.0,0.17341671884059906,0.5639259815216064,0.8013159036636353,0.9653641581535339
57524,1.0,0.17341671884059906,0.5252082347869873,0.8500967621803284,0.9516289234161377
57525,1.0,0.17341671884059906,0.3882007598876953,0.867783784866333,0.8913508653640747
57526,1.0,0.17341670393943787,0.449090838432312,0.7620147466659546,0.8486750721931458
57527,1.0,0.17341670393943787,0.41713225841522217,0.8176826238632202,0.9117547869682312
57528,1.0,0.17341670393943787,0.36123549938201904,0.8051597476005554,0.7817084789276123
57529,1.0,0.17341670393943787,0.3522668480873108,0.7901021242141724,0.7873398661613464
57530,1.0,0.17341670393943787,0.2701054811477661,0.54754239320755,0.619737446308136
57531,1.0,0.17341667413711548,0.3343053460121155,0.5088112354278564,0.7093380093574524
57532,1.0,0.17341667413711548,0.325519859790802,0.5690078735351562,0.6996846199035645
57533,1.0,0.17341667413711548,0.309639573097229,0.5148892998695374,0.6130868792533875
57534,1.0,0.17341667413711548,0.297122597694397,0.5122619867324829,0.6095617413520813
57535,1.0,0.17341667413711548,0.22221028804779053,0.4675098657608032,0.5195525884628296
57536,1.0,0.17341665923595428,0.19332706928253174,0.4260013997554779,0.4001196622848511
57537,1.0,0.17341665923595428,0.2032601237297058,0.41644367575645447,0.38309988379478455
57538,1.0,0.17341665923595428,0.1991884708404541,0.34531211853027344,0.2470819503068924
57539,1.0,0.17341665923595428,0.08386087417602539,0.1294013261795044,0.04873644560575485
57540,0.0,0.17341665923595428,0.11689865589141846,0.09515300393104553,0.09050817787647247
57541,0.0,0.17341665923595428,0.06429022550582886,0.14043517410755157,0.06338357925415039
57542,1.0,0.17341665923595428,0.08825784921646118,0.07135988771915436,0.06879732757806778
57543,0.0,0.17341665923595428,0.04057443141937256,0.08849731087684631,0.029191646724939346
57544,0.0,0.17341665923595428,0.05128556489944458,0.09535681456327438,0.039174359291791916
57545,1.0,0.17341665923595428,0.043876707553863525,0.07032676786184311,0.03308652713894844
57546,0.0,0.1734166294336319,0.10903340578079224,0.1385086327791214,0.11814091354608536
57547,1.0,0.1734166294336319,0.042751431465148926,0.07322154939174652,0.035098057240247726
57548,0.0,0.1734166294336319,0.07729125022888184,0.1570611298084259,0.07297565788030624
57549,1.0,0.1734166294336319,0.09082549810409546,0.09249754250049591,0.11042600870132446
57550,0.0,0.1734166294336319,0.14716440439224243,0.15065687894821167,0.18175001442432404
57551,1.0,0.1734166145324707,0.16771548986434937,0.11002232879400253,0.21765612065792084
57552,1.0,0.1734166145324707,0.14237946271896362,0.14468438923358917,0.15674158930778503
57553,0.0,0.1734166145324707,0.18588054180145264,0.170501247048378,0.1907951384782791
57554,1.0,0.1734166145324707,0.11816412210464478,0.11873247474431992,0.11196861416101456
57555,0.0,0.1734166145324707,0.11659234762191772,0.15475182235240936,0.11768423765897751
57556,0.0,0.1734165996313095,0.10771059989929199,0.1113596111536026,0.07654225826263428
58078,0.0,0.1463242769241333,0.20402675867080688,0.6030056476593018,0.2504090666770935
58079,0.0,0.14632412791252136,0.22058653831481934,0.713042676448822,0.37566742300987244
58080,0.0,0.14632412791252136,0.22623610496520996,0.7048689723014832,0.3890498876571655
58081,0.0,0.14632412791252136,0.20698773860931396,0.6738848686218262,0.3408344089984894
58082,0.0,0.14632409811019897,0.22575008869171143,0.5198144316673279,0.20635448396205902
58083,0.0,0.14632409811019897,0.25225764513015747,0.6126079559326172,0.492512971162796
58084,0.0,0.14632409811019897,0.3106825351715088,0.725553572177887,0.7639785408973694
58085,0.0,0.14632409811019897,0.2568013668060303,0.710442066192627,0.583413302898407
58086,0.0,0.14632409811019897,0.2574734091758728,0.6721610426902771,0.5031272172927856
58087,0.0,0.14632409811019897,0.3204667568206787,0.6814729571342468,0.48371803760528564
58088,0.0,0.14632409811019897,0.35016733407974243,0.6791776418685913,0.6540870666503906
58089,0.0,0.14632409811019897,0.33412015438079834,0.7122552394866943,0.5051231980323792
58090,0.0,0.14632409811019897,0.273196816444397,0.6541776657104492,0.368224561214447
58091,0.0,0.14632409811019897,0.2890482544898987,0.673222541809082,0.45241233706474304
58092,0.0,0.14632409811019897,0.27673548460006714,0.6555502414703369,0.37808457016944885
58093,0.0,0.1463240683078766,0.31590163707733154,0.6089181900024414,0.3946531414985657
58094,0.0,0.1463240683078766,0.34429043531417847,0.6002650856971741,0.385621041059494
58095,0.0,0.1463240683078766,0.37389516830444336,0.6509110331535339,0.5620460510253906
58096,0.0,0.1463240683078766,0.35389888286590576,0.7101666331291199,0.6456394791603088
58097,0.0,0.1463240683078766,0.35387754440307617,0.6736641526222229,0.46571967005729675
58098,0.0,0.1463240683078766,0.30979305505752563,0.7266221046447754,0.4224041998386383
58099,0.0,0.1463240683078766,0.3493541479110718,0.6251570582389832,0.3981351852416992
58100,0.0,0.1463240683078766,0.35083550214767456,0.6128354668617249,0.38575902581214905
58101,0.0,0.1463240683078766,0.31552791595458984,0.5140759348869324,0.20328989624977112
58102,0.0,0.1463240385055542,0.3746633529663086,0.5159814357757568,0.40002763271331787
58103,0.0,0.1463240385055542,0.4018423557281494,0.5596197843551636,0.5557354092597961
58104,0.0,0.1463240385055542,0.31975269317626953,0.43059027194976807,0.5606439113616943
58105,0.0,0.1463240385055542,0.32957953214645386,0.3397560119628906,0.4175097644329071
58106,0.0,0.1463240385055542,0.237798810005188,0.23465438187122345,0.20979773998260498
58107,0.0,0.1463240385055542,0.30265623331069946,0.33295273780822754,0.36557841300964355
58108,0.0,0.146324023604393,0.3667754530906677,0.5152981281280518,0.5913473963737488
58109,0.0,0.146324023604393,0.23687845468521118,0.4154093265533447,0.25325727462768555
58110,0.0,0.146324023604393,0.1649235486984253,0.26467400789260864,0.15440648794174194
58111,0.0,0.146324023604393,0.24958324432373047,0.37416040897369385,0.3180026113986969
58112,0.0,0.146324023604393,0.21177411079406738,0.29171499609947205,0.17031127214431763
58113,0.0,0.1463240087032318,0.11920535564422607,0.20881423354148865,0.11432390660047531
58114,0.0,0.1463240087032318,0.1419837474822998,0.1665666699409485,0.09160304814577103
58115,0.0,0.1463240087032318,0.1689438819885254,0.27187374234199524,0.16611744463443756
58116,0.0,0.1463240087032318,0.1258813738822937,0.25015366077423096,0.10885842144489288
58117,0.0,0.1463240087032318,0.11136579513549805,0.12034011632204056,0.07152169197797775
58118,0.0,0.14632399380207062,0.07983654737472534,0.05733644962310791,0.032412949949502945
58119,0.0,0.14632399380207062,0.07917195558547974,0.021611321717500687,0.04293464124202728
58120,0.0,0.14632399380207062,0.07355737686157227,0.0348399318754673,0.017147142440080643
58121,0.0,0.14632399380207062,0.08058208227157593,0.11224525421857834,0.038897860795259476
58122,0.0,0.14632399380207062,0.11274117231369019,0.10309137403964996,0.05324772745370865
58123,0.0,0.14632397890090942,0.08885788917541504,0.05052412301301956,0.05005131661891937
58124,0.0,0.14632397890090942,0.08669352531433105,0.04941118508577347,0.02360508032143116
58125,0.0,0.14632397890090942,0.08807629346847534,0.03205764293670654,0.029832089319825172
58126,0.0,0.14632397890090942,0.09877043962478638,0.05088185518980026,0.0468343161046505
58127,0.0,0.14632397890090942,0.10771304368972778,0.08487468957901001,0.04382653161883354
58128,0.0,0.14632396399974823,0.09742140769958496,0.04314576834440231,0.05096431449055672
58129,0.0,0.14632396399974823,0.09430956840515137,0.08844346553087234,0.03526206687092781
58130,0.0,0.14632396399974823,0.11390042304992676,0.11708512902259827,0.07645263522863388
58652,0.0,0.17339783906936646,0.285040020942688,0.3419773280620575,0.2643353343009949
58653,1.0,0.17339766025543213,0.39581573009490967,0.5443434715270996,0.5529588460922241
58654,1.0,0.17339766025543213,0.43139737844467163,0.5147789716720581,0.6314595937728882
58655,1.0,0.17339766025543213,0.5214262008666992,0.5012171864509583,0.7058091759681702
58656,1.0,0.17339764535427094,0.4790220856666565,0.41142091155052185,0.6766656637191772
58657,1.0,0.17339764535427094,0.45433878898620605,0.4903377294540405,0.5856547355651855
58658,1.0,0.17339764535427094,0.5051747560501099,0.46486160159111023,0.729736328125
58659,1.0,0.17339764535427094,0.4501352310180664,0.38472288846969604,0.7113757133483887
58660,1.0,0.17339764535427094,0.46822452545166016,0.4174555242061615,0.6475463509559631
58661,1.0,0.17339763045310974,0.3363388776779175,0.26909109950065613,0.4975329637527466
58662,0.0,0.17339763045310974,0.5830198526382446,0.572878897190094,0.861381471157074
58663,1.0,0.17339763045310974,0.7191250920295715,0.8854349851608276,0.9610567688941956
58664,1.0,0.17339763045310974,0.6179434061050415,0.8184013962745667,0.919787585735321
58665,1.0,0.17339763045310974,0.6998326182365417,0.8401462435722351,0.974726676940918
58666,1.0,0.17339763045310974,0.643435537815094,0.8291087746620178,0.98031085729599
58667,1.0,0.17339763045310974,0.6318215131759644,0.8772656321525574,0.9823394417762756
58668,1.0,0.17339764535427094,0.5528016090393066,0.8347431421279907,0.9642042517662048
58669,1.0,0.17339763045310974,0.5037842988967896,0.8576507568359375,0.9279079437255859
58670,1.0,0.17339761555194855,0.4949694275856018,0.827497661113739,0.9120791554450989
58671,1.0,0.17339760065078735,0.4762839078903198,0.6828625202178955,0.7799353003501892
58672,1.0,0.17339760065078735,0.4565232992172241,0.6960539817810059,0.7658486366271973
58673,1.0,0.17339760065078735,0.42408889532089233,0.7403212189674377,0.8465119004249573
58674,1.0,0.17339760065078735,0.4535370469093323,0.6942408084869385,0.7050662636756897
58675,1.0,0.17339761555194855,0.4318355321884155,0.8495211005210876,0.9129295945167542
58676,1.0,0.17339760065078735,0.31170737743377686,0.7024898529052734,0.6196386814117432
58677,1.0,0.17339761555194855,0.35013914108276367,0.7035713195800781,0.7769852876663208
58678,1.0,0.17339760065078735,0.3290025591850281,0.5862464308738708,0.5495296120643616
58679,1.0,0.17339760065078735,0.32851308584213257,0.587262749671936,0.6456712484359741
58680,1.0,0.17339760065078735,0.241108238697052,0.3792640268802643,0.38551148772239685
58681,1.0,0.17339760065078735,0.18556249141693115,0.38710343837738037,0.2647860646247864
58682,0.0,0.17339757084846497,0.14884984493255615,0.3013884425163269,0.17931286990642548
58683,0.0,0.17339757084846497,0.13326215744018555,0.29608625173568726,0.1659342646598816
58684,0.0,0.17339757084846497,0.07205653190612793,0.08028994500637054,0.05732344090938568
58685,0.0,0.17339757084846497,0.053833603858947754,0.07135460525751114,0.04807467386126518
58686,0.0,0.17339755594730377,0.06049996614456177,0.0681556984782219,0.04831729829311371
58687,0.0,0.17339755594730377,0.05582529306411743,0.07048465311527252,0.046851322054862976
58688,0.0,0.17339755594730377,0.08040297031402588,0.07725125551223755,0.10814902931451797
58689,1.0,0.17339755594730377,0.07596802711486816,0.08607807010412216,0.07776366919279099
58690,0.0,0.17339755594730377,0.13189899921417236,0.12826323509216309,0.16818767786026
58691,1.0,0.17339752614498138,0.10284292697906494,0.07870474457740784,0.11358920484781265
58692,0.0,0.17339752614498138,0.06675159931182861,0.09025957435369492,0.06649891287088394
58693,0.0,0.17339752614498138,0.07433211803436279,0.06844290345907211,0.06509464234113693
58694,0.0,0.17339752614498138,0.08131760358810425,0.06341832131147385,0.08485919237136841
58695,0.0,0.17339752614498138,0.03296554088592529,0.07503698766231537,0.02827700972557068
58696,0.0,0.17339752614498138,0.0552823543548584,0.05759773775935173,0.061261143535375595
58697,0.0,0.17339752614498138,0.05818754434585571,0.04592663422226906,0.06114087253808975
58698,0.0,0.17339752614498138,0.059648334980010986,0.0695265606045723,0.05817955359816551
58699,0.0,0.17339752614498138,0.062311530113220215,0.04582976549863815,0.060301970690488815
58700,0.0,0.17339752614498138,0.07370728254318237,0.07382378727197647,0.07192593812942505
58701,0.0,0.173397496342659,0.08042556047439575,0.08329509943723679,0.10076925903558731
58702,0.0,0.173397496342659,0.08803701400756836,0.08378593623638153,0.07845181971788406
58703,0.0,0.173397496342659,0.06818503141403198,0.05915161222219467,0.0631440207362175
58704,0.0,0.173397496342659,0.19819223880767822,0.2248189002275467,0.29936525225639343
59226,1.0,0.10628645122051239,0.3430231809616089,0.33729156851768494,0.520598828792572
59227,1.0,0.10628634691238403,0.17526262998580933,0.2788883447647095,0.32279667258262634
59228,1.0,0.10628634691238403,0.1666853427886963,0.2341163158416748,0.2292143702507019
59229,1.0,0.10628634691238403,0.17401516437530518,0.15848779678344727,0.21032720804214478
59230,1.0,0.10628634691238403,0.14329826831817627,0.1495635062456131,0.1536141335964203
59231,1.0,0.10628632456064224,0.1579608917236328,0.16910505294799805,0.25052735209465027
59232,1.0,0.10628632456064224,0.25235438346862793,0.19978520274162292,0.348811537027359
59233,1.0,0.10628632456064224,0.20630532503128052,0.1779961884021759,0.34695056080818176
59234,1.0,0.10628632456064224,0.17323189973831177,0.15493744611740112,0.24783793091773987
59235,1.0,0.10628632456064224,0.15168988704681396,0.12499494105577469,0.2248854786157608
59236,1.0,0.10628632456064224,0.3328070640563965,0.5287846922874451,0.5879364609718323
59237,1.0,0.10628632456064224,0.19563090801239014,0.24739064276218414,0.23312817513942719
59238,1.0,0.10628632456064224,0.33329564332962036,0.40732553601264954,0.4544360637664795
59239,1.0,0.10628632456064224,0.43716275691986084,0.4206182658672333,0.6772341728210449
59240,1.0,0.10628632456064224,0.234294593334198,0.29058170318603516,0.37564629316329956
59241,1.0,0.10628630220890045,0.4039123058319092,0.2841695547103882,0.5537995100021362
59242,1.0,0.10628630220890045,0.3760685920715332,0.39685121178627014,0.5733799934387207
59243,1.0,0.10628630220890045,0.41082334518432617,0.37666741013526917,0.6482478976249695
59244,1.0,0.10628630220890045,0.3590335249900818,0.3250913619995117,0.5751684308052063
59245,1.0,0.10628630220890045,0.24782902002334595,0.21292456984519958,0.29841169714927673
59246,1.0,0.10628630220890045,0.2112484574317932,0.12282104790210724,0.28083401918411255
59247,1.0,0.10628630220890045,0.32853609323501587,0.3184513747692108,0.4122123122215271
59248,1.0,0.10628630220890045,0.2282630205154419,0.11428357660770416,0.24582192301750183
59249,1.0,0.10628630220890045,0.22982311248779297,0.12394007295370102,0.24015773832798004
59250,1.0,0.10628630220890045,0.20267802476882935,0.10782358795404434,0.21393273770809174
59251,1.0,0.10628626495599747,0.15801137685775757,0.097215935587883,0.14565831422805786
59252,1.0,0.10628626495599747,0.10038626194000244,0.1379491239786148,0.12888312339782715
59253,1.0,0.10628626495599747,0.07594960927963257,0.1384616196155548,0.0887160375714302
59254,1.0,0.10628626495599747,0.14048540592193604,0.19341209530830383,0.2093173861503601
59255,1.0,0.10628626495599747,0.08772915601730347,0.11810290068387985,0.12491913884878159
59256,1.0,0.10628626495599747,0.10954010486602783,0.18007412552833557,0.1400868147611618
59257,1.0,0.10628626495599747,0.08238202333450317,0.11869233101606369,0.1039271429181099
59258,1.0,0.10628626495599747,0.08984708786010742,0.13167528808116913,0.08592543751001358
59259,1.0,0.10628626495599747,0.11253231763839722,0.2190759778022766,0.1419675350189209
59260,1.0,0.10628626495599747,0.09768998622894287,0.1083366870880127,0.100394606590271
59261,1.0,0.10628626495599747,0.07187139987945557,0.12104152888059616,0.06546296179294586
59262,1.0,0.10628625750541687,0.07986706495285034,0.11511223018169403,0.08581127226352692
59263,1.0,0.10628625750541687,0.06298226118087769,0.11784256994724274,0.06898798793554306
59264,1.0,0.10628625750541687,0.05975341796875,0.12523153424263,0.053882889449596405
59265,1.0,0.10628625750541687,0.0827072262763977,0.11385633051395416,0.10492192953824997
59266,1.0,0.10628625750541687,0.07137453556060791,0.10248307883739471,0.10024165362119675
59267,1.0,0.10628625750541687,0.09987205266952515,0.13005222380161285,0.11260814964771271
59268,1.0,0.10628625750541687,0.0736650824546814,0.15135551989078522,0.10862135142087936
59269,1.0,0.10628625750541687,0.07050293684005737,0.09357663989067078,0.07290613651275635
59270,1.0,0.10628625750541687,0.14921122789382935,0.13720010221004486,0.21456275880336761
59271,1.0,0.10628625750541687,0.1463366150856018,0.14156223833560944,0.18406955897808075
59272,1.0,0.10628623515367508,0.11519968509674072,0.1158394142985344,0.17434969544410706
59273,1.0,0.10628623515367508,0.11602216958999634,0.1200232058763504,0.2137935906648636
59274,1.0,0.10628623515367508,0.20540595054626465,0.1973894238471985,0.24848288297653198
59275,1.0,0.10628623515367508,0.2557949423789978,0.2545824348926544,0.3147243857383728
59276,1.0,0.10628623515367508,0.2930348515510559,0.25596290826797485,0.38780370354652405
59277,1.0,0.10628623515367508,0.23158526420593262,0.3895335793495178,0.3051992654800415
59278,1.0,0.10628623515367508,0.1742144227027893,0.22812983393669128,0.3075132668018341
59800,0.0,0.1217801421880722,0.19850844144821167,0.23918069899082184,0.20167973637580872
59801,0.0,0.12178000062704086,0.12049627304077148,0.1711851954460144,0.07093244045972824
59802,0.0,0.12178000062704086,0.07718509435653687,0.1577804684638977,0.04095570370554924
59803,0.0,0.12178000062704086,0.09473520517349243,0.14235229790210724,0.05688994377851486
59804,0.0,0.12178000062704086,0.048908114433288574,0.1724250465631485,0.030436178669333458
59805,0.0,0.12178000062704086,0.05733978748321533,0.1917908787727356,0.04075707122683525
59806,0.0,0.12178000062704086,0.07477396726608276,0.18017488718032837,0.04928021505475044
59807,0.0,0.12178000062704086,0.21765905618667603,0.42355942726135254,0.27042484283447266
59808,0.0,0.12178000062704086,0.13474255800247192,0.22185562551021576,0.09404269605875015
59809,0.0,0.12178000062704086,0.1007196307182312,0.24105647206306458,0.052107468247413635
59810,0.0,0.12178000062704086,0.2576420307159424,0.42375990748405457,0.22316774725914001
59811,0.0,0.12177998572587967,0.12229257822036743,0.20827825367450714,0.08447044342756271
59812,0.0,0.12177998572587967,0.30157142877578735,0.520368754863739,0.30290132761001587
59813,0.0,0.12177998572587967,0.12497889995574951,0.2272796928882599,0.06928462535142899
59814,0.0,0.12177998572587967,0.3128529191017151,0.3426952660083771,0.4585353136062622
59815,0.0,0.12177998572587967,0.26705795526504517,0.35302186012268066,0.26340505480766296
59816,0.0,0.12177997827529907,0.27408087253570557,0.3910960257053375,0.36586877703666687
59817,0.0,0.12177997827529907,0.2929984927177429,0.43527403473854065,0.29509425163269043
59818,0.0,0.12177997827529907,0.1905418038368225,0.21420058608055115,0.19110006093978882
59819,0.0,0.12177997827529907,0.24020153284072876,0.24156825244426727,0.21236465871334076
59820,0.0,0.12177997827529907,0.1409701704978943,0.15359587967395782,0.16086100041866302
59821,0.0,0.12177997827529907,0.29173070192337036,0.2742432653903961,0.29402777552604675
59822,0.0,0.12177997827529907,0.1602533459663391,0.1589668244123459,0.12924404442310333
59823,0.0,0.12177997827529907,0.2737382650375366,0.21753977239131927,0.32648003101348877
59824,0.0,0.12177997827529907,0.13835233449935913,0.13650865852832794,0.11458433419466019
59825,0.0,0.12177997827529907,0.14232921600341797,0.09391652792692184,0.11301775276660919
59826,0.0,0.12177994847297668,0.14525705575942993,0.14619453251361847,0.11218239367008209
59827,0.0,0.12177994847297668,0.1613500714302063,0.16282247006893158,0.13137316703796387
59828,0.0,0.12177994847297668,0.1965388059616089,0.19993770122528076,0.21373900771141052
59829,0.0,0.12177994847297668,0.16088223457336426,0.12344425171613693,0.13278019428253174
59830,0.0,0.12177994847297668,0.17612946033477783,0.11633219569921494,0.1176132783293724
59831,0.0,0.12177994847297668,0.10010796785354614,0.07248187810182571,0.10141921788454056
59832,0.0,0.12177994847297668,0.09874290227890015,0.118792824447155,0.08211701363325119
59833,0.0,0.12177994847297668,0.08455026149749756,0.13533775508403778,0.069270558655262
59834,0.0,0.12177994847297668,0.12315189838409424,0.14108769595623016,0.11685262620449066
59835,0.0,0.12177994847297668,0.07067537307739258,0.1156868264079094,0.060091204941272736
59836,0.0,0.1217799186706543,0.09349960088729858,0.1048613116145134,0.07443180680274963
59837,0.0,0.1217799186706543,0.06773245334625244,0.10060840845108032,0.05397775024175644
59838,0.0,0.1217799186706543,0.08245313167572021,0.09138516336679459,0.0700707659125328
59839,0.0,0.1217799186706543,0.05095940828323364,0.07726237177848816,0.045945197343826294
59840,0.0,0.1217799186706543,0.04575103521347046,0.06487444788217545,0.0342489518225193
59841,0.0,0.1217799186706543,0.05117303133010864,0.06239841505885124,0.03358245640993118
59842,0.0,0.1217799186706543,0.0426945686340332,0.10338100790977478,0.03974594920873642
59843,0.0,0.1217799186706543,0.0448574423789978,0.062295760959386826,0.026563629508018494
59844,0.0,0.1217799186706543,0.04623383283615112,0.044570572674274445,0.02768021449446678
59845,0.0,0.1217799186706543,0.041096389293670654,0.039269205182790756,0.02574385702610016
59846,0.0,0.12177988886833191,0.059187114238739014,0.07989571988582611,0.06779853254556656
59847,0.0,0.12177988886833191,0.044384777545928955,0.03972621262073517,0.03223033994436264
59848,0.0,0.12177988886833191,0.045628249645233154,0.09225700050592422,0.03102688677608967
59849,0.0,0.12177988886833191,0.04486435651779175,0.055075619369745255,0.02353675849735737
59850,0.0,0.12177988886833191,0.0785936713218689,0.07330915331840515,0.05273621529340744
59851,0.0,0.12177988886833191,0.08659958839416504,0.06651660799980164,0.058198779821395874
59852,0.0,0.12177988886833191,0.056597352027893066,0.1333499699831009,0.05566240847110748
60374,0.0,0.12175802886486053,0.1575879454612732,0.14492306113243103,0.12338890880346298
60375,0.0,0.12175791710615158,0.12048017978668213,0.18443475663661957,0.07185609638690948
60376,0.0,0.12175791710615158,0.0993008017539978,0.15866106748580933,0.061174944043159485
60377,0.0,0.12175791710615158,0.09614425897598267,0.14084137976169586,0.0572875440120697
60378,0.0,0.1217578873038292,0.07283353805541992,0.13202092051506042,0.06283226609230042
60379,0.0,0.1217578873038292,0.07843220233917236,0.17656458914279938,0.07064010202884674
60380,0.0,0.1217578873038292,0.07901573181152344,0.1549457162618637,0.06049690395593643
60381,0.0,0.1217578873038292,0.0803443193435669,0.1077333465218544,0.06347528845071793
60382,0.0,0.1217578873038292,0.09579652547836304,0.11035222560167313,0.07785195112228394
60383,0.0,0.1217578873038292,0.08912128210067749,0.1428646594285965,0.08117609471082687
60384,0.0,0.1217578873038292,0.08469820022583008,0.15637801587581635,0.09092917293310165
60385,0.0,0.1217578873038292,0.09963840246200562,0.1482360064983368,0.10412858426570892
60386,0.0,0.1217578873038292,0.09656268358230591,0.13052117824554443,0.09753593802452087
60387,0.0,0.1217578873038292,0.09145396947860718,0.15192101895809174,0.06185394152998924
60388,0.0,0.1217578575015068,0.09541451930999756,0.16387657821178436,0.09750842303037643
60389,0.0,0.1217578575015068,0.09913736581802368,0.11470817774534225,0.08775720745325089
60390,0.0,0.1217578575015068,0.10474741458892822,0.17274077236652374,0.10059541463851929
60391,0.0,0.1217578575015068,0.09024584293365479,0.10696197301149368,0.0851086974143982
60392,0.0,0.1217578575015068,0.0877653956413269,0.10620950907468796,0.08148305863142014
60393,0.0,0.1217578575015068,0.0687793493270874,0.05395049974322319,0.051934681832790375
60394,0.0,0.1217578575015068,0.08161658048629761,0.10727456212043762,0.0746905505657196
60395,0.0,0.1217578575015068,0.10858583450317383,0.1120855063199997,0.10865787416696548
60396,0.0,0.1217578575015068,0.10586553812026978,0.09510630369186401,0.08151586353778839
60397,0.0,0.1217578575015068,0.07640659809112549,0.09786523878574371,0.059105925261974335
60398,0.0,0.1217578575015068,0.08555042743682861,0.07726068794727325,0.06809259951114655
60399,0.0,0.12175784260034561,0.08829784393310547,0.09034541994333267,0.07400339096784592
60400,0.0,0.12175784260034561,0.06379348039627075,0.08493611961603165,0.05757221579551697
60401,0.0,0.12175784260034561,0.050894320011138916,0.08546203374862671,0.03744158148765564
60402,0.0,0.12175784260034561,0.060475289821624756,0.07417738437652588,0.054365355521440506
60403,0.0,0.12175784260034561,0.05851542949676514,0.08954077214002609,0.057020705193281174
60404,0.0,0.12175782769918442,0.13642936944961548,0.1565420776605606,0.13916997611522675
60405,0.0,0.12175782769918442,0.18002784252166748,0.39214617013931274,0.2639135420322418
60406,1.0,0.12175782769918442,0.17671096324920654,0.2892427146434784,0.20242944359779358
60407,0.0,0.12175782769918442,0.21831923723220825,0.22827580571174622,0.17372359335422516
60408,0.0,0.12175782769918442,0.1559416651725769,0.1654246300458908,0.1379680186510086
60409,0.0,0.12175782769918442,0.13193070888519287,0.20185460150241852,0.14827771484851837
60410,0.0,0.12175782769918442,0.1402999758720398,0.1890406757593155,0.1857403814792633
60411,0.0,0.12175782769918442,0.13590353727340698,0.1191001906991005,0.15346907079219818
60412,0.0,0.12175782769918442,0.12855762243270874,0.14787371456623077,0.13175898790359497
60413,0.0,0.12175782769918442,0.09248876571655273,0.10691677033901215,0.09456125646829605
60414,0.0,0.12175780534744263,0.06433403491973877,0.08838150650262833,0.058035749942064285
60415,0.0,0.12175780534744263,0.04672527313232422,0.06183722987771034,0.03678995743393898
60416,0.0,0.12175780534744263,0.042586565017700195,0.05579738691449165,0.040080808103084564
60417,0.0,0.12175780534744263,0.03910797834396362,0.03222928196191788,0.034050893038511276
60418,0.0,0.12175780534744263,0.07667464017868042,0.06174786388874054,0.05598149821162224
60419,0.0,0.12175780534744263,0.1377517580986023,0.16213905811309814,0.11442045867443085
60420,0.0,0.12175780534744263,0.2942602038383484,0.325768381357193,0.29269880056381226
60421,1.0,0.12175780534744263,0.3051632046699524,0.4025716781616211,0.38724470138549805
60422,1.0,0.12175780534744263,0.3175344467163086,0.35925668478012085,0.3840823173522949
60423,1.0,0.12175780534744263,0.15412455797195435,0.20245714485645294,0.15754133462905884
60424,0.0,0.12175777554512024,0.26722878217697144,0.20866380631923676,0.21986648440361023
60425,0.0,0.12175777554512024,0.2568410634994507,0.19723819196224213,0.2450556606054306
60426,0.0,0.12175777554512024,0.38055944442749023,0.3450644314289093,0.6059012413024902
60948,1.0,0.08383781462907791,0.465609610080719,0.4231354296207428,0.6920697093009949
60949,1.0,0.08383771777153015,0.4163513779640198,0.5263819098472595,0.6975332498550415
60950,1.0,0.08383771777153015,0.5713809728622437,0.5155909061431885,0.7532477974891663
60951,1.0,0.08383770287036896,0.5787992477416992,0.6155382990837097,0.8167562484741211
60952,1.0,0.08383770287036896,0.6352806091308594,0.6423609256744385,0.8691833019256592
60953,1.0,0.08383770287036896,0.6313933730125427,0.7162911295890808,0.8647444248199463
60954,1.0,0.08383770287036896,0.5318323373794556,0.562028706073761,0.8530117273330688
60955,1.0,0.08383770287036896,0.41968756914138794,0.5886791944503784,0.6903668642044067
60956,1.0,0.08383770287036896,0.5016238689422607,0.6395008563995361,0.7841100692749023
60957,1.0,0.08383770287036896,0.6200817823410034,0.6950903534889221,0.7705960273742676
60958,1.0,0.08383770287036896,0.5260705947875977,0.6447395086288452,0.7971949577331543
60959,1.0,0.08383770287036896,0.5343917608261108,0.7402670383453369,0.870277464389801
60960,1.0,0.08383770287036896,0.5526736378669739,0.6770235300064087,0.8325795531272888
60961,1.0,0.08383768796920776,0.50521320104599,0.5839307904243469,0.7599190473556519
60962,1.0,0.08383768796920776,0.43036597967147827,0.49552664160728455,0.5638179779052734
60963,1.0,0.08383768796920776,0.5170667171478271,0.6035773754119873,0.8253183364868164
60964,1.0,0.08383768796920776,0.6053570508956909,0.6494691967964172,0.8280653953552246
60965,1.0,0.08383768796920776,0.5782240629196167,0.6548433303833008,0.8232710361480713
60966,1.0,0.08383768796920776,0.46034103631973267,0.49173709750175476,0.6693083643913269
60967,1.0,0.08383768796920776,0.42046278715133667,0.446574866771698,0.6253912448883057
60968,1.0,0.08383768796920776,0.4708552956581116,0.4316512942314148,0.6540585160255432
60969,1.0,0.08383768796920776,0.44854456186294556,0.27833011746406555,0.5728557705879211
60970,1.0,0.08383768796920776,0.3734034299850464,0.363077312707901,0.4967644512653351
60971,1.0,0.08383768796920776,0.41928189992904663,0.3607330918312073,0.513227105140686
60972,1.0,0.08383766561746597,0.3032950162887573,0.313453733921051,0.44365572929382324
60973,1.0,0.08383766561746597,0.26559513807296753,0.22859135270118713,0.2917884290218353
60974,1.0,0.08383766561746597,0.2456263303756714,0.25043946504592896,0.258248895406723
60975,1.0,0.08383766561746597,0.2778559923171997,0.28647324442863464,0.4875454306602478
60976,1.0,0.08383766561746597,0.3269858956336975,0.37940892577171326,0.3305427134037018
60977,1.0,0.08383766561746597,0.23780131340026855,0.19548046588897705,0.29971757531166077
60978,1.0,0.08383766561746597,0.2968939542770386,0.3058057129383087,0.34397345781326294
60979,1.0,0.08383766561746597,0.2080572247505188,0.26862263679504395,0.28071680665016174
60980,1.0,0.08383766561746597,0.24078255891799927,0.34131473302841187,0.28681567311286926
60981,1.0,0.08383766561746597,0.20613878965377808,0.21278996765613556,0.24960395693778992
60982,1.0,0.08383765071630478,0.19208991527557373,0.18483693897724152,0.1893610954284668
60983,1.0,0.08383765071630478,0.19952255487442017,0.22216558456420898,0.1891704797744751
60984,1.0,0.08383765071630478,0.10111325979232788,0.22348915040493011,0.21239493787288666
60985,1.0,0.08383765071630478,0.0877683162689209,0.20306947827339172,0.1734503209590912
60986,1.0,0.08383765071630478,0.09308063983917236,0.14328977465629578,0.10844391584396362
60987,1.0,0.08383765071630478,0.16169333457946777,0.14759016036987305,0.14164623618125916
60988,1.0,0.08383765071630478,0.24974006414413452,0.21098847687244415,0.3115842938423157
60989,1.0,0.08383765071630478,0.11152982711791992,0.11437871307134628,0.11655978113412857
60990,1.0,0.08383765071630478,0.14598381519317627,0.11516502499580383,0.1319916993379593
60991,1.0,0.08383765071630478,0.16010046005249023,0.1631167232990265,0.2392379194498062
60992,1.0,0.08383762836456299,0.25659698247909546,0.24488596618175507,0.3626078963279724
60993,1.0,0.08383762836456299,0.252643346786499,0.2410399615764618,0.39105692505836487
60994,1.0,0.08383762836456299,0.2743479013442993,0.2164749652147293,0.31255465745925903
60995,1.0,0.08383762836456299,0.2512744069099426,0.3118552267551422,0.32680460810661316
60996,1.0,0.08383762836456299,0.3501642942428589,0.4538895785808563,0.49379074573516846
60997,1.0,0.08383762836456299,0.39167308807373047,0.4143454134464264,0.4117427170276642
60998,1.0,0.08383762836456299,0.28923386335372925,0.3437859117984772,0.4284875690937042
60999,1.0,0.08383762836456299,0.3038569688796997,0.3023547828197479,0.39754074811935425
61000,1.0,0.08383762836456299,0.41417521238327026,0.4468112289905548,0.6550108194351196
61522,1.0,0.10626745969057083,0.40375983715057373,0.3339548110961914,0.5315961241722107
61523,1.0,0.10626734048128128,0.4092112183570862,0.4146811068058014,0.732338011264801
61524,1.0,0.10626734048128128,0.496393620967865,0.5857146978378296,0.7847817540168762
61525,1.0,0.10626734048128128,0.31034040451049805,0.32017990946769714,0.4877263903617859
61526,0.0,0.10626731812953949,0.3949233889579773,0.425287663936615,0.6642324924468994
61527,1.0,0.10626731812953949,0.45522451400756836,0.5039300322532654,0.7017634510993958
61528,1.0,0.10626731812953949,0.48499804735183716,0.4595743417739868,0.6622025966644287
61529,1.0,0.10626731812953949,0.4297506809234619,0.38015440106391907,0.6566440463066101
61530,1.0,0.10626731812953949,0.41908377408981323,0.37925124168395996,0.5681695938110352
61531,1.0,0.10626731812953949,0.32811903953552246,0.26574239134788513,0.557050883769989
61532,0.0,0.10626731812953949,0.18395942449569702,0.1994456797838211,0.25342708826065063
61533,0.0,0.10626731812953949,0.42330944538116455,0.3652786314487457,0.6067303419113159
61534,1.0,0.10626731812953949,0.4328879714012146,0.4299875795841217,0.5778166651725769
61535,1.0,0.10626731812953949,0.46366631984710693,0.4189487099647522,0.6062442064285278
61536,1.0,0.1062672957777977,0.5116927623748779,0.4059752821922302,0.7235311269760132
61537,1.0,0.1062672957777977,0.35540634393692017,0.34592846035957336,0.5835853219032288
61538,0.0,0.1062672957777977,0.4467151165008545,0.44039997458457947,0.6096534729003906
61539,1.0,0.1062672957777977,0.47558993101119995,0.3626819849014282,0.7204291224479675
61540,0.0,0.1062672957777977,0.35994988679885864,0.255755215883255,0.507594645023346
61541,1.0,0.1062672957777977,0.22273576259613037,0.19347533583641052,0.18592321872711182
61542,0.0,0.1062672957777977,0.2989339232444763,0.19763654470443726,0.45562705397605896
61543,0.0,0.1062672957777977,0.3391215205192566,0.28679150342941284,0.40915632247924805
61544,1.0,0.1062672957777977,0.22018462419509888,0.118979312479496,0.22626420855522156
61545,0.0,0.1062672957777977,0.2519926428794861,0.1993510127067566,0.3392084240913391
61546,1.0,0.1062672957777977,0.21156007051467896,0.11210497468709946,0.18678803741931915
61547,0.0,0.1062672808766365,0.18640094995498657,0.1414470374584198,0.14476729929447174
61548,0.0,0.1062672808766365,0.20212161540985107,0.1639368087053299,0.2230066955089569
61549,1.0,0.1062672808766365,0.18025445938110352,0.20533421635627747,0.28717827796936035
61550,1.0,0.1062672808766365,0.17284220457077026,0.13444966077804565,0.21978791058063507
61551,0.0,0.1062672808766365,0.20387589931488037,0.23426595330238342,0.3141254186630249
61552,1.0,0.1062672808766365,0.23452353477478027,0.1816943734884262,0.236587792634964
61553,1.0,0.1062672808766365,0.14267456531524658,0.11597269773483276,0.15916192531585693
61554,0.0,0.1062672808766365,0.10114586353302002,0.11327684670686722,0.09713692218065262
61555,0.0,0.1062672808766365,0.10393500328063965,0.11587326228618622,0.12028984725475311
61556,1.0,0.1062672808766365,0.12192225456237793,0.12502418458461761,0.17130468785762787
61557,1.0,0.10626725852489471,0.1417156457901001,0.2185526043176651,0.15548139810562134
61558,1.0,0.10626725852489471,0.12978410720825195,0.17800290882587433,0.1537560522556305
61559,1.0,0.10626725852489471,0.14454180002212524,0.20550376176834106,0.12801487743854523
61560,1.0,0.10626725852489471,0.13153177499771118,0.14653882384300232,0.15354450047016144
61561,1.0,0.10626725852489471,0.1346643567085266,0.14730112254619598,0.14412766695022583
61562,0.0,0.10626725852489471,0.11785095930099487,0.10976150631904602,0.13014619052410126
61563,0.0,0.10626725852489471,0.0887671709060669,0.10723603516817093,0.11165620386600494
61564,0.0,0.10626725852489471,0.12296664714813232,0.19049197435379028,0.14228470623493195
61565,1.0,0.10626725852489471,0.13617563247680664,0.23197351396083832,0.17665109038352966
61566,1.0,0.10626725852489471,0.16356754302978516,0.17369122803211212,0.2582184672355652
61567,0.0,0.10626723617315292,0.1650853157043457,0.1160099059343338,0.17371691763401031
61568,0.0,0.10626723617315292,0.11755293607711792,0.09042787551879883,0.11065550893545151
61569,0.0,0.10626723617315292,0.19802480936050415,0.22391782701015472,0.26491284370422363
61570,0.0,0.10626723617315292,0.36228370666503906,0.4357271194458008,0.5059564709663391
61571,1.0,0.10626723617315292,0.2726603150367737,0.4154561460018158,0.4529930055141449
61572,0.0,0.10626723617315292,0.2624174952507019,0.22052828967571259,0.31016236543655396
61573,0.0,0.10626723617315292,0.15735489130020142,0.23987554013729095,0.17242886126041412
61574,0.0,0.10626723617315292,0.33161091804504395,0.2661721706390381,0.4555032551288605
62096,0.0,0.09704986214637756,0.3246937394142151,0.6324033737182617,0.6392557621002197
62097,0.0,0.0970497727394104,0.4992174506187439,0.6829409003257751,0.7686566114425659
62098,0.0,0.09704975038766861,0.49464941024780273,0.7618191242218018,0.7617933750152588
62099,0.0,0.09704975038766861,0.5048383474349976,0.7426655292510986,0.8057265281677246
62100,0.0,0.09704975038766861,0.37524622678756714,0.7224490642547607,0.561960756778717
62101,0.0,0.09704975038766861,0.4325718879699707,0.7281155586242676,0.6886889934539795
62102,0.0,0.09704975038766861,0.4654237627983093,0.7141450047492981,0.5994351506233215
62103,0.0,0.09704975038766861,0.40555644035339355,0.8090106248855591,0.7451832294464111
62104,0.0,0.09704975038766861,0.3458018898963928,0.7593069672584534,0.6035909056663513
62105,0.0,0.09704975038766861,0.43775326013565063,0.7476990818977356,0.596480131149292
62106,0.0,0.09704973548650742,0.4626290798187256,0.7492325305938721,0.5716825127601624
62107,0.0,0.09704973548650742,0.45373862981796265,0.7580649852752686,0.6879459619522095
62108,0.0,0.09704973548650742,0.538019061088562,0.7335830926895142,0.7257647514343262
62109,0.0,0.09704973548650742,0.5943391919136047,0.69038987159729,0.6373804807662964
62110,0.0,0.09704973548650742,0.5264114141464233,0.7288252711296082,0.6779022812843323
62111,0.0,0.09704973548650742,0.5572725534439087,0.7710517644882202,0.8328115940093994
62112,0.0,0.09704973548650742,0.561485767364502,0.73617023229599,0.8662103414535522
62113,0.0,0.09704973548650742,0.5724704265594482,0.6957412958145142,0.8210663795471191
62114,0.0,0.09704972058534622,0.5584141612052917,0.7177392840385437,0.8348731398582458
62115,0.0,0.09704972058534622,0.5472148656845093,0.724648654460907,0.8002992868423462
62116,0.0,0.09704972058534622,0.525437593460083,0.6616738438606262,0.7336483001708984
62117,0.0,0.09704972058534622,0.5402520298957825,0.6948401927947998,0.7704516053199768
62118,0.0,0.09704972058534622,0.5376323461532593,0.5918282270431519,0.7273858785629272
62119,0.0,0.09704972058534622,0.45080459117889404,0.580685555934906,0.7055737972259521
62120,0.0,0.09704972058534622,0.5007998943328857,0.5276855230331421,0.6698780655860901
62121,0.0,0.09704972058534622,0.49389833211898804,0.4616250693798065,0.6000965237617493
62122,0.0,0.09704972058534622,0.4009997844696045,0.35140496492385864,0.41341307759284973
62123,0.0,0.09704972058534622,0.2902454733848572,0.25291964411735535,0.33117392659187317
62124,0.0,0.09704969078302383,0.38091349601745605,0.3389671742916107,0.44177260994911194
62125,0.0,0.09704969078302383,0.3219453692436218,0.2565496563911438,0.3514169752597809
62126,0.0,0.09704969078302383,0.3325499892234802,0.33561035990715027,0.3817093074321747
62127,0.0,0.09704969078302383,0.20620137453079224,0.2531712055206299,0.21093669533729553
62128,0.0,0.09704969078302383,0.20210981369018555,0.22158953547477722,0.2574557662010193
62129,0.0,0.09704969078302383,0.32224559783935547,0.3374071419239044,0.4562842547893524
62130,0.0,0.09704969078302383,0.2936290502548218,0.28256338834762573,0.3465166389942169
62131,0.0,0.09704969078302383,0.19348156452178955,0.19029434025287628,0.24202807247638702
62132,0.0,0.09704969078302383,0.20897126197814941,0.28444939851760864,0.25664031505584717
62133,0.0,0.09704969078302383,0.15578621625900269,0.19289809465408325,0.14769883453845978
62134,0.0,0.09704967588186264,0.16936981678009033,0.20905737578868866,0.20632252097129822
62135,0.0,0.09704967588186264,0.2495710253715515,0.21075180172920227,0.29925063252449036
62136,0.0,0.09704967588186264,0.22813695669174194,0.19720040261745453,0.3484160900115967
62137,0.0,0.09704967588186264,0.2408207654953003,0.24739308655261993,0.28327128291130066
62138,0.0,0.09704967588186264,0.1731090545654297,0.1458778828382492,0.2277890294790268
62139,0.0,0.09704967588186264,0.2045573592185974,0.2053700089454651,0.26369819045066833
62140,0.0,0.09704967588186264,0.21625792980194092,0.1631508320569992,0.31042855978012085
62141,0.0,0.09704967588186264,0.22106212377548218,0.14459063112735748,0.18977297842502594
62142,0.0,0.09704967588186264,0.21280133724212646,0.20369037985801697,0.20663410425186157
62143,0.0,0.09704967588186264,0.4358936548233032,0.4423556625843048,0.5972834825515747
62144,0.0,0.09704964607954025,0.5149185657501221,0.5985206365585327,0.7471915483474731
62145,0.0,0.09704964607954025,0.4900980591773987,0.6960934400558472,0.7513439059257507
62146,0.0,0.09704964607954025,0.3343098759651184,0.3315505087375641,0.47507402300834656
62147,0.0,0.09704964607954025,0.285689115524292,0.20979513227939606,0.31580787897109985
62148,0.0,0.09704964607954025,0.46681642532348633,0.5470336079597473,0.6515475511550903
62670,1.0,0.1733882576227188,0.08980041742324829,0.19712631404399872,0.06442703306674957
62671,0.0,0.17338810861110687,0.06649446487426758,0.20911885797977448,0.04673776775598526
62672,0.0,0.17338810861110687,0.12550359964370728,0.1699952930212021,0.11017459630966187
62673,0.0,0.17338810861110687,0.09091538190841675,0.15472503006458282,0.07814597338438034
62674,0.0,0.17338810861110687,0.24538666009902954,0.3330557346343994,0.3510838449001312
62675,1.0,0.17338807880878448,0.34936457872390747,0.5593429803848267,0.5794311165809631
62676,1.0,0.17338807880878448,0.361488401889801,0.5265358686447144,0.4695386290550232
62677,1.0,0.17338807880878448,0.5243896245956421,0.61110520362854,0.7385465502738953
62678,1.0,0.17338807880878448,0.6779571771621704,0.8177333474159241,0.8757287859916687
62679,1.0,0.17338807880878448,0.6234058737754822,0.6741084456443787,0.832629919052124
62680,1.0,0.1733880639076233,0.4700865149497986,0.5807914137840271,0.7771680951118469
62681,1.0,0.1733880639076233,0.6243535280227661,0.7323707342147827,0.9263116717338562
62682,1.0,0.1733880639076233,0.6313496232032776,0.8961338400840759,0.9151920080184937
62683,1.0,0.1733880639076233,0.5815120935440063,0.8605718016624451,0.9624601006507874
62684,1.0,0.1733880639076233,0.5839532613754272,0.8446040749549866,0.9785774946212769
62685,1.0,0.17338807880878448,0.5438046455383301,0.8376785516738892,0.9437750577926636
62686,1.0,0.1733880639076233,0.43253183364868164,0.8322009444236755,0.9142102599143982
62687,1.0,0.1733880639076233,0.5017682313919067,0.8187600374221802,0.8696162700653076
62688,1.0,0.1733880490064621,0.47174298763275146,0.8162547945976257,0.8667131662368774
62689,1.0,0.1733880490064621,0.47196757793426514,0.8075546026229858,0.8546172976493835
62690,1.0,0.1733880490064621,0.3680708408355713,0.7845920920372009,0.6981333494186401
62691,1.0,0.1733880341053009,0.38207852840423584,0.8402146697044373,0.8270752429962158
62692,1.0,0.1733880341053009,0.3994019627571106,0.7350060939788818,0.826629638671875
62693,1.0,0.1733880341053009,0.37911278009414673,0.8102268576622009,0.8101559281349182
62694,1.0,0.1733880341053009,0.30504024028778076,0.6482548713684082,0.5059298872947693
62695,1.0,0.1733880341053009,0.3102562427520752,0.6520432233810425,0.5984817743301392
62696,1.0,0.1733880341053009,0.27647674083709717,0.5706745386123657,0.668572723865509
62697,1.0,0.1733880192041397,0.3174641728401184,0.5107377171516418,0.7530856728553772
62698,1.0,0.1733880192041397,0.29021382331848145,0.5478445291519165,0.6828757524490356
62699,1.0,0.1733880192041397,0.2767190933227539,0.4191194176673889,0.4929337203502655
62700,1.0,0.1733880192041397,0.28455448150634766,0.49225249886512756,0.6773032546043396
62701,1.0,0.17338798940181732,0.25363487005233765,0.5912495851516724,0.6160773038864136
62702,1.0,0.17338798940181732,0.25027042627334595,0.6547403931617737,0.5904346108436584
62703,1.0,0.17338798940181732,0.16137218475341797,0.4076850116252899,0.22437794506549835
62704,1.0,0.17338798940181732,0.1438472867012024,0.3360055983066559,0.2134120911359787
62705,1.0,0.17338798940181732,0.09229093790054321,0.23663635551929474,0.13000375032424927
62706,1.0,0.17338798940181732,0.12363886833190918,0.2586209177970886,0.18219873309135437
62707,1.0,0.17338798940181732,0.07022619247436523,0.14257358014583588,0.06088409572839737
62708,1.0,0.17338798940181732,0.10891419649124146,0.20608876645565033,0.10831771045923233
62709,1.0,0.17338798940181732,0.05462723970413208,0.11078811436891556,0.05683872848749161
62710,0.0,0.17338798940181732,0.05679750442504883,0.1631484031677246,0.06216108053922653
62711,1.0,0.17338795959949493,0.04739022254943848,0.08464799076318741,0.04316107556223869
62712,1.0,0.17338795959949493,0.05974912643432617,0.05388577654957771,0.05059981718659401
62713,0.0,0.17338795959949493,0.0339851975440979,0.06118866056203842,0.0221900325268507
62714,0.0,0.17338795959949493,0.09896057844161987,0.07243018597364426,0.08232355117797852
62715,1.0,0.17338795959949493,0.06789505481719971,0.0665215402841568,0.04924291744828224
62716,0.0,0.17338794469833374,0.11889678239822388,0.15089431405067444,0.11681067198514938
62717,1.0,0.17338794469833374,0.10636842250823975,0.08245652168989182,0.12053836137056351
62718,1.0,0.17338794469833374,0.1558353304862976,0.10754430294036865,0.17941205203533173
62719,1.0,0.17338794469833374,0.19306474924087524,0.14578209817409515,0.2785947918891907
62720,1.0,0.17338794469833374,0.12481671571731567,0.14015477895736694,0.0933561846613884
62721,0.0,0.17338792979717255,0.09857404232025146,0.1475287824869156,0.09185975790023804
62722,0.0,0.17338792979717255,0.1554836630821228,0.19509164988994598,0.23000510036945343
63244,1.0,0.14627361297607422,0.07732295989990234,0.19041018187999725,0.051254697144031525
63245,0.0,0.14627347886562347,0.07004785537719727,0.2598237991333008,0.0472027063369751
63246,0.0,0.14627346396446228,0.10612088441848755,0.18329717218875885,0.0872725248336792
63247,0.0,0.14627346396446228,0.09670567512512207,0.18485932052135468,0.07060442119836807
63248,0.0,0.14627346396446228,0.2167488932609558,0.300962895154953,0.3106158673763275
63249,1.0,0.14627346396446228,0.069935142993927,0.3061606287956238,0.04983455687761307
63250,0.0,0.14627346396446228,0.1248508095741272,0.2373906522989273,0.09825502336025238
63251,0.0,0.1462734490633011,0.1141425371170044,0.1802862137556076,0.10180363059043884
63252,0.0,0.1462734490633011,0.11702495813369751,0.18637114763259888,0.11844181269407272
63253,0.0,0.1462734490633011,0.21988046169281006,0.32657918334007263,0.31501099467277527
63254,1.0,0.1462734490633011,0.1196630597114563,0.2767491042613983,0.1178852915763855
63255,0.0,0.1462734490633011,0.11744779348373413,0.1839095801115036,0.12637299299240112
63256,0.0,0.1462734341621399,0.10366040468215942,0.24843114614486694,0.09738524258136749
63257,0.0,0.1462734341621399,0.0967557430267334,0.13383711874485016,0.08199360966682434
63258,0.0,0.1462734341621399,0.08735978603363037,0.11244507879018784,0.0744277834892273
63259,0.0,0.1462734341621399,0.2001938819885254,0.23915527760982513,0.23714034259319305
63260,1.0,0.1462734341621399,0.1061086654663086,0.16421882808208466,0.09728923439979553
63261,0.0,0.1462734192609787,0.2530698776245117,0.4205922484397888,0.3554539978504181
63262,1.0,0.1462734192609787,0.12010908126831055,0.18518707156181335,0.11879775673151016
63263,0.0,0.1462734192609787,0.1105685830116272,0.10128244757652283,0.11178886890411377
63264,0.0,0.1462734192609787,0.08100134134292603,0.11506868898868561,0.07323898375034332
63265,0.0,0.1462734192609787,0.11668062210083008,0.09813273698091507,0.13488349318504333
63266,0.0,0.1462734043598175,0.20286673307418823,0.188121497631073,0.24893589317798615
63267,1.0,0.1462734043598175,0.16346943378448486,0.12809254229068756,0.12504041194915771
63268,0.0,0.1462734043598175,0.14366698265075684,0.13266520202159882,0.1029517874121666
63269,0.0,0.1462734043598175,0.13801395893096924,0.10632055252790451,0.1791449338197708
63270,0.0,0.1462734043598175,0.17027509212493896,0.14720679819583893,0.20060893893241882
63271,1.0,0.1462733894586563,0.17890483140945435,0.23654942214488983,0.29300495982170105
63272,1.0,0.1462733894586563,0.34535837173461914,0.4940652549266815,0.43369102478027344
63273,1.0,0.1462733894586563,0.32954275608062744,0.32181888818740845,0.420824259519577
63274,1.0,0.1462733894586563,0.3061644434928894,0.26367563009262085,0.370069295167923
63275,1.0,0.1462733894586563,0.17777466773986816,0.2553763687610626,0.15035943686962128
63276,1.0,0.14627337455749512,0.10851097106933594,0.17961090803146362,0.05359663814306259
63277,1.0,0.14627337455749512,0.12381631135940552,0.18676070868968964,0.055989813059568405
63278,0.0,0.14627337455749512,0.10417050123214722,0.11419767886400223,0.07854458689689636
63279,1.0,0.14627337455749512,0.08654671907424927,0.07946250587701797,0.06376958638429642
63280,1.0,0.14627337455749512,0.0714256763458252,0.0736168846487999,0.05148192495107651
63281,0.0,0.14627335965633392,0.06804460287094116,0.08713390678167343,0.042942456901073456
63282,0.0,0.14627335965633392,0.07526969909667969,0.07340455055236816,0.05072377622127533
63283,1.0,0.14627335965633392,0.0660359263420105,0.07436279207468033,0.05002626031637192
63284,0.0,0.14627335965633392,0.05009526014328003,0.06668791174888611,0.03605559095740318
63285,0.0,0.14627335965633392,0.07325011491775513,0.053772106766700745,0.054958783090114594
63286,1.0,0.14627334475517273,0.08160430192947388,0.045113787055015564,0.06852426379919052
63287,1.0,0.14627334475517273,0.09861814975738525,0.09445874392986298,0.11991527676582336
63288,1.0,0.14627334475517273,0.04250425100326538,0.1027904748916626,0.026909606531262398
63289,0.0,0.14627334475517273,0.09181356430053711,0.07926342636346817,0.06412702053785324
63290,0.0,0.14627334475517273,0.06230735778808594,0.05824998393654823,0.03714016079902649
63291,0.0,0.14627332985401154,0.07231402397155762,0.10177091509103775,0.04241159185767174
63292,1.0,0.14627332985401154,0.06361269950866699,0.10877218842506409,0.03461305424571037
63293,0.0,0.14627332985401154,0.04602092504501343,0.11168334633111954,0.031319040805101395
63294,0.0,0.14627332985401154,0.08284163475036621,0.09996297210454941,0.05361167713999748
63295,0.0,0.14627332985401154,0.09679031372070312,0.10787118226289749,0.0595322884619236
63296,0.0,0.14627332985401154,0.14241629838943481,0.2163173407316208,0.19306492805480957
63818,0.0,0.12170042842626572,0.18011057376861572,0.38741037249565125,0.11057073622941971
63819,0.0,0.12170031666755676,0.1742151379585266,0.3470150828361511,0.16712021827697754
63820,0.0,0.12170031666755676,0.21044784784317017,0.38283151388168335,0.21366749703884125
63821,0.0,0.12170031666755676,0.18480771780014038,0.2919307053089142,0.08548980206251144
63822,0.0,0.12170031666755676,0.1833779215812683,0.26820874214172363,0.17686651647090912
63823,0.0,0.12170028686523438,0.2739742398262024,0.4020257294178009,0.4908307194709778
63824,0.0,0.12170028686523438,0.19188940525054932,0.44300577044487,0.15633881092071533
63825,0.0,0.12170028686523438,0.1777418851852417,0.3222881555557251,0.1446109116077423
63826,0.0,0.12170028686523438,0.19551044702529907,0.36268189549446106,0.22359097003936768
63827,0.0,0.12170028686523438,0.21347713470458984,0.2989794909954071,0.17426390945911407
63828,0.0,0.12170028686523438,0.17971664667129517,0.29977166652679443,0.14382898807525635
63829,0.0,0.12170028686523438,0.18950998783111572,0.24525879323482513,0.13370531797409058
63830,0.0,0.12170028686523438,0.15070784091949463,0.2249000519514084,0.11208571493625641
63831,0.0,0.12170028686523438,0.27738964557647705,0.37789833545684814,0.28769218921661377
63832,0.0,0.12170028686523438,0.26710617542266846,0.37223079800605774,0.1469961404800415
63833,0.0,0.12170025706291199,0.2595614194869995,0.3381013572216034,0.17178961634635925
63834,0.0,0.12170025706291199,0.30426859855651855,0.40776172280311584,0.1777454912662506
63835,0.0,0.12170025706291199,0.3664066195487976,0.43220216035842896,0.338134765625
63836,0.0,0.12170025706291199,0.2926288843154907,0.36686262488365173,0.2340041846036911
63837,0.0,0.12170025706291199,0.3135136365890503,0.3881432116031647,0.6039798259735107
63838,1.0,0.12170025706291199,0.36352527141571045,0.54854816198349,0.6281698346138
63839,0.0,0.12170025706291199,0.22024303674697876,0.3308383822441101,0.256231427192688
63840,0.0,0.12170025706291199,0.22332650423049927,0.36288583278656006,0.24074913561344147
63841,0.0,0.12170025706291199,0.3289491534233093,0.4523308277130127,0.34160733222961426
63842,0.0,0.12170025706291199,0.17018193006515503,0.2576274871826172,0.10641492158174515
63843,0.0,0.1217002272605896,0.3643542528152466,0.3545587658882141,0.5302336812019348
63844,0.0,0.1217002272605896,0.3110423684120178,0.3336796760559082,0.4068683385848999
63845,0.0,0.1217002272605896,0.2317183017730713,0.27724602818489075,0.2767595946788788
63846,0.0,0.1217002272605896,0.2554369568824768,0.2607692778110504,0.21891656517982483
63847,0.0,0.1217002272605896,0.20565420389175415,0.23935450613498688,0.16364456713199615
63848,0.0,0.1217002272605896,0.2315085530281067,0.23373369872570038,0.22220087051391602
63849,0.0,0.1217002272605896,0.16715198755264282,0.23851999640464783,0.12292306125164032
63850,0.0,0.1217002272605896,0.09195113182067871,0.19697710871696472,0.05551468953490257
63851,0.0,0.1217002272605896,0.09610432386398315,0.16505682468414307,0.09520231187343597
63852,0.0,0.1217002272605896,0.08849090337753296,0.21267817914485931,0.0747692883014679
63853,0.0,0.121700219810009,0.0832858681678772,0.12555895745754242,0.0807727724313736
63854,0.0,0.121700219810009,0.10639780759811401,0.20479868352413177,0.08065605163574219
63855,0.0,0.121700219810009,0.08522206544876099,0.14743420481681824,0.07294289022684097
63856,0.0,0.121700219810009,0.0736624002456665,0.17052826285362244,0.056401196867227554
63857,0.0,0.121700219810009,0.07614010572433472,0.12370964139699936,0.06486891210079193
63858,0.0,0.12170020490884781,0.0563046932220459,0.10086468607187271,0.033227406442165375
63859,0.0,0.12170020490884781,0.07845401763916016,0.14380745589733124,0.06113297492265701
63860,0.0,0.12170020490884781,0.07461762428283691,0.13321265578269958,0.032584890723228455
63861,0.0,0.12170020490884781,0.07975208759307861,0.11206287145614624,0.038146015256643295
63862,0.0,0.12170020490884781,0.11059707403182983,0.14317594468593597,0.041684240102767944
63863,0.0,0.12170020490884781,0.1175227165222168,0.08647677302360535,0.050705548375844955
63864,0.0,0.12170019000768661,0.08806037902832031,0.09240312874317169,0.024686533957719803
63865,0.0,0.12170019000768661,0.10105782747268677,0.13122746348381042,0.06774194538593292
63866,0.0,0.12170019000768661,0.08796417713165283,0.1456712782382965,0.03247671574354172
63867,0.0,0.12170019000768661,0.13356339931488037,0.1535029113292694,0.05728267505764961
63868,0.0,0.12170019000768661,0.15804797410964966,0.25689390301704407,0.05611322075128555
63869,0.0,0.12170017510652542,0.15818089246749878,0.32763275504112244,0.07751243561506271
63870,0.0,0.12170017510652542,0.1583271026611328,0.24547797441482544,0.16759882867336273
64392,0.0,0.16400136053562164,0.08593404293060303,0.07883580029010773,0.06703492999076843
64393,0.0,0.1640012115240097,0.07724636793136597,0.10897301882505417,0.06526704132556915
64394,0.0,0.1640012115240097,0.08255481719970703,0.09859424829483032,0.05373569577932358
64395,0.0,0.1640012115240097,0.19526106119155884,0.31142792105674744,0.2242320030927658
64396,0.0,0.1640012115240097,0.12798857688903809,0.22815902531147003,0.12909482419490814
64397,0.0,0.16400118172168732,0.12502390146255493,0.19999244809150696,0.1462157517671585
64398,0.0,0.16400118172168732,0.2655225992202759,0.4436272084712982,0.34604552388191223
64399,0.0,0.16400118172168732,0.14850229024887085,0.22997193038463593,0.1565369814634323
64400,0.0,0.16400118172168732,0.15028870105743408,0.19522741436958313,0.18047143518924713
64401,0.0,0.16400118172168732,0.14622241258621216,0.19810834527015686,0.15630315244197845
64402,0.0,0.16400116682052612,0.11206960678100586,0.16760829091072083,0.11403720825910568
64403,0.0,0.16400116682052612,0.1590917706489563,0.21254077553749084,0.196747824549675
64404,0.0,0.16400116682052612,0.1434224247932434,0.19506444036960602,0.1714513599872589
64405,0.0,0.16400116682052612,0.12271183729171753,0.16107696294784546,0.14241884648799896
64406,0.0,0.16400116682052612,0.0936242938041687,0.10880772769451141,0.08522412925958633
64407,0.0,0.16400113701820374,0.17920070886611938,0.15361468493938446,0.23613156378269196
64408,0.0,0.16400113701820374,0.10364389419555664,0.11644551903009415,0.10760591179132462
64409,0.0,0.16400113701820374,0.13435763120651245,0.1545058637857437,0.14904338121414185
64410,0.0,0.16400113701820374,0.09997034072875977,0.10591331869363785,0.09864581376314163
64411,0.0,0.16400113701820374,0.10829919576644897,0.1165069192647934,0.12089767307043076
64412,0.0,0.16400113701820374,0.09250569343566895,0.1298438161611557,0.10396424680948257
64413,0.0,0.16400113701820374,0.06184631586074829,0.05584337189793587,0.06615398079156876
64414,0.0,0.16400113701820374,0.13053584098815918,0.11220686882734299,0.12904563546180725
64415,0.0,0.16400113701820374,0.08484214544296265,0.09382625669240952,0.09321361035108566
64416,0.0,0.16400113701820374,0.08753770589828491,0.07797054201364517,0.10485254973173141
64417,0.0,0.16400112211704254,0.06539928913116455,0.06700383126735687,0.05954306572675705
64418,0.0,0.16400112211704254,0.06097698211669922,0.09078951179981232,0.07181572169065475
64419,0.0,0.16400112211704254,0.06931328773498535,0.09430207312107086,0.07971756905317307
64420,0.0,0.16400112211704254,0.060160040855407715,0.10456728935241699,0.059809789061546326
64421,0.0,0.16400112211704254,0.05908077955245972,0.07047171145677567,0.061788272112607956
64422,0.0,0.16400110721588135,0.06587260961532593,0.08382492512464523,0.07099351286888123
64423,0.0,0.16400110721588135,0.06196337938308716,0.0944998562335968,0.09012393653392792
64424,0.0,0.16400110721588135,0.049737751483917236,0.07148478180170059,0.06894484907388687
64425,0.0,0.16400110721588135,0.05486196279525757,0.06555251032114029,0.05944383889436722
64426,0.0,0.16400110721588135,0.06980830430984497,0.09697156399488449,0.07441064715385437
64427,0.0,0.16400107741355896,0.06653416156768799,0.06653325259685516,0.05229382589459419
64428,0.0,0.16400107741355896,0.052555620670318604,0.05374021455645561,0.03983069583773613
64429,0.0,0.16400107741355896,0.046585023403167725,0.045114800333976746,0.04285701736807823
64430,0.0,0.16400107741355896,0.05056649446487427,0.06803832948207855,0.03732912614941597
64431,0.0,0.16400107741355896,0.052637338638305664,0.09783798456192017,0.04923012852668762
64432,0.0,0.16400106251239777,0.05537205934524536,0.06949986517429352,0.043284203857183456
64433,0.0,0.16400106251239777,0.04764580726623535,0.05381341278553009,0.033142559230327606
64434,0.0,0.16400106251239777,0.04539823532104492,0.0370108038187027,0.04466654360294342
64435,0.0,0.16400106251239777,0.03797352313995361,0.02620616741478443,0.030247362330555916
64436,0.0,0.16400106251239777,0.05608302354812622,0.05533108860254288,0.045674361288547516
64437,0.0,0.16400104761123657,0.03988164663314819,0.04455249756574631,0.023557676002383232
64438,0.0,0.16400104761123657,0.05572354793548584,0.05304689332842827,0.03467797487974167
64439,0.0,0.16400104761123657,0.056442081928253174,0.04678075388073921,0.03858720883727074
64440,0.0,0.16400104761123657,0.07128709554672241,0.05867446959018707,0.0480947308242321
64441,0.0,0.16400104761123657,0.08414947986602783,0.07470259070396423,0.07351498305797577
64442,0.0,0.16400104761123657,0.0848766565322876,0.06954803317785263,0.0761188492178917
64443,0.0,0.16400104761123657,0.06363296508789062,0.06447283923625946,0.050966836512088776
64444,0.0,0.16400104761123657,0.17236179113388062,0.16368937492370605,0.19804668426513672
64966,0.0,0.14624865353107452,0.16041970252990723,0.24112676084041595,0.18475612998008728
64967,0.0,0.14624850451946259,0.1179044246673584,0.1810724139213562,0.09042596071958542
64968,0.0,0.14624850451946259,0.10582715272903442,0.15097163617610931,0.07423055171966553
64969,0.0,0.14624850451946259,0.08819383382797241,0.12339537590742111,0.07185369729995728
64970,0.0,0.1462484896183014,0.07100898027420044,0.07013595104217529,0.05758410319685936
64971,0.0,0.1462484896183014,0.08563017845153809,0.11168767511844635,0.08431270718574524
64972,0.0,0.1462484896183014,0.19156146049499512,0.3309433162212372,0.25609299540519714
64973,0.0,0.1462484896183014,0.10944515466690063,0.19161002337932587,0.11272899061441422
64974,0.0,0.1462484896183014,0.23078811168670654,0.33051660656929016,0.30859071016311646
64975,0.0,0.1462484747171402,0.26518237590789795,0.41174373030662537,0.36269521713256836
64976,0.0,0.1462484747171402,0.1288597583770752,0.20461434125900269,0.16403992474079132
64977,0.0,0.1462484747171402,0.16089177131652832,0.22468803822994232,0.2014017552137375
64978,0.0,0.1462484747171402,0.12341934442520142,0.15436333417892456,0.08189444988965988
64979,0.0,0.1462484747171402,0.2479569911956787,0.4528074264526367,0.3123922646045685
64980,0.0,0.146248459815979,0.13861316442489624,0.1344192624092102,0.10079114139080048
64981,0.0,0.146248459815979,0.17965203523635864,0.1552121937274933,0.22256891429424286
64982,0.0,0.146248459815979,0.13649439811706543,0.11408516019582748,0.12651503086090088
64983,0.0,0.146248459815979,0.1142316460609436,0.09579204767942429,0.12504437565803528
64984,0.0,0.146248459815979,0.07597225904464722,0.0511956624686718,0.07029826939105988
64985,0.0,0.1462484449148178,0.10978955030441284,0.0800512507557869,0.1110660508275032
64986,0.0,0.1462484449148178,0.07742142677307129,0.0682411640882492,0.07817398011684418
64987,0.0,0.1462484449148178,0.13865375518798828,0.10893025994300842,0.14791011810302734
64988,0.0,0.1462484449148178,0.128007173538208,0.10908069461584091,0.13359391689300537
64989,0.0,0.1462484449148178,0.10592246055603027,0.10234466940164566,0.08478711545467377
64990,0.0,0.14624843001365662,0.11037373542785645,0.1049375832080841,0.09036515653133392
64991,0.0,0.14624843001365662,0.09681063890457153,0.10179916024208069,0.08852405101060867
64992,0.0,0.14624843001365662,0.06757164001464844,0.09102556109428406,0.07788199186325073
64993,0.0,0.14624843001365662,0.06208181381225586,0.09546280652284622,0.05821516737341881
64994,0.0,0.14624843001365662,0.054712533950805664,0.09605763107538223,0.04868955910205841
64995,0.0,0.14624840021133423,0.0672948956489563,0.09396587312221527,0.06622043997049332
64996,0.0,0.14624840021133423,0.05939960479736328,0.0972931832075119,0.0681370422244072
64997,0.0,0.14624840021133423,0.05126047134399414,0.061815619468688965,0.06032484024763107
64998,0.0,0.14624840021133423,0.042889952659606934,0.06328467279672623,0.05067232623696327
64999,0.0,0.14624840021133423,0.03734469413757324,0.05550621077418327,0.03690885379910469
65000,0.0,0.14624840021133423,0.03680682182312012,0.06296487897634506,0.03396673873066902
65001,0.0,0.14624840021133423,0.03329223394393921,0.06702679395675659,0.027893612161278725
65002,0.0,0.14624840021133423,0.03329223394393921,0.06470978260040283,0.027893612161278725
65003,0.0,0.14624840021133423,0.033291637897491455,0.04923539236187935,0.03392253443598747
65004,0.0,0.14624840021133423,0.032811641693115234,0.06663911789655685,0.028395116329193115
65005,0.0,0.14624837040901184,0.039248883724212646,0.05726559832692146,0.03402512148022652
65006,0.0,0.14624837040901184,0.03581857681274414,0.037462349981069565,0.025779150426387787
65007,0.0,0.14624837040901184,0.03717261552810669,0.05748239532113075,0.023781253024935722
65008,0.0,0.14624837040901184,0.033373236656188965,0.029582608491182327,0.024766692891716957
65009,0.0,0.14624837040901184,0.03644835948944092,0.027388662099838257,0.030309518799185753
65010,0.0,0.14624837040901184,0.04052680730819702,0.04477326571941376,0.02672010473906994
65011,0.0,0.14624837040901184,0.03197884559631348,0.03752058371901512,0.022002525627613068
65012,0.0,0.14624837040901184,0.03635966777801514,0.03542844206094742,0.03076743893325329
65013,0.0,0.14624837040901184,0.03340250253677368,0.03567292541265488,0.02385912649333477
65014,0.0,0.14624837040901184,0.045683860778808594,0.054338887333869934,0.03295221924781799
65015,0.0,0.14624835550785065,0.054329097270965576,0.062028948217630386,0.04340100288391113
65016,0.0,0.14624835550785065,0.046586453914642334,0.09868226200342178,0.03059745393693447
65017,0.0,0.14624835550785065,0.05667567253112793,0.06414786726236343,0.04809095337986946
65018,0.0,0.14624835550785065,0.07871973514556885,0.068971648812294,0.08779865503311157
65540,1.0,0.26510098576545715,0.3104049563407898,0.22858501970767975,0.39329278469085693
65541,1.0,0.26510077714920044,0.2679523825645447,0.18721142411231995,0.3266749978065491
65542,1.0,0.26510077714920044,0.3468918204307556,0.4123213291168213,0.38915205001831055
65543,1.0,0.26510077714920044,0.2820597290992737,0.30290138721466064,0.389381468296051
65544,1.0,0.26510077714920044,0.3695428967475891,0.3407808542251587,0.5587179660797119
65545,1.0,0.26510074734687805,0.34698277711868286,0.4391421377658844,0.521729588508606
65546,1.0,0.26510074734687805,0.3931230902671814,0.4003807008266449,0.6305558085441589
65547,1.0,0.26510074734687805,0.3862021565437317,0.41669386625289917,0.553170382976532
65548,1.0,0.26510074734687805,0.4633444547653198,0.4462326467037201,0.5661060214042664
65549,1.0,0.26510074734687805,0.5436102151870728,0.5583022832870483,0.7244996428489685
65550,1.0,0.26510071754455566,0.399838387966156,0.5172504782676697,0.7131954431533813
65551,1.0,0.26510071754455566,0.4901657700538635,0.5577715039253235,0.7784311771392822
65552,1.0,0.26510071754455566,0.4958176016807556,0.4742700159549713,0.7870193123817444
65553,1.0,0.26510071754455566,0.44842708110809326,0.3972451388835907,0.5541605949401855
65554,1.0,0.26510071754455566,0.5203784704208374,0.6165477633476257,0.8493622541427612
65555,1.0,0.2651006877422333,0.48588716983795166,0.43407899141311646,0.67500901222229
65556,1.0,0.2651006877422333,0.48979103565216064,0.4809020459651947,0.6476659178733826
65557,1.0,0.2651006877422333,0.4973704218864441,0.527666449546814,0.7900468707084656
65558,1.0,0.2651006877422333,0.421978235244751,0.437928706407547,0.628982663154602
65559,1.0,0.2651006877422333,0.3888184428215027,0.39972150325775146,0.5456297397613525
65560,1.0,0.2651006579399109,0.4801534414291382,0.47965750098228455,0.6986392736434937
65561,1.0,0.2651006579399109,0.4027104377746582,0.4063756465911865,0.653195858001709
65562,1.0,0.2651006579399109,0.4181153178215027,0.36758819222450256,0.49522170424461365
65563,1.0,0.2651006579399109,0.3800433278083801,0.40856051445007324,0.6040582060813904
65564,1.0,0.2651006579399109,0.3457655906677246,0.3071702718734741,0.5509495735168457
65565,1.0,0.2651006579399109,0.27478480339050293,0.2998706102371216,0.44017598032951355
65566,1.0,0.2651006579399109,0.24541574716567993,0.2510915994644165,0.2507743835449219
65567,1.0,0.2651006579399109,0.3235510587692261,0.24198466539382935,0.4196888506412506
65568,1.0,0.2651006579399109,0.22923755645751953,0.26615580916404724,0.27000224590301514
65569,1.0,0.2651006579399109,0.21099263429641724,0.2467971295118332,0.3523395359516144
65570,1.0,0.2651006579399109,0.3048672676086426,0.23057474195957184,0.42965999245643616
65571,1.0,0.2651006281375885,0.15919065475463867,0.1972048133611679,0.16862088441848755
65572,1.0,0.2651006281375885,0.1713012456893921,0.18799839913845062,0.22161602973937988
65573,1.0,0.2651006281375885,0.18316221237182617,0.18785110116004944,0.26566311717033386
65574,1.0,0.2651006281375885,0.1676255464553833,0.20053061842918396,0.2348843216896057
65575,1.0,0.2651006281375885,0.15969330072402954,0.22815068066120148,0.3137907385826111
65576,1.0,0.2651005983352661,0.11291706562042236,0.21273228526115417,0.14321789145469666
65577,1.0,0.2651005983352661,0.13025814294815063,0.2298458069562912,0.24322058260440826
65578,1.0,0.2651005983352661,0.14377492666244507,0.1979755461215973,0.24755145609378815
65579,1.0,0.2651005983352661,0.1188058853149414,0.1948770135641098,0.1897977888584137
65580,1.0,0.2651005983352661,0.14843380451202393,0.21960988640785217,0.265510618686676
65581,1.0,0.2651005685329437,0.16093623638153076,0.1632751077413559,0.22627663612365723
65582,1.0,0.2651005685329437,0.14115649461746216,0.14291957020759583,0.24400150775909424
65583,1.0,0.2651005685329437,0.16531211137771606,0.1506875902414322,0.2603963613510132
65584,1.0,0.2651005685329437,0.14494705200195312,0.22415614128112793,0.17583152651786804
65585,1.0,0.2651005685329437,0.17410635948181152,0.24040304124355316,0.22623604536056519
65586,1.0,0.2651005685329437,0.16955018043518066,0.18438926339149475,0.23259052634239197
65587,1.0,0.2651005685329437,0.10776787996292114,0.18040065467357635,0.11052035540342331
65588,1.0,0.2651005685329437,0.14507001638412476,0.18029047548770905,0.11711468547582626
65589,1.0,0.2651005685329437,0.26245492696762085,0.26304951310157776,0.35175588726997375
65590,1.0,0.2651005685329437,0.25299757719039917,0.38567864894866943,0.3171555697917938
65591,1.0,0.26510053873062134,0.24561554193496704,0.46205565333366394,0.3454073965549469
65592,1.0,0.26510053873062134,0.3081303834915161,0.41025176644325256,0.4897248148918152
66114,0.0,0.1216072216629982,0.23183339834213257,0.3222741186618805,0.2428143322467804
66115,0.0,0.12160710245370865,0.13450753688812256,0.21368098258972168,0.10789050161838531
66116,0.0,0.12160710245370865,0.2763811945915222,0.2632233798503876,0.3131974935531616
66117,0.0,0.12160709500312805,0.16781842708587646,0.2705874741077423,0.22318893671035767
66118,0.0,0.12160709500312805,0.1457703709602356,0.19060958921909332,0.17916487157344818
66119,0.0,0.12160709500312805,0.1523633599281311,0.2209269255399704,0.16637824475765228
66120,0.0,0.12160709500312805,0.13409441709518433,0.16779516637325287,0.1268838495016098
66121,0.0,0.12160709500312805,0.13517653942108154,0.16805699467658997,0.14233535528182983
66122,0.0,0.12160708010196686,0.13261348009109497,0.19045694172382355,0.16027425229549408
66123,0.0,0.12160708010196686,0.1401691436767578,0.20164255797863007,0.15400736033916473
66124,0.0,0.12160708010196686,0.11396998167037964,0.15889079868793488,0.10582723468542099
66125,0.0,0.12160708010196686,0.13509172201156616,0.18708132207393646,0.15116038918495178
66126,0.0,0.12160708010196686,0.14536291360855103,0.1878294050693512,0.18130317330360413
66127,0.0,0.12160708010196686,0.15620583295822144,0.16406983137130737,0.136651873588562
66128,0.0,0.12160708010196686,0.16232401132583618,0.19205515086650848,0.17425335943698883
66129,0.0,0.12160708010196686,0.11827778816223145,0.16229283809661865,0.10969940572977066
66130,0.0,0.12160708010196686,0.12570154666900635,0.16065478324890137,0.1242307648062706
66131,0.0,0.12160708010196686,0.1214836835861206,0.17124223709106445,0.12704132497310638
66132,0.0,0.12160705029964447,0.13914340734481812,0.14871399104595184,0.14003212749958038
66133,0.0,0.12160705029964447,0.11058562994003296,0.10934142023324966,0.10460998862981796
66134,0.0,0.12160705029964447,0.10200613737106323,0.1109657809138298,0.10266469419002533
66135,0.0,0.12160705029964447,0.10207873582839966,0.1026390865445137,0.0999130830168724
66136,0.0,0.12160705029964447,0.08713603019714355,0.10329277068376541,0.07079198211431503
66137,0.0,0.12160705029964447,0.08701944351196289,0.102817602455616,0.08708041161298752
66138,0.0,0.12160705029964447,0.08402770757675171,0.08927460759878159,0.0712643414735794
66139,0.0,0.12160705029964447,0.08512383699417114,0.09478458762168884,0.06846146285533905
66140,0.0,0.12160705029964447,0.07289689779281616,0.08483938872814178,0.0744963139295578
66141,0.0,0.12160705029964447,0.11015921831130981,0.14747902750968933,0.07813632488250732
66142,0.0,0.12160703539848328,0.12323445081710815,0.19285935163497925,0.11595067381858826
66143,0.0,0.12160703539848328,0.11401218175888062,0.11080547422170639,0.09037148207426071
66144,0.0,0.12160703539848328,0.1359339952468872,0.17695166170597076,0.1639021337032318
66145,0.0,0.12160703539848328,0.08313757181167603,0.09584213048219681,0.07916233688592911
66146,0.0,0.12160703539848328,0.07208371162414551,0.08863091468811035,0.05613979697227478
66147,0.0,0.12160702049732208,0.07041102647781372,0.10489015281200409,0.05862708389759064
66148,0.0,0.12160702049732208,0.10167068243026733,0.09335525333881378,0.08581257611513138
66149,0.0,0.12160702049732208,0.07137155532836914,0.10960769653320312,0.05414976552128792
66150,0.0,0.12160702049732208,0.0897207260131836,0.08488631993532181,0.07630358636379242
66151,0.0,0.12160702049732208,0.07149899005889893,0.07783430814743042,0.05974782630801201
66152,0.0,0.12160700559616089,0.09050381183624268,0.09997539967298508,0.0777907446026802
66153,0.0,0.12160700559616089,0.07499170303344727,0.0736856460571289,0.06531083583831787
66154,0.0,0.12160700559616089,0.06381881237030029,0.06089719012379646,0.05673367157578468
66155,0.0,0.12160700559616089,0.06360453367233276,0.060204289853572845,0.05513991788029671
66156,0.0,0.12160700559616089,0.06223440170288086,0.06494498997926712,0.05419974401593208
66157,0.0,0.1216069906949997,0.05749678611755371,0.09235310554504395,0.04990570247173309
66158,0.0,0.1216069906949997,0.061240971088409424,0.054120440036058426,0.06398467719554901
66159,0.0,0.1216069906949997,0.061240971088409424,0.07749248296022415,0.055725932121276855
66160,0.0,0.1216069906949997,0.06459981203079224,0.055551350116729736,0.07045140862464905
66161,0.0,0.1216069906949997,0.06214624643325806,0.07573400437831879,0.06838198006153107
66162,0.0,0.1216069906949997,0.08438825607299805,0.15415550768375397,0.09149530529975891
66163,0.0,0.1216069906949997,0.07471412420272827,0.14661425352096558,0.04854652285575867
66164,0.0,0.1216069906949997,0.1131022572517395,0.12115694582462311,0.11161620914936066
66165,0.0,0.1216069906949997,0.1204947829246521,0.1161385327577591,0.12974509596824646
66166,0.0,0.1216069906949997,0.1238107681274414,0.20453719794750214,0.14555968344211578
66688,1.0,0.097041055560112,0.2330041527748108,0.3094492554664612,0.24337899684906006
66689,1.0,0.09704095870256424,0.19932132959365845,0.2322496473789215,0.29092538356781006
66690,1.0,0.09704095870256424,0.2187715768814087,0.14641627669334412,0.3053099513053894
66691,1.0,0.09704095870256424,0.28498703241348267,0.16545236110687256,0.4691717028617859
66692,1.0,0.09704095870256424,0.15589076280593872,0.13039423525333405,0.24446755647659302
66693,1.0,0.09704095870256424,0.2370249629020691,0.19281820952892303,0.4241105020046234
66694,1.0,0.09704095870256424,0.2635442614555359,0.18920791149139404,0.4171401858329773
66695,1.0,0.09704095870256424,0.18786120414733887,0.15880778431892395,0.3153473436832428
66696,1.0,0.09704095870256424,0.17891639471054077,0.12273469567298889,0.2669528126716614
66697,1.0,0.09704095870256424,0.4483944773674011,0.4150415062904358,0.6063910722732544
66698,1.0,0.09704093635082245,0.3108842968940735,0.2669033706188202,0.45234915614128113
66699,1.0,0.09704093635082245,0.2155449390411377,0.20197536051273346,0.3176688551902771
66700,1.0,0.09704093635082245,0.28108423948287964,0.21631449460983276,0.3794119656085968
66701,1.0,0.09704093635082245,0.2187597155570984,0.19643740355968475,0.33056846261024475
66702,1.0,0.09704093635082245,0.1287146806716919,0.13255728781223297,0.18378816545009613
66703,1.0,0.09704093635082245,0.15506702661514282,0.12092538177967072,0.2372632622718811
66704,1.0,0.09704093635082245,0.13649511337280273,0.14144225418567657,0.18027068674564362
66705,1.0,0.09704093635082245,0.3822101950645447,0.26058223843574524,0.48150914907455444
66706,1.0,0.09704093635082245,0.43579214811325073,0.38206538558006287,0.6212129592895508
66707,1.0,0.09704093635082245,0.5184080600738525,0.4427888095378876,0.7379408478736877
66708,1.0,0.09704091399908066,0.6235740184783936,0.5627195239067078,0.8116089701652527
66709,1.0,0.09704091399908066,0.6234856843948364,0.49033284187316895,0.8390958309173584
66710,1.0,0.09704091399908066,0.5902227163314819,0.48407816886901855,0.7194139361381531
66711,1.0,0.09704091399908066,0.48833370208740234,0.49321889877319336,0.63884037733078
66712,1.0,0.09704091399908066,0.49581336975097656,0.4010234475135803,0.7047027349472046
66713,1.0,0.09704091399908066,0.41844117641448975,0.39171990752220154,0.5599707961082458
66714,1.0,0.09704091399908066,0.315116822719574,0.2799973487854004,0.39911261200904846
66715,1.0,0.09704091399908066,0.29751479625701904,0.22399920225143433,0.32513195276260376
66716,1.0,0.09704091399908066,0.3264113664627075,0.2589297890663147,0.3803851008415222
66717,1.0,0.09704091399908066,0.1812434196472168,0.13363835215568542,0.19003963470458984
66718,1.0,0.09704089909791946,0.20168381929397583,0.18037375807762146,0.2239023745059967
66719,1.0,0.09704089909791946,0.16550320386886597,0.18202504515647888,0.19277676939964294
66720,1.0,0.09704089909791946,0.18190497159957886,0.19442731142044067,0.1557021141052246
66721,1.0,0.09704089909791946,0.19339007139205933,0.13618214428424835,0.15443630516529083
66722,1.0,0.09704089909791946,0.11577993631362915,0.10451235622167587,0.11351996660232544
66723,1.0,0.09704089909791946,0.10665148496627808,0.1443568468093872,0.1391458660364151
66724,1.0,0.09704089909791946,0.08219695091247559,0.13059201836585999,0.12512238323688507
66725,1.0,0.09704089909791946,0.06014353036880493,0.11579132080078125,0.06573697924613953
66726,1.0,0.09704089909791946,0.05893164873123169,0.11397311091423035,0.08243723958730698
66727,1.0,0.09704089909791946,0.0649724006652832,0.09479473531246185,0.06522126495838165
66728,1.0,0.09704086929559708,0.0633692741394043,0.07664254307746887,0.06624244153499603
66729,1.0,0.09704086929559708,0.056320905685424805,0.10894638299942017,0.0754997581243515
66730,1.0,0.09704086929559708,0.05389446020126343,0.07996515929698944,0.06159130856394768
66731,1.0,0.09704086929559708,0.0604320764541626,0.0694161131978035,0.06341852247714996
66732,1.0,0.09704086929559708,0.07180202007293701,0.07215961813926697,0.07881011813879013
66733,1.0,0.09704086929559708,0.0724020004272461,0.12046229094266891,0.08733907341957092
66734,1.0,0.09704086929559708,0.05878758430480957,0.0812382772564888,0.06694413721561432
66735,1.0,0.09704086929559708,0.22889429330825806,0.17777609825134277,0.29495230317115784
66736,1.0,0.09704086929559708,0.21453380584716797,0.20033954083919525,0.2923080325126648
66737,1.0,0.09704086929559708,0.18294739723205566,0.18315628170967102,0.29621222615242004
66738,1.0,0.09704085439443588,0.14101499319076538,0.23159535229206085,0.22333583235740662
66739,1.0,0.09704085439443588,0.12597787380218506,0.23029395937919617,0.22321492433547974
66740,1.0,0.09704085439443588,0.38055866956710815,0.35222893953323364,0.6951845288276672
67262,1.0,0.08357444405555725,0.6548094153404236,0.5717693567276001,0.8328155875205994
67263,1.0,0.08357436209917068,0.48915380239486694,0.5640611052513123,0.6414452791213989
67264,1.0,0.08357436209917068,0.4909585118293762,0.6003033518791199,0.7178343534469604
67265,1.0,0.08357436209917068,0.5109683871269226,0.5329502820968628,0.7386396527290344
67266,1.0,0.08357436209917068,0.5735712051391602,0.6312163472175598,0.7987427711486816
67267,1.0,0.08357436209917068,0.555066704750061,0.5622662305831909,0.7620396018028259
67268,0.0,0.08357436209917068,0.4538843631744385,0.5564777255058289,0.6802154183387756
67269,0.0,0.08357436209917068,0.5031446218490601,0.6014492511749268,0.6296436786651611
67270,1.0,0.0835743397474289,0.5215464234352112,0.6004406809806824,0.752657949924469
67271,1.0,0.0835743397474289,0.5219429731369019,0.46183308959007263,0.7602199912071228
67272,1.0,0.0835743397474289,0.4467366337776184,0.4981019198894501,0.6282886266708374
67273,0.0,0.0835743397474289,0.43511664867401123,0.4126463830471039,0.6446642875671387
67274,0.0,0.0835743397474289,0.4839354157447815,0.41381680965423584,0.6522336602210999
67275,1.0,0.0835743397474289,0.5150646567344666,0.40435653924942017,0.6465840339660645
67276,0.0,0.0835743397474289,0.46752768754959106,0.4169106185436249,0.6214165091514587
67277,0.0,0.0835743397474289,0.4677911400794983,0.3825269043445587,0.6405625343322754
67278,1.0,0.0835743397474289,0.5205003619194031,0.41808223724365234,0.7140084505081177
67279,1.0,0.0835743397474289,0.45272910594940186,0.3817007839679718,0.5925348401069641
67280,0.0,0.0835743173956871,0.44199901819229126,0.26906195282936096,0.583564281463623
67281,1.0,0.0835743173956871,0.4132731556892395,0.2504492700099945,0.47006019949913025
67282,0.0,0.0835743173956871,0.3524835705757141,0.22880758345127106,0.40981531143188477
67283,0.0,0.0835743173956871,0.38184112310409546,0.267971009016037,0.45804035663604736
67284,1.0,0.0835743173956871,0.4049176573753357,0.2913224697113037,0.48542365431785583
67285,0.0,0.0835743173956871,0.4186515808105469,0.32413390278816223,0.6246058940887451
67286,1.0,0.0835743173956871,0.3953523635864258,0.4760974049568176,0.5369381308555603
67287,1.0,0.0835743173956871,0.5317901372909546,0.3595215380191803,0.6750361323356628
67288,1.0,0.0835743173956871,0.3937949538230896,0.372403621673584,0.5881737470626831
67289,0.0,0.0835743173956871,0.2501174211502075,0.227715864777565,0.33333662152290344
67290,0.0,0.08357430249452591,0.28548622131347656,0.27285170555114746,0.3578760027885437
67291,1.0,0.08357430249452591,0.33428138494491577,0.19427424669265747,0.3537304699420929
67292,0.0,0.08357430249452591,0.28368860483169556,0.1545841246843338,0.44699081778526306
67293,0.0,0.08357430249452591,0.14196830987930298,0.12279235571622849,0.2344258725643158
67294,0.0,0.08357430249452591,0.15762430429458618,0.24239672720432281,0.1874953806400299
67295,1.0,0.08357430249452591,0.16449666023254395,0.2747374176979065,0.24805426597595215
67296,0.0,0.08357430249452591,0.13683629035949707,0.1562959998846054,0.20759688317775726
67297,0.0,0.08357430249452591,0.20765423774719238,0.1863667070865631,0.2521146833896637
67298,0.0,0.08357430249452591,0.15531635284423828,0.13022491335868835,0.27507469058036804
67299,0.0,0.08357430249452591,0.13324695825576782,0.11085004359483719,0.1938450187444687
67300,0.0,0.08357428759336472,0.16938912868499756,0.13930350542068481,0.22395047545433044
67301,1.0,0.08357428759336472,0.24133062362670898,0.17506301403045654,0.35353517532348633
67302,0.0,0.08357428759336472,0.17930418252944946,0.13368137180805206,0.3558447062969208
67303,1.0,0.08357428759336472,0.18682509660720825,0.22783048450946808,0.3009244501590729
67304,0.0,0.08357428759336472,0.1750447154045105,0.1250343769788742,0.29369261860847473
67305,0.0,0.08357428759336472,0.20569628477096558,0.19003967940807343,0.4019792079925537
67306,1.0,0.08357428759336472,0.31634342670440674,0.19892112910747528,0.38990873098373413
67307,0.0,0.08357428759336472,0.29944276809692383,0.2527642846107483,0.3740055561065674
67308,0.0,0.08357428759336472,0.34793347120285034,0.23632089793682098,0.4763370454311371
67309,1.0,0.08357428759336472,0.45478010177612305,0.4570540487766266,0.6291171908378601
67310,1.0,0.08357427269220352,0.5070017576217651,0.6293491125106812,0.7106585502624512
67311,1.0,0.08357427269220352,0.5622429847717285,0.6525479555130005,0.7795053720474243
67312,0.0,0.08357427269220352,0.5244389176368713,0.5351629853248596,0.652882993221283
67313,0.0,0.08357427269220352,0.46058565378189087,0.5648945569992065,0.583175003528595
67314,0.0,0.08357427269220352,0.418112576007843,0.4537884593009949,0.5683269500732422
67836,1.0,0.09699391573667526,0.33723074197769165,0.2874831259250641,0.34181344509124756
67837,0.0,0.09699380397796631,0.24054306745529175,0.3179170787334442,0.285250186920166
67838,0.0,0.09699380397796631,0.1903287172317505,0.1827193647623062,0.22270174324512482
67839,0.0,0.09699380397796631,0.1484258770942688,0.16371861100196838,0.12854351103305817
67840,0.0,0.09699380397796631,0.14937609434127808,0.16873802244663239,0.18930533528327942
67841,0.0,0.09699380397796631,0.25954627990722656,0.27004215121269226,0.3687235414981842
67842,1.0,0.09699380397796631,0.2943130135536194,0.3323622941970825,0.3430788218975067
67843,1.0,0.09699378907680511,0.27523988485336304,0.3130529820919037,0.39338234066963196
67844,0.0,0.09699378907680511,0.22740709781646729,0.2179909497499466,0.32398808002471924
67845,0.0,0.09699378907680511,0.24987339973449707,0.233714759349823,0.34613752365112305
67846,0.0,0.09699378907680511,0.2045692801475525,0.240864560008049,0.24482810497283936
67847,0.0,0.09699378907680511,0.20644539594650269,0.20712311565876007,0.267043799161911
67848,0.0,0.09699378907680511,0.234244704246521,0.2620125412940979,0.3195832371711731
67849,0.0,0.09699378907680511,0.22304081916809082,0.24435506761074066,0.2892904579639435
67850,0.0,0.09699378907680511,0.25198525190353394,0.22150777280330658,0.3747394382953644
67851,0.0,0.09699378907680511,0.34834617376327515,0.3137266933917999,0.4948605000972748
67852,0.0,0.09699378907680511,0.19600588083267212,0.2178434282541275,0.2486598640680313
67853,0.0,0.09699377417564392,0.4151463508605957,0.41247135400772095,0.5597780346870422
67854,1.0,0.09699377417564392,0.4816599488258362,0.47911444306373596,0.7300015091896057
67855,1.0,0.09699377417564392,0.5605742931365967,0.42321592569351196,0.7803894877433777
67856,1.0,0.09699377417564392,0.43652111291885376,0.32112357020378113,0.5948512554168701
67857,1.0,0.09699377417564392,0.46412158012390137,0.2516893446445465,0.5164148807525635
67858,1.0,0.09699377417564392,0.3395925760269165,0.2825494110584259,0.48122814297676086
67859,1.0,0.09699377417564392,0.37928634881973267,0.26085764169692993,0.506338894367218
67860,1.0,0.09699377417564392,0.3864068388938904,0.26089581847190857,0.506709635257721
67861,1.0,0.09699377417564392,0.3512904644012451,0.2743183374404907,0.5172322392463684
67862,1.0,0.09699377417564392,0.24553871154785156,0.16752012073993683,0.3508117198944092
67863,0.0,0.09699375182390213,0.17704981565475464,0.13450714945793152,0.17522592842578888
67864,0.0,0.09699375182390213,0.19727808237075806,0.1302885115146637,0.2784740626811981
67865,0.0,0.09699375182390213,0.1629047393798828,0.13224321603775024,0.22734636068344116
67866,0.0,0.09699375182390213,0.13755017518997192,0.15102940797805786,0.18753494322299957
67867,0.0,0.09699375182390213,0.10060763359069824,0.12601248919963837,0.1344023495912552
67868,1.0,0.09699375182390213,0.13458186388015747,0.11530046910047531,0.19230735301971436
67869,0.0,0.09699375182390213,0.23880749940872192,0.1688683182001114,0.2874046862125397
67870,0.0,0.09699375182390213,0.11801779270172119,0.11656054109334946,0.15324106812477112
67871,0.0,0.09699375182390213,0.12326520681381226,0.12957526743412018,0.11762755364179611
67872,1.0,0.09699375182390213,0.12039357423782349,0.1309199333190918,0.1960359364748001
67873,0.0,0.09699372947216034,0.13917994499206543,0.131259948015213,0.22381635010242462
67874,1.0,0.09699372947216034,0.12701493501663208,0.13745373487472534,0.21463923156261444
67875,1.0,0.09699372947216034,0.16449850797653198,0.11660187691450119,0.24451126158237457
67876,0.0,0.09699372947216034,0.1668063998222351,0.10712826997041702,0.23887212574481964
67877,0.0,0.09699372947216034,0.11133205890655518,0.09555552154779434,0.18450212478637695
67878,0.0,0.09699372947216034,0.09826499223709106,0.10425617545843124,0.14350169897079468
67879,0.0,0.09699372947216034,0.14437854290008545,0.11931777745485306,0.20768216252326965
67880,0.0,0.09699372947216034,0.09142768383026123,0.15732546150684357,0.1011115312576294
67881,0.0,0.09699372947216034,0.09611761569976807,0.15465515851974487,0.10223628580570221
67882,0.0,0.09699372947216034,0.09380900859832764,0.13077230751514435,0.138236865401268
67883,0.0,0.09699370712041855,0.2774468660354614,0.3175449073314667,0.3191450536251068
67884,1.0,0.09699370712041855,0.27453064918518066,0.3544493019580841,0.3981812596321106
67885,0.0,0.09699370712041855,0.3092671036720276,0.273866206407547,0.43232229351997375
67886,0.0,0.09699370712041855,0.3441884517669678,0.44772207736968994,0.44738203287124634
67887,1.0,0.09699370712041855,0.30383992195129395,0.3755677044391632,0.35464298725128174
67888,0.0,0.09699370712041855,0.29281729459762573,0.44306573271751404,0.3617323935031891
68410,1.0,0.12152048945426941,0.1028977632522583,0.10557873547077179,0.055549152195453644
68411,1.0,0.12152037769556046,0.07271569967269897,0.1272772252559662,0.05067170411348343
68412,1.0,0.12152037769556046,0.0711023211479187,0.11950955539941788,0.04879634454846382
68413,1.0,0.12152034789323807,0.07196718454360962,0.10684943944215775,0.047476399689912796
68414,1.0,0.12152034789323807,0.07303619384765625,0.13187597692012787,0.05523647740483284
68415,1.0,0.12152034789323807,0.09783565998077393,0.15511667728424072,0.08167515695095062
68416,1.0,0.12152034789323807,0.10308259725570679,0.14055277407169342,0.08888047188520432
68417,1.0,0.12152034789323807,0.10783040523529053,0.1360730528831482,0.09782467782497406
68418,1.0,0.12152034789323807,0.10919076204299927,0.12120737880468369,0.08300666511058807
68419,1.0,0.12152034789323807,0.11059361696243286,0.15519969165325165,0.08143674582242966
68420,1.0,0.12152034789323807,0.08823102712631226,0.1958276927471161,0.08032652735710144
68421,1.0,0.12152034789323807,0.10274100303649902,0.15787893533706665,0.07554313540458679
68422,1.0,0.12152034789323807,0.10836392641067505,0.14015887677669525,0.0823422372341156
68423,1.0,0.12152033299207687,0.12675869464874268,0.12748409807682037,0.1474912315607071
68424,1.0,0.12152033299207687,0.146467924118042,0.1746170073747635,0.14813677966594696
68425,1.0,0.12152033299207687,0.10470467805862427,0.1663549840450287,0.08923053741455078
68426,1.0,0.12152033299207687,0.1081579327583313,0.12386135011911392,0.09013645350933075
68427,1.0,0.12152033299207687,0.10498261451721191,0.12937453389167786,0.0934571698307991
68428,1.0,0.12152031809091568,0.10166674852371216,0.08477076143026352,0.0885397270321846
68429,1.0,0.12152031809091568,0.0833432674407959,0.07626689225435257,0.059860244393348694
68430,1.0,0.12152031809091568,0.23138272762298584,0.3102301061153412,0.20065663754940033
68431,1.0,0.12152031809091568,0.12620943784713745,0.25860270857810974,0.12061839550733566
68432,1.0,0.12152031809091568,0.10628318786621094,0.11377280205488205,0.07275334000587463
68433,1.0,0.12152030318975449,0.10685527324676514,0.1397131234407425,0.07898096740245819
68434,1.0,0.12152030318975449,0.08381515741348267,0.12782610952854156,0.06625524163246155
68435,1.0,0.12152030318975449,0.07906615734100342,0.10584458708763123,0.06605160236358643
68436,1.0,0.12152030318975449,0.08736085891723633,0.1569431871175766,0.09065624326467514
68437,1.0,0.12152030318975449,0.07629483938217163,0.17903713881969452,0.09236322343349457
68438,1.0,0.12152029573917389,0.12114536762237549,0.12166797369718552,0.14646923542022705
68439,1.0,0.12152029573917389,0.08462196588516235,0.2783212661743164,0.09468058496713638
68440,1.0,0.12152029573917389,0.08554470539093018,0.18337728083133698,0.11143319308757782
68441,1.0,0.12152029573917389,0.07646852731704712,0.14071373641490936,0.08877673000097275
68442,1.0,0.12152029573917389,0.06188231706619263,0.11985471099615097,0.08350266516208649
68443,1.0,0.1215202808380127,0.0766492486000061,0.15895162522792816,0.07190652191638947
68444,1.0,0.1215202808380127,0.08641248941421509,0.20976290106773376,0.11397529393434525
68445,1.0,0.1215202808380127,0.06843549013137817,0.13203243911266327,0.05266560986638069
68446,1.0,0.1215202808380127,0.06862407922744751,0.1406899094581604,0.09153558313846588
68447,1.0,0.1215202808380127,0.0695694088935852,0.1527351438999176,0.08460723608732224
68448,1.0,0.1215202659368515,0.06983786821365356,0.16111300885677338,0.07556816190481186
68449,1.0,0.1215202659368515,0.05772089958190918,0.07589305937290192,0.039509035646915436
68450,1.0,0.1215202659368515,0.0487484335899353,0.07259534299373627,0.02923649176955223
68451,1.0,0.1215202659368515,0.03982311487197876,0.0731239840388298,0.02707812376320362
68452,1.0,0.1215202659368515,0.04281580448150635,0.06415168941020966,0.027239779010415077
68453,1.0,0.12152025103569031,0.03792905807495117,0.06465974450111389,0.02616262063384056
68454,1.0,0.12152025103569031,0.0457645058631897,0.04068315401673317,0.039571162313222885
68455,1.0,0.12152025103569031,0.05494368076324463,0.056297704577445984,0.06048203259706497
68456,1.0,0.12152025103569031,0.09705841541290283,0.09736652672290802,0.08061038702726364
68457,1.0,0.12152025103569031,0.04812967777252197,0.053832389414310455,0.03815779834985733
68458,1.0,0.12152025103569031,0.05915367603302002,0.08190547674894333,0.038643620908260345
68459,1.0,0.12152023613452911,0.05801922082901001,0.08344747126102448,0.05576373264193535
68460,1.0,0.12152023613452911,0.15938985347747803,0.1825920194387436,0.16324841976165771
68461,1.0,0.12152023613452911,0.11015307903289795,0.21467669308185577,0.12939946353435516
68462,1.0,0.12152023613452911,0.09221166372299194,0.11632847785949707,0.07070449739694595
68984,0.0,0.13063012063503265,0.24397802352905273,0.28236332535743713,0.33179253339767456
68985,0.0,0.1306300014257431,0.11896282434463501,0.20927166938781738,0.0997438058257103
68986,0.0,0.1306300014257431,0.11514925956726074,0.13645662367343903,0.07521767914295197
68987,0.0,0.1306300014257431,0.09832841157913208,0.12533123791217804,0.0599532425403595
68988,0.0,0.1306299865245819,0.20276737213134766,0.3853432834148407,0.26853829622268677
68989,0.0,0.1306299865245819,0.33042263984680176,0.45972657203674316,0.38992178440093994
68990,0.0,0.1306299865245819,0.21897566318511963,0.23954661190509796,0.27745673060417175
68991,0.0,0.1306299865245819,0.2865269184112549,0.3732879161834717,0.342273473739624
68992,0.0,0.1306299865245819,0.16724056005477905,0.20505273342132568,0.2002052664756775
68993,0.0,0.1306299865245819,0.13779234886169434,0.16360758244991302,0.1692100316286087
68994,0.0,0.13062997162342072,0.10500878095626831,0.1657664179801941,0.11484095454216003
68995,0.0,0.13062997162342072,0.15057677030563354,0.18368525803089142,0.20576108992099762
68996,0.0,0.13062997162342072,0.11242049932479858,0.1564158946275711,0.14199917018413544
68997,0.0,0.13062997162342072,0.10547161102294922,0.11082064360380173,0.11957275122404099
68998,0.0,0.13062997162342072,0.21420806646347046,0.23972676694393158,0.2509022653102875
68999,0.0,0.13062995672225952,0.3016108274459839,0.40706467628479004,0.44241371750831604
69000,0.0,0.13062995672225952,0.22079449892044067,0.28757014870643616,0.3079547882080078
69001,0.0,0.13062995672225952,0.1990506649017334,0.1852571666240692,0.25680801272392273
69002,0.0,0.13062995672225952,0.30463069677352905,0.3169166147708893,0.37782159447669983
69003,0.0,0.13062995672225952,0.18305575847625732,0.22226373851299286,0.2267928421497345
69004,0.0,0.13062994182109833,0.16035526990890503,0.17771349847316742,0.1989283710718155
69005,0.0,0.13062994182109833,0.1718088984489441,0.13752950727939606,0.26101335883140564
69006,0.0,0.13062994182109833,0.2118625044822693,0.20263667404651642,0.3202317953109741
69007,0.0,0.13062994182109833,0.13590025901794434,0.1962748020887375,0.15795107185840607
69008,0.0,0.13062994182109833,0.25978219509124756,0.24097129702568054,0.49027469754219055
69009,1.0,0.13062992691993713,0.5709512233734131,0.5650389790534973,0.8508402705192566
69010,1.0,0.13062992691993713,0.4630184769630432,0.3780478537082672,0.7011005282402039
69011,0.0,0.13062992691993713,0.2709636092185974,0.2407524436712265,0.3908906877040863
69012,0.0,0.13062992691993713,0.21170401573181152,0.20554134249687195,0.2819844186306
69013,0.0,0.13062992691993713,0.22638702392578125,0.1967311054468155,0.31542444229125977
69014,0.0,0.13062991201877594,0.14552515745162964,0.14203722774982452,0.21622799336910248
69015,0.0,0.13062991201877594,0.14735835790634155,0.11883032321929932,0.21987076103687286
69016,0.0,0.13062991201877594,0.09777063131332397,0.07930618524551392,0.15610449016094208
69017,0.0,0.13062991201877594,0.10022163391113281,0.09218265861272812,0.14723087847232819
69018,0.0,0.13062991201877594,0.0801006555557251,0.10064422339200974,0.0941317230463028
69019,0.0,0.13062989711761475,0.10207784175872803,0.16871333122253418,0.15584366023540497
69020,0.0,0.13062989711761475,0.13735204935073853,0.15821687877178192,0.2249857485294342
69021,0.0,0.13062989711761475,0.10933047533035278,0.1097758486866951,0.17907631397247314
69022,0.0,0.13062989711761475,0.1116209626197815,0.1631174385547638,0.15554401278495789
69023,0.0,0.13062989711761475,0.13834303617477417,0.14741241931915283,0.2628888487815857
69024,0.0,0.13062989711761475,0.13086354732513428,0.13774588704109192,0.2335236370563507
69025,0.0,0.13062989711761475,0.11521375179290771,0.10828112065792084,0.2034762054681778
69026,0.0,0.13062989711761475,0.14444351196289062,0.1454094499349594,0.22210007905960083
69027,0.0,0.13062989711761475,0.11537623405456543,0.13302792608737946,0.16024251282215118
69028,0.0,0.13062989711761475,0.0891755223274231,0.13610336184501648,0.0832575261592865
69029,0.0,0.13062988221645355,0.08860081434249878,0.10485392063856125,0.08762959390878677
69030,0.0,0.13062988221645355,0.06463348865509033,0.04892602190375328,0.0615101158618927
69031,0.0,0.13062988221645355,0.06209683418273926,0.07511674612760544,0.06889618188142776
69032,0.0,0.13062988221645355,0.06854671239852905,0.04956592246890068,0.05965282768011093
69033,0.0,0.13062988221645355,0.14238524436950684,0.14568597078323364,0.17489919066429138
69034,0.0,0.13062986731529236,0.23772025108337402,0.3391316831111908,0.23398976027965546
69035,0.0,0.13062986731529236,0.2188326120376587,0.3077670931816101,0.25348496437072754
69036,0.0,0.13062986731529236,0.20118826627731323,0.22481288015842438,0.24008809030056
69558,1.0,0.12146298587322235,0.18222272396087646,0.3001492917537689,0.12704399228096008
69559,0.0,0.1214628592133522,0.1577792763710022,0.3171403110027313,0.10896565020084381
69560,0.0,0.1214628592133522,0.10104787349700928,0.24805422127246857,0.053295034915208817
69561,0.0,0.1214628592133522,0.09059768915176392,0.15981616079807281,0.03993420675396919
69562,0.0,0.12146284431219101,0.08020448684692383,0.1587057113647461,0.04712316021323204
69563,0.0,0.12146284431219101,0.14532464742660522,0.26258403062820435,0.10079630464315414
69564,0.0,0.12146284431219101,0.18759441375732422,0.3356260657310486,0.12752072513103485
69565,0.0,0.12146284431219101,0.22673535346984863,0.38656261563301086,0.23446772992610931
69566,0.0,0.12146284431219101,0.34644848108291626,0.5499176979064941,0.4979359805583954
69567,0.0,0.12146282941102982,0.24175065755844116,0.4029136002063751,0.239471435546875
69568,0.0,0.12146282941102982,0.17486512660980225,0.3069974482059479,0.1726197749376297
69569,0.0,0.12146282941102982,0.26502376794815063,0.3590649366378784,0.2467108815908432
69570,0.0,0.12146282941102982,0.26922595500946045,0.3411177694797516,0.33331194519996643
69571,0.0,0.12146282941102982,0.45148956775665283,0.5783707499504089,0.7536702752113342
69572,1.0,0.12146282196044922,0.32950258255004883,0.6043004989624023,0.3260200619697571
69573,0.0,0.12146282196044922,0.30397093296051025,0.37227103114128113,0.2896783947944641
69574,0.0,0.12146282196044922,0.31040650606155396,0.3530714213848114,0.2354162037372589
69575,0.0,0.12146282196044922,0.217451810836792,0.3230549693107605,0.16553163528442383
69576,0.0,0.12146282196044922,0.22122257947921753,0.26959386467933655,0.1510825902223587
69577,0.0,0.12146280705928802,0.3181576132774353,0.3212070167064667,0.2286129891872406
69578,0.0,0.12146280705928802,0.3137216567993164,0.287129670381546,0.27395910024642944
69579,0.0,0.12146280705928802,0.16318374872207642,0.21936863660812378,0.08341379463672638
69580,0.0,0.12146280705928802,0.2303181290626526,0.21306830644607544,0.10906431823968887
69581,0.0,0.12146280705928802,0.35287511348724365,0.31348657608032227,0.23108533024787903
69582,0.0,0.12146280705928802,0.1701509952545166,0.18672572076320648,0.10617510229349136
69583,0.0,0.12146280705928802,0.2876441478729248,0.1897672563791275,0.29738953709602356
69584,0.0,0.12146280705928802,0.3336254954338074,0.19953465461730957,0.3255477249622345
69585,0.0,0.12146280705928802,0.2058638334274292,0.2552523612976074,0.2657066881656647
69586,0.0,0.12146280705928802,0.23939907550811768,0.24435871839523315,0.23826128244400024
69587,0.0,0.12146277725696564,0.14603763818740845,0.20773528516292572,0.15945160388946533
69588,0.0,0.12146277725696564,0.18574672937393188,0.2594447731971741,0.14462096989154816
69589,0.0,0.12146277725696564,0.14085763692855835,0.183094322681427,0.10070836544036865
69590,0.0,0.12146277725696564,0.11519646644592285,0.13827510178089142,0.06926344335079193
69591,0.0,0.12146277725696564,0.0600966215133667,0.117511086165905,0.04558226838707924
69592,0.0,0.12146277725696564,0.07884222269058228,0.10343975573778152,0.04918159544467926
69593,0.0,0.12146277725696564,0.048857927322387695,0.10029267519712448,0.03476223722100258
69594,0.0,0.12146277725696564,0.060990869998931885,0.10548389703035355,0.04443803429603577
69595,0.0,0.12146277725696564,0.04964804649353027,0.08906417340040207,0.031229430809617043
69596,0.0,0.12146277725696564,0.054650068283081055,0.12010464817285538,0.044116877019405365
69597,0.0,0.12146276235580444,0.05955988168716431,0.08171691745519638,0.035275671631097794
69598,0.0,0.12146276235580444,0.052519023418426514,0.07696934044361115,0.03483577445149422
69599,0.0,0.12146276235580444,0.04333692789077759,0.06152687221765518,0.030060337856411934
69600,0.0,0.12146276235580444,0.045506954193115234,0.08385080844163895,0.018070774152874947
69601,0.0,0.12146276235580444,0.04899799823760986,0.09032395482063293,0.020754488185048103
69602,0.0,0.12146274745464325,0.08124667406082153,0.16360025107860565,0.053402628749608994
69603,0.0,0.12146274745464325,0.08177518844604492,0.12039020657539368,0.05442490428686142
69604,0.0,0.12146274745464325,0.049134790897369385,0.06926243752241135,0.02837800793349743
69605,0.0,0.12146274745464325,0.08766251802444458,0.1171872466802597,0.046787697821855545
69606,0.0,0.12146274745464325,0.06324547529220581,0.1636059433221817,0.03898368775844574
69607,0.0,0.12146273255348206,0.07972913980484009,0.12966835498809814,0.04699842631816864
69608,0.0,0.12146273255348206,0.08855640888214111,0.12366873770952225,0.044565364718437195
69609,0.0,0.12146273255348206,0.0885431170463562,0.14796514809131622,0.04392001032829285
69610,0.0,0.12146273255348206,0.060134828090667725,0.12091991305351257,0.0488114207983017
70132,0.0,0.1732814460992813,0.19727611541748047,0.2675718665122986,0.17759306728839874
70133,0.0,0.17328126728534698,0.3475456237792969,0.5997163653373718,0.6489015221595764
70134,1.0,0.17328126728534698,0.4711311459541321,0.6649563312530518,0.7220830321311951
70135,1.0,0.17328126728534698,0.48950833082199097,0.6121863722801208,0.6949968338012695
70136,0.0,0.1732812523841858,0.5094418525695801,0.5772676467895508,0.7073586583137512
70137,1.0,0.1732812523841858,0.4935680031776428,0.5397265553474426,0.6659349799156189
70138,0.0,0.1732812523841858,0.46479088068008423,0.575702428817749,0.7202520370483398
70139,1.0,0.1732812523841858,0.4822496175765991,0.625757098197937,0.6317282319068909
70140,1.0,0.1732812523841858,0.5033881068229675,0.600903332233429,0.7215326428413391
70141,0.0,0.1732812374830246,0.4804460406303406,0.49390697479248047,0.7237324118614197
70142,0.0,0.1732812374830246,0.3933878540992737,0.3716074526309967,0.6146677732467651
70143,0.0,0.1732812374830246,0.455829381942749,0.44505929946899414,0.7058610320091248
70144,1.0,0.1732812374830246,0.6010043621063232,0.7299457788467407,0.9137698411941528
70145,1.0,0.1732812374830246,0.554092288017273,0.8691518306732178,0.9479150176048279
70146,1.0,0.1732812374830246,0.5935046076774597,0.8722155690193176,0.9777300357818604
70147,1.0,0.1732812374830246,0.5495291948318481,0.8541460037231445,0.975227415561676
70148,1.0,0.1732812374830246,0.5146121978759766,0.8515055179595947,0.9650317430496216
70149,1.0,0.1732812374830246,0.5049275159835815,0.8388859033584595,0.9499797224998474
70150,1.0,0.1732812225818634,0.5055527091026306,0.8546329736709595,0.9425615072250366
70151,1.0,0.1732812374830246,0.5161299705505371,0.8434763550758362,0.9384206533432007
70152,1.0,0.1732812225818634,0.49178922176361084,0.8595141768455505,0.9467929005622864
70153,1.0,0.1732812374830246,0.4237630367279053,0.8428768515586853,0.9174562692642212
70154,1.0,0.1732812225818634,0.4371172785758972,0.7747899889945984,0.8912592530250549
70155,1.0,0.1732812225818634,0.37902379035949707,0.8825823068618774,0.8794116973876953
70156,1.0,0.17328119277954102,0.3687339425086975,0.8141210675239563,0.769126296043396
70157,1.0,0.1732812523841858,0.2891388535499573,0.794150173664093,0.7149192094802856
70158,1.0,0.1732812523841858,0.2595011591911316,0.7749858498573303,0.5109902024269104
70159,1.0,0.1732812374830246,0.2645241618156433,0.6818697452545166,0.6124041676521301
70160,1.0,0.17328119277954102,0.30597400665283203,0.7405200004577637,0.6859974265098572
70161,1.0,0.17328117787837982,0.28805142641067505,0.6736158132553101,0.5538672804832458
70162,1.0,0.17328117787837982,0.31913745403289795,0.6635481715202332,0.708620011806488
70163,1.0,0.17328116297721863,0.23666852712631226,0.6260040998458862,0.5351564288139343
70164,1.0,0.17328116297721863,0.2375105619430542,0.6602400541305542,0.5255942344665527
70165,1.0,0.17328116297721863,0.2059117555618286,0.5692375898361206,0.3488049805164337
70166,1.0,0.17328116297721863,0.14369487762451172,0.33866164088249207,0.15163734555244446
70167,0.0,0.17328116297721863,0.09642958641052246,0.2872880697250366,0.1996811032295227
70168,1.0,0.17328116297721863,0.15805304050445557,0.2526187002658844,0.25920769572257996
70169,1.0,0.17328116297721863,0.10569703578948975,0.143187016248703,0.09524187445640564
70170,0.0,0.17328116297721863,0.06650888919830322,0.11880940943956375,0.07344499230384827
70171,1.0,0.17328116297721863,0.0764666199684143,0.20378810167312622,0.08193043619394302
70172,1.0,0.17328114807605743,0.06229013204574585,0.07433715462684631,0.04443631321191788
70173,0.0,0.17328114807605743,0.05663251876831055,0.11043164879083633,0.07419644296169281
70174,1.0,0.17328114807605743,0.1334412693977356,0.18819449841976166,0.1448659598827362
70175,1.0,0.17328114807605743,0.055615365505218506,0.0903041735291481,0.039403703063726425
70176,0.0,0.17328114807605743,0.08272349834442139,0.16633030772209167,0.07946356385946274
70177,1.0,0.17328111827373505,0.1914738416671753,0.26601529121398926,0.22251561284065247
70178,1.0,0.17328111827373505,0.08759278059005737,0.11166038364171982,0.054067108780145645
70179,0.0,0.17328111827373505,0.125654399394989,0.12058719992637634,0.1156582310795784
70180,0.0,0.17328111827373505,0.20266515016555786,0.15889285504817963,0.2211310863494873
70181,1.0,0.17328111827373505,0.20757150650024414,0.21019557118415833,0.20336699485778809
70182,1.0,0.17328110337257385,0.1410350203514099,0.10452190041542053,0.10839279741048813
70183,0.0,0.17328110337257385,0.21710902452468872,0.1884780377149582,0.24150247871875763
70184,1.0,0.17328110337257385,0.2085433006286621,0.21399851143360138,0.23616252839565277
70706,1.0,0.08338351547718048,0.5298858284950256,0.42801421880722046,0.77851802110672
70707,1.0,0.08338344097137451,0.47825002670288086,0.5743147730827332,0.7580162882804871
70708,1.0,0.08338343352079391,0.44605034589767456,0.4265335202217102,0.733386218547821
70709,0.0,0.08338343352079391,0.48865675926208496,0.37067490816116333,0.6658810377120972
70710,1.0,0.08338343352079391,0.5251883268356323,0.4422535300254822,0.6573907136917114
70711,1.0,0.08338343352079391,0.4935149550437927,0.42966538667678833,0.749319314956665
70712,1.0,0.08338343352079391,0.4701389670372009,0.4218277931213379,0.7191280126571655
70713,1.0,0.08338343352079391,0.2544039487838745,0.3713480830192566,0.44379544258117676
70714,0.0,0.08338343352079391,0.3619921803474426,0.4739077687263489,0.5105313658714294
70715,1.0,0.08338343352079391,0.48695939779281616,0.43935394287109375,0.6713945865631104
70716,1.0,0.08338343352079391,0.5448377728462219,0.4629952013492584,0.7920335531234741
70717,1.0,0.08338343352079391,0.5952344536781311,0.5962671637535095,0.8572487235069275
70718,1.0,0.08338341116905212,0.4728161096572876,0.3796560764312744,0.6747037172317505
70719,0.0,0.08338341116905212,0.446013867855072,0.37427210807800293,0.615630030632019
70720,1.0,0.08338341116905212,0.49185997247695923,0.46556416153907776,0.7050431370735168
70721,1.0,0.08338341116905212,0.4514392614364624,0.42451533675193787,0.6239033937454224
70722,1.0,0.08338341116905212,0.4921165704727173,0.39236852526664734,0.6733741164207458
70723,1.0,0.08338341116905212,0.45840179920196533,0.42832595109939575,0.6533839106559753
70724,1.0,0.08338341116905212,0.450877845287323,0.39718255400657654,0.6396214365959167
70725,1.0,0.08338341116905212,0.34156036376953125,0.3112412393093109,0.47504281997680664
70726,1.0,0.08338341116905212,0.36535269021987915,0.30399003624916077,0.43916580080986023
70727,1.0,0.08338341116905212,0.3083552122116089,0.21954897046089172,0.33781883120536804
70728,0.0,0.08338338881731033,0.29455995559692383,0.19457568228244781,0.3219606578350067
70729,0.0,0.08338338881731033,0.26529639959335327,0.15312792360782623,0.42086148262023926
70730,1.0,0.08338338881731033,0.2495361566543579,0.2178848832845688,0.3957507610321045
70731,1.0,0.08338338881731033,0.26680874824523926,0.1400165855884552,0.4016602635383606
70732,0.0,0.08338338881731033,0.2187606692314148,0.17329144477844238,0.3179716467857361
70733,1.0,0.08338338881731033,0.24486613273620605,0.22406573593616486,0.27818378806114197
70734,1.0,0.08338338881731033,0.26228225231170654,0.19831088185310364,0.3163650929927826
70735,1.0,0.08338338881731033,0.26418501138687134,0.22430667281150818,0.32582560181617737
70736,1.0,0.08338338881731033,0.254435658454895,0.22407028079032898,0.26313871145248413
70737,1.0,0.08338338881731033,0.1887965202331543,0.1990826278924942,0.25433045625686646
70738,1.0,0.08338337391614914,0.2037677764892578,0.22951389849185944,0.27126583456993103
70739,1.0,0.08338337391614914,0.18847894668579102,0.20201869308948517,0.28850674629211426
70740,1.0,0.08338337391614914,0.15384292602539062,0.19344307482242584,0.27842584252357483
70741,1.0,0.08338337391614914,0.15006452798843384,0.26542672514915466,0.15243734419345856
70742,1.0,0.08338337391614914,0.23553961515426636,0.3451733887195587,0.263479083776474
70743,1.0,0.08338337391614914,0.23292142152786255,0.3747812807559967,0.2746608853340149
70744,1.0,0.08338337391614914,0.28578299283981323,0.38195642828941345,0.4617499113082886
70745,1.0,0.08338337391614914,0.21543443202972412,0.2124416083097458,0.20976001024246216
70746,1.0,0.08338337391614914,0.19810271263122559,0.18788346648216248,0.178541898727417
70747,1.0,0.08338337391614914,0.1894305944442749,0.20609928667545319,0.20041927695274353
70748,1.0,0.08338335156440735,0.1804906725883484,0.2003401815891266,0.18953680992126465
70749,1.0,0.08338335156440735,0.20586168766021729,0.23141318559646606,0.30215251445770264
70750,1.0,0.08338335156440735,0.2686421871185303,0.19217008352279663,0.28250062465667725
70751,1.0,0.08338335156440735,0.36284470558166504,0.27385208010673523,0.36592212319374084
70752,1.0,0.08338335156440735,0.28623175621032715,0.25539106130599976,0.2538609504699707
70753,1.0,0.08338335156440735,0.2853257656097412,0.25053903460502625,0.34371766448020935
70754,1.0,0.08338335156440735,0.36467617750167847,0.42417511343955994,0.4891645312309265
70755,1.0,0.08338335156440735,0.2945014238357544,0.26462891697883606,0.3886186480522156
70756,1.0,0.08338335156440735,0.3733057975769043,0.3412632346153259,0.4736683666706085
70757,1.0,0.08338335156440735,0.292094349861145,0.3484934866428375,0.4248006045818329
70758,1.0,0.08338332921266556,0.452267587184906,0.5851986408233643,0.6834114193916321
71280,1.0,0.0835535079240799,0.5080943703651428,0.4624854624271393,0.7510502338409424
71281,1.0,0.08355341851711273,0.4869611859321594,0.5585488677024841,0.7611553072929382
71282,1.0,0.08355341851711273,0.5866528749465942,0.5357166528701782,0.8083801865577698
71283,1.0,0.08355341851711273,0.5119885206222534,0.421076238155365,0.8290029764175415
71284,0.0,0.08355341851711273,0.5548559427261353,0.4181947410106659,0.7441755533218384
71285,1.0,0.08355341851711273,0.4749956727027893,0.37263238430023193,0.7422235608100891
71286,0.0,0.08355341851711273,0.40514451265335083,0.3299185037612915,0.6733776926994324
71287,0.0,0.08355341851711273,0.3591293692588806,0.4949410557746887,0.49616265296936035
71288,1.0,0.08355340361595154,0.3951069116592407,0.5475884079933167,0.636508584022522
71289,1.0,0.08355340361595154,0.5143575668334961,0.49052906036376953,0.7494205832481384
71290,1.0,0.08355340361595154,0.5569325685501099,0.5365839600563049,0.7830499410629272
71291,1.0,0.08355340361595154,0.4030922055244446,0.4850950539112091,0.695115864276886
71292,1.0,0.08355340361595154,0.47917866706848145,0.42149895429611206,0.6218848824501038
71293,1.0,0.08355340361595154,0.3991091847419739,0.398326575756073,0.5339290499687195
71294,0.0,0.08355340361595154,0.2592993378639221,0.260759562253952,0.3348635137081146
71295,0.0,0.08355340361595154,0.43643975257873535,0.37179505825042725,0.6730350852012634
71296,1.0,0.08355340361595154,0.44225549697875977,0.41977569460868835,0.5958678722381592
71297,0.0,0.08355340361595154,0.43528956174850464,0.36005544662475586,0.663983166217804
71298,1.0,0.08355338126420975,0.41326451301574707,0.3756999671459198,0.5783172249794006
71299,0.0,0.08355338126420975,0.21495509147644043,0.19268938899040222,0.2671438753604889
71300,0.0,0.08355338126420975,0.35922473669052124,0.2797944247722626,0.5300183892250061
71301,0.0,0.08355338126420975,0.33896178007125854,0.28330880403518677,0.492540568113327
71302,0.0,0.08355338126420975,0.2278640866279602,0.17017526924610138,0.34188488125801086
71303,0.0,0.08355338126420975,0.1933736801147461,0.1314496397972107,0.21878008544445038
71304,0.0,0.08355338126420975,0.1698257327079773,0.12837165594100952,0.23710200190544128
71305,0.0,0.08355338126420975,0.12454968690872192,0.14976933598518372,0.14816905558109283
71306,0.0,0.08355338126420975,0.13731545209884644,0.1362392157316208,0.17732040584087372
71307,0.0,0.08355338126420975,0.11657404899597168,0.2372233122587204,0.15759950876235962
71308,0.0,0.08355336636304855,0.10986030101776123,0.1714267134666443,0.16550284624099731
71309,0.0,0.08355336636304855,0.11056184768676758,0.18672266602516174,0.16739453375339508
71310,0.0,0.08355336636304855,0.13034474849700928,0.20561502873897552,0.15464620292186737
71311,0.0,0.08355336636304855,0.11110126972198486,0.16739578545093536,0.1824742555618286
71312,0.0,0.08355336636304855,0.10994547605514526,0.17519687116146088,0.13202494382858276
71313,1.0,0.08355336636304855,0.15614765882492065,0.182339146733284,0.23101913928985596
71314,0.0,0.08355336636304855,0.19452708959579468,0.13070230185985565,0.1954854428768158
71315,0.0,0.08355336636304855,0.14160847663879395,0.19315434992313385,0.1997823417186737
71316,1.0,0.08355336636304855,0.0756920576095581,0.20125263929367065,0.1417362093925476
71317,1.0,0.08355336636304855,0.093772292137146,0.16384483873844147,0.15203016996383667
71318,0.0,0.08355334401130676,0.1196938157081604,0.17755530774593353,0.17699328064918518
71319,0.0,0.08355334401130676,0.14783024787902832,0.11277013272047043,0.19330285489559174
71320,0.0,0.08355334401130676,0.16611605882644653,0.11292968690395355,0.1535148024559021
71321,1.0,0.08355334401130676,0.23863095045089722,0.211568683385849,0.31887125968933105
71322,1.0,0.08355334401130676,0.20301365852355957,0.26983585953712463,0.19912105798721313
71323,1.0,0.08355334401130676,0.21423298120498657,0.225245863199234,0.3742547035217285
71324,0.0,0.08355334401130676,0.2949342727661133,0.21096336841583252,0.3074674606323242
71325,1.0,0.08355334401130676,0.19370704889297485,0.21527135372161865,0.3176141679286957
71326,0.0,0.08355334401130676,0.2683718204498291,0.28632181882858276,0.3452296555042267
71327,1.0,0.08355334401130676,0.2795214056968689,0.27602413296699524,0.39331692457199097
71328,1.0,0.08355332165956497,0.42751193046569824,0.3525885343551636,0.5716602206230164
71329,1.0,0.08355332165956497,0.4302738308906555,0.437813937664032,0.6271998882293701
71330,1.0,0.08355332165956497,0.3434039354324341,0.42649051547050476,0.4751517176628113
71331,0.0,0.08355332165956497,0.39196598529815674,0.5548370480537415,0.6057013273239136
71332,1.0,0.08355332165956497,0.45463496446609497,0.48852768540382385,0.7355695366859436
71854,1.0,0.1306610405445099,0.10996419191360474,0.2386050671339035,0.1036076471209526
71855,0.0,0.13066090643405914,0.15539085865020752,0.26567432284355164,0.12161631882190704
71856,0.0,0.13066090643405914,0.0859215259552002,0.1667596697807312,0.07749325037002563
71857,0.0,0.13066090643405914,0.0792703628540039,0.1215115338563919,0.05017421767115593
71858,0.0,0.13066089153289795,0.07982867956161499,0.1324879676103592,0.06529431790113449
71859,0.0,0.13066089153289795,0.07822346687316895,0.15424439311027527,0.06735458225011826
71860,0.0,0.13066089153289795,0.08714044094085693,0.1300850510597229,0.10114192962646484
71861,0.0,0.13066089153289795,0.07665801048278809,0.14220400154590607,0.05500010401010513
71862,0.0,0.13066089153289795,0.10906744003295898,0.16457805037498474,0.11268273741006851
71863,0.0,0.13066087663173676,0.08163672685623169,0.15200039744377136,0.08652834594249725
71864,0.0,0.13066087663173676,0.07896155118942261,0.15244697034358978,0.08419836312532425
71865,0.0,0.13066087663173676,0.11055439710617065,0.195181742310524,0.11324085295200348
71866,0.0,0.13066087663173676,0.09874528646469116,0.18173646926879883,0.09470688551664352
71867,0.0,0.13066087663173676,0.09663140773773193,0.15803998708724976,0.08609281480312347
71868,0.0,0.13066086173057556,0.10469269752502441,0.1780477911233902,0.10179107636213303
71869,0.0,0.13066086173057556,0.1359241008758545,0.1927485466003418,0.12128882855176926
71870,0.0,0.13066086173057556,0.12304681539535522,0.1791757494211197,0.1396491527557373
71871,0.0,0.13066086173057556,0.09045976400375366,0.1769370138645172,0.07345350086688995
71872,0.0,0.13066086173057556,0.20440703630447388,0.26725292205810547,0.2156824916601181
71873,0.0,0.13066084682941437,0.12703591585159302,0.22955204546451569,0.07497250288724899
71874,0.0,0.13066084682941437,0.1439400315284729,0.17706720530986786,0.10912331938743591
71875,0.0,0.13066084682941437,0.19191193580627441,0.23320521414279938,0.25166770815849304
71876,0.0,0.13066084682941437,0.08365148305892944,0.11082451790571213,0.05489861220121384
71877,0.0,0.13066084682941437,0.1134834885597229,0.16778169572353363,0.06060198321938515
71878,0.0,0.13066084682941437,0.1119646430015564,0.1707540601491928,0.07855818420648575
71879,0.0,0.13066084682941437,0.1992548704147339,0.19097720086574554,0.21300631761550903
71880,0.0,0.13066084682941437,0.15473991632461548,0.1714373379945755,0.1919597089290619
71881,0.0,0.13066084682941437,0.07544577121734619,0.09045325964689255,0.07312583178281784
71882,0.0,0.13066084682941437,0.06536078453063965,0.08525662869215012,0.053213123232126236
71883,0.0,0.13066083192825317,0.04871201515197754,0.06895921379327774,0.037265386432409286
71884,0.0,0.13066083192825317,0.10142934322357178,0.10462555289268494,0.10539544373750687
71885,0.0,0.13066083192825317,0.08122134208679199,0.08510015159845352,0.0876547247171402
71886,0.0,0.13066083192825317,0.07777434587478638,0.08761218935251236,0.053573861718177795
71887,0.0,0.13066083192825317,0.06761050224304199,0.10183760523796082,0.04908638820052147
71888,0.0,0.13066081702709198,0.0928659439086914,0.10324304550886154,0.07476908713579178
71889,0.0,0.13066081702709198,0.07099169492721558,0.10183273255825043,0.056117329746484756
71890,0.0,0.13066081702709198,0.1716340184211731,0.17220793664455414,0.21135005354881287
71891,0.0,0.13066081702709198,0.05829012393951416,0.08062157034873962,0.052517011761665344
71892,0.0,0.13066081702709198,0.06873488426208496,0.10791337490081787,0.05717960000038147
71893,0.0,0.13066081702709198,0.05767560005187988,0.08178545534610748,0.04167431965470314
71894,0.0,0.1306607872247696,0.054428279399871826,0.07303477078676224,0.032515764236450195
71895,0.0,0.1306607872247696,0.05699789524078369,0.06672344356775284,0.03994322940707207
71896,0.0,0.1306607872247696,0.055622637271881104,0.06391410529613495,0.03127201646566391
71897,0.0,0.1306607872247696,0.05425602197647095,0.10432658344507217,0.034647103399038315
71898,0.0,0.1306607872247696,0.07647395133972168,0.12871365249156952,0.04865095019340515
71899,0.0,0.1306607872247696,0.08554661273956299,0.11464688926935196,0.06834447383880615
71900,0.0,0.1306607872247696,0.06317007541656494,0.07559097558259964,0.04259509593248367
71901,0.0,0.1306607872247696,0.07861942052841187,0.10641845315694809,0.059174031019210815
71902,0.0,0.1306607872247696,0.058265745639801025,0.08681388944387436,0.02936907671391964
71903,0.0,0.1306607872247696,0.07053530216217041,0.1321915239095688,0.05708090588450432
71904,0.0,0.1306607723236084,0.0792856216430664,0.10366829484701157,0.04693927988409996
71905,0.0,0.1306607723236084,0.08523601293563843,0.1389835625886917,0.04411506652832031
71906,0.0,0.1306607723236084,0.0663650631904602,0.13145078718662262,0.06042099371552467
72428,1.0,0.12159297615289688,0.06894320249557495,0.09215820580720901,0.07193152606487274
72429,1.0,0.12159286439418793,0.07130187749862671,0.12555140256881714,0.05225576460361481
72430,1.0,0.12159286439418793,0.06279665231704712,0.10041232407093048,0.046731460839509964
72431,1.0,0.12159284949302673,0.12549203634262085,0.14186881482601166,0.16411960124969482
72432,1.0,0.12159284949302673,0.11851221323013306,0.14875902235507965,0.14771698415279388
72433,1.0,0.12159284949302673,0.0807684063911438,0.1390167623758316,0.056657422333955765
72434,1.0,0.12159284949302673,0.16664695739746094,0.22828763723373413,0.16593727469444275
72435,1.0,0.12159284949302673,0.14532601833343506,0.1630437672138214,0.12342704832553864
72436,1.0,0.12159283459186554,0.11964523792266846,0.14988011121749878,0.1043815091252327
72437,1.0,0.12159283459186554,0.3135220408439636,0.3433413803577423,0.30931150913238525
72438,1.0,0.12159283459186554,0.340847373008728,0.4660128355026245,0.3801230788230896
72439,1.0,0.12159283459186554,0.3903201222419739,0.5043385624885559,0.5700892806053162
72440,1.0,0.12159283459186554,0.4759385585784912,0.5652351379394531,0.6522754430770874
72441,1.0,0.12159281969070435,0.31296801567077637,0.3311108350753784,0.4483148455619812
72442,1.0,0.12159281969070435,0.39922666549682617,0.37618690729141235,0.4698966443538666
72443,1.0,0.12159281969070435,0.31510812044143677,0.41524308919906616,0.35981300473213196
72444,1.0,0.12159281969070435,0.14334887266159058,0.21081151068210602,0.16583538055419922
72445,1.0,0.12159281969070435,0.2384459376335144,0.34571588039398193,0.2404731661081314
72446,1.0,0.12159280478954315,0.10322695970535278,0.12465357780456543,0.09327242523431778
72447,1.0,0.12159280478954315,0.1007196307182312,0.09299076348543167,0.07109834998846054
72448,1.0,0.12159280478954315,0.09230095148086548,0.06759874522686005,0.057833004742860794
72449,1.0,0.12159280478954315,0.07037550210952759,0.07514132559299469,0.0571293942630291
72450,1.0,0.12159280478954315,0.051905930042266846,0.08366568386554718,0.033563099801540375
72451,1.0,0.12159278988838196,0.05542069673538208,0.07298426330089569,0.03454718738794327
72452,1.0,0.12159278988838196,0.05109059810638428,0.10999173671007156,0.03550427034497261
72453,1.0,0.12159278988838196,0.05216479301452637,0.1159205362200737,0.035333238542079926
72454,1.0,0.12159278988838196,0.0422825813293457,0.10542672127485275,0.03252508118748665
72455,1.0,0.12159278988838196,0.03872877359390259,0.10073954612016678,0.027320824563503265
72456,1.0,0.12159278243780136,0.042951107025146484,0.07506208121776581,0.026080245152115822
72457,1.0,0.12159278243780136,0.040145695209503174,0.09600174427032471,0.02452082186937332
72458,1.0,0.12159278243780136,0.03742915391921997,0.08374381065368652,0.032665230333805084
72459,1.0,0.12159278243780136,0.029858291149139404,0.09554645419120789,0.023299816995859146
72460,1.0,0.12159278243780136,0.030332207679748535,0.06449732184410095,0.024965493008494377
72461,1.0,0.12159278243780136,0.034428417682647705,0.07947158813476562,0.023925956338644028
72462,1.0,0.12159278243780136,0.036072492599487305,0.08840983361005783,0.028341393917798996
72463,1.0,0.12159278243780136,0.03598177433013916,0.07326000928878784,0.026515139266848564
72464,1.0,0.12159278243780136,0.030767738819122314,0.07110089808702469,0.023975884541869164
72465,1.0,0.12159278243780136,0.03029310703277588,0.06745193153619766,0.022839391604065895
72466,1.0,0.12159275263547897,0.03202414512634277,0.06544822454452515,0.025554602965712547
72467,1.0,0.12159275263547897,0.03138303756713867,0.06292901188135147,0.02040361985564232
72468,1.0,0.12159275263547897,0.04159146547317505,0.06609953939914703,0.03091445006430149
72469,1.0,0.12159275263547897,0.043862342834472656,0.100372314453125,0.032469697296619415
72470,1.0,0.12159275263547897,0.05650293827056885,0.07629857212305069,0.036938656121492386
72471,1.0,0.12159275263547897,0.03930306434631348,0.14685659110546112,0.04493577778339386
72472,1.0,0.12159275263547897,0.058552443981170654,0.08655749261379242,0.04672275856137276
72473,1.0,0.12159275263547897,0.11878365278244019,0.15179885923862457,0.11061036586761475
72474,1.0,0.12159275263547897,0.10745763778686523,0.1038382276892662,0.10653458535671234
72475,1.0,0.12159275263547897,0.08035802841186523,0.09386089444160461,0.0915055125951767
72476,1.0,0.12159273773431778,0.06639528274536133,0.06919577717781067,0.0671478658914566
72477,1.0,0.12159273773431778,0.12364238500595093,0.13251131772994995,0.1355622559785843
72478,1.0,0.12159273773431778,0.17719781398773193,0.21285052597522736,0.16639365255832672
72479,1.0,0.12159273773431778,0.07489252090454102,0.1319827437400818,0.06239287927746773
72480,1.0,0.12159273773431778,0.13638514280319214,0.14345140755176544,0.23783926665782928
73002,0.0,0.12157104164361954,0.44530051946640015,0.5298129320144653,0.5534905791282654
73003,0.0,0.12157092988491058,0.3517952561378479,0.6383348107337952,0.553555428981781
73004,1.0,0.12157091498374939,0.28266197443008423,0.6688093543052673,0.5962424874305725
73005,1.0,0.12157091498374939,0.2599945664405823,0.5445964336395264,0.3599860370159149
73006,1.0,0.12157091498374939,0.2880018949508667,0.43164733052253723,0.39296287298202515
73007,1.0,0.12157091498374939,0.21236169338226318,0.407817542552948,0.2868299186229706
73008,1.0,0.12157091498374939,0.17492884397506714,0.4089043140411377,0.16296689212322235
73009,0.0,0.1215709000825882,0.2589501738548279,0.4852965772151947,0.2483842521905899
73010,0.0,0.1215709000825882,0.34296178817749023,0.49224019050598145,0.42029377818107605
73011,0.0,0.1215709000825882,0.3616306185722351,0.499080091714859,0.4427409768104553
73012,0.0,0.1215709000825882,0.2821540832519531,0.42439964413642883,0.35004544258117676
73013,0.0,0.1215709000825882,0.3191447854042053,0.4493473768234253,0.36223146319389343
73014,0.0,0.121570885181427,0.2882590889930725,0.36003753542900085,0.29252976179122925
73015,0.0,0.121570885181427,0.3139895796775818,0.45802125334739685,0.24812521040439606
73016,0.0,0.121570885181427,0.45117825269699097,0.5575317144393921,0.3615403473377228
73017,0.0,0.121570885181427,0.3503597378730774,0.4289008677005768,0.2910267412662506
73018,0.0,0.121570885181427,0.31722813844680786,0.45194071531295776,0.32379448413848877
73019,0.0,0.12157087028026581,0.32690346240997314,0.5589851140975952,0.3634607493877411
73020,0.0,0.12157087028026581,0.48916512727737427,0.4822896420955658,0.599965512752533
73021,0.0,0.12157087028026581,0.38265132904052734,0.35986024141311646,0.49028122425079346
73022,0.0,0.12157087028026581,0.305633544921875,0.37701788544654846,0.34776830673217773
73023,0.0,0.12157087028026581,0.24234724044799805,0.19648608565330505,0.18989497423171997
73024,0.0,0.12157087028026581,0.3107028007507324,0.26487961411476135,0.20123055577278137
73025,0.0,0.12157087028026581,0.330890417098999,0.2781130373477936,0.4084077477455139
73026,0.0,0.12157087028026581,0.3527376651763916,0.3220389187335968,0.360781729221344
73027,0.0,0.12157087028026581,0.3090253472328186,0.2957416772842407,0.34714576601982117
73028,0.0,0.12157087028026581,0.2177504301071167,0.2518777847290039,0.16861455142498016
73029,0.0,0.12157084047794342,0.2570963501930237,0.22214677929878235,0.3001853823661804
73030,0.0,0.12157084047794342,0.35815298557281494,0.3018553555011749,0.3704078197479248
73031,0.0,0.12157084047794342,0.325219988822937,0.24330584704875946,0.33501484990119934
73032,0.0,0.12157084047794342,0.38306134939193726,0.27303552627563477,0.3627678155899048
73033,0.0,0.12157084047794342,0.21313542127609253,0.30933430790901184,0.29818132519721985
73034,0.0,0.12157084047794342,0.22099721431732178,0.26659348607063293,0.23377957940101624
73035,0.0,0.12157084047794342,0.14871865510940552,0.1842067688703537,0.12959086894989014
73036,0.0,0.12157084047794342,0.1707356572151184,0.2838613986968994,0.19896076619625092
73037,0.0,0.12157084047794342,0.11450165510177612,0.17654310166835785,0.09010341763496399
73038,0.0,0.12157084047794342,0.13335400819778442,0.23899607360363007,0.10167246311903
73039,0.0,0.12157081812620163,0.19365352392196655,0.2444078028202057,0.17349372804164886
73040,0.0,0.12157081812620163,0.14353644847869873,0.19486190378665924,0.08372262865304947
73041,0.0,0.12157081812620163,0.12350165843963623,0.14058560132980347,0.08489294350147247
73042,0.0,0.12157081812620163,0.11147159337997437,0.11951342225074768,0.058725323528051376
73043,0.0,0.12157081812620163,0.10271942615509033,0.14854751527309418,0.07959312200546265
73044,0.0,0.12157081812620163,0.09931063652038574,0.11815762519836426,0.09227824956178665
73045,0.0,0.12157081812620163,0.11585456132888794,0.15226416289806366,0.07138793170452118
73046,0.0,0.12157081812620163,0.14929813146591187,0.16358891129493713,0.11031093448400497
73047,0.0,0.12157081812620163,0.12716251611709595,0.13798613846302032,0.09601545333862305
73048,0.0,0.12157081812620163,0.10487860441207886,0.15157796442508698,0.07106544822454453
73049,0.0,0.12157078832387924,0.09969466924667358,0.11601120233535767,0.09825774282217026
73050,0.0,0.12157078832387924,0.1940128207206726,0.1849604845046997,0.22762614488601685
73051,0.0,0.12157078832387924,0.15235060453414917,0.18282285332679749,0.08764722943305969
73052,0.0,0.12157078832387924,0.20954763889312744,0.3530242145061493,0.18101494014263153
73053,0.0,0.12157078832387924,0.21573376655578613,0.294132798910141,0.17681466042995453
73054,0.0,0.12157078832387924,0.11987936496734619,0.15175805985927582,0.08335815370082855
73576,0.0,0.09702938795089722,0.4021328091621399,0.5507376194000244,0.5768598914146423
73577,1.0,0.09702927619218826,0.5770654082298279,0.7109236121177673,0.8366739153862
73578,1.0,0.09702927619218826,0.5160367488861084,0.5685319900512695,0.6714518070220947
73579,1.0,0.09702927619218826,0.688285768032074,0.7295838594436646,0.9175999760627747
73580,1.0,0.09702927619218826,0.4535818099975586,0.6504302620887756,0.8550350069999695
73581,1.0,0.09702927619218826,0.5316054821014404,0.6676526665687561,0.8187040090560913
73582,1.0,0.09702927619218826,0.4661487936973572,0.7035126686096191,0.8134810328483582
73583,1.0,0.09702927619218826,0.43986815214157104,0.6254721879959106,0.6958930492401123
73584,1.0,0.09702926129102707,0.5130023956298828,0.6859828233718872,0.840712308883667
73585,1.0,0.09702926129102707,0.6084673404693604,0.776451826095581,0.8807927966117859
73586,1.0,0.09702926129102707,0.5373592376708984,0.7356390953063965,0.879885196685791
73587,1.0,0.09702926129102707,0.56141197681427,0.7848511934280396,0.8568443059921265
73588,1.0,0.09702926129102707,0.55652916431427,0.6053743362426758,0.8212699890136719
73589,1.0,0.09702926129102707,0.532941460609436,0.5386142134666443,0.8389168381690979
73590,1.0,0.09702926129102707,0.5042641162872314,0.6288143992424011,0.7549164891242981
73591,1.0,0.09702926129102707,0.5267563462257385,0.6326736211776733,0.7403002381324768
73592,1.0,0.09702926129102707,0.5613471269607544,0.5912085771560669,0.7912670373916626
73593,1.0,0.09702926129102707,0.6189005970954895,0.6367276906967163,0.8923823237419128
73594,1.0,0.09702923893928528,0.5091061592102051,0.5405018329620361,0.7343410849571228
73595,1.0,0.09702923893928528,0.6129527688026428,0.4604623019695282,0.8204188346862793
73596,1.0,0.09702923893928528,0.6409992575645447,0.7195084691047668,0.9127187132835388
73597,1.0,0.09702923893928528,0.5940481424331665,0.7009640336036682,0.8533656001091003
73598,1.0,0.09702923893928528,0.6104093790054321,0.6837407350540161,0.8698796033859253
73599,1.0,0.09702923893928528,0.4569427967071533,0.6653566360473633,0.7317367792129517
73600,1.0,0.09702923893928528,0.5303021669387817,0.668043851852417,0.7020354866981506
73601,1.0,0.09702923893928528,0.47255927324295044,0.46334198117256165,0.6663589477539062
73602,1.0,0.09702923893928528,0.45276063680648804,0.3907459080219269,0.5724199414253235
73603,1.0,0.09702923893928528,0.3693193793296814,0.45303648710250854,0.5578203797340393
73604,1.0,0.09702921658754349,0.4975392818450928,0.4206615090370178,0.6600987315177917
73605,1.0,0.09702921658754349,0.4568782448768616,0.43127796053886414,0.6513698697090149
73606,1.0,0.09702921658754349,0.4652383327484131,0.45331132411956787,0.7240440249443054
73607,1.0,0.09702921658754349,0.2989479899406433,0.3968117833137512,0.4270000755786896
73608,1.0,0.09702921658754349,0.3022553324699402,0.36703112721443176,0.500507652759552
73609,1.0,0.09702921658754349,0.3252721428871155,0.34594446420669556,0.38532930612564087
73610,1.0,0.09702921658754349,0.22595930099487305,0.30456751585006714,0.3342270255088806
73611,1.0,0.09702921658754349,0.20481139421463013,0.24504539370536804,0.25017881393432617
73612,1.0,0.09702921658754349,0.15262103080749512,0.2090311348438263,0.11402351409196854
73613,1.0,0.09702921658754349,0.13454550504684448,0.21635432541370392,0.11919019371271133
73614,1.0,0.0970291942358017,0.22856014966964722,0.25772666931152344,0.266451358795166
73615,1.0,0.0970291942358017,0.2099909782409668,0.14972808957099915,0.24879969656467438
73616,1.0,0.0970291942358017,0.27025800943374634,0.23454122245311737,0.3784266710281372
73617,1.0,0.0970291942358017,0.2668467164039612,0.40276700258255005,0.43832436203956604
73618,1.0,0.0970291942358017,0.19639509916305542,0.13405872881412506,0.215948686003685
73619,1.0,0.0970291942358017,0.31028252840042114,0.25571587681770325,0.4022662937641144
73620,1.0,0.0970291942358017,0.26962554454803467,0.17575222253799438,0.3122617304325104
73621,1.0,0.0970291942358017,0.21854621171951294,0.17613346874713898,0.2396814376115799
73622,1.0,0.0970291942358017,0.34072208404541016,0.33951669931411743,0.5099753141403198
73623,1.0,0.0970291942358017,0.40724390745162964,0.659464955329895,0.6683287024497986
73624,1.0,0.0970291942358017,0.44764280319213867,0.6130749583244324,0.614678144454956
73625,1.0,0.0970291718840599,0.39250606298446655,0.6671305894851685,0.5993844866752625
73626,1.0,0.0970291718840599,0.34023261070251465,0.39616861939430237,0.49648308753967285
73627,1.0,0.0970291718840599,0.34533756971359253,0.26046910881996155,0.4842330813407898
73628,0.0,0.0970291718840599,0.31745028495788574,0.4911968410015106,0.4599248468875885
74150,1.0,0.08350715041160583,0.6227070093154907,0.5335260629653931,0.860261857509613
74151,1.0,0.08350706845521927,0.5018227100372314,0.6005885004997253,0.7619116902351379
74152,1.0,0.08350706845521927,0.4752599596977234,0.40079987049102783,0.7795138955116272
74153,0.0,0.08350706845521927,0.6350671052932739,0.4974619448184967,0.8201919794082642
74154,1.0,0.08350706845521927,0.5984137058258057,0.6739562749862671,0.8053362369537354
74155,1.0,0.08350706845521927,0.5261473059654236,0.628701388835907,0.8216445446014404
74156,1.0,0.08350706845521927,0.48696911334991455,0.588517963886261,0.7580288052558899
74157,0.0,0.08350706845521927,0.4329392910003662,0.5583686232566833,0.6638224720954895
74158,1.0,0.08350706845521927,0.43841737508773804,0.5147655010223389,0.6914322972297668
74159,1.0,0.08350706845521927,0.5437906384468079,0.5275117754936218,0.7817438840866089
74160,1.0,0.08350706845521927,0.497092068195343,0.4746643006801605,0.7747138738632202
74161,1.0,0.08350706845521927,0.3283427357673645,0.49788564443588257,0.5030494928359985
74162,1.0,0.08350704610347748,0.4119924306869507,0.5432940125465393,0.7087359428405762
74163,1.0,0.08350704610347748,0.5367067456245422,0.6123034954071045,0.7704737186431885
74164,1.0,0.08350704610347748,0.4842095971107483,0.5671488642692566,0.7630123496055603
74165,1.0,0.08350704610347748,0.27932190895080566,0.37332770228385925,0.5114351511001587
74166,0.0,0.08350704610347748,0.40000247955322266,0.4254368841648102,0.5818576812744141
74167,0.0,0.08350704610347748,0.48249655961990356,0.4473155736923218,0.6071600914001465
74168,1.0,0.08350704610347748,0.38817137479782104,0.3246942162513733,0.5910365581512451
74169,0.0,0.08350704610347748,0.3766911029815674,0.28577345609664917,0.40070927143096924
74170,1.0,0.08350704610347748,0.4012184143066406,0.3048567771911621,0.5170732736587524
74171,0.0,0.08350704610347748,0.3572738766670227,0.334474116563797,0.5370211601257324
74172,0.0,0.08350702375173569,0.33905690908432007,0.22293667495250702,0.4226500689983368
74173,1.0,0.08350702375173569,0.412539541721344,0.3912435472011566,0.5030001997947693
74174,0.0,0.08350702375173569,0.3231213092803955,0.2582855522632599,0.4365193843841553
74175,0.0,0.08350702375173569,0.3424466848373413,0.25546976923942566,0.43714216351509094
74176,1.0,0.08350702375173569,0.3655672073364258,0.26567381620407104,0.46848395466804504
74177,1.0,0.08350702375173569,0.272719144821167,0.29874908924102783,0.37823525071144104
74178,1.0,0.08350702375173569,0.35426950454711914,0.2873848080635071,0.38493576645851135
74179,1.0,0.08350702375173569,0.2849605679512024,0.2489299476146698,0.28436797857284546
74180,0.0,0.08350702375173569,0.28106462955474854,0.2614285945892334,0.32953089475631714
74181,1.0,0.08350702375173569,0.2013353705406189,0.272795170545578,0.216729074716568
74182,1.0,0.0835070013999939,0.2393689751625061,0.3197505474090576,0.1977396011352539
74183,0.0,0.0835070013999939,0.1907978057861328,0.2502349317073822,0.2700123190879822
74184,1.0,0.0835070013999939,0.1461409330368042,0.18321602046489716,0.10730418562889099
74185,0.0,0.0835070013999939,0.15357810258865356,0.19241605699062347,0.1750180870294571
74186,1.0,0.0835070013999939,0.11495363712310791,0.2686677873134613,0.2128513902425766
74187,1.0,0.0835070013999939,0.10044318437576294,0.277585506439209,0.1678149402141571
74188,1.0,0.0835070013999939,0.09446018934249878,0.1949865072965622,0.1743645966053009
74189,1.0,0.0835070013999939,0.16044127941131592,0.12731581926345825,0.1537143737077713
74190,1.0,0.0835070013999939,0.18306994438171387,0.14501594007015228,0.16104772686958313
74191,1.0,0.0835070013999939,0.040721356868743896,0.1438533216714859,0.06087538227438927
74192,1.0,0.0835070013999939,0.07248610258102417,0.19591908156871796,0.07167278975248337
74193,1.0,0.0835069864988327,0.12319272756576538,0.1901417225599289,0.14980018138885498
74194,0.0,0.0835069864988327,0.23152005672454834,0.16338878870010376,0.3558747470378876
74195,1.0,0.0835069864988327,0.27251946926116943,0.28039395809173584,0.3425672650337219
74196,1.0,0.0835069864988327,0.17727535963058472,0.20444175601005554,0.1941033899784088
74197,0.0,0.0835069864988327,0.2852843403816223,0.32525426149368286,0.4613254964351654
74198,1.0,0.0835069864988327,0.4152400493621826,0.4846038222312927,0.5359498858451843
74199,1.0,0.0835069864988327,0.3854374289512634,0.3498487174510956,0.4920831322669983
74200,0.0,0.0835069864988327,0.32861220836639404,0.3526165187358856,0.518514096736908
74201,1.0,0.0835069864988327,0.3682233691215515,0.41983917355537415,0.5262556076049805
74202,1.0,0.0835069864988327,0.5272661447525024,0.45475107431411743,0.8268643021583557
74724,1.0,0.08350205421447754,0.7146109938621521,0.6768261790275574,0.8688578605651855
74725,1.0,0.08350196480751038,0.6640589833259583,0.708128035068512,0.906841516494751
74726,1.0,0.08350196480751038,0.6465514898300171,0.6745582222938538,0.8917080760002136
74727,1.0,0.08350194990634918,0.609057605266571,0.5889122486114502,0.8301920294761658
74728,1.0,0.08350194990634918,0.5593258738517761,0.5784208178520203,0.7569037079811096
74729,1.0,0.08350194990634918,0.5715861320495605,0.5821618437767029,0.7304726839065552
74730,1.0,0.08350194990634918,0.518665075302124,0.5675994753837585,0.6253120303153992
74731,0.0,0.08350194990634918,0.42763465642929077,0.45745670795440674,0.5709347128868103
74732,1.0,0.08350194990634918,0.4215681552886963,0.4591822326183319,0.5850754380226135
74733,0.0,0.08350194990634918,0.5042622089385986,0.4046506881713867,0.710122287273407
74734,1.0,0.08350194990634918,0.5049786567687988,0.34477299451828003,0.6718273162841797
74735,1.0,0.08350194990634918,0.4719831347465515,0.42073854804039,0.6345077753067017
74736,1.0,0.08350194990634918,0.4421808123588562,0.4120420515537262,0.5870554447174072
74737,1.0,0.08350194990634918,0.4375935196876526,0.41040414571762085,0.5568268895149231
74738,0.0,0.08350192755460739,0.4824879765510559,0.4518566429615021,0.6156753301620483
74739,1.0,0.08350192755460739,0.3757689595222473,0.3038482069969177,0.5390065908432007
74740,0.0,0.08350192755460739,0.49100160598754883,0.3858177959918976,0.6756038069725037
74741,1.0,0.08350192755460739,0.49030548334121704,0.43284764885902405,0.694618284702301
74742,0.0,0.08350192755460739,0.42307233810424805,0.3532887399196625,0.5779234766960144
74743,0.0,0.08350192755460739,0.3711920976638794,0.32700079679489136,0.4865950047969818
74744,0.0,0.08350192755460739,0.2899557948112488,0.2543523907661438,0.37445068359375
74745,0.0,0.08350192755460739,0.32604366540908813,0.26037412881851196,0.48311662673950195
74746,0.0,0.08350192755460739,0.2734694480895996,0.19072505831718445,0.3644818663597107
74747,0.0,0.08350192755460739,0.2879831790924072,0.19937525689601898,0.4330553710460663
74748,0.0,0.0835019201040268,0.2566472291946411,0.2107377052307129,0.4466443657875061
74749,0.0,0.0835019201040268,0.2503145933151245,0.20028628408908844,0.3578189015388489
74750,0.0,0.0835019201040268,0.2145296335220337,0.19089816510677338,0.3169423043727875
74751,0.0,0.0835019201040268,0.19517576694488525,0.18680539727210999,0.29191991686820984
74752,0.0,0.0835019201040268,0.1624193787574768,0.14666931331157684,0.26609694957733154
74753,0.0,0.0835019201040268,0.1697283387184143,0.18292474746704102,0.33172503113746643
74754,0.0,0.0835019201040268,0.1914960741996765,0.21209505200386047,0.3225210905075073
74755,1.0,0.0835019201040268,0.16268223524093628,0.4011904001235962,0.2828262746334076
74756,0.0,0.0835019201040268,0.1951172947883606,0.20849479734897614,0.24915002286434174
74757,0.0,0.0835019201040268,0.1631845235824585,0.14389653503894806,0.21791231632232666
74758,1.0,0.083501897752285,0.24825280904769897,0.18152175843715668,0.34160715341567993
74759,0.0,0.083501897752285,0.13628381490707397,0.11162272095680237,0.20559152960777283
74760,0.0,0.083501897752285,0.11623108386993408,0.14451280236244202,0.1605922281742096
74761,0.0,0.083501897752285,0.12321799993515015,0.15196093916893005,0.1787118911743164
74762,0.0,0.083501897752285,0.13079428672790527,0.152151420712471,0.18968947231769562
74763,0.0,0.083501897752285,0.15049630403518677,0.1939408928155899,0.19030213356018066
74764,0.0,0.083501897752285,0.1563294529914856,0.19584903120994568,0.20824085175991058
74765,1.0,0.083501897752285,0.19347935914993286,0.21291285753250122,0.2295985221862793
74766,1.0,0.083501897752285,0.14215010404586792,0.11367027461528778,0.22999167442321777
74767,0.0,0.083501897752285,0.16124647855758667,0.13470713794231415,0.27548182010650635
74768,0.0,0.08350187540054321,0.2569698095321655,0.15843930840492249,0.3520917296409607
74769,1.0,0.08350187540054321,0.37461990118026733,0.35562664270401,0.4808368682861328
74770,1.0,0.08350187540054321,0.3366662263870239,0.3577321469783783,0.2781950831413269
74771,1.0,0.08350187540054321,0.35061508417129517,0.4199214279651642,0.5716636180877686
74772,1.0,0.08350187540054321,0.5092031955718994,0.6609948873519897,0.66762775182724
74773,1.0,0.08350187540054321,0.3962409496307373,0.4914719760417938,0.5167987942695618
74774,1.0,0.08350187540054321,0.3678100109100342,0.4194782078266144,0.4214976727962494
74775,1.0,0.08350187540054321,0.4163742661476135,0.45073288679122925,0.5938751101493835
74776,0.0,0.08350187540054321,0.5630456805229187,0.5802043676376343,0.8479057550430298
75298,0.0,0.09701727330684662,0.21036070585250854,0.35940760374069214,0.24656879901885986
75299,0.0,0.09701718389987946,0.27518850564956665,0.3188066780567169,0.41971471905708313
75300,0.0,0.09701716899871826,0.42123568058013916,0.41516169905662537,0.527653157711029
75301,1.0,0.09701716899871826,0.3147547245025635,0.23568210005760193,0.38122037053108215
75302,0.0,0.09701716899871826,0.20421606302261353,0.2812259793281555,0.299251914024353
75303,0.0,0.09701716899871826,0.30101466178894043,0.23453709483146667,0.47968563437461853
75304,0.0,0.09701716899871826,0.30701684951782227,0.23482945561408997,0.424966037273407
75305,0.0,0.09701716899871826,0.1414797306060791,0.21464143693447113,0.2556106746196747
75306,0.0,0.09701716899871826,0.14777213335037231,0.17572756111621857,0.266338050365448
75307,0.0,0.09701716899871826,0.30125391483306885,0.20636560022830963,0.5885480046272278
75308,0.0,0.09701716899871826,0.2663879990577698,0.20784100890159607,0.40889230370521545
75309,0.0,0.09701716899871826,0.25812625885009766,0.17681823670864105,0.40068283677101135
75310,0.0,0.09701713919639587,0.2601667046546936,0.22037121653556824,0.37098047137260437
75311,0.0,0.09701713919639587,0.24972140789031982,0.2188965082168579,0.36973002552986145
75312,0.0,0.09701713919639587,0.2803610563278198,0.1905333697795868,0.464698851108551
75313,0.0,0.09701713919639587,0.33706486225128174,0.37505534291267395,0.4516393840312958
75314,0.0,0.09701713919639587,0.3997390866279602,0.5060664415359497,0.5298935770988464
75315,0.0,0.09701713919639587,0.3782427906990051,0.393532395362854,0.5694957375526428
75316,0.0,0.09701713919639587,0.32543879747390747,0.17144718766212463,0.4399019479751587
75317,0.0,0.09701713919639587,0.45749539136886597,0.3970855176448822,0.5332285165786743
75318,1.0,0.09701713919639587,0.325766921043396,0.27672338485717773,0.40036410093307495
75319,0.0,0.09701713919639587,0.3140159249305725,0.18960458040237427,0.382005900144577
75320,0.0,0.09701712429523468,0.32088303565979004,0.17040014266967773,0.3727737069129944
75321,0.0,0.09701712429523468,0.25405579805374146,0.14776849746704102,0.3512902557849884
75322,0.0,0.09701712429523468,0.24150800704956055,0.15461398661136627,0.2723197340965271
75323,0.0,0.09701712429523468,0.2320997714996338,0.14317907392978668,0.30856853723526
75324,0.0,0.09701712429523468,0.16779261827468872,0.15976467728614807,0.25618329644203186
75325,0.0,0.09701712429523468,0.17952167987823486,0.16818207502365112,0.23625291883945465
75326,0.0,0.09701712429523468,0.17747914791107178,0.18964876234531403,0.2780587673187256
75327,0.0,0.09701712429523468,0.17918848991394043,0.21410807967185974,0.31928351521492004
75328,0.0,0.09701712429523468,0.173200786113739,0.23020637035369873,0.25306767225265503
75329,0.0,0.09701712429523468,0.09508728981018066,0.1331566423177719,0.13872456550598145
75330,0.0,0.09701710194349289,0.12075871229171753,0.14571115374565125,0.19387397170066833
75331,0.0,0.09701710194349289,0.14245837926864624,0.11861886084079742,0.2094849795103073
75332,0.0,0.09701710194349289,0.17285621166229248,0.14657938480377197,0.24488310515880585
75333,0.0,0.09701710194349289,0.09593254327774048,0.19915670156478882,0.16691437363624573
75334,0.0,0.09701710194349289,0.061459124088287354,0.1457015872001648,0.10573001205921173
75335,0.0,0.09701710194349289,0.048218607902526855,0.09905523806810379,0.07619765400886536
75336,0.0,0.09701710194349289,0.0481380820274353,0.09884296357631683,0.08804167062044144
75337,0.0,0.09701710194349289,0.07122552394866943,0.11142955720424652,0.1286020427942276
75338,0.0,0.09701710194349289,0.10208261013031006,0.14987093210220337,0.1779063642024994
75339,0.0,0.09701710194349289,0.058590829372406006,0.10335482656955719,0.09219452738761902
75340,0.0,0.0970170870423317,0.054396092891693115,0.09588884562253952,0.07755877077579498
75341,0.0,0.0970170870423317,0.10000866651535034,0.12394746392965317,0.15705640614032745
75342,0.0,0.0970170870423317,0.0744791030883789,0.11381453275680542,0.12957502901554108
75343,0.0,0.0970170870423317,0.07637447118759155,0.12519718706607819,0.09110158681869507
75344,0.0,0.0970170870423317,0.04865443706512451,0.07832656800746918,0.06536668539047241
75345,0.0,0.0970170870423317,0.22191810607910156,0.1691323071718216,0.2955610454082489
75346,0.0,0.0970170870423317,0.25749504566192627,0.24529989063739777,0.3447319269180298
75347,0.0,0.0970170870423317,0.1652190089225769,0.1421022117137909,0.2512386441230774
75348,0.0,0.0970170870423317,0.3070746064186096,0.3660573959350586,0.4166701138019562
75349,0.0,0.0970170870423317,0.26772212982177734,0.3669081926345825,0.30992963910102844
75350,0.0,0.09701705724000931,0.394758939743042,0.20488400757312775,0.5171639919281006
75872,0.0,0.193603977560997,0.2228907346725464,0.4081569015979767,0.15985266864299774
75873,0.0,0.19360379874706268,0.3197193145751953,0.4129481911659241,0.26053422689437866
75874,0.0,0.19360379874706268,0.35389870405197144,0.40094417333602905,0.22111785411834717
75875,0.0,0.19360379874706268,0.4107739329338074,0.4723297655582428,0.325358510017395
75876,0.0,0.1936037838459015,0.35309040546417236,0.44510334730148315,0.3146234452724457
75877,0.0,0.1936037838459015,0.3301432132720947,0.46976831555366516,0.37492674589157104
75878,0.0,0.1936037838459015,0.3580933213233948,0.43351441621780396,0.4253811836242676
75879,0.0,0.1936037838459015,0.37789225578308105,0.5872340798377991,0.5926145315170288
75880,0.0,0.1936037838459015,0.3690832853317261,0.5500802397727966,0.46419185400009155
75881,0.0,0.1936037540435791,0.3828645944595337,0.5301322340965271,0.44110363721847534
75882,0.0,0.1936037540435791,0.3367977738380432,0.44117915630340576,0.5625048875808716
75883,0.0,0.1936037540435791,0.41263335943222046,0.5901365876197815,0.6138766407966614
75884,0.0,0.1936037540435791,0.3721656799316406,0.5379787683486938,0.46604904532432556
75885,0.0,0.1936037540435791,0.3605220317840576,0.44098612666130066,0.3849790096282959
75886,0.0,0.1936037540435791,0.3725259304046631,0.5193631052970886,0.5163494348526001
75887,0.0,0.1936037540435791,0.3808707594871521,0.5127784013748169,0.47265204787254333
75888,0.0,0.1936037540435791,0.36638277769088745,0.5024250149726868,0.4906006157398224
75889,0.0,0.1936037540435791,0.4599344730377197,0.5121971368789673,0.6375889182090759
75890,0.0,0.1936037540435791,0.3597146272659302,0.5244941115379333,0.5163041949272156
75891,0.0,0.1936037242412567,0.36746877431869507,0.5349894762039185,0.5433881878852844
75892,0.0,0.1936037242412567,0.31764233112335205,0.5041755437850952,0.3059845566749573
75893,0.0,0.1936037242412567,0.29977595806121826,0.5551785826683044,0.38595905900001526
75894,0.0,0.1936037242412567,0.32374894618988037,0.44438111782073975,0.34216439723968506
75895,0.0,0.1936037242412567,0.284492552280426,0.5208398699760437,0.3601444959640503
75896,0.0,0.19360369443893433,0.3109476566314697,0.4919029176235199,0.407757043838501
75897,0.0,0.19360369443893433,0.30676400661468506,0.4379700720310211,0.4434109628200531
75898,0.0,0.19360369443893433,0.25141996145248413,0.2913857698440552,0.25818613171577454
75899,0.0,0.19360369443893433,0.28692859411239624,0.26394331455230713,0.3774447739124298
75900,0.0,0.19360369443893433,0.3839813470840454,0.3886643052101135,0.5097349882125854
75901,0.0,0.19360369443893433,0.2532442808151245,0.296927273273468,0.21303020417690277
75902,0.0,0.19360369443893433,0.2267027497291565,0.3707094192504883,0.23835670948028564
75903,0.0,0.19360369443893433,0.13704490661621094,0.20956097543239594,0.12477186322212219
75904,0.0,0.19360369443893433,0.13924449682235718,0.13278529047966003,0.15180660784244537
75905,0.0,0.19360369443893433,0.237152099609375,0.26748499274253845,0.2807510495185852
75906,0.0,0.19360366463661194,0.17476880550384521,0.21227243542671204,0.28995248675346375
75907,0.0,0.19360366463661194,0.14668655395507812,0.14774586260318756,0.12798932194709778
75908,0.0,0.19360366463661194,0.14214473962783813,0.11558011174201965,0.13407082855701447
75909,0.0,0.19360366463661194,0.13414603471755981,0.11716616153717041,0.11601563543081284
75910,0.0,0.19360366463661194,0.10224330425262451,0.12291336059570312,0.06682071834802628
75911,0.0,0.19360366463661194,0.12744289636611938,0.19050166010856628,0.12327432632446289
75912,0.0,0.19360366463661194,0.13376134634017944,0.17062945663928986,0.0837165117263794
75913,0.0,0.19360366463661194,0.09870195388793945,0.1769695281982422,0.08830340951681137
75914,0.0,0.19360366463661194,0.11818861961364746,0.17022641003131866,0.10800143331289291
75915,0.0,0.19360366463661194,0.11244291067123413,0.1425618678331375,0.0794629380106926
75916,0.0,0.19360361993312836,0.09223294258117676,0.1693144291639328,0.08422579616308212
75917,0.0,0.19360361993312836,0.1196674108505249,0.23002055287361145,0.09913043677806854
75918,0.0,0.19360361993312836,0.08983123302459717,0.22468362748622894,0.06031510978937149
75919,0.0,0.19360361993312836,0.10203719139099121,0.21767105162143707,0.0801161676645279
75920,0.0,0.19360361993312836,0.22754669189453125,0.2529502809047699,0.2461598515510559
75921,0.0,0.19360360503196716,0.16666513681411743,0.21649780869483948,0.16179633140563965
75922,0.0,0.19360360503196716,0.1392032504081726,0.22623760998249054,0.12397217750549316
75923,0.0,0.19360360503196716,0.15798795223236084,0.28788167238235474,0.17040061950683594
75924,0.0,0.19360360503196716,0.35697370767593384,0.407685250043869,0.48759976029396057
76446,1.0,0.08348122239112854,0.5631729364395142,0.5890612602233887,0.8303938508033752
76447,1.0,0.08348114788532257,0.5616562962532043,0.7458576560020447,0.8204371333122253
76448,1.0,0.08348113298416138,0.5928694009780884,0.7563936114311218,0.8017789125442505
76449,1.0,0.08348113298416138,0.6062877178192139,0.6086007952690125,0.7272840738296509
76450,1.0,0.08348113298416138,0.6099988222122192,0.6783811450004578,0.8070937395095825
76451,1.0,0.08348113298416138,0.5738075971603394,0.7950482964515686,0.8643155694007874
76452,1.0,0.08348113298416138,0.5585050582885742,0.765166699886322,0.7991291284561157
76453,0.0,0.08348113298416138,0.48601990938186646,0.7223587036132812,0.7468565702438354
76454,0.0,0.08348113298416138,0.5017694234848022,0.6509106159210205,0.7602799534797668
76455,0.0,0.08348113298416138,0.5500146150588989,0.588370680809021,0.6920605301856995
76456,0.0,0.08348113298416138,0.5845757722854614,0.5860110521316528,0.8014126420021057
76457,0.0,0.08348113298416138,0.5778062343597412,0.5711904764175415,0.7633631825447083
76458,0.0,0.08348111063241959,0.5148109793663025,0.49233245849609375,0.6782520413398743
76459,0.0,0.08348111063241959,0.4387001395225525,0.42994749546051025,0.5289434194564819
76460,0.0,0.08348111063241959,0.5414599180221558,0.48231542110443115,0.674753725528717
76461,0.0,0.08348111063241959,0.5295640230178833,0.4521065354347229,0.6644450426101685
76462,0.0,0.08348111063241959,0.5240979790687561,0.4536242187023163,0.616068959236145
76463,0.0,0.08348111063241959,0.3928738832473755,0.39438220858573914,0.5459750890731812
76464,0.0,0.08348111063241959,0.37860721349716187,0.39894500374794006,0.42051103711128235
76465,0.0,0.08348111063241959,0.3620625138282776,0.3794272541999817,0.4688756763935089
76466,0.0,0.08348111063241959,0.30851131677627563,0.336489200592041,0.3833690285682678
76467,0.0,0.08348111063241959,0.3997020721435547,0.3438515365123749,0.4286724925041199
76468,0.0,0.08348109573125839,0.29330241680145264,0.42900899052619934,0.26656973361968994
76469,0.0,0.08348109573125839,0.31707262992858887,0.4098820984363556,0.39566048979759216
76470,0.0,0.08348109573125839,0.27085238695144653,0.39941316843032837,0.4083063304424286
76471,0.0,0.08348109573125839,0.23547112941741943,0.39236825704574585,0.3306216299533844
76472,0.0,0.08348109573125839,0.3189823627471924,0.3946765065193176,0.40157032012939453
76473,0.0,0.08348109573125839,0.27603673934936523,0.33050352334976196,0.4186965227127075
76474,0.0,0.08348109573125839,0.2894933819770813,0.33060169219970703,0.286908894777298
76475,0.0,0.08348109573125839,0.2429988980293274,0.2793826162815094,0.32168588042259216
76476,0.0,0.08348109573125839,0.2700095772743225,0.33895644545555115,0.2458285689353943
76477,0.0,0.08348109573125839,0.14559710025787354,0.22794276475906372,0.16710436344146729
76478,0.0,0.0834810808300972,0.16446107625961304,0.17353075742721558,0.14970603585243225
76479,0.0,0.0834810808300972,0.1497209668159485,0.2547001540660858,0.14486829936504364
76480,0.0,0.0834810808300972,0.12545454502105713,0.21921463310718536,0.12027646601200104
76481,0.0,0.0834810808300972,0.15007394552230835,0.22529728710651398,0.18412229418754578
76482,0.0,0.0834810808300972,0.16501188278198242,0.24728511273860931,0.08532655984163284
76483,0.0,0.0834810808300972,0.15634667873382568,0.20550647377967834,0.1130598932504654
76484,0.0,0.0834810808300972,0.17215710878372192,0.26941636204719543,0.13555534183979034
76485,0.0,0.0834810808300972,0.17832958698272705,0.1973964124917984,0.20134654641151428
76486,0.0,0.0834810808300972,0.16939157247543335,0.14577320218086243,0.1610797792673111
76487,0.0,0.0834810808300972,0.23604750633239746,0.1659165322780609,0.2539352774620056
76488,0.0,0.083481065928936,0.20195293426513672,0.15842178463935852,0.2321484535932541
76489,0.0,0.083481065928936,0.22117632627487183,0.17097070813179016,0.24331633746623993
76490,0.0,0.083481065928936,0.2746257781982422,0.2182801365852356,0.26590046286582947
76491,0.0,0.083481065928936,0.3083569407463074,0.3045503497123718,0.25204163789749146
76492,0.0,0.083481065928936,0.22893238067626953,0.19060149788856506,0.1979021281003952
76493,0.0,0.083481065928936,0.3617413640022278,0.37636393308639526,0.5034188032150269
76494,0.0,0.083481065928936,0.38293522596359253,0.4786975085735321,0.467593789100647
76495,0.0,0.083481065928936,0.3894517421722412,0.4667387008666992,0.5366717576980591
76496,0.0,0.083481065928936,0.3086201548576355,0.49475955963134766,0.42948535084724426
76497,0.0,0.083481065928936,0.33126258850097656,0.6065824627876282,0.559434175491333
76498,0.0,0.08348104357719421,0.5251398086547852,0.6432281732559204,0.8273807168006897
77020,1.0,0.12141692638397217,0.4980315566062927,0.6484541893005371,0.8670992851257324
77021,1.0,0.12141681462526321,0.4811975359916687,0.7904919385910034,0.8832162618637085
77022,1.0,0.1214168444275856,0.5127012729644775,0.8173877000808716,0.925081729888916
77023,1.0,0.12141686677932739,0.47257357835769653,0.8140701055526733,0.9213899970054626
77024,1.0,0.12141681462526321,0.37486833333969116,0.8127032518386841,0.7492057085037231
77025,1.0,0.12141678482294083,0.3796164393424988,0.7883065938949585,0.639870822429657
77026,1.0,0.12141678482294083,0.39930158853530884,0.7787935137748718,0.6440010070800781
77027,1.0,0.12141678482294083,0.45128190517425537,0.8096634745597839,0.7615526914596558
77028,1.0,0.12141678482294083,0.41839712858200073,0.7854631543159485,0.7334120869636536
77029,1.0,0.12141678482294083,0.3517153859138489,0.8054749369621277,0.5427228808403015
77030,1.0,0.12141678482294083,0.35987699031829834,0.8007932901382446,0.47755831480026245
77031,1.0,0.12141675502061844,0.3745824098587036,0.6806194186210632,0.46291911602020264
77032,1.0,0.12141678482294083,0.3595816493034363,0.7689613103866577,0.47039875388145447
77033,1.0,0.12141678482294083,0.4368230700492859,0.8139799237251282,0.6099337339401245
77034,1.0,0.12141675502061844,0.46562284231185913,0.8296512365341187,0.7182616591453552
77035,1.0,0.12141675502061844,0.4550127387046814,0.7729480266571045,0.6364634037017822
77036,1.0,0.12141675502061844,0.35765284299850464,0.6909516453742981,0.4897148609161377
77037,1.0,0.12141675502061844,0.426644504070282,0.6809710264205933,0.5040627121925354
77038,1.0,0.12141675502061844,0.4652782678604126,0.6251436471939087,0.5829269289970398
77039,1.0,0.12141675502061844,0.41242843866348267,0.6403629779815674,0.6687148809432983
77040,1.0,0.12141675502061844,0.3676339387893677,0.47712498903274536,0.46700114011764526
77041,1.0,0.12141674011945724,0.40515780448913574,0.4317728281021118,0.5173877477645874
77042,1.0,0.12141674011945724,0.3833426237106323,0.41721612215042114,0.5707361102104187
77043,1.0,0.12141674011945724,0.36135709285736084,0.5315514802932739,0.47875821590423584
77044,1.0,0.12141674011945724,0.5004974007606506,0.5710135102272034,0.6889356374740601
77045,1.0,0.12141674011945724,0.3663846254348755,0.3397720754146576,0.4436541795730591
77046,1.0,0.12141673266887665,0.3603333830833435,0.2968847155570984,0.3955531418323517
77047,1.0,0.12141673266887665,0.318475604057312,0.3087104856967926,0.41456711292266846
77048,1.0,0.12141673266887665,0.33986902236938477,0.25717565417289734,0.3141375780105591
77049,1.0,0.12141673266887665,0.30092793703079224,0.2691557705402374,0.32473281025886536
77050,1.0,0.12141673266887665,0.30304110050201416,0.273334801197052,0.3405953645706177
77051,1.0,0.12141671776771545,0.16824889183044434,0.2290218621492386,0.21501779556274414
77052,1.0,0.12141671776771545,0.13817298412322998,0.1851947009563446,0.10964575409889221
77053,1.0,0.12141671776771545,0.13126683235168457,0.24094019830226898,0.12033489346504211
77054,1.0,0.12141671776771545,0.14579880237579346,0.17550061643123627,0.13405375182628632
77055,1.0,0.12141671776771545,0.12156164646148682,0.15639695525169373,0.09998171031475067
77056,1.0,0.12141670286655426,0.10511720180511475,0.17516261339187622,0.09373416751623154
77057,1.0,0.12141670286655426,0.13427472114562988,0.13682030141353607,0.1020527184009552
77058,1.0,0.12141670286655426,0.11970412731170654,0.16125355660915375,0.08842647075653076
77059,0.0,0.12141670286655426,0.12269264459609985,0.13900019228458405,0.09888538718223572
77060,1.0,0.12141670286655426,0.11031180620193481,0.120432049036026,0.062133096158504486
77061,0.0,0.12141668796539307,0.13269883394241333,0.11724851280450821,0.1299072504043579
77062,1.0,0.12141668796539307,0.10531306266784668,0.14792963862419128,0.06804950535297394
77063,0.0,0.12141668796539307,0.08842003345489502,0.1258317083120346,0.0427139475941658
77064,0.0,0.12141668796539307,0.17813652753829956,0.17216427624225616,0.2452152818441391
77065,1.0,0.12141668796539307,0.284942090511322,0.2787502110004425,0.36038219928741455
77066,1.0,0.12141667306423187,0.46813708543777466,0.5701479315757751,0.7587630152702332
77067,1.0,0.12141667306423187,0.23728114366531372,0.33350467681884766,0.29258087277412415
77068,1.0,0.12141667306423187,0.2781805396080017,0.2247934192419052,0.39882513880729675
77069,1.0,0.12141667306423187,0.2731804847717285,0.2919997274875641,0.3867403268814087
77070,1.0,0.12141667306423187,0.37505215406417847,0.554436981678009,0.545888364315033
77071,1.0,0.12141667306423187,0.33262890577316284,0.37526747584342957,0.4071750044822693
77072,1.0,0.12141667306423187,0.39862895011901855,0.3156418204307556,0.5203474164009094
77594,0.0,0.18333545327186584,0.49070632457733154,0.5493997931480408,0.6949068903923035
77595,0.0,0.1833352893590927,0.5337032079696655,0.7036887407302856,0.8072757124900818
77596,0.0,0.1833352893590927,0.575920045375824,0.760201632976532,0.76705002784729
77597,0.0,0.18333527445793152,0.4700731039047241,0.6905680298805237,0.6396762132644653
77598,0.0,0.18333527445793152,0.46261054277420044,0.5648550391197205,0.7190976738929749
77599,0.0,0.18333527445793152,0.5041618347167969,0.5679066181182861,0.7216936945915222
77600,0.0,0.18333527445793152,0.37379616498947144,0.46961191296577454,0.5097644925117493
77601,0.0,0.18333527445793152,0.5659997463226318,0.5661066174507141,0.8738870024681091
77602,1.0,0.18333525955677032,0.6314515471458435,0.8110105395317078,0.9483301639556885
77603,1.0,0.18333525955677032,0.5241249203681946,0.7896854877471924,0.8801080584526062
77604,0.0,0.18333525955677032,0.5345194339752197,0.8037208914756775,0.9268768429756165
77605,1.0,0.18333525955677032,0.5750011205673218,0.8058428168296814,0.9506380558013916
77606,1.0,0.18333525955677032,0.5374674797058105,0.831958532333374,0.9493526220321655
77607,1.0,0.18333525955677032,0.5783465504646301,0.8584287762641907,0.9303297996520996
77608,1.0,0.18333525955677032,0.5638251900672913,0.8241245746612549,0.9450036883354187
77609,1.0,0.18333524465560913,0.47233372926712036,0.8259778022766113,0.8454482555389404
77610,1.0,0.18333524465560913,0.5546088218688965,0.7967527508735657,0.88113933801651
77611,1.0,0.18333525955677032,0.5563212037086487,0.8342800736427307,0.9426829814910889
77612,1.0,0.18333524465560913,0.5322279930114746,0.837069571018219,0.8906388878822327
77613,1.0,0.18333524465560913,0.5842882394790649,0.8133230805397034,0.9145880341529846
77614,1.0,0.18333525955677032,0.5531340837478638,0.824934184551239,0.9179040789604187
77615,1.0,0.18333525955677032,0.3893757462501526,0.8652451634407043,0.8173654079437256
77616,1.0,0.18333524465560913,0.41290873289108276,0.800980806350708,0.7799069881439209
77617,1.0,0.18333524465560913,0.42004936933517456,0.8598488569259644,0.8409789800643921
77618,1.0,0.18333519995212555,0.41840434074401855,0.8510962128639221,0.8525737524032593
77619,1.0,0.18333519995212555,0.456226646900177,0.8185592889785767,0.8290472626686096
77620,1.0,0.18333519995212555,0.37712883949279785,0.783359706401825,0.7268502712249756
77621,1.0,0.18333519995212555,0.39344143867492676,0.8067847490310669,0.663899302482605
77622,1.0,0.18333519995212555,0.38424164056777954,0.7547831535339355,0.6858274936676025
77623,1.0,0.18333518505096436,0.3813033103942871,0.7726657390594482,0.6580137610435486
77624,1.0,0.18333518505096436,0.3589785099029541,0.7395889759063721,0.6834074258804321
77625,1.0,0.18333517014980316,0.3002735376358032,0.6966094970703125,0.5104594230651855
77626,1.0,0.18333517014980316,0.2340206503868103,0.6003963947296143,0.35193151235580444
77627,1.0,0.18333517014980316,0.1703510880470276,0.44385701417922974,0.21967238187789917
77628,1.0,0.18333515524864197,0.16206973791122437,0.4663584530353546,0.1513044536113739
77629,1.0,0.18333515524864197,0.10042053461074829,0.3971370756626129,0.16900159418582916
77630,1.0,0.18333515524864197,0.12570518255233765,0.4497963488101959,0.2611742615699768
77631,1.0,0.18333515524864197,0.10624289512634277,0.4275602102279663,0.16261126101016998
77632,1.0,0.18333515524864197,0.13416385650634766,0.37412652373313904,0.2029857188463211
77633,0.0,0.18333514034748077,0.07371509075164795,0.35543811321258545,0.12271159887313843
77634,1.0,0.18333514034748077,0.08340120315551758,0.26663851737976074,0.10233718901872635
77635,0.0,0.18333514034748077,0.09719449281692505,0.20679835975170135,0.07089944183826447
77636,0.0,0.18333514034748077,0.07933872938156128,0.13726161420345306,0.0705464780330658
77637,0.0,0.18333512544631958,0.062295734882354736,0.1734343320131302,0.047603707760572433
77638,0.0,0.18333512544631958,0.06632822751998901,0.11437050998210907,0.037851057946681976
77639,0.0,0.18333512544631958,0.10960417985916138,0.23294660449028015,0.10201001167297363
77640,0.0,0.18333512544631958,0.07919526100158691,0.18468227982521057,0.04946413263678551
77641,0.0,0.18333512544631958,0.0725482702255249,0.15250597894191742,0.07036300748586655
77642,0.0,0.1833351105451584,0.22327500581741333,0.33580195903778076,0.3122103810310364
77643,0.0,0.1833351105451584,0.1137191653251648,0.3235750198364258,0.10437148064374924
77644,0.0,0.1833351105451584,0.1675788164138794,0.22255650162696838,0.2527868449687958
77645,0.0,0.1833351105451584,0.24784940481185913,0.22868041694164276,0.3223441541194916
77646,0.0,0.1833351105451584,0.3516538143157959,0.3647950291633606,0.45446473360061646
78168,1.0,0.10537523776292801,0.6555999517440796,0.6217018365859985,0.869447648525238
78169,1.0,0.10537512600421906,0.5880383849143982,0.7067613005638123,0.9111986756324768
78170,1.0,0.10537512600421906,0.535284161567688,0.7564564943313599,0.9478076696395874
78171,1.0,0.10537512600421906,0.546362042427063,0.7349181175231934,0.932843029499054
78172,1.0,0.10537512600421906,0.62137770652771,0.7676217555999756,0.9635789394378662
78173,1.0,0.10537512600421906,0.5728549361228943,0.809161901473999,0.9438058733940125
78174,1.0,0.10537512600421906,0.6577644348144531,0.8344777226448059,0.9386511445045471
78175,1.0,0.10537512600421906,0.5165441036224365,0.8001841902732849,0.8773016929626465
78176,1.0,0.10537509620189667,0.5443512201309204,0.7891529202461243,0.89907306432724
78177,1.0,0.10537509620189667,0.5198572278022766,0.8304316997528076,0.9201234579086304
78178,1.0,0.10537512600421906,0.5506609082221985,0.8371829390525818,0.9412722587585449
78179,1.0,0.10537514835596085,0.5116698145866394,0.8287975192070007,0.9111147522926331
78180,1.0,0.10537512600421906,0.4789653420448303,0.8173515200614929,0.8431029319763184
78181,1.0,0.10537509620189667,0.49928051233291626,0.7697722911834717,0.805462121963501
78182,1.0,0.10537509620189667,0.4939308166503906,0.7967690229415894,0.802483320236206
78183,1.0,0.10537509620189667,0.45529234409332275,0.7631038427352905,0.5930559635162354
78184,1.0,0.10537509620189667,0.4491284489631653,0.7611792087554932,0.7404149174690247
78185,1.0,0.10537509620189667,0.4818088412284851,0.7813210487365723,0.7231471538543701
78186,1.0,0.10537509620189667,0.47472983598709106,0.7682698369026184,0.7351224422454834
78187,1.0,0.10537507385015488,0.44303035736083984,0.7529995441436768,0.6571465134620667
78188,1.0,0.10537507385015488,0.43867290019989014,0.7460934519767761,0.642501175403595
78189,1.0,0.10537507385015488,0.5200923681259155,0.7423962950706482,0.7106643319129944
78190,1.0,0.10537507385015488,0.4215583801269531,0.7063504457473755,0.6210651993751526
78191,1.0,0.10537507385015488,0.4273872971534729,0.6544443368911743,0.5411677956581116
78192,1.0,0.10537507385015488,0.4183287024497986,0.5457345843315125,0.5311959981918335
78193,1.0,0.10537505149841309,0.3800773620605469,0.5828064680099487,0.5457311868667603
78194,1.0,0.10537505149841309,0.3414161205291748,0.4197029769420624,0.40668994188308716
78195,1.0,0.10537505149841309,0.23860430717468262,0.28775233030319214,0.23126742243766785
78196,1.0,0.10537505149841309,0.3096849322319031,0.2620483934879303,0.3023892939090729
78197,1.0,0.10537505149841309,0.221993088722229,0.23201385140419006,0.19124799966812134
78198,1.0,0.10537505149841309,0.30356353521347046,0.24343867599964142,0.3020855188369751
78199,1.0,0.10537505149841309,0.13756126165390015,0.17937247455120087,0.14230303466320038
78200,1.0,0.10537505149841309,0.12777429819107056,0.2214515209197998,0.12894883751869202
78201,1.0,0.10537505149841309,0.1301335096359253,0.21211566030979156,0.12736594676971436
78202,1.0,0.10537503659725189,0.12642377614974976,0.13251915574073792,0.12748943269252777
78203,1.0,0.10537503659725189,0.10507327318191528,0.14007696509361267,0.0693625658750534
78204,1.0,0.10537503659725189,0.1147661805152893,0.18938754498958588,0.1398029774427414
78205,1.0,0.10537503659725189,0.1264634132385254,0.09943418949842453,0.12248960882425308
78206,1.0,0.10537503659725189,0.12325489521026611,0.1875888556241989,0.18176881968975067
78207,1.0,0.10537503659725189,0.14159250259399414,0.1912257969379425,0.1433376967906952
78208,1.0,0.10537503659725189,0.16369765996932983,0.17839959263801575,0.23898625373840332
78209,1.0,0.10537503659725189,0.20547360181808472,0.23688726127147675,0.28477776050567627
78210,1.0,0.10537503659725189,0.1206241250038147,0.15352271497249603,0.10599907487630844
78211,1.0,0.10537503659725189,0.12994229793548584,0.15950874984264374,0.12795116007328033
78212,1.0,0.1053750142455101,0.19804424047470093,0.1650201678276062,0.30230551958084106
78213,1.0,0.1053750142455101,0.2304949164390564,0.19293177127838135,0.2788761258125305
78214,1.0,0.1053750142455101,0.2872864603996277,0.2079819291830063,0.39654290676116943
78215,1.0,0.1053750142455101,0.21125781536102295,0.24486681818962097,0.2918964624404907
78216,1.0,0.1053750142455101,0.2646214962005615,0.3034091293811798,0.38106340169906616
78217,1.0,0.1053750142455101,0.4726874828338623,0.4535680115222931,0.6865447759628296
78218,1.0,0.1053750142455101,0.4683176279067993,0.5234907865524292,0.671128511428833
78219,1.0,0.1053750142455101,0.4445309042930603,0.4883889853954315,0.6615328192710876
78220,1.0,0.1053750142455101,0.31328606605529785,0.3494110107421875,0.3914607763290405
78742,1.0,0.03299171105027199,0.277961790561676,0.2099572718143463,0.6087419986724854
78743,1.0,0.032991673797369,0.19970965385437012,0.17355947196483612,0.4204806685447693
78744,1.0,0.032991673797369,0.19310683012008667,0.15378043055534363,0.3444081246852875
78745,1.0,0.032991673797369,0.30842888355255127,0.3212606906890869,0.4993368983268738
78746,1.0,0.032991673797369,0.30663222074508667,0.41602733731269836,0.5665563344955444
78747,1.0,0.032991673797369,0.3733222484588623,0.31686049699783325,0.5487011075019836
78748,1.0,0.032991673797369,0.3185904622077942,0.2698707580566406,0.4405093789100647
78749,1.0,0.032991673797369,0.32637912034988403,0.33848851919174194,0.5249806046485901
78750,1.0,0.032991673797369,0.444710910320282,0.4918929636478424,0.659332811832428
78751,1.0,0.032991673797369,0.3176044225692749,0.3282795250415802,0.4917773902416229
78752,1.0,0.032991673797369,0.2843264937400818,0.2497706115245819,0.4584404230117798
78753,1.0,0.032991666346788406,0.26865172386169434,0.2081313580274582,0.41949543356895447
78754,1.0,0.032991666346788406,0.16971111297607422,0.22954970598220825,0.31266212463378906
78755,1.0,0.032991666346788406,0.1555159091949463,0.14803248643875122,0.23889294266700745
78756,1.0,0.032991666346788406,0.17304235696792603,0.15754631161689758,0.26474305987358093
78757,1.0,0.032991666346788406,0.22835218906402588,0.14739996194839478,0.30548325181007385
78758,1.0,0.032991666346788406,0.2218664288520813,0.14606234431266785,0.31316864490509033
78759,1.0,0.032991666346788406,0.3341366648674011,0.270342618227005,0.3523567318916321
78760,1.0,0.032991666346788406,0.2804258465766907,0.23162586987018585,0.42404621839523315
78761,1.0,0.032991666346788406,0.3959047794342041,0.20592445135116577,0.4711151123046875
78762,1.0,0.032991666346788406,0.2939642071723938,0.3122754395008087,0.4271954894065857
78763,1.0,0.03299166262149811,0.2533476948738098,0.20003379881381989,0.3209175765514374
78764,1.0,0.03299166262149811,0.19079375267028809,0.17877772450447083,0.23759615421295166
78765,1.0,0.03299166262149811,0.12238192558288574,0.11503991484642029,0.1497349590063095
78766,1.0,0.03299166262149811,0.16646027565002441,0.17938898503780365,0.1796705573797226
78767,1.0,0.03299166262149811,0.10109257698059082,0.14417573809623718,0.10277895629405975
78768,1.0,0.03299166262149811,0.07094013690948486,0.14131489396095276,0.07094334810972214
78769,1.0,0.03299166262149811,0.07593178749084473,0.17162485420703888,0.09020325541496277
78770,1.0,0.03299166262149811,0.0653732419013977,0.14820155501365662,0.06125294044613838
78771,1.0,0.03299166262149811,0.08204352855682373,0.2081802934408188,0.11563807725906372
78772,1.0,0.03299166262149811,0.059578120708465576,0.15973013639450073,0.050606418401002884
78773,1.0,0.03299165144562721,0.06535184383392334,0.163400337100029,0.06110765039920807
78774,1.0,0.03299165144562721,0.0386541485786438,0.13568207621574402,0.03185027465224266
78775,1.0,0.03299165144562721,0.106589674949646,0.15627339482307434,0.17581495642662048
78776,1.0,0.03299165144562721,0.136121928691864,0.17596478760242462,0.14179614186286926
78777,1.0,0.03299165144562721,0.11285102367401123,0.15305425226688385,0.10318431258201599
78778,1.0,0.03299165144562721,0.07389640808105469,0.19429466128349304,0.1653081625699997
78779,1.0,0.03299165144562721,0.07171750068664551,0.21508915722370148,0.09533774852752686
78780,1.0,0.03299165144562721,0.1025388240814209,0.11404208093881607,0.10934296995401382
78781,1.0,0.03299165144562721,0.0825464129447937,0.08107007294893265,0.08442351222038269
78782,1.0,0.03299165144562721,0.0819048285484314,0.08924324810504913,0.07658883184194565
78783,1.0,0.032991643995046616,0.037234485149383545,0.13463930785655975,0.034273721277713776
78784,1.0,0.032991643995046616,0.052522122859954834,0.10580901801586151,0.06280010938644409
78785,1.0,0.032991643995046616,0.10714471340179443,0.12020742148160934,0.12042254954576492
78786,1.0,0.032991643995046616,0.17356640100479126,0.19720038771629333,0.4108612835407257
78787,1.0,0.032991643995046616,0.3189218044281006,0.302730917930603,0.5005698800086975
78788,1.0,0.032991643995046616,0.10517537593841553,0.1508321315050125,0.11802984774112701
78789,1.0,0.032991643995046616,0.20402860641479492,0.18548309803009033,0.34865880012512207
78790,1.0,0.032991643995046616,0.2140064239501953,0.11407206207513809,0.29395848512649536
78791,1.0,0.032991643995046616,0.2338162660598755,0.141859769821167,0.3778444826602936
78792,1.0,0.032991643995046616,0.09582734107971191,0.18397878110408783,0.1419747918844223
78793,1.0,0.03299163654446602,0.2704291343688965,0.16527269780635834,0.35653990507125854
78794,1.0,0.03299163654446602,0.33304041624069214,0.18439964950084686,0.5157278776168823
79316,0.0,0.10527995228767395,0.19630002975463867,0.16399139165878296,0.36553770303726196
79317,0.0,0.1052798479795456,0.14270424842834473,0.17214541137218475,0.20111048221588135
79318,0.0,0.1052798479795456,0.2242029905319214,0.1560509204864502,0.3458333909511566
79319,0.0,0.1052798479795456,0.24193865060806274,0.19008369743824005,0.3614808917045593
79320,0.0,0.1052798479795456,0.24836963415145874,0.21459856629371643,0.3748667240142822
79321,0.0,0.1052798479795456,0.18219107389450073,0.1879863440990448,0.30569106340408325
79322,0.0,0.1052798479795456,0.2335081696510315,0.18853676319122314,0.38703280687332153
79323,0.0,0.1052798479795456,0.1521279215812683,0.1534702628850937,0.21276788413524628
79324,0.0,0.1052798479795456,0.3564183712005615,0.2678413391113281,0.4370977580547333
79325,1.0,0.10527981072664261,0.3010440468788147,0.3303171396255493,0.46160900592803955
79326,0.0,0.10527981072664261,0.2996138334274292,0.23203788697719574,0.46232011914253235
79327,0.0,0.10527981072664261,0.1574607491493225,0.2331722527742386,0.18798868358135223
79328,0.0,0.10527981072664261,0.3972551226615906,0.3124730587005615,0.4668703079223633
79329,1.0,0.10527981072664261,0.37324750423431396,0.4485947787761688,0.5595281720161438
79330,1.0,0.10527981072664261,0.261066734790802,0.29131489992141724,0.4038911759853363
79331,0.0,0.10527981072664261,0.20124030113220215,0.14411406219005585,0.24819941818714142
79332,0.0,0.10527981072664261,0.20329433679580688,0.1468561440706253,0.2627160847187042
79333,0.0,0.10527981072664261,0.23878157138824463,0.18999329209327698,0.3336549401283264
79334,0.0,0.10527981072664261,0.2589973211288452,0.23793162405490875,0.35776233673095703
79335,1.0,0.10527979582548141,0.15307748317718506,0.19990994036197662,0.1839156299829483
79336,0.0,0.10527979582548141,0.23103630542755127,0.16039404273033142,0.30950623750686646
79337,0.0,0.10527979582548141,0.17101091146469116,0.12120254337787628,0.22310835123062134
79338,0.0,0.10527979582548141,0.11423647403717041,0.10773853212594986,0.10955125838518143
79339,0.0,0.10527979582548141,0.09455233812332153,0.13317696750164032,0.06952952593564987
79340,0.0,0.10527979582548141,0.09663891792297363,0.1497824788093567,0.08502671122550964
79341,0.0,0.10527979582548141,0.17288273572921753,0.16209159791469574,0.20748385787010193
79342,1.0,0.10527979582548141,0.10193902254104614,0.14657722413539886,0.1128687784075737
79343,0.0,0.10527979582548141,0.1077430248260498,0.1919274479150772,0.16786789894104004
79344,0.0,0.10527979582548141,0.08848249912261963,0.11321524530649185,0.09470951557159424
79345,0.0,0.10527977347373962,0.13091760873794556,0.1455363780260086,0.1651456505060196
79346,1.0,0.10527977347373962,0.09042155742645264,0.13475839793682098,0.09541381895542145
79347,0.0,0.10527977347373962,0.09267407655715942,0.14498426020145416,0.12749814987182617
79348,0.0,0.10527977347373962,0.06682151556015015,0.11633381992578506,0.08858685940504074
79349,0.0,0.10527977347373962,0.07771259546279907,0.10432197898626328,0.07551069557666779
79350,0.0,0.10527977347373962,0.06676584482192993,0.15030968189239502,0.06196819618344307
79351,0.0,0.10527977347373962,0.05923962593078613,0.15030717849731445,0.06991209834814072
79352,0.0,0.10527977347373962,0.05828183889389038,0.16400112211704254,0.07172007113695145
79353,0.0,0.10527977347373962,0.06289440393447876,0.1464555859565735,0.07845035195350647
79354,0.0,0.10527977347373962,0.06687527894973755,0.1378379464149475,0.0789075493812561
79355,0.0,0.10527975112199783,0.06509000062942505,0.11904237419366837,0.07015974819660187
79356,0.0,0.10527975112199783,0.11114227771759033,0.12378528714179993,0.11497591435909271
79357,1.0,0.10527975112199783,0.07883095741271973,0.15223640203475952,0.10998928546905518
79358,0.0,0.10527975112199783,0.10508102178573608,0.13173064589500427,0.1291983276605606
79359,0.0,0.10527975112199783,0.11763554811477661,0.2345261424779892,0.13654446601867676
79360,1.0,0.10527975112199783,0.13533169031143188,0.1487158238887787,0.2353358417749405
79361,0.0,0.10527975112199783,0.13363981246948242,0.12515859305858612,0.17472687363624573
79362,0.0,0.10527975112199783,0.09688079357147217,0.07152628898620605,0.06554187089204788
79363,0.0,0.10527975112199783,0.19094222784042358,0.18384383618831635,0.2627682089805603
79364,0.0,0.10527975112199783,0.2357492446899414,0.21024958789348602,0.3010869324207306
79365,0.0,0.10527972877025604,0.2502571940422058,0.24367660284042358,0.3421182930469513
79366,0.0,0.10527972877025604,0.14078372716903687,0.2605644762516022,0.17586179077625275
79367,0.0,0.10527972877025604,0.13513171672821045,0.2387235015630722,0.2029842883348465
79368,0.0,0.10527972877025604,0.41711318492889404,0.3686784505844116,0.6665684580802917
79890,1.0,0.10527367144823074,0.5881133675575256,0.5540512800216675,0.8318348526954651
79891,1.0,0.10527355968952179,0.4087981581687927,0.52639240026474,0.5973141193389893
79892,1.0,0.10527355968952179,0.5206445455551147,0.5277525782585144,0.7597663998603821
79893,1.0,0.10527355968952179,0.5091270804405212,0.5476008057594299,0.7803481221199036
79894,1.0,0.10527355968952179,0.5638591051101685,0.5415574908256531,0.7736209630966187
79895,1.0,0.10527355968952179,0.5809851884841919,0.6193934082984924,0.8727858066558838
79896,1.0,0.10527355968952179,0.5991102457046509,0.6083436608314514,0.8088981509208679
79897,1.0,0.10527355968952179,0.4788321256637573,0.5148442387580872,0.7087554335594177
79898,1.0,0.10527355968952179,0.42846959829330444,0.5060545206069946,0.6255755424499512
79899,1.0,0.10527355968952179,0.562190055847168,0.5494188666343689,0.7897199392318726
79900,1.0,0.1052735224366188,0.333055317401886,0.301439493894577,0.5127453804016113
79901,0.0,0.1052735224366188,0.36231064796447754,0.40263909101486206,0.46228647232055664
79902,1.0,0.1052735224366188,0.4200957417488098,0.3751135468482971,0.6525022983551025
79903,1.0,0.1052735224366188,0.507094144821167,0.516431450843811,0.7817925810813904
79904,1.0,0.1052735224366188,0.5614018440246582,0.6516943573951721,0.8584401607513428
79905,1.0,0.1052735224366188,0.5440338850021362,0.7404128313064575,0.8518596887588501
79906,1.0,0.1052735224366188,0.5449463725090027,0.5934342741966248,0.7529159188270569
79907,1.0,0.1052735224366188,0.49676018953323364,0.5313801765441895,0.7341238856315613
79908,1.0,0.1052735224366188,0.4176100492477417,0.4672704041004181,0.5831560492515564
79909,1.0,0.1052735224366188,0.42785948514938354,0.33213505148887634,0.4818406105041504
79910,1.0,0.1052735224366188,0.48081040382385254,0.3434206545352936,0.6129394173622131
79911,0.0,0.10527350753545761,0.4704321622848511,0.37871474027633667,0.633181631565094
79912,1.0,0.10527350753545761,0.44771403074264526,0.4846864938735962,0.5248464345932007
79913,1.0,0.10527350753545761,0.3906335234642029,0.3344787061214447,0.4097285866737366
79914,1.0,0.10527350753545761,0.2866172194480896,0.3071939945220947,0.32055604457855225
79915,1.0,0.10527350753545761,0.2819957137107849,0.22666049003601074,0.2852613925933838
79916,1.0,0.10527350753545761,0.30357474088668823,0.28392094373703003,0.36649471521377563
79917,1.0,0.10527350753545761,0.3115079998970032,0.3337830603122711,0.3521168529987335
79918,1.0,0.10527350753545761,0.2131224274635315,0.22958111763000488,0.26139724254608154
79919,1.0,0.10527350753545761,0.22222906351089478,0.23123346269130707,0.250996470451355
79920,1.0,0.10527350753545761,0.15904825925827026,0.19749858975410461,0.1545557826757431
79921,0.0,0.10527348518371582,0.13027983903884888,0.15571244060993195,0.14672082662582397
79922,1.0,0.10527348518371582,0.11449718475341797,0.14670908451080322,0.1175931766629219
79923,1.0,0.10527348518371582,0.1329452395439148,0.11289521306753159,0.11519429832696915
79924,0.0,0.10527348518371582,0.14789438247680664,0.12716194987297058,0.1487492024898529
79925,0.0,0.10527348518371582,0.08744585514068604,0.16360896825790405,0.09864158928394318
79926,0.0,0.10527348518371582,0.08175909519195557,0.20686353743076324,0.08258842676877975
79927,0.0,0.10527348518371582,0.05954986810684204,0.16609984636306763,0.07122720032930374
79928,1.0,0.10527348518371582,0.08957970142364502,0.15705262124538422,0.10179127007722855
79929,0.0,0.10527348518371582,0.12881344556808472,0.12443499267101288,0.11648054420948029
79930,0.0,0.10527348518371582,0.1369040608406067,0.14806073904037476,0.14268489181995392
79931,1.0,0.10527346283197403,0.07540124654769897,0.11478724330663681,0.11358612775802612
79932,1.0,0.10527346283197403,0.0946798324584961,0.1206023171544075,0.18165993690490723
79933,1.0,0.10527346283197403,0.15928399562835693,0.21212883293628693,0.2231806069612503
79934,1.0,0.10527346283197403,0.26362884044647217,0.24094516038894653,0.4004676043987274
79935,1.0,0.10527346283197403,0.2235499620437622,0.19681569933891296,0.3509635627269745
79936,0.0,0.10527346283197403,0.24553489685058594,0.16890215873718262,0.24389469623565674
79937,1.0,0.10527346283197403,0.29899728298187256,0.28468939661979675,0.4447384178638458
79938,1.0,0.10527346283197403,0.2876473665237427,0.26520028710365295,0.3653676211833954
79939,0.0,0.10527346283197403,0.4895538091659546,0.45733755826950073,0.691563069820404
79940,1.0,0.10527346283197403,0.40743178129196167,0.538884699344635,0.5391080975532532
79941,1.0,0.10527344048023224,0.4587046504020691,0.5020358562469482,0.6481233835220337
79942,1.0,0.10527344048023224,0.5443955659866333,0.586948037147522,0.8518898487091064
80464,1.0,0.10529302805662155,0.2780740261077881,0.3309928774833679,0.4162253439426422
80465,0.0,0.105292908847332,0.38306355476379395,0.4019720256328583,0.46024563908576965
80466,1.0,0.105292908847332,0.2601057291030884,0.28490445017814636,0.5433946847915649
80467,0.0,0.105292908847332,0.47729015350341797,0.343902587890625,0.658227801322937
80468,1.0,0.105292908847332,0.2165924310684204,0.26127076148986816,0.33322635293006897
80469,0.0,0.105292908847332,0.3356543779373169,0.2964915931224823,0.5356607437133789
80470,0.0,0.105292908847332,0.2976066470146179,0.20347000658512115,0.4381859004497528
80471,0.0,0.105292908847332,0.4255794286727905,0.46550312638282776,0.5041171908378601
80472,1.0,0.105292908847332,0.3299274444580078,0.43631476163864136,0.5005006194114685
80473,1.0,0.1052928939461708,0.43301135301589966,0.43923959136009216,0.6571335196495056
80474,1.0,0.1052928939461708,0.4228798747062683,0.4729936122894287,0.7501775026321411
80475,1.0,0.1052928939461708,0.35962629318237305,0.3845456838607788,0.5564072132110596
80476,1.0,0.1052928939461708,0.29441094398498535,0.31165140867233276,0.4776059687137604
80477,0.0,0.1052928939461708,0.2693759799003601,0.21148917078971863,0.4025036692619324
80478,0.0,0.1052928939461708,0.179287850856781,0.15979962050914764,0.20815065503120422
80479,0.0,0.1052928939461708,0.3902212381362915,0.3696272671222687,0.48475536704063416
80480,1.0,0.1052928939461708,0.43569934368133545,0.3670347034931183,0.6086117029190063
80481,1.0,0.1052928939461708,0.37425583600997925,0.2670365273952484,0.5664345622062683
80482,0.0,0.1052928939461708,0.3622773289680481,0.2577213943004608,0.494990736246109
80483,1.0,0.10529287159442902,0.33175909519195557,0.27487531304359436,0.36045363545417786
80484,1.0,0.10529287159442902,0.22320812940597534,0.2022862434387207,0.4041776657104492
80485,0.0,0.10529287159442902,0.2928069233894348,0.16324324905872345,0.3527601361274719
80486,0.0,0.10529287159442902,0.19046616554260254,0.12010744959115982,0.2789037823677063
80487,0.0,0.10529287159442902,0.18918579816818237,0.1357841193675995,0.2135877162218094
80488,1.0,0.10529287159442902,0.17845189571380615,0.16487066447734833,0.18849912285804749
80489,0.0,0.10529287159442902,0.19504904747009277,0.17024919390678406,0.2526673972606659
80490,0.0,0.10529287159442902,0.14469343423843384,0.17025920748710632,0.21189168095588684
80491,0.0,0.10529287159442902,0.12071841955184937,0.1737803816795349,0.14690673351287842
80492,0.0,0.10529287159442902,0.16239255666732788,0.21041995286941528,0.24087896943092346
80493,0.0,0.10529284924268723,0.13030314445495605,0.20898699760437012,0.25522366166114807
80494,0.0,0.10529284924268723,0.14522647857666016,0.24019363522529602,0.25944438576698303
80495,0.0,0.10529284924268723,0.08251416683197021,0.17165014147758484,0.10633141547441483
80496,0.0,0.10529284924268723,0.08674710988998413,0.1514548510313034,0.10483407229185104
80497,0.0,0.10529284924268723,0.08434540033340454,0.13758307695388794,0.09478581696748734
80498,0.0,0.10529284924268723,0.09020113945007324,0.1585853546857834,0.10888605564832687
80499,0.0,0.10529284924268723,0.0634203553199768,0.14982904493808746,0.06680408865213394
80500,0.0,0.10529284924268723,0.05247920751571655,0.147160142660141,0.07536278665065765
80501,0.0,0.10529284924268723,0.04766809940338135,0.12723027169704437,0.04899797961115837
80502,0.0,0.10529284924268723,0.06727123260498047,0.12152110785245895,0.06385072320699692
80503,1.0,0.10529282689094543,0.11072647571563721,0.12352247536182404,0.1041947677731514
80504,0.0,0.10529282689094543,0.15325254201889038,0.14452621340751648,0.14091727137565613
80505,0.0,0.10529282689094543,0.13345074653625488,0.14889518916606903,0.13381290435791016
80506,1.0,0.10529282689094543,0.09417557716369629,0.11119814217090607,0.10182750970125198
80507,0.0,0.10529282689094543,0.10059183835983276,0.11104618012905121,0.10611070692539215
80508,0.0,0.10529282689094543,0.1772633194923401,0.14402741193771362,0.19128505885601044
80509,1.0,0.10529282689094543,0.1678747534751892,0.11984961479902267,0.23373976349830627
80510,0.0,0.10529282689094543,0.26274216175079346,0.24339574575424194,0.3252718150615692
80511,1.0,0.10529282689094543,0.34281355142593384,0.3604682385921478,0.4697115123271942
80512,1.0,0.10529282689094543,0.4344738721847534,0.4744414687156677,0.6027490496635437
80513,1.0,0.10529279708862305,0.5254511833190918,0.5310869216918945,0.7408187985420227
80514,1.0,0.10529279708862305,0.4539170265197754,0.5779377222061157,0.6938902139663696
80515,1.0,0.10529279708862305,0.3793151378631592,0.4352193772792816,0.4993486702442169
80516,1.0,0.10529279708862305,0.5792081952095032,0.4500410556793213,0.8264898061752319
81038,1.0,0.12134091556072235,0.07127940654754639,0.08247746527194977,0.0956333801150322
81039,1.0,0.1213408038020134,0.08759504556655884,0.12868790328502655,0.09077893197536469
81040,1.0,0.1213408038020134,0.08083254098892212,0.11325958371162415,0.0780709758400917
81041,1.0,0.1213408038020134,0.08422726392745972,0.11871515959501266,0.07922405749559402
81042,1.0,0.1213408038020134,0.08931130170822144,0.11184991151094437,0.10729838907718658
81043,1.0,0.1213408038020134,0.09466046094894409,0.13589829206466675,0.10592621564865112
81044,1.0,0.1213408038020134,0.07476961612701416,0.12603193521499634,0.06527920067310333
81045,1.0,0.12134077399969101,0.0744355320930481,0.1630004346370697,0.07663408666849136
81046,1.0,0.12134077399969101,0.08027291297912598,0.1202351525425911,0.06538435816764832
81047,1.0,0.12134077399969101,0.0888487696647644,0.17969726026058197,0.08867163211107254
81048,1.0,0.12134077399969101,0.13452130556106567,0.19902753829956055,0.10217345505952835
81049,1.0,0.12134077399969101,0.08108937740325928,0.21216176450252533,0.08410684019327164
81050,1.0,0.12134077399969101,0.07501363754272461,0.17777734994888306,0.07548697292804718
81051,1.0,0.12134077399969101,0.07942867279052734,0.14780303835868835,0.062576062977314
81052,1.0,0.12134077399969101,0.09314984083175659,0.13182243704795837,0.07341580837965012
81053,1.0,0.12134077399969101,0.07461464405059814,0.1417585164308548,0.07258715480566025
81054,1.0,0.12134077399969101,0.07846665382385254,0.1322336345911026,0.07141736149787903
81055,1.0,0.12134074419736862,0.07761895656585693,0.12130744755268097,0.06523936241865158
81056,1.0,0.12134074419736862,0.06140714883804321,0.11048156768083572,0.04686237871646881
81057,1.0,0.12134074419736862,0.06690341234207153,0.08352215588092804,0.052910007536411285
81058,1.0,0.12134074419736862,0.05315196514129639,0.08427988737821579,0.05441280081868172
81059,1.0,0.12134074419736862,0.05532419681549072,0.07249032706022263,0.043655987828969955
81060,1.0,0.12134074419736862,0.0518488883972168,0.07994719594717026,0.0341179184615612
81061,1.0,0.12134074419736862,0.05079394578933716,0.07488668709993362,0.031088951975107193
81062,1.0,0.12134074419736862,0.04824703931808472,0.07310473918914795,0.03249109536409378
81063,1.0,0.12134074419736862,0.04926830530166626,0.07030586153268814,0.03231678530573845
81064,1.0,0.12134074419736862,0.033730387687683105,0.07600352168083191,0.026828337460756302
81065,1.0,0.12134071439504623,0.03601062297821045,0.09080515801906586,0.03115873783826828
81066,1.0,0.12134071439504623,0.03344506025314331,0.06778062880039215,0.026067929342389107
81067,1.0,0.12134071439504623,0.03423511981964111,0.0798562541604042,0.026274843141436577
81068,1.0,0.12134071439504623,0.034901559352874756,0.069999098777771,0.025106152519583702
81069,1.0,0.12134071439504623,0.034481704235076904,0.07399552315473557,0.022560924291610718
81070,1.0,0.12134071439504623,0.03222376108169556,0.07444749027490616,0.022380301728844643
81071,1.0,0.12134071439504623,0.03282219171524048,0.07488270103931427,0.02143879607319832
81072,1.0,0.12134071439504623,0.033221542835235596,0.06428365409374237,0.02217750996351242
81073,1.0,0.12134071439504623,0.031372666358947754,0.07449562102556229,0.021541092544794083
81074,1.0,0.12134071439504623,0.0315401554107666,0.06420695036649704,0.019222835078835487
81075,1.0,0.12134069949388504,0.033156394958496094,0.06962853670120239,0.022886954247951508
81076,1.0,0.12134069949388504,0.0315401554107666,0.0630609542131424,0.02025945484638214
81077,1.0,0.12134069949388504,0.03565824031829834,0.06539049744606018,0.023496586829423904
81078,1.0,0.12134069949388504,0.035875797271728516,0.05680324509739876,0.02715585008263588
81079,1.0,0.12134069949388504,0.0349007248878479,0.06884391605854034,0.025678511708974838
81080,1.0,0.12134069204330444,0.03551763296127319,0.055091019719839096,0.026773549616336823
81081,1.0,0.12134069204330444,0.036226749420166016,0.061613962054252625,0.02349732629954815
81082,1.0,0.12134069204330444,0.03460526466369629,0.05971028655767441,0.02659536339342594
81083,1.0,0.12134069204330444,0.033576250076293945,0.03337602689862251,0.02187623642385006
81084,1.0,0.12134069204330444,0.14116227626800537,0.15287767350673676,0.10173895210027695
81085,1.0,0.12134069204330444,0.07906842231750488,0.09895732998847961,0.07219932228326797
81086,1.0,0.12134069204330444,0.09241044521331787,0.11958145350217819,0.08032011985778809
81087,1.0,0.12134069204330444,0.08019262552261353,0.06049549579620361,0.06898633390665054
81088,1.0,0.12134069204330444,0.1551339030265808,0.1847672015428543,0.21378180384635925
81089,1.0,0.12134069204330444,0.07510185241699219,0.14706502854824066,0.05754504352807999
81090,1.0,0.12134066224098206,0.07508909702301025,0.12909169495105743,0.12749235332012177
81612,0.0,0.1212984099984169,0.06614911556243896,0.07382924109697342,0.06380918622016907
81613,0.0,0.12129829823970795,0.06685656309127808,0.09385740756988525,0.05389640852808952
81614,0.0,0.12129829823970795,0.07326841354370117,0.14778344333171844,0.044175319373607635
81615,0.0,0.12129829823970795,0.06673675775527954,0.09664581716060638,0.04704739898443222
81616,0.0,0.12129829823970795,0.07543325424194336,0.17598947882652283,0.04553493484854698
81617,0.0,0.12129829823970795,0.08808344602584839,0.20594072341918945,0.05620325356721878
81618,0.0,0.12129829823970795,0.07904034852981567,0.1833968609571457,0.04525227099657059
81619,0.0,0.12129829823970795,0.2843250632286072,0.4074466824531555,0.2627783417701721
81620,0.0,0.12129826843738556,0.13931787014007568,0.21658681333065033,0.08431801199913025
81621,0.0,0.12129826843738556,0.12223464250564575,0.22395767271518707,0.08178162574768066
81622,0.0,0.12129826843738556,0.10272020101547241,0.17763377726078033,0.07350600510835648
81623,0.0,0.12129826843738556,0.29752880334854126,0.44094401597976685,0.24992340803146362
81624,0.0,0.12129826843738556,0.12537527084350586,0.19686439633369446,0.0822804644703865
81625,0.0,0.12129826843738556,0.1330605149269104,0.1552068293094635,0.08681149780750275
81626,0.0,0.12129826843738556,0.18364816904067993,0.13544012606143951,0.18069453537464142
81627,0.0,0.12129826843738556,0.11548131704330444,0.08861278742551804,0.0961618572473526
81628,0.0,0.12129826843738556,0.2224736213684082,0.2841745615005493,0.24173180758953094
81629,0.0,0.12129826843738556,0.1384650468826294,0.16091814637184143,0.1086929589509964
81630,0.0,0.12129824608564377,0.15766078233718872,0.13693562150001526,0.13380677998065948
81631,0.0,0.12129824608564377,0.25724339485168457,0.26697367429733276,0.27951741218566895
81632,0.0,0.12129824608564377,0.13811612129211426,0.16760984063148499,0.1653403490781784
81633,0.0,0.12129824608564377,0.13848590850830078,0.14540599286556244,0.09823943674564362
81634,0.0,0.12129824608564377,0.11924254894256592,0.12544822692871094,0.09601113945245743
81635,0.0,0.12129824608564377,0.07980680465698242,0.08809595555067062,0.05671242997050285
81636,0.0,0.12129824608564377,0.07389438152313232,0.07154487818479538,0.05544109269976616
81637,0.0,0.12129824608564377,0.10130572319030762,0.09157402068376541,0.061919763684272766
81638,0.0,0.12129824608564377,0.08055180311203003,0.10453725606203079,0.05672402307391167
81639,0.0,0.12129824608564377,0.11515218019485474,0.11171673983335495,0.11948075145483017
81640,0.0,0.12129823118448257,0.13380372524261475,0.14805404841899872,0.11659878492355347
81641,0.0,0.12129823118448257,0.13658690452575684,0.12710632383823395,0.11858370900154114
81642,0.0,0.12129823118448257,0.15990716218948364,0.14750181138515472,0.18088118731975555
81643,0.0,0.12129823118448257,0.07433736324310303,0.10821294039487839,0.06509637087583542
81644,0.0,0.12129823118448257,0.06848639249801636,0.09192976355552673,0.061599139124155045
81645,0.0,0.12129821628332138,0.08235567808151245,0.08580857515335083,0.07916345447301865
81646,0.0,0.12129821628332138,0.10864758491516113,0.08990927785634995,0.07879519462585449
81647,0.0,0.12129821628332138,0.08628904819488525,0.0920490026473999,0.05882822722196579
81648,0.0,0.12129821628332138,0.1160358190536499,0.12304819375276566,0.10767152160406113
81649,0.0,0.12129821628332138,0.07939916849136353,0.08845405280590057,0.07251964509487152
81650,0.0,0.12129820138216019,0.06346583366394043,0.08234637975692749,0.05248516798019409
81651,0.0,0.12129820138216019,0.06105595827102661,0.07565417140722275,0.054317500442266464
81652,0.0,0.12129820138216019,0.05846071243286133,0.07202718406915665,0.03605207800865173
81653,0.0,0.12129820138216019,0.042803823947906494,0.05692998319864273,0.03103334829211235
81654,0.0,0.12129820138216019,0.03341078758239746,0.030377108603715897,0.017300136387348175
81655,0.0,0.12129818648099899,0.0302770733833313,0.03310694545507431,0.016430674120783806
81656,0.0,0.12129818648099899,0.04002887010574341,0.03148171678185463,0.027264511212706566
81657,0.0,0.12129818648099899,0.031583964824676514,0.027279822155833244,0.019208122044801712
81658,0.0,0.12129818648099899,0.046076178550720215,0.028402945026755333,0.030154606327414513
81659,0.0,0.12129818648099899,0.03692781925201416,0.04430720955133438,0.020781416445970535
81660,0.0,0.1212981715798378,0.050637245178222656,0.10133548825979233,0.03867325186729431
81661,0.0,0.1212981715798378,0.04776126146316528,0.05506642535328865,0.026489514857530594
81662,0.0,0.1212981715798378,0.06661909818649292,0.03992569074034691,0.04704804718494415
81663,0.0,0.1212981715798378,0.0547184944152832,0.04896428436040878,0.03034278377890587
81664,0.0,0.1212981715798378,0.17507994174957275,0.16763585805892944,0.19552335143089294
82186,0.0,0.3217296302318573,0.36198365688323975,0.3493152856826782,0.4734034538269043
82187,1.0,0.3217293918132782,0.39532458782196045,0.5170099139213562,0.5719254016876221
82188,1.0,0.3217293918132782,0.44677144289016724,0.45985403656959534,0.69410240650177
82189,1.0,0.3217293620109558,0.31788206100463867,0.29141807556152344,0.4334423840045929
82190,0.0,0.3217293620109558,0.29797667264938354,0.27786386013031006,0.37788668274879456
82191,0.0,0.3217293620109558,0.3575255870819092,0.35917654633522034,0.5896396636962891
82192,1.0,0.3217293620109558,0.338348925113678,0.3745405077934265,0.4701273441314697
82193,1.0,0.3217293620109558,0.34745633602142334,0.3741656243801117,0.5277965664863586
82194,1.0,0.3217293322086334,0.4379845857620239,0.41280874609947205,0.628180980682373
82195,1.0,0.3217293322086334,0.44883692264556885,0.5477917194366455,0.6748926639556885
82196,1.0,0.3217293322086334,0.3223615288734436,0.3250346779823303,0.5958839654922485
82197,0.0,0.3217293322086334,0.4700249433517456,0.4962037205696106,0.6301435232162476
82198,1.0,0.3217293322086334,0.4459707736968994,0.3663564622402191,0.5801404118537903
82199,0.0,0.3217293322086334,0.39668262004852295,0.4533021152019501,0.5893205404281616
82200,1.0,0.3217293322086334,0.3476255536079407,0.4023725390434265,0.5858943462371826
82201,1.0,0.32172930240631104,0.38717347383499146,0.4218995273113251,0.5773255825042725
82202,1.0,0.32172930240631104,0.274130642414093,0.3026310205459595,0.4720568060874939
82203,0.0,0.32172930240631104,0.2228044867515564,0.20001037418842316,0.3270922899246216
82204,0.0,0.32172930240631104,0.32569199800491333,0.2777084410190582,0.326458215713501
82205,1.0,0.32172930240631104,0.359555184841156,0.38994115591049194,0.3712904453277588
82206,1.0,0.32172927260398865,0.3466084599494934,0.3245161473751068,0.5089950561523438
82207,1.0,0.32172927260398865,0.23383623361587524,0.28689077496528625,0.40755605697631836
82208,0.0,0.32172927260398865,0.1902117133140564,0.14061178267002106,0.1428593546152115
82209,0.0,0.32172927260398865,0.17806237936019897,0.13503924012184143,0.10645611584186554
82210,0.0,0.32172927260398865,0.08800184726715088,0.10825832188129425,0.055152107030153275
82211,0.0,0.32172927260398865,0.1856701374053955,0.13261963427066803,0.11633404344320297
82212,1.0,0.32172927260398865,0.14696812629699707,0.1630675047636032,0.07845214754343033
82213,1.0,0.32172927260398865,0.17023485898971558,0.2097022980451584,0.12430882453918457
82214,1.0,0.32172924280166626,0.11590087413787842,0.14387623965740204,0.06114709749817848
82215,0.0,0.32172924280166626,0.09287333488464355,0.1710422933101654,0.05251511558890343
82216,0.0,0.32172924280166626,0.17708730697631836,0.2005680948495865,0.07056350260972977
82217,1.0,0.32172924280166626,0.10333627462387085,0.1332121044397354,0.03936602547764778
82218,0.0,0.32172924280166626,0.15356552600860596,0.2795823812484741,0.1091403067111969
82219,1.0,0.32172921299934387,0.18171042203903198,0.2669897973537445,0.17690280079841614
82220,1.0,0.32172921299934387,0.13701117038726807,0.1962030977010727,0.07775917649269104
82221,0.0,0.32172921299934387,0.07521885633468628,0.1905474215745926,0.023636730387806892
82222,0.0,0.32172921299934387,0.047869324684143066,0.1842619925737381,0.020746083930134773
82223,0.0,0.32172921299934387,0.07246673107147217,0.1740259826183319,0.029312217608094215
82224,0.0,0.3217291831970215,0.06968408823013306,0.17671336233615875,0.0428050197660923
82225,1.0,0.3217291831970215,0.1277206540107727,0.20706883072853088,0.10936388373374939
82226,1.0,0.3217291831970215,0.15540742874145508,0.1902220994234085,0.13141073286533356
82227,0.0,0.3217291831970215,0.1714714765548706,0.18013115227222443,0.13127948343753815
82228,0.0,0.3217291831970215,0.14919531345367432,0.1531054526567459,0.14038680493831635
82229,0.0,0.3217291533946991,0.11141955852508545,0.1365237683057785,0.11476767063140869
82230,1.0,0.3217291533946991,0.15469962358474731,0.19442912936210632,0.16594438254833221
82231,1.0,0.3217291533946991,0.21081393957138062,0.18710538744926453,0.32026761770248413
82232,1.0,0.3217291533946991,0.24207216501235962,0.2968983054161072,0.27994227409362793
82233,1.0,0.3217291533946991,0.24299579858779907,0.26519185304641724,0.32087117433547974
82234,1.0,0.3217291533946991,0.3238833546638489,0.33883124589920044,0.43122944235801697
82235,1.0,0.3217291533946991,0.3175320625305176,0.3527910113334656,0.423578679561615
82236,1.0,0.3217291533946991,0.36447322368621826,0.38092947006225586,0.534489631652832
82237,1.0,0.3217291533946991,0.3201950788497925,0.4485097825527191,0.43041563034057617
82238,0.0,0.3217291533946991,0.2989267110824585,0.31796932220458984,0.4090648591518402
82760,1.0,0.10306744277477264,0.5741562843322754,0.6706541776657104,0.8351482152938843
82761,1.0,0.10306733101606369,0.41356658935546875,0.5990803241729736,0.785118818283081
82762,1.0,0.10306733101606369,0.3406553268432617,0.5450971722602844,0.6586801409721375
82763,1.0,0.10306733101606369,0.40076881647109985,0.5536643266677856,0.5663908123970032
82764,1.0,0.10306733101606369,0.4045206904411316,0.542274534702301,0.6141085028648376
82765,1.0,0.10306733101606369,0.4542251229286194,0.5770182609558105,0.7119884490966797
82766,0.0,0.10306733101606369,0.36597317457199097,0.5232552289962769,0.6500435471534729
82767,1.0,0.10306733101606369,0.45687323808670044,0.579459011554718,0.7080681324005127
82768,1.0,0.10306733101606369,0.5518022179603577,0.6601706743240356,0.7994396090507507
82769,1.0,0.1030673086643219,0.530317485332489,0.7735192179679871,0.9007775187492371
82770,1.0,0.1030673086643219,0.5161347389221191,0.7517736554145813,0.8775305151939392
82771,1.0,0.1030673086643219,0.41277575492858887,0.6646073460578918,0.8087079524993896
82772,1.0,0.1030673086643219,0.3677441477775574,0.560907781124115,0.7254867553710938
82773,1.0,0.1030673086643219,0.38047730922698975,0.4742468297481537,0.5797314047813416
82774,1.0,0.1030673086643219,0.42469990253448486,0.5399816036224365,0.699432373046875
82775,1.0,0.1030673086643219,0.49056476354599,0.5774537324905396,0.7850690484046936
82776,1.0,0.1030673086643219,0.41661566495895386,0.5836132764816284,0.6960988640785217
82777,1.0,0.1030673086643219,0.5795074701309204,0.591793954372406,0.8560048937797546
82778,1.0,0.1030673086643219,0.38440197706222534,0.5260414481163025,0.6791002750396729
82779,1.0,0.10306727886199951,0.4216523766517639,0.392013281583786,0.6051376461982727
82780,1.0,0.10306727886199951,0.38539332151412964,0.3521709740161896,0.6211962699890137
82781,1.0,0.10306727886199951,0.46711838245391846,0.37891361117362976,0.5891512036323547
82782,1.0,0.10306727886199951,0.4385615587234497,0.4423290491104126,0.5929573774337769
82783,1.0,0.10306727886199951,0.469495952129364,0.3912944793701172,0.6633487939834595
82784,1.0,0.10306727886199951,0.492450475692749,0.46199682354927063,0.6795532703399658
82785,1.0,0.10306727886199951,0.43248552083969116,0.408732146024704,0.6132506728172302
82786,1.0,0.10306727886199951,0.41755181550979614,0.3156973719596863,0.5201980471611023
82787,1.0,0.10306727886199951,0.3000788688659668,0.30932196974754333,0.354701429605484
82788,1.0,0.10306727886199951,0.3999794125556946,0.341060996055603,0.4520835280418396
82789,1.0,0.10306727141141891,0.39794057607650757,0.3044137954711914,0.4456526041030884
82790,1.0,0.10306727141141891,0.3736187815666199,0.27663928270339966,0.42864012718200684
82791,1.0,0.10306727141141891,0.19963312149047852,0.22157302498817444,0.3312651515007019
82792,1.0,0.10306727141141891,0.15428191423416138,0.14933621883392334,0.20955531299114227
82793,0.0,0.10306727141141891,0.1963353157043457,0.19936184585094452,0.29011809825897217
82794,1.0,0.10306727141141891,0.17596161365509033,0.22692489624023438,0.26900380849838257
82795,1.0,0.10306727141141891,0.1643458604812622,0.15228436887264252,0.19588367640972137
82796,1.0,0.10306727141141891,0.17410963773727417,0.17503106594085693,0.3180508613586426
82797,1.0,0.10306727141141891,0.15489667654037476,0.18891417980194092,0.20148727297782898
82798,1.0,0.10306727141141891,0.14652317762374878,0.14341390132904053,0.2068300098180771
82799,1.0,0.10306727141141891,0.16651034355163574,0.1662568747997284,0.28852593898773193
82800,1.0,0.10306724905967712,0.1607399582862854,0.17517220973968506,0.19432972371578217
82801,1.0,0.10306724905967712,0.18112832307815552,0.14608268439769745,0.2365676611661911
82802,1.0,0.10306724905967712,0.15583515167236328,0.17998738586902618,0.20123890042304993
82803,0.0,0.10306724905967712,0.23015224933624268,0.16923478245735168,0.3877270519733429
82804,1.0,0.10306724905967712,0.32224732637405396,0.31778472661972046,0.4773845076560974
82805,1.0,0.10306724905967712,0.23236215114593506,0.35955336689949036,0.38529878854751587
82806,1.0,0.10306724905967712,0.28714150190353394,0.2791232764720917,0.347014456987381
82807,0.0,0.10306724905967712,0.3127517104148865,0.2797512710094452,0.5470486879348755
82808,1.0,0.10306724905967712,0.47063887119293213,0.5379886627197266,0.7273436188697815
82809,1.0,0.10306724905967712,0.428438663482666,0.5873281359672546,0.594490110874176
82810,1.0,0.10306721925735474,0.4363686442375183,0.630184531211853,0.6511719226837158
82811,1.0,0.10306721925735474,0.3587159514427185,0.5106947422027588,0.4554487466812134
82812,0.0,0.10306721925735474,0.4034920930862427,0.3851928114891052,0.7046152353286743
83334,1.0,0.1212763860821724,0.39586585760116577,0.368643194437027,0.4221497178077698
83335,1.0,0.12127625942230225,0.3482455611228943,0.3902966380119324,0.33573421835899353
83336,1.0,0.12127625942230225,0.36368328332901,0.4071097671985626,0.31964197754859924
83337,1.0,0.12127625942230225,0.33352822065353394,0.3356580138206482,0.29283407330513
83338,1.0,0.12127625942230225,0.3080938458442688,0.276814728975296,0.2892994284629822
83339,1.0,0.12127625942230225,0.33031970262527466,0.41636666655540466,0.3343663215637207
83340,1.0,0.12127624452114105,0.4686512351036072,0.4789637327194214,0.6338939666748047
83341,1.0,0.12127624452114105,0.3501705527305603,0.3941141664981842,0.47185203433036804
83342,1.0,0.12127624452114105,0.39736175537109375,0.4291538596153259,0.42299574613571167
83343,1.0,0.12127624452114105,0.3408887982368469,0.40643423795700073,0.36832940578460693
83344,1.0,0.12127624452114105,0.20954835414886475,0.26630279421806335,0.12029114365577698
83345,0.0,0.12127622961997986,0.16274434328079224,0.16307930648326874,0.13338905572891235
83346,0.0,0.12127622961997986,0.14389461278915405,0.17457059025764465,0.07563135027885437
83347,0.0,0.12127622961997986,0.15897643566131592,0.1619698405265808,0.16648246347904205
83348,0.0,0.12127622961997986,0.14326316118240356,0.16936367750167847,0.14769890904426575
83349,0.0,0.12127622961997986,0.2620183825492859,0.2882368862628937,0.2798866331577301
83350,1.0,0.12127621471881866,0.1714116334915161,0.2132553905248642,0.17989982664585114
83351,0.0,0.12127621471881866,0.3260694742202759,0.3032798767089844,0.44088542461395264
83352,1.0,0.12127621471881866,0.18989503383636475,0.2105494886636734,0.22221921384334564
83353,0.0,0.12127621471881866,0.1272127628326416,0.11331319063901901,0.10493671149015427
83354,0.0,0.12127621471881866,0.12942802906036377,0.11428921669721603,0.1381371170282364
83355,0.0,0.12127619981765747,0.13627785444259644,0.15365353226661682,0.12377327680587769
83356,0.0,0.12127619981765747,0.08908295631408691,0.1042284369468689,0.05937717482447624
83357,0.0,0.12127619981765747,0.16305142641067505,0.12864981591701508,0.11425884068012238
83358,1.0,0.12127619981765747,0.18052685260772705,0.19307777285575867,0.18714448809623718
83359,1.0,0.12127619981765747,0.14026552438735962,0.19756807386875153,0.11867755651473999
83360,0.0,0.12127619981765747,0.12528973817825317,0.1481398195028305,0.08818689733743668
83361,0.0,0.12127619236707687,0.13349586725234985,0.16679897904396057,0.1484992653131485
83362,1.0,0.12127619236707687,0.11420327425003052,0.18424133956432343,0.11730292439460754
83363,0.0,0.12127619236707687,0.15759515762329102,0.14388661086559296,0.17653954029083252
83364,1.0,0.12127619236707687,0.12253642082214355,0.18505606055259705,0.09573366492986679
83365,0.0,0.12127619236707687,0.09214133024215698,0.14642685651779175,0.09348563104867935
83366,0.0,0.12127617746591568,0.07621783018112183,0.11970331519842148,0.0920659676194191
83367,0.0,0.12127617746591568,0.07494860887527466,0.11258618533611298,0.09288389980792999
83368,1.0,0.12127617746591568,0.08489173650741577,0.13387154042720795,0.08199353516101837
83369,0.0,0.12127617746591568,0.08445382118225098,0.14200559258460999,0.09402764588594437
83370,0.0,0.12127617746591568,0.08210158348083496,0.10825398564338684,0.08905597031116486
83371,1.0,0.12127616256475449,0.08615779876708984,0.10450378060340881,0.09220951795578003
83372,0.0,0.12127616256475449,0.0801551342010498,0.14295195043087006,0.07898271828889847
83373,0.0,0.12127616256475449,0.0602608323097229,0.07862546294927597,0.050555646419525146
83374,0.0,0.12127616256475449,0.051105499267578125,0.08539009094238281,0.050776105374097824
83375,0.0,0.12127616256475449,0.06281936168670654,0.10258075594902039,0.04046192765235901
83376,1.0,0.12127616256475449,0.07235807180404663,0.10033886134624481,0.04514935240149498
83377,0.0,0.12127616256475449,0.0976303219795227,0.14283856749534607,0.06305436789989471
83378,0.0,0.12127616256475449,0.08520001173019409,0.07772644609212875,0.07811448723077774
83379,0.0,0.12127616256475449,0.19892674684524536,0.1473781019449234,0.14836165308952332
83380,1.0,0.12127616256475449,0.12318366765975952,0.12037179619073868,0.1215091124176979
83381,0.0,0.1212761327624321,0.13408857583999634,0.18049940466880798,0.08741757273674011
83382,0.0,0.1212761327624321,0.122580885887146,0.13883069157600403,0.09072530269622803
83383,0.0,0.1212761327624321,0.1434456706047058,0.1231377124786377,0.1781686246395111
83384,0.0,0.1212761327624321,0.15547078847885132,0.22088263928890228,0.15685199201107025
83385,0.0,0.1212761327624321,0.1185266375541687,0.22919902205467224,0.09946652501821518
83386,0.0,0.1212761327624321,0.2115444540977478,0.2347193956375122,0.21961286664009094
83908,1.0,0.09694673866033554,0.4852493405342102,0.4684377908706665,0.6779195666313171
83909,1.0,0.09694662690162659,0.4379312992095947,0.31216609477996826,0.716930627822876
83910,1.0,0.09694662690162659,0.5101698637008667,0.41329270601272583,0.6662937998771667
83911,1.0,0.09694662690162659,0.4983738660812378,0.5115969777107239,0.6894032955169678
83912,1.0,0.09694662690162659,0.5418282151222229,0.5660010576248169,0.7756970524787903
83913,1.0,0.0969466045498848,0.47529876232147217,0.5142659544944763,0.7323367595672607
83914,1.0,0.0969466045498848,0.4307921528816223,0.351802259683609,0.5858634114265442
83915,1.0,0.0969466045498848,0.24712979793548584,0.2662734091281891,0.3351442813873291
83916,1.0,0.0969466045498848,0.22095602750778198,0.26935338973999023,0.29057812690734863
83917,1.0,0.0969466045498848,0.34575122594833374,0.2934805154800415,0.5436109900474548
83918,1.0,0.0969466045498848,0.2883554697036743,0.21125157177448273,0.48772484064102173
83919,1.0,0.0969466045498848,0.2734667658805847,0.22465510666370392,0.45613354444503784
83920,1.0,0.0969466045498848,0.2991003394126892,0.2686186134815216,0.4955233633518219
83921,1.0,0.0969466045498848,0.2893538475036621,0.24028775095939636,0.47175225615501404
83922,1.0,0.0969466045498848,0.4872870445251465,0.42011088132858276,0.6372107267379761
83923,1.0,0.0969465896487236,0.33963698148727417,0.29407933354377747,0.5309635996818542
83924,1.0,0.0969465896487236,0.3758562207221985,0.24070920050144196,0.5532119274139404
83925,1.0,0.0969465896487236,0.34620559215545654,0.24027854204177856,0.5117301344871521
83926,1.0,0.0969465896487236,0.3075881004333496,0.22374537587165833,0.43105775117874146
83927,1.0,0.0969465896487236,0.2971523404121399,0.22125165164470673,0.49141716957092285
83928,1.0,0.0969465896487236,0.29964524507522583,0.1903000921010971,0.45109859108924866
83929,1.0,0.0969465896487236,0.22590374946594238,0.1917124092578888,0.34610459208488464
83930,1.0,0.0969465896487236,0.2512025833129883,0.21378041803836823,0.34702789783477783
83931,1.0,0.0969465896487236,0.16651493310928345,0.2267322540283203,0.22160272300243378
83932,1.0,0.0969465896487236,0.27990955114364624,0.20530834794044495,0.5129638910293579
83933,1.0,0.09694656729698181,0.25152552127838135,0.19126704335212708,0.3926444947719574
83934,1.0,0.09694656729698181,0.19755780696868896,0.28697147965431213,0.38215526938438416
83935,1.0,0.09694656729698181,0.16393476724624634,0.209087073802948,0.27458396553993225
83936,1.0,0.09694656729698181,0.1567177176475525,0.22708716988563538,0.3447030484676361
83937,1.0,0.09694656729698181,0.11365365982055664,0.18331636488437653,0.2359079122543335
83938,1.0,0.09694656729698181,0.11227113008499146,0.2001419961452484,0.30794355273246765
83939,1.0,0.09694656729698181,0.0957828164100647,0.15435315668582916,0.18325242400169373
83940,1.0,0.09694656729698181,0.14957761764526367,0.14248904585838318,0.21150627732276917
83941,1.0,0.09694656729698181,0.15545713901519775,0.14497439563274384,0.28604668378829956
83942,1.0,0.09694656729698181,0.1849157214164734,0.12430122494697571,0.3416402339935303
83943,1.0,0.09694656729698181,0.16477763652801514,0.13650941848754883,0.30305108428001404
83944,1.0,0.09694654494524002,0.10077083110809326,0.16216476261615753,0.21315997838974
83945,1.0,0.09694654494524002,0.07463890314102173,0.10039232671260834,0.11491523683071136
83946,1.0,0.09694654494524002,0.0687745213508606,0.13147574663162231,0.11020836979150772
83947,1.0,0.09694654494524002,0.09660238027572632,0.14783167839050293,0.15048643946647644
83948,1.0,0.09694654494524002,0.1008000373840332,0.1265251636505127,0.13482826948165894
83949,1.0,0.09694654494524002,0.10353779792785645,0.09387942403554916,0.1606471687555313
83950,1.0,0.09694654494524002,0.09308522939682007,0.09364128857851028,0.10727429389953613
83951,1.0,0.09694654494524002,0.1023903489112854,0.12416116148233414,0.16982632875442505
83952,1.0,0.09694654494524002,0.09648948907852173,0.11612299829721451,0.14216560125350952
83953,1.0,0.09694654494524002,0.11646026372909546,0.1446722149848938,0.13786762952804565
83954,1.0,0.09694652259349823,0.1370558738708496,0.1134614422917366,0.17496740818023682
83955,1.0,0.09694652259349823,0.26115334033966064,0.2492845207452774,0.3939902186393738
83956,1.0,0.09694652259349823,0.39738428592681885,0.45544910430908203,0.5989177227020264
83957,1.0,0.09694652259349823,0.341469943523407,0.3869589865207672,0.539418637752533
83958,1.0,0.09694652259349823,0.35152214765548706,0.20676271617412567,0.4697577953338623
83959,1.0,0.09694652259349823,0.3866981267929077,0.3663959205150604,0.5439114570617676
83960,1.0,0.09694652259349823,0.547939658164978,0.44716358184814453,0.7589394450187683
