,rule_based_threshold,poisson_regression,random_forest,xgboost
209,1.0,0.47569531202316284,0.5243594646453857,0.5385379791259766
210,1.0,0.6670156121253967,0.5683982372283936,0.841434895992279
211,1.0,0.6225807666778564,0.6943656802177429,0.7841241955757141
212,1.0,0.46411287784576416,0.5727131366729736,0.5752268433570862
213,1.0,0.46399450302124023,0.40757685899734497,0.6032036542892456
214,1.0,0.26092350482940674,0.323040246963501,0.3365539312362671
215,0.0,0.19875597953796387,0.22968770563602448,0.28796547651290894
216,0.0,0.2274886965751648,0.21528320014476776,0.2218601405620575
217,0.0,0.12670600414276123,0.14566916227340698,0.12539993226528168
218,0.0,0.09619683027267456,0.09197670966386795,0.07491131126880646
219,0.0,0.07967722415924072,0.09019935131072998,0.0687519758939743
220,0.0,0.08056193590164185,0.07833694666624069,0.05288182199001312
221,0.0,0.05401808023452759,0.0781816765666008,0.046310365200042725
222,0.0,0.06850945949554443,0.06425134837627411,0.06500378996133804
223,0.0,0.0640726089477539,0.07431712746620178,0.0513274259865284
224,0.0,0.14175784587860107,0.15290451049804688,0.1493855118751526
225,0.0,0.25032591819763184,0.21398526430130005,0.2599891722202301
226,1.0,0.1381688117980957,0.1237817034125328,0.1326909363269806
227,0.0,0.09354674816131592,0.12187764793634415,0.11126034706830978
228,0.0,0.07033145427703857,0.10818902403116226,0.07467657327651978
229,0.0,0.0766301155090332,0.10332810878753662,0.07425204664468765
230,0.0,0.04191124439239502,0.039469990879297256,0.03285039961338043
231,0.0,0.04178297519683838,0.048846855759620667,0.03915100172162056
232,0.0,0.0426633358001709,0.04030217230319977,0.03356539085507393
233,0.0,0.04362523555755615,0.04473619535565376,0.03829776495695114
234,0.0,0.0426633358001709,0.05335725098848343,0.03451626002788544
235,0.0,0.034919798374176025,0.029277343302965164,0.02929442748427391
236,0.0,0.037161409854888916,0.05690699443221092,0.03216710314154625
237,0.0,0.03874552249908447,0.05062421038746834,0.032128866761922836
238,0.0,0.03203892707824707,0.03589843586087227,0.027986228466033936
239,0.0,0.028459131717681885,0.04174477234482765,0.020801343023777008
240,0.0,0.0273626446723938,0.026961416006088257,0.02101711556315422
241,0.0,0.0275496244430542,0.040854617953300476,0.02426004782319069
242,0.0,0.02538156509399414,0.030097967013716698,0.020325178280472755
243,0.0,0.02476799488067627,0.04177788272500038,0.018500668928027153
244,0.0,0.024007201194763184,0.04094192385673523,0.016525937244296074
245,0.0,0.023486971855163574,0.04506373032927513,0.017633242532610893
246,0.0,0.021076321601867676,0.031029367819428444,0.018785979598760605
247,0.0,0.023436665534973145,0.0398486964404583,0.016133658587932587
248,0.0,0.025030314922332764,0.022681333124637604,0.01704535074532032
249,0.0,0.02616673707962036,0.027045564725995064,0.018242038786411285
250,0.0,0.021642208099365234,0.030375458300113678,0.018705064430832863
251,0.0,0.025978386402130127,0.036603376269340515,0.019469911232590675
252,0.0,0.03234076499938965,0.02405686303973198,0.03196287527680397
253,0.0,0.033112287521362305,0.03330612927675247,0.029630174860358238
254,0.0,0.04113602638244629,0.04281292110681534,0.032185811549425125
255,0.0,0.03433406352996826,0.06725534796714783,0.031712692230939865
256,0.0,0.03421473503112793,0.057213883846998215,0.03357715532183647
257,0.0,0.04438138008117676,0.06996419280767441,0.04643017798662186
258,0.0,0.05321240425109863,0.05747644975781441,0.040205106139183044
259,0.0,0.09071320295333862,0.07521374523639679,0.11113611608743668
260,0.0,0.08874398469924927,0.08978786319494247,0.1253754049539566
522,1.0,0.05100429058074951,0.04490971937775612,0.04900692403316498
523,1.0,0.05401873588562012,0.045165061950683594,0.04326436296105385
524,1.0,0.055928051471710205,0.05860374495387077,0.04568633437156677
525,1.0,0.056750714778900146,0.04420804977416992,0.04277024790644646
526,1.0,0.04936051368713379,0.044161468744277954,0.047235697507858276
527,1.0,0.05505537986755371,0.053086794912815094,0.04265964403748512
528,1.0,0.05382728576660156,0.0571504607796669,0.04423443600535393
529,1.0,0.05613213777542114,0.05555177107453346,0.04831146448850632
530,1.0,0.0535774827003479,0.047297026962041855,0.05454147607088089
531,1.0,0.05893063545227051,0.0517113171517849,0.050429683178663254
532,1.0,0.05474728345870972,0.05361689254641533,0.051080748438835144
533,1.0,0.04799896478652954,0.05416562408208847,0.05830298364162445
534,1.0,0.054730772972106934,0.06284508109092712,0.04844849556684494
535,1.0,0.05491507053375244,0.0685267224907875,0.04896540939807892
536,1.0,0.057155489921569824,0.05599076673388481,0.048431240022182465
537,1.0,0.06314277648925781,0.049035973846912384,0.05666825547814369
538,1.0,0.0584871768951416,0.051350511610507965,0.048800814896821976
539,1.0,0.1317276954650879,0.12051299959421158,0.11849842965602875
540,1.0,0.09268522262573242,0.1254955679178238,0.09666439890861511
541,1.0,0.10663968324661255,0.06903593987226486,0.07490476220846176
542,1.0,0.08536088466644287,0.0910923033952713,0.06976112723350525
543,1.0,0.09492319822311401,0.06859488040208817,0.07601527869701385
544,1.0,0.057814598083496094,0.03949717804789543,0.041990213096141815
545,1.0,0.04647272825241089,0.0789366364479065,0.045493029057979584
546,1.0,0.08990144729614258,0.08934816718101501,0.08769655227661133
547,1.0,0.0796973705291748,0.1252184957265854,0.0764663890004158
548,1.0,0.10061037540435791,0.10694432258605957,0.11759757995605469
549,1.0,0.20085102319717407,0.18280650675296783,0.22204488515853882
550,1.0,0.14152789115905762,0.15955281257629395,0.15094402432441711
551,1.0,0.13309478759765625,0.165012389421463,0.15701739490032196
552,1.0,0.11856728792190552,0.14080676436424255,0.16402317583560944
553,1.0,0.10843479633331299,0.1344502568244934,0.11306623369455338
554,1.0,0.10267621278762817,0.12719054520130157,0.11705747246742249
555,1.0,0.10697042942047119,0.1522577404975891,0.1187192052602768
556,1.0,0.15465641021728516,0.17487958073616028,0.1693073809146881
557,1.0,0.14906162023544312,0.1679431051015854,0.1777670681476593
558,1.0,0.1327722668647766,0.1577083170413971,0.1661037802696228
559,1.0,0.088356614112854,0.12141286581754684,0.10254094004631042
560,1.0,0.1716136336326599,0.14487627148628235,0.1605641096830368
561,1.0,0.1661829948425293,0.16454145312309265,0.16252483427524567
562,1.0,0.14234960079193115,0.1204327642917633,0.1301794946193695
563,1.0,0.11719244718551636,0.07846736907958984,0.1222352609038353
564,1.0,0.16461926698684692,0.12466254085302353,0.1515754759311676
565,1.0,0.14373135566711426,0.16630983352661133,0.14584119617938995
566,1.0,0.08488070964813232,0.09422796964645386,0.0704561248421669
567,1.0,0.07335275411605835,0.06379697471857071,0.07425757497549057
568,1.0,0.12407112121582031,0.11678103357553482,0.11793483793735504
569,1.0,0.09014606475830078,0.09530728310346603,0.06361587345600128
570,1.0,0.07806366682052612,0.06818750500679016,0.061738960444927216
571,1.0,0.07114863395690918,0.055455416440963745,0.06637176871299744
572,1.0,0.1308256983757019,0.07600972801446915,0.12463675439357758
573,1.0,0.08132535219192505,0.04820641875267029,0.08596528321504593
835,1.0,0.12094360589981079,0.15370938181877136,0.10663910955190659
836,1.0,0.11671221256256104,0.07073579728603363,0.09233146160840988
837,1.0,0.08844619989395142,0.07757642865180969,0.0923771932721138
838,1.0,0.0852620005607605,0.07611940056085587,0.08653516322374344
839,1.0,0.06517571210861206,0.045087795704603195,0.07358492165803909
840,1.0,0.05059307813644409,0.04532518982887268,0.0714496523141861
841,1.0,0.04340338706970215,0.03402278572320938,0.052124399691820145
842,1.0,0.04985010623931885,0.04420429840683937,0.05850677564740181
843,1.0,0.03681755065917969,0.05073680728673935,0.04647918790578842
844,1.0,0.06423717737197876,0.04438303783535957,0.0786551982164383
845,1.0,0.04335218667984009,0.0482596755027771,0.06372358649969101
846,1.0,0.05445986986160278,0.0734124630689621,0.05454404652118683
847,1.0,0.06419813632965088,0.07628412544727325,0.061400361359119415
848,1.0,0.06674015522003174,0.09883054345846176,0.06030206009745598
849,1.0,0.06207418441772461,0.04889128729701042,0.056727275252342224
850,1.0,0.06288933753967285,0.06446558982133865,0.04977527633309364
851,1.0,0.0643109679222107,0.05432038754224777,0.06350308656692505
852,1.0,0.06506973505020142,0.06963519006967545,0.07086943089962006
853,1.0,0.05697822570800781,0.07398765534162521,0.058133240789175034
854,1.0,0.10564041137695312,0.11332657188177109,0.15122348070144653
855,1.0,0.23124831914901733,0.2322881519794464,0.27978286147117615
856,1.0,0.14905422925949097,0.12704697251319885,0.16605761647224426
857,1.0,0.09456926584243774,0.09298603236675262,0.12492647767066956
858,1.0,0.15127408504486084,0.1327335238456726,0.165950208902359
859,1.0,0.09953111410140991,0.11346814781427383,0.09426268935203552
860,1.0,0.08416485786437988,0.07189440727233887,0.0762740969657898
861,1.0,0.12459248304367065,0.15975143015384674,0.14909259974956512
862,1.0,0.08836632966995239,0.12189406156539917,0.10397430509328842
863,1.0,0.10425227880477905,0.11127718538045883,0.13243944942951202
864,1.0,0.17093002796173096,0.19175824522972107,0.25699496269226074
865,1.0,0.2471524477005005,0.30228403210639954,0.2702852785587311
866,1.0,0.24715644121170044,0.2505881190299988,0.3129015564918518
867,1.0,0.27662402391433716,0.29701751470565796,0.35907021164894104
868,1.0,0.2693413496017456,0.22554540634155273,0.3365943431854248
869,1.0,0.2437584400177002,0.2059088945388794,0.3484877645969391
870,1.0,0.22770166397094727,0.19665604829788208,0.37028616666793823
871,1.0,0.23679983615875244,0.18209175765514374,0.27361541986465454
872,1.0,0.21090155839920044,0.20448234677314758,0.2774364650249481
873,1.0,0.20670896768569946,0.2136208415031433,0.24421188235282898
874,1.0,0.24578839540481567,0.2090194672346115,0.35814744234085083
875,1.0,0.3642551898956299,0.39930489659309387,0.5180517435073853
876,1.0,0.4044422507286072,0.40941762924194336,0.48614346981048584
877,1.0,0.37238019704818726,0.28167474269866943,0.4745422601699829
878,1.0,0.372220516204834,0.2991759777069092,0.5536239147186279
879,1.0,0.33398693799972534,0.2743649184703827,0.4664151072502136
880,1.0,0.23801225423812866,0.2069922834634781,0.3083546757698059
881,1.0,0.23459011316299438,0.2052905559539795,0.25606486201286316
882,1.0,0.18405228853225708,0.19604001939296722,0.22615279257297516
883,1.0,0.1968059539794922,0.17621096968650818,0.1891835778951645
884,1.0,0.11306852102279663,0.09749061614274979,0.14634644985198975
885,1.0,0.31034761667251587,0.23821909725666046,0.3130529820919037
886,1.0,0.16506731510162354,0.18296349048614502,0.2282332181930542
1148,1.0,0.17330825328826904,0.1784563958644867,0.3422349989414215
1149,1.0,0.26035547256469727,0.20689550042152405,0.4882505238056183
1150,1.0,0.26653939485549927,0.20793956518173218,0.5096548795700073
1151,1.0,0.2689886689186096,0.22142161428928375,0.5580924153327942
1152,1.0,0.1938626766204834,0.16701917350292206,0.3597910702228546
1153,1.0,0.147438645362854,0.14977365732192993,0.28262263536453247
1154,1.0,0.23137646913528442,0.18045005202293396,0.3931613266468048
1155,1.0,0.28622257709503174,0.22667363286018372,0.4344024360179901
1156,1.0,0.3616896867752075,0.33322569727897644,0.6511270403862
1157,1.0,0.6085072159767151,0.5401127338409424,0.8704597353935242
1158,1.0,0.4289845824241638,0.42037710547447205,0.7165840864181519
1159,1.0,0.40008634328842163,0.3186042308807373,0.6186756491661072
1160,1.0,0.4375671148300171,0.39460381865501404,0.6481382250785828
1161,1.0,0.42884933948516846,0.32721808552742004,0.6003367900848389
1162,1.0,0.33281880617141724,0.2434013932943344,0.4679114520549774
1163,1.0,0.2410222887992859,0.22589991986751556,0.3516616225242615
1164,1.0,0.38054126501083374,0.33832138776779175,0.5579544901847839
1165,1.0,0.4523792862892151,0.40958940982818604,0.6018089056015015
1166,1.0,0.4772995114326477,0.4328520596027374,0.7177553176879883
1167,1.0,0.2613376975059509,0.32595860958099365,0.3958061635494232
1168,1.0,0.32014787197113037,0.30026325583457947,0.34954890608787537
1169,1.0,0.32695603370666504,0.31535604596138,0.4386575520038605
1170,1.0,0.2800195813179016,0.286296546459198,0.3108985126018524
1171,1.0,0.2752857804298401,0.20813705027103424,0.33733993768692017
1172,1.0,0.2824835777282715,0.211113840341568,0.32682928442955017
1173,1.0,0.18398517370224,0.17996159195899963,0.17911548912525177
1174,1.0,0.15758055448532104,0.16823069751262665,0.17050938308238983
1175,1.0,0.14482253789901733,0.1972348690032959,0.19802990555763245
1176,1.0,0.11150461435317993,0.1383797973394394,0.15133988857269287
1177,1.0,0.14310282468795776,0.163289412856102,0.14767871797084808
1178,1.0,0.10673892498016357,0.17139723896980286,0.16825677454471588
1179,1.0,0.07593703269958496,0.095572330057621,0.07075221836566925
1180,1.0,0.083102285861969,0.11449504643678665,0.07083196938037872
1181,1.0,0.11567801237106323,0.1153780147433281,0.09659929573535919
1182,1.0,0.11800593137741089,0.1404312402009964,0.1556382030248642
1183,1.0,0.08557182550430298,0.12164843082427979,0.110118567943573
1184,1.0,0.10301822423934937,0.1114097312092781,0.1424669772386551
1185,1.0,0.09640246629714966,0.11702967435121536,0.11900965869426727
1186,1.0,0.10959535837173462,0.1048978939652443,0.08429665863513947
1187,1.0,0.0878293514251709,0.12164080142974854,0.14596256613731384
1188,1.0,0.13823294639587402,0.11709121614694595,0.1231207400560379
1189,1.0,0.09580278396606445,0.106490857899189,0.16677188873291016
1190,1.0,0.10211986303329468,0.095338836312294,0.09191864728927612
1191,1.0,0.1207473874092102,0.13680003583431244,0.18398517370224
1192,1.0,0.08862870931625366,0.0880904272198677,0.17786438763141632
1193,1.0,0.15994787216186523,0.16175684332847595,0.17315925657749176
1194,1.0,0.18292558193206787,0.17581845819950104,0.28031355142593384
1195,1.0,0.12664741277694702,0.12248893827199936,0.16519959270954132
1196,1.0,0.11708956956863403,0.1375071406364441,0.15115435421466827
1197,1.0,0.12233036756515503,0.11972305178642273,0.1807277798652649
1198,1.0,0.20374786853790283,0.15292632579803467,0.26624777913093567
1199,1.0,0.14491069316864014,0.22413218021392822,0.20814716815948486
1461,1.0,0.48850852251052856,0.646349310874939,0.7604451179504395
1462,1.0,0.5080747604370117,0.7042539715766907,0.8697448372840881
1463,1.0,0.6230603456497192,0.7125726938247681,0.9412079453468323
1464,1.0,0.5261344909667969,0.7386980056762695,0.8929857611656189
1465,1.0,0.5371972322463989,0.7341346740722656,0.9436249732971191
1466,1.0,0.5360102653503418,0.6980094909667969,0.9028425216674805
1467,1.0,0.5606364011764526,0.661683201789856,0.8960312604904175
1468,1.0,0.5053045749664307,0.6641958951950073,0.8211387991905212
1469,1.0,0.5250414609909058,0.5053257942199707,0.7979572415351868
1470,1.0,0.501913845539093,0.5882192254066467,0.8857228755950928
1471,1.0,0.48516207933425903,0.6136769652366638,0.7911222577095032
1472,1.0,0.43703293800354004,0.5116551518440247,0.6409316062927246
1473,0.0,0.40292274951934814,0.5469862222671509,0.6659011840820312
1474,1.0,0.43932515382766724,0.4948972463607788,0.6130114197731018
1475,0.0,0.2778620719909668,0.30850932002067566,0.3310738503932953
1476,0.0,0.2892109751701355,0.34712350368499756,0.4002447724342346
1477,1.0,0.24793380498886108,0.2880673408508301,0.30164772272109985
1478,0.0,0.22621721029281616,0.24185244739055634,0.22350244224071503
1479,0.0,0.21532541513442993,0.19641144573688507,0.22264330089092255
1480,0.0,0.20291036367416382,0.18530906736850739,0.1943148970603943
1481,0.0,0.1244470477104187,0.12214156985282898,0.15713755786418915
1482,0.0,0.11055856943130493,0.10985054075717926,0.1324853152036667
1483,0.0,0.1076006293296814,0.07464775443077087,0.15137138962745667
1484,0.0,0.13198435306549072,0.10715989768505096,0.15495863556861877
1485,0.0,0.11796784400939941,0.08363243192434311,0.14810821413993835
1486,0.0,0.11778801679611206,0.07932762056589127,0.1600944697856903
1487,0.0,0.11648118495941162,0.08127152919769287,0.14518597722053528
1488,0.0,0.10678112506866455,0.10293763875961304,0.14614830911159515
1489,0.0,0.1022801399230957,0.08679760247468948,0.14060796797275543
1490,0.0,0.11170399188995361,0.10828588157892227,0.108748659491539
1491,0.0,0.17949169874191284,0.15617738664150238,0.20970778167247772
1492,0.0,0.12350964546203613,0.09739283472299576,0.08619137108325958
1493,0.0,0.14640599489212036,0.12137830257415771,0.1263434737920761
1494,0.0,0.08334332704544067,0.07098576426506042,0.10014984756708145
1495,0.0,0.10551756620407104,0.08443235605955124,0.08108746260404587
1496,0.0,0.09379780292510986,0.04128089174628258,0.07786600291728973
1497,0.0,0.08083486557006836,0.05702921375632286,0.08910099416971207
1498,0.0,0.08805602788925171,0.06534010916948318,0.10061409324407578
1499,0.0,0.0838080644607544,0.04291839152574539,0.06632418930530548
1500,0.0,0.10232889652252197,0.1025499626994133,0.11702120304107666
1501,0.0,0.07518845796585083,0.1038772240281105,0.08429985493421555
1502,0.0,0.07020890712738037,0.12917818129062653,0.08210213482379913
1503,0.0,0.12357079982757568,0.11692871153354645,0.15740087628364563
1504,0.0,0.0919838547706604,0.11239834129810333,0.07969086617231369
1505,0.0,0.10929208993911743,0.12028208374977112,0.09401918202638626
1506,0.0,0.11951684951782227,0.10405626893043518,0.12006055563688278
1507,0.0,0.10372424125671387,0.07905206829309464,0.125814750790596
1508,0.0,0.16594600677490234,0.12234315276145935,0.17104896903038025
1509,0.0,0.07716202735900879,0.0925045907497406,0.07140280306339264
1510,0.0,0.09579384326934814,0.15358959138393402,0.12088526785373688
1511,0.0,0.11841738224029541,0.11922508478164673,0.16783379018306732
1512,0.0,0.1241919994354248,0.1437784731388092,0.13399553298950195
1774,0.0,0.10843092203140259,0.12376157194375992,0.09157347679138184
1775,0.0,0.10744577646255493,0.14109206199645996,0.08387008309364319
1776,0.0,0.124661386013031,0.167465940117836,0.0774669349193573
1777,0.0,0.09136080741882324,0.10312892496585846,0.06528212130069733
1778,0.0,0.16662603616714478,0.2307194471359253,0.20242084562778473
1779,0.0,0.11959940195083618,0.17359305918216705,0.11093152314424515
1780,0.0,0.15542614459991455,0.17343246936798096,0.1884816437959671
1781,0.0,0.1565137505531311,0.15900035202503204,0.12670734524726868
1782,0.0,0.1292893886566162,0.14201293885707855,0.17935322225093842
1783,0.0,0.07359343767166138,0.10844748467206955,0.07777586579322815
1784,0.0,0.19077539443969727,0.31089305877685547,0.2465769201517105
1785,0.0,0.1521749496459961,0.23819005489349365,0.16845573484897614
1786,0.0,0.15383362770080566,0.1890217661857605,0.1536741852760315
1787,0.0,0.15986639261245728,0.18964846432209015,0.20205213129520416
1788,0.0,0.10706204175949097,0.13469956815242767,0.11230309307575226
1789,0.0,0.10299164056777954,0.1400754749774933,0.09159499406814575
1790,0.0,0.10572105646133423,0.13689260184764862,0.08284551650285721
1791,0.0,0.15079361200332642,0.16317278146743774,0.1807720810174942
1792,0.0,0.21857035160064697,0.3411329686641693,0.2061559557914734
1793,0.0,0.19982057809829712,0.2582378685474396,0.1784842312335968
1794,0.0,0.07307910919189453,0.17305800318717957,0.04619922116398811
1795,0.0,0.09541720151901245,0.18383735418319702,0.05891691893339157
1796,0.0,0.10819786787033081,0.19505076110363007,0.08363388478755951
1797,0.0,0.13882571458816528,0.1595829576253891,0.085077203810215
1798,0.0,0.1093592643737793,0.1383771002292633,0.05960763990879059
1799,0.0,0.1588982343673706,0.2075159251689911,0.12432538717985153
1800,0.0,0.14905357360839844,0.1728971302509308,0.0896916463971138
1801,0.0,0.18888568878173828,0.2738291919231415,0.14758431911468506
1802,0.0,0.3933910131454468,0.48938342928886414,0.4385034441947937
1803,0.0,0.26877009868621826,0.30591490864753723,0.20438125729560852
1804,0.0,0.26480811834335327,0.38862738013267517,0.3048412799835205
1805,0.0,0.20881128311157227,0.30378568172454834,0.19822026789188385
1806,0.0,0.172213613986969,0.2972448170185089,0.20405007898807526
1807,0.0,0.17984014749526978,0.37635865807533264,0.27165329456329346
1808,0.0,0.17451447248458862,0.33829256892204285,0.2651989161968231
1809,0.0,0.1755516529083252,0.3409217894077301,0.22876965999603271
1810,0.0,0.18618309497833252,0.3327659070491791,0.19091485440731049
1811,0.0,0.1650877594947815,0.2926929295063019,0.20610260963439941
1812,0.0,0.1608116626739502,0.3084781765937805,0.19677604734897614
1813,0.0,0.12959879636764526,0.28849151730537415,0.08267495781183243
1814,0.0,0.14044004678726196,0.2472689002752304,0.09760212898254395
1815,0.0,0.09647363424301147,0.14679944515228271,0.05963890627026558
1816,0.0,0.10166728496551514,0.15992528200149536,0.08382225036621094
1817,0.0,0.09632635116577148,0.1557176262140274,0.06198487803339958
1818,0.0,0.11468762159347534,0.12511612474918365,0.07923886924982071
1819,0.0,0.11878824234008789,0.15044812858104706,0.10929563641548157
1820,0.0,0.10397201776504517,0.135526642203331,0.07501097768545151
1821,0.0,0.0979301929473877,0.15457569062709808,0.09266405552625656
1822,0.0,0.10167229175567627,0.17336907982826233,0.10905304551124573
1823,0.0,0.09524691104888916,0.16354027390480042,0.08081173151731491
1824,0.0,0.08733552694320679,0.12427288293838501,0.08857415616512299
1825,0.0,0.07873934507369995,0.15122175216674805,0.05152769759297371
2087,0.0,0.09598135948181152,0.15220466256141663,0.07255108654499054
2088,0.0,0.10179883241653442,0.13772258162498474,0.09030120819807053
2089,0.0,0.13727706670761108,0.14005354046821594,0.0989026352763176
2090,0.0,0.09396469593048096,0.09773984551429749,0.0749119445681572
2091,0.0,0.10987353324890137,0.16578684747219086,0.13291612267494202
2092,0.0,0.06676983833312988,0.07110568881034851,0.06329481303691864
2093,0.0,0.07088786363601685,0.12069188803434372,0.06844887137413025
2094,0.0,0.048146069049835205,0.08318742364645004,0.032132115215063095
2095,0.0,0.10969758033752441,0.13794003427028656,0.08443431556224823
2096,0.0,0.08162355422973633,0.10874519497156143,0.058576930314302444
2097,0.0,0.0808519721031189,0.1726125329732895,0.06495282799005508
2098,0.0,0.1106066107749939,0.11824755370616913,0.10029146820306778
2099,0.0,0.16033709049224854,0.158342182636261,0.09664279222488403
2100,0.0,0.2019655704498291,0.16257710754871368,0.15999606251716614
2101,0.0,0.09260183572769165,0.15455907583236694,0.07177255302667618
2102,0.0,0.1472899317741394,0.1856207251548767,0.16382713615894318
2103,0.0,0.12707757949829102,0.19014038145542145,0.12182227522134781
2104,0.0,0.17381882667541504,0.14441518485546112,0.21226492524147034
2105,0.0,0.15451526641845703,0.16459015011787415,0.1682775765657425
2106,0.0,0.13683193922042847,0.13186120986938477,0.10765278339385986
2107,0.0,0.0964156985282898,0.11757445335388184,0.08904986083507538
2108,0.0,0.12015736103057861,0.1524791270494461,0.13853172957897186
2109,0.0,0.2285822629928589,0.19872549176216125,0.22264529764652252
2110,1.0,0.10809868574142456,0.17708520591259003,0.08202996850013733
2111,0.0,0.25001710653305054,0.21047289669513702,0.2462940514087677
2112,0.0,0.2293270230293274,0.21580682694911957,0.2141379565000534
2113,0.0,0.18426001071929932,0.1459195911884308,0.1451934278011322
2114,0.0,0.1298823356628418,0.10663598030805588,0.12296751886606216
2115,0.0,0.10716801881790161,0.12893855571746826,0.10715215653181076
2116,0.0,0.16255295276641846,0.15844053030014038,0.16513048112392426
2117,0.0,0.12255650758743286,0.16340216994285583,0.08288178592920303
2118,0.0,0.12177115678787231,0.14522279798984528,0.10639098286628723
2119,0.0,0.11578935384750366,0.1196681559085846,0.11648618429899216
2120,0.0,0.11583411693572998,0.1344650536775589,0.12050669640302658
2121,0.0,0.07217174768447876,0.1346980780363083,0.07614967226982117
2122,0.0,0.0809127688407898,0.15091004967689514,0.05322246998548508
2123,0.0,0.08012580871582031,0.11999673396348953,0.05793144181370735
2124,0.0,0.05276226997375488,0.06690502166748047,0.030221955850720406
2125,0.0,0.06626486778259277,0.0813470333814621,0.040951378643512726
2126,0.0,0.04689854383468628,0.05622440204024315,0.025570210069417953
2127,0.0,0.048093199729919434,0.04935314133763313,0.04375765100121498
2128,0.0,0.03322070837020874,0.03345496207475662,0.022715486586093903
2129,0.0,0.02806800603866577,0.03298964723944664,0.016553541645407677
2130,0.0,0.05438876152038574,0.08978087455034256,0.06805094331502914
2131,0.0,0.05186861753463745,0.08841165900230408,0.04144132882356644
2132,0.0,0.06331610679626465,0.08467485755681992,0.05858292430639267
2133,0.0,0.06938481330871582,0.0961991623044014,0.057011257857084274
2134,0.0,0.05267751216888428,0.08471636474132538,0.0398300401866436
2135,0.0,0.04473239183425903,0.06720209866762161,0.03723001107573509
2136,0.0,0.04355001449584961,0.05417704954743385,0.03529227152466774
2137,0.0,0.05782955884933472,0.05750219523906708,0.05573197826743126
2138,0.0,0.0551905632019043,0.10098623484373093,0.049160540103912354
2400,0.0,0.40289753675460815,0.4481998085975647,0.4448622763156891
2401,0.0,0.3089520335197449,0.4930684268474579,0.48634111881256104
2402,0.0,0.28142714500427246,0.2823506295681,0.4096934497356415
2403,0.0,0.24350786209106445,0.24526509642601013,0.36990103125572205
2404,0.0,0.3171555995941162,0.2646835446357727,0.4727867543697357
2405,0.0,0.29780012369155884,0.36696234345436096,0.42326027154922485
2406,0.0,0.3294594883918762,0.3363466262817383,0.4472041130065918
2407,1.0,0.3866196870803833,0.4540415406227112,0.5647819638252258
2408,1.0,0.4563254714012146,0.5450105667114258,0.6772950887680054
2409,1.0,0.43294966220855713,0.5670893788337708,0.7033567428588867
2410,1.0,0.4484255909919739,0.4815082252025604,0.7377049922943115
2411,1.0,0.3683382272720337,0.43730640411376953,0.5882351398468018
2412,0.0,0.3982451558113098,0.3675934970378876,0.5513158440589905
2413,1.0,0.35464954376220703,0.3325652480125427,0.5624911189079285
2414,1.0,0.38525915145874023,0.37807217240333557,0.5282629728317261
2415,0.0,0.2888793349266052,0.2785114049911499,0.41151878237724304
2416,0.0,0.38558846712112427,0.39694902300834656,0.5757920145988464
2417,1.0,0.3191962242126465,0.3499712646007538,0.36611831188201904
2418,0.0,0.3700081706047058,0.2615923583507538,0.33934885263442993
2419,0.0,0.3379859924316406,0.31904587149620056,0.44406306743621826
2420,1.0,0.3405609726905823,0.2984132170677185,0.4671720266342163
2421,0.0,0.28901511430740356,0.24405980110168457,0.3164101839065552
2422,0.0,0.3212359547615051,0.20222987234592438,0.3127222955226898
2423,0.0,0.26331061124801636,0.1942950189113617,0.19011110067367554
2424,0.0,0.13055497407913208,0.1603909283876419,0.117111437022686
2425,0.0,0.24203968048095703,0.1749785840511322,0.22142429649829865
2426,0.0,0.15538525581359863,0.1308848261833191,0.09414595365524292
2427,0.0,0.19532477855682373,0.14219939708709717,0.18535806238651276
2428,0.0,0.1808658242225647,0.14566220343112946,0.14855746924877167
2429,0.0,0.1669679880142212,0.14349626004695892,0.17323778569698334
2430,0.0,0.13574105501174927,0.20389267802238464,0.11663220077753067
2431,0.0,0.08423125743865967,0.1237998977303505,0.09391754865646362
2432,0.0,0.1597476601600647,0.26986125111579895,0.14354495704174042
2433,0.0,0.14553117752075195,0.22611434757709503,0.12897524237632751
2434,0.0,0.16331630945205688,0.16273660957813263,0.1707313358783722
2435,0.0,0.1241525411605835,0.10781511664390564,0.08386295288801193
2436,0.0,0.08679914474487305,0.14099305868148804,0.08405580371618271
2437,0.0,0.07146978378295898,0.12028627097606659,0.048273827880620956
2438,0.0,0.08250528573989868,0.09051930159330368,0.06357793509960175
2439,0.0,0.10475975275039673,0.09652595221996307,0.11413019895553589
2440,0.0,0.1291453242301941,0.11369486153125763,0.14024710655212402
2441,0.0,0.09795308113098145,0.07292099297046661,0.08621492236852646
2442,0.0,0.10832631587982178,0.17427480220794678,0.13267074525356293
2443,0.0,0.13476258516311646,0.13276726007461548,0.13796037435531616
2444,0.0,0.14263129234313965,0.11115900427103043,0.11464539170265198
2445,0.0,0.11456549167633057,0.10243138670921326,0.10005466639995575
2446,0.0,0.1385698914527893,0.17226125299930573,0.15865661203861237
2447,0.0,0.09993600845336914,0.11723081022500992,0.1128784641623497
2448,0.0,0.09694868326187134,0.134705051779747,0.10094338655471802
2449,0.0,0.15775620937347412,0.13316050171852112,0.14414450526237488
2450,0.0,0.13828766345977783,0.11211137473583221,0.1253465712070465
2451,0.0,0.2073388695716858,0.19864881038665771,0.15478067100048065
2713,1.0,0.0580364465713501,0.056151315569877625,0.0802425965666771
2714,1.0,0.06785577535629272,0.054951298981904984,0.06716606020927429
2715,1.0,0.07204145193099976,0.054405394941568375,0.07126263529062271
2716,1.0,0.06495529413223267,0.0539514422416687,0.07126522064208984
2717,1.0,0.06767815351486206,0.05095192417502403,0.07707462459802628
2718,1.0,0.07592552900314331,0.07369735836982727,0.07051901519298553
2719,1.0,0.06640487909317017,0.07561811804771423,0.07104949653148651
2720,1.0,0.12013840675354004,0.13368134200572968,0.09885521978139877
2721,1.0,0.11494314670562744,0.19897432625293732,0.12584075331687927
2722,1.0,0.09743261337280273,0.08430717140436172,0.08027969300746918
2723,1.0,0.09365576505661011,0.07630324363708496,0.07734042406082153
2724,1.0,0.1011199951171875,0.08577379584312439,0.07587121427059174
2725,1.0,0.05553406476974487,0.08888256549835205,0.04850047081708908
2726,1.0,0.1370455026626587,0.1020948514342308,0.13565610349178314
2727,1.0,0.10327780246734619,0.1478361338376999,0.0923774242401123
2728,1.0,0.09805893898010254,0.08401518315076828,0.0790603831410408
2729,1.0,0.16303056478500366,0.1308009773492813,0.12223342061042786
2730,1.0,0.21197086572647095,0.19198811054229736,0.17092633247375488
2731,1.0,0.21061420440673828,0.20309509336948395,0.2790844142436981
2732,1.0,0.12092983722686768,0.14243632555007935,0.14649051427841187
2733,1.0,0.20228374004364014,0.15916253626346588,0.21409787237644196
2734,1.0,0.28165334463119507,0.2875747084617615,0.3394501209259033
2735,1.0,0.260090708732605,0.24919995665550232,0.2571529746055603
2736,1.0,0.23144131898880005,0.18661454319953918,0.2444128841161728
2737,1.0,0.12969040870666504,0.1281980574131012,0.14875170588493347
2738,1.0,0.11903578042984009,0.10182098299264908,0.12149602919816971
2739,1.0,0.125859797000885,0.11356230080127716,0.1248544380068779
2740,1.0,0.06902205944061279,0.09742599725723267,0.06187836825847626
2741,1.0,0.06291031837463379,0.06495227664709091,0.07235801219940186
2742,1.0,0.09229135513305664,0.0962691381573677,0.07876266539096832
2743,1.0,0.06879019737243652,0.10003720223903656,0.0694086030125618
2744,1.0,0.055367112159729004,0.05867256969213486,0.05455741286277771
2745,1.0,0.08126306533813477,0.09361441433429718,0.06399696320295334
2746,1.0,0.07081109285354614,0.13045752048492432,0.06513165682554245
2747,1.0,0.05507570505142212,0.054435718804597855,0.051157981157302856
2748,1.0,0.08456826210021973,0.09588702023029327,0.07643444091081619
2749,1.0,0.07563656568527222,0.11448953300714493,0.06487239897251129
2750,1.0,0.06283396482467651,0.07726670801639557,0.05663527920842171
2751,1.0,0.0607643723487854,0.08035498112440109,0.054442062973976135
2752,1.0,0.07357174158096313,0.0607367567718029,0.0704619362950325
2753,1.0,0.039956867694854736,0.035510774701833725,0.046637486666440964
2754,1.0,0.043106019496917725,0.03634011000394821,0.04991331323981285
2755,1.0,0.03817790746688843,0.0415613017976284,0.05107589066028595
2756,1.0,0.05694299936294556,0.046661682426929474,0.0820988267660141
2757,1.0,0.051376283168792725,0.0576753169298172,0.07304497063159943
2758,1.0,0.04955488443374634,0.06772176921367645,0.060708604753017426
2759,1.0,0.04749786853790283,0.06334556639194489,0.0728493332862854
2760,1.0,0.1053469181060791,0.1254674792289734,0.1439320594072342
2761,1.0,0.09461808204650879,0.1862122118473053,0.11200912296772003
2762,1.0,0.08900725841522217,0.09542559832334518,0.10029623657464981
2763,1.0,0.1444721817970276,0.11746004968881607,0.1752557009458542
2764,1.0,0.1431637406349182,0.13596315681934357,0.163559690117836
3026,0.0,0.03381890058517456,0.04851296916604042,0.03299051150679588
3027,0.0,0.04280918836593628,0.049492426216602325,0.04911898449063301
3028,0.0,0.04568636417388916,0.05967427417635918,0.03873417526483536
3029,0.0,0.045825839042663574,0.043375078588724136,0.04882964491844177
3030,0.0,0.043988585472106934,0.03948231413960457,0.04731202870607376
3031,0.0,0.05473357439041138,0.06949447095394135,0.0545068122446537
3032,0.0,0.3440622091293335,0.3018561005592346,0.5080289840698242
3033,1.0,0.09338897466659546,0.13593511283397675,0.07232671231031418
3034,0.0,0.11880934238433838,0.20212697982788086,0.11167402565479279
3035,0.0,0.17639362812042236,0.1590992957353592,0.18224801123142242
3036,1.0,0.10943418741226196,0.10252149403095245,0.0946546122431755
3037,0.0,0.12715661525726318,0.11358238011598587,0.1231222152709961
3038,1.0,0.07576948404312134,0.08786230534315109,0.07489578425884247
3039,0.0,0.0883028507232666,0.07442419230937958,0.08085009455680847
3040,0.0,0.06914424896240234,0.05779997631907463,0.060517892241477966
3041,0.0,0.08627605438232422,0.07507380843162537,0.0649988204240799
3042,0.0,0.06222718954086304,0.09253113716840744,0.053479090332984924
3043,0.0,0.12684416770935059,0.1442144811153412,0.13390126824378967
3044,1.0,0.15959078073501587,0.14005641639232635,0.1470084935426712
3045,1.0,0.29466354846954346,0.2957223057746887,0.2757323384284973
3046,1.0,0.21118998527526855,0.21870213747024536,0.18621549010276794
3047,1.0,0.16825157403945923,0.20694078505039215,0.21124610304832458
3048,1.0,0.2642803192138672,0.26067638397216797,0.27302825450897217
3049,1.0,0.30913054943084717,0.2988637387752533,0.4473221004009247
3050,1.0,0.44896161556243896,0.4247618019580841,0.59244704246521
3051,1.0,0.6655778884887695,0.6574231386184692,0.9044325947761536
3052,1.0,0.6570549607276917,0.8058486580848694,0.954258382320404
3053,1.0,0.6795696020126343,0.8720104694366455,0.977240264415741
3054,1.0,0.6572177410125732,0.8848482370376587,0.9677992463111877
3055,1.0,0.6515641808509827,0.8311957716941833,0.9334962964057922
3056,1.0,0.5796804428100586,0.7925191521644592,0.928753137588501
3057,1.0,0.5994786024093628,0.8045374751091003,0.9051363468170166
3058,1.0,0.4736103415489197,0.8077497482299805,0.8951795101165771
3059,1.0,0.4786551594734192,0.7721643447875977,0.8455526828765869
3060,1.0,0.42669034004211426,0.7183695435523987,0.8133222460746765
3061,1.0,0.3785368800163269,0.7215123176574707,0.774958074092865
3062,1.0,0.37344038486480713,0.7352995872497559,0.7634169459342957
3063,1.0,0.3638561964035034,0.7034721374511719,0.6637276411056519
3064,1.0,0.36881810426712036,0.6435436010360718,0.674274206161499
3065,1.0,0.31471073627471924,0.4535384178161621,0.40593889355659485
3066,1.0,0.24739611148834229,0.2479914277791977,0.2907153367996216
3067,1.0,0.20925980806350708,0.17644745111465454,0.23695257306098938
3068,1.0,0.18307816982269287,0.13668549060821533,0.15700414776802063
3069,1.0,0.20307809114456177,0.1722918003797531,0.19178256392478943
3070,1.0,0.09549081325531006,0.1980942040681839,0.09491109102964401
3071,0.0,0.11147230863571167,0.19526024162769318,0.09271834045648575
3072,1.0,0.06710916757583618,0.1349503993988037,0.0788591057062149
3073,0.0,0.04825681447982788,0.12597312033176422,0.0389874130487442
3074,0.0,0.04858386516571045,0.0683932900428772,0.036090437322854996
3075,0.0,0.04257386922836304,0.07042050361633301,0.03089824691414833
3076,0.0,0.044542014598846436,0.13460500538349152,0.041793640702962875
3077,0.0,0.04675328731536865,0.0629931390285492,0.04707993194460869
3339,1.0,0.23041170835494995,0.34220749139785767,0.4930129945278168
3340,1.0,0.35918086767196655,0.34000223875045776,0.6040491461753845
3341,1.0,0.23858153820037842,0.4021374583244324,0.47290512919425964
3342,1.0,0.34193557500839233,0.37473607063293457,0.6072642803192139
3343,1.0,0.2219507098197937,0.34803900122642517,0.4475973844528198
3344,1.0,0.3796936869621277,0.36602121591567993,0.6065190434455872
3345,1.0,0.378265917301178,0.33995357155799866,0.6022506952285767
3346,1.0,0.34791409969329834,0.35964417457580566,0.5924134850502014
3347,1.0,0.3938486576080322,0.33320024609565735,0.5688350200653076
3348,1.0,0.39987844228744507,0.3754134178161621,0.6452805995941162
3349,1.0,0.40373170375823975,0.3943556249141693,0.6422061920166016
3350,1.0,0.40878593921661377,0.34641146659851074,0.6314541101455688
3351,1.0,0.5475748777389526,0.39376044273376465,0.7240952253341675
3352,1.0,0.5555988550186157,0.5693766474723816,0.7323890328407288
3353,1.0,0.6450159549713135,0.6060859560966492,0.8181898593902588
3354,1.0,0.613058865070343,0.7306104302406311,0.8449377417564392
3355,1.0,0.4856383204460144,0.5308151841163635,0.7052772641181946
3356,1.0,0.4997934103012085,0.5985140204429626,0.736931562423706
3357,1.0,0.48631060123443604,0.5458946824073792,0.6367437243461609
3358,1.0,0.4766033887863159,0.4381222426891327,0.6164519786834717
3359,1.0,0.4191046357154846,0.41545647382736206,0.5250489115715027
3360,1.0,0.37926310300827026,0.3813047409057617,0.46132346987724304
3361,1.0,0.34019726514816284,0.2840873599052429,0.3880121409893036
3362,1.0,0.4041275978088379,0.389904260635376,0.4778183698654175
3363,1.0,0.3832545876502991,0.33239004015922546,0.3739170730113983
3364,1.0,0.3193654417991638,0.3268056809902191,0.26711535453796387
3365,1.0,0.26563596725463867,0.28299301862716675,0.31915950775146484
3366,1.0,0.1762750744819641,0.21287541091442108,0.22796513140201569
3367,0.0,0.16998398303985596,0.2071574479341507,0.16412878036499023
3368,1.0,0.1939510703086853,0.23906221985816956,0.14887017011642456
3369,1.0,0.15214437246322632,0.19826331734657288,0.17525583505630493
3370,1.0,0.10657674074172974,0.20123152434825897,0.09269674122333527
3371,1.0,0.11495929956436157,0.185325026512146,0.15359795093536377
3372,1.0,0.12758809328079224,0.191078782081604,0.13956692814826965
3373,0.0,0.10057193040847778,0.1732822060585022,0.121720090508461
3374,0.0,0.08763110637664795,0.14329548180103302,0.07983268052339554
3375,0.0,0.1160702109336853,0.15852078795433044,0.11237520724534988
3376,1.0,0.11787742376327515,0.17418386042118073,0.14688809216022491
3377,1.0,0.1562313437461853,0.223389133810997,0.24808889627456665
3378,1.0,0.173681378364563,0.19218815863132477,0.2659498453140259
3379,1.0,0.18936890363693237,0.25194695591926575,0.2695509195327759
3380,1.0,0.2100226879119873,0.24890874326229095,0.3063983917236328
3381,1.0,0.21019965410232544,0.22752265632152557,0.29244786500930786
3382,1.0,0.2535136938095093,0.24136807024478912,0.39599719643592834
3383,1.0,0.2890649437904358,0.2804832458496094,0.3841409683227539
3384,1.0,0.2886333465576172,0.28956806659698486,0.3649522364139557
3385,1.0,0.30215710401535034,0.22651390731334686,0.409517377614975
3386,1.0,0.3140827417373657,0.23459193110466003,0.3984059691429138
3387,1.0,0.3251274824142456,0.2876887023448944,0.41580072045326233
3388,1.0,0.3214471936225891,0.2868404686450958,0.4341007173061371
3389,1.0,0.34995943307876587,0.3263033330440521,0.5639972686767578
3390,0.0,0.38525164127349854,0.3262414336204529,0.5838310718536377
3652,0.0,0.06703299283981323,0.07724159210920334,0.049712952226400375
3653,0.0,0.06159323453903198,0.07596591860055923,0.044018954038619995
3654,0.0,0.16178995370864868,0.12135189026594162,0.1419181525707245
3655,0.0,0.14706379175186157,0.18466128408908844,0.11164676398038864
3656,0.0,0.23150509595870972,0.14997431635856628,0.20272032916545868
3657,0.0,0.2531062960624695,0.2120935320854187,0.21170097589492798
3658,0.0,0.297124981880188,0.21434397995471954,0.2391008883714676
3659,1.0,0.3603372573852539,0.2353501170873642,0.3531131446361542
3660,1.0,0.33026474714279175,0.3424440622329712,0.3527083098888397
3661,1.0,0.30027616024017334,0.3278234302997589,0.3509369194507599
3662,1.0,0.20131832361221313,0.27394840121269226,0.3056699335575104
3663,0.0,0.2547141909599304,0.2408488392829895,0.3281235992908478
3664,1.0,0.29817140102386475,0.2820887565612793,0.3159131109714508
3665,1.0,0.20669633150100708,0.19016125798225403,0.23125964403152466
3666,0.0,0.4409635663032532,0.37649276852607727,0.5931740999221802
3667,1.0,0.5144485235214233,0.6255643963813782,0.6163877248764038
3668,1.0,0.40879201889038086,0.37991875410079956,0.40559855103492737
3669,1.0,0.3670223355293274,0.3204098045825958,0.44112417101860046
3670,1.0,0.3859103322029114,0.3186509907245636,0.37472209334373474
3671,1.0,0.27570658922195435,0.2271544337272644,0.2772402763366699
3672,1.0,0.2425597906112671,0.24381579458713531,0.2342328429222107
3673,1.0,0.18424224853515625,0.20917829871177673,0.2350919097661972
3674,0.0,0.16320133209228516,0.17502360045909882,0.17360906302928925
3675,0.0,0.10579174757003784,0.18199552595615387,0.15332217514514923
3676,0.0,0.08701765537261963,0.12227115780115128,0.08804536610841751
3677,0.0,0.06941336393356323,0.12119702994823456,0.06704149395227432
3678,0.0,0.080355703830719,0.1158900186419487,0.0636429488658905
3679,0.0,0.0570032000541687,0.08826126903295517,0.044542569667100906
3680,0.0,0.055502116680145264,0.07877424359321594,0.05341236665844917
3681,0.0,0.0603298544883728,0.08253808319568634,0.06303467601537704
3682,0.0,0.055527687072753906,0.08325045555830002,0.05216119810938835
3683,0.0,0.035411715507507324,0.037735845893621445,0.03823113441467285
3684,0.0,0.03559952974319458,0.04946015030145645,0.03186647593975067
3685,0.0,0.03883880376815796,0.042219292372465134,0.035328809171915054
3686,0.0,0.033402442932128906,0.04131676256656647,0.03180107846856117
3687,0.0,0.028297722339630127,0.037154123187065125,0.02451927773654461
3688,0.0,0.024959981441497803,0.04152223467826843,0.019071657210588455
3689,0.0,0.02333831787109375,0.044149238616228104,0.01901903562247753
3690,0.0,0.02294325828552246,0.04383711889386177,0.017686301842331886
3691,0.0,0.026430189609527588,0.04238113388419151,0.019850483164191246
3692,0.0,0.027306675910949707,0.02645552158355713,0.02737186849117279
3693,0.0,0.022349655628204346,0.03625795990228653,0.0234525203704834
3694,0.0,0.032518863677978516,0.038702674210071564,0.019728679209947586
3695,0.0,0.03209489583969116,0.025234892964363098,0.028139468282461166
3696,0.0,0.039528846740722656,0.023578671738505363,0.03411618247628212
3697,0.0,0.0392453670501709,0.025292815640568733,0.029783116653561592
3698,0.0,0.03855806589126587,0.05245791748166084,0.025262994691729546
3699,0.0,0.1124032735824585,0.1476355493068695,0.08995311707258224
3700,0.0,0.11573052406311035,0.12237615883350372,0.054841507226228714
3701,0.0,0.11596393585205078,0.076607346534729,0.07569200545549393
3702,0.0,0.12314200401306152,0.07207349687814713,0.10862917453050613
3703,0.0,0.08946573734283447,0.056087225675582886,0.0723920688033104
3965,1.0,0.2496383786201477,0.2804400622844696,0.2755056917667389
3966,1.0,0.21124571561813354,0.22806422412395477,0.2815108895301819
3967,1.0,0.15173733234405518,0.16509750485420227,0.1671402007341385
3968,0.0,0.13467121124267578,0.138724684715271,0.15282100439071655
3969,0.0,0.1037396788597107,0.13361866772174835,0.11994077265262604
3970,0.0,0.10258102416992188,0.10076954215765,0.10609038174152374
3971,0.0,0.11092191934585571,0.1402137130498886,0.10068885236978531
3972,0.0,0.16207176446914673,0.19483470916748047,0.1918172836303711
3973,1.0,0.22582083940505981,0.24651941657066345,0.3034544885158539
3974,1.0,0.15899008512496948,0.17466174066066742,0.17465649545192719
3975,0.0,0.2302873134613037,0.20630986988544464,0.2722940742969513
3976,0.0,0.2150723934173584,0.19485683739185333,0.2486129254102707
3977,0.0,0.11587613821029663,0.1505569964647293,0.1407991200685501
3978,0.0,0.16842049360275269,0.16774576902389526,0.1799469292163849
3979,0.0,0.17145293951034546,0.1446104347705841,0.157106414437294
3980,0.0,0.23820245265960693,0.2903386950492859,0.2770264744758606
3981,1.0,0.5140907168388367,0.6333642601966858,0.6233327388763428
3982,1.0,0.4658128023147583,0.5183197259902954,0.5341150760650635
3983,1.0,0.36041170358657837,0.43029114603996277,0.4825141131877899
3984,1.0,0.2826785445213318,0.2763320505619049,0.3388819694519043
3985,1.0,0.280428946018219,0.24967168271541595,0.30311232805252075
3986,0.0,0.16287904977798462,0.23527415096759796,0.19749370217323303
3987,0.0,0.1726192831993103,0.1742611974477768,0.19369730353355408
3988,0.0,0.1644575595855713,0.1428755223751068,0.1565328985452652
3989,0.0,0.08373701572418213,0.1149088516831398,0.06270398944616318
3990,0.0,0.08457028865814209,0.09548835456371307,0.0754910334944725
3991,0.0,0.11228853464126587,0.11523613333702087,0.07617806643247604
3992,0.0,0.06918895244598389,0.11476796120405197,0.049206413328647614
3993,0.0,0.05962640047073364,0.06859750300645828,0.05062701925635338
3994,0.0,0.053511202335357666,0.05698561295866966,0.050430528819561005
3995,0.0,0.04866385459899902,0.054885782301425934,0.039982426911592484
3996,0.0,0.03138333559036255,0.03342380374670029,0.03273654356598854
3997,0.0,0.05169057846069336,0.06778014451265335,0.04031231254339218
3998,0.0,0.05884343385696411,0.12876039743423462,0.05109162628650665
3999,0.0,0.04884779453277588,0.05843035504221916,0.04339482635259628
4000,0.0,0.047987937927246094,0.05543950945138931,0.042129769921302795
4001,0.0,0.08321249485015869,0.0986713394522667,0.058659933507442474
4002,0.0,0.09243941307067871,0.1366422325372696,0.07210054248571396
4003,0.0,0.06161701679229736,0.10895039886236191,0.057945333421230316
4004,0.0,0.09727692604064941,0.09048004448413849,0.09155800193548203
4005,0.0,0.06226468086242676,0.09210184961557388,0.06359562277793884
4006,0.0,0.05166041851043701,0.07645894587039948,0.04290453717112541
4007,0.0,0.03429216146469116,0.027345256879925728,0.03872828930616379
4008,0.0,0.05182075500488281,0.05111819505691528,0.06383012980222702
4009,0.0,0.04935562610626221,0.039761047810316086,0.06570219993591309
4010,0.0,0.04409271478652954,0.039807308465242386,0.05442893132567406
4011,0.0,0.039884209632873535,0.029909763485193253,0.05433432757854462
4012,0.0,0.0536155104637146,0.04806191846728325,0.04474790394306183
4013,0.0,0.05633586645126343,0.047198303043842316,0.06623905152082443
4014,0.0,0.05446314811706543,0.07467135041952133,0.04832429438829422
4015,0.0,0.06021738052368164,0.08332636207342148,0.09796910732984543
4016,0.0,0.06856167316436768,0.1221778467297554,0.1015465036034584
4278,0.0,0.04955708980560303,0.048188935965299606,0.055502284318208694
4279,0.0,0.05338132381439209,0.04415561258792877,0.05081113055348396
4280,0.0,0.06399959325790405,0.042394109070301056,0.07193923741579056
4281,0.0,0.05823487043380737,0.04284817352890968,0.07005111873149872
4282,0.0,0.05022251605987549,0.052827488631010056,0.09270026534795761
4283,0.0,0.07003450393676758,0.06910572946071625,0.0582265704870224
4284,0.0,0.05010455846786499,0.03857622668147087,0.048146165907382965
4285,0.0,0.05737018585205078,0.055716220289468765,0.0546489916741848
4286,0.0,0.059846580028533936,0.0729333758354187,0.05499158427119255
4287,0.0,0.060952723026275635,0.0658169835805893,0.05837501958012581
4288,0.0,0.05412781238555908,0.04049156978726387,0.05920786410570145
4289,0.0,0.06634998321533203,0.062402475625276566,0.061852600425481796
4290,0.0,0.12192720174789429,0.15335996448993683,0.1194833442568779
4291,1.0,0.1386210322380066,0.18037529289722443,0.12860888242721558
4292,0.0,0.10680615901947021,0.09739842265844345,0.08974482119083405
4293,0.0,0.10276281833648682,0.086601123213768,0.0837077721953392
4294,0.0,0.10407078266143799,0.07380890846252441,0.07627571374177933
4295,0.0,0.055763304233551025,0.049008578062057495,0.05435778200626373
4296,0.0,0.07000511884689331,0.046160075813531876,0.08295357972383499
4297,0.0,0.0963282585144043,0.09159747511148453,0.09880532324314117
4298,1.0,0.21108907461166382,0.1828078180551529,0.22761394083499908
4299,1.0,0.14471793174743652,0.15259669721126556,0.1689043790102005
4300,0.0,0.1857725977897644,0.21786153316497803,0.24721013009548187
4301,1.0,0.13118982315063477,0.13782602548599243,0.16348999738693237
4302,0.0,0.1068146824836731,0.1402842402458191,0.1461205780506134
4303,0.0,0.08373028039932251,0.08574886620044708,0.07660014927387238
4304,0.0,0.06528282165527344,0.10109902918338776,0.0680234283208847
4305,0.0,0.08120393753051758,0.09418127685785294,0.08820745348930359
4306,1.0,0.07644635438919067,0.1820075958967209,0.0791340172290802
4307,0.0,0.07020080089569092,0.07495487481355667,0.07045076787471771
4308,0.0,0.06960976123809814,0.07649672031402588,0.06410864740610123
4309,0.0,0.06799870729446411,0.09370099008083344,0.05815671756863594
4310,0.0,0.038298070430755615,0.03499862179160118,0.039266593754291534
4311,0.0,0.03763854503631592,0.039830829948186874,0.04109898954629898
4312,0.0,0.04065811634063721,0.0368182398378849,0.04231637716293335
4313,0.0,0.04191714525222778,0.045855749398469925,0.051950205117464066
4314,0.0,0.03957730531692505,0.05297471210360527,0.037072762846946716
4315,0.0,0.03954160213470459,0.0473080649971962,0.04013173282146454
4316,0.0,0.045636773109436035,0.04101063311100006,0.06215476617217064
4317,0.0,0.03218257427215576,0.03728592023253441,0.05359640717506409
4318,0.0,0.03599315881729126,0.053800277411937714,0.07196350395679474
4319,0.0,0.034260571002960205,0.04586092010140419,0.050835754722356796
4320,0.0,0.04959213733673096,0.04124465212225914,0.03662192076444626
4321,0.0,0.036531925201416016,0.043357666581869125,0.059554874897003174
4322,0.0,0.03300124406814575,0.03037181869149208,0.05922887101769447
4323,0.0,0.03771400451660156,0.04954776167869568,0.06120818480849266
4324,0.0,0.04158461093902588,0.036750826984643936,0.039475176483392715
4325,0.0,0.14356952905654907,0.13138459622859955,0.16141875088214874
4326,1.0,0.14640754461288452,0.1288215070962906,0.1422715187072754
4327,0.0,0.1692916750907898,0.14259226620197296,0.2017822116613388
4328,0.0,0.1837228536605835,0.2064903974533081,0.22716949880123138
4329,0.0,0.138660728931427,0.20095489919185638,0.17986798286437988
4591,1.0,0.5813893675804138,0.7195870876312256,0.8595708012580872
4592,1.0,0.5729404091835022,0.5606892704963684,0.7865865230560303
4593,1.0,0.458652138710022,0.39460036158561707,0.7446826100349426
4594,1.0,0.4537678360939026,0.34388890862464905,0.7827057242393494
4595,1.0,0.4978981018066406,0.4380583167076111,0.7916240692138672
4596,1.0,0.6757107973098755,0.7214177846908569,0.9609147310256958
4597,1.0,0.6824038028717041,0.7259300351142883,0.8999110460281372
4598,1.0,0.5900501012802124,0.48389312624931335,0.831659197807312
4599,1.0,0.49779462814331055,0.5095269083976746,0.7947511672973633
4600,1.0,0.6782174110412598,0.5900712013244629,0.8917233943939209
4601,1.0,0.43693262338638306,0.33038613200187683,0.6412460803985596
4602,1.0,0.4790409207344055,0.3812802731990814,0.6422474980354309
4603,1.0,0.5806393623352051,0.4520095884799957,0.7448939681053162
4604,1.0,0.7204278707504272,0.5800097584724426,0.9276121258735657
4605,1.0,0.7563334703445435,0.8637712597846985,0.9623949527740479
4606,1.0,0.7813128232955933,0.9178099632263184,0.9782186150550842
4607,1.0,0.8290742635726929,0.8624732494354248,0.980226993560791
4608,1.0,0.8007557988166809,0.8635353446006775,0.972991943359375
4609,1.0,0.76279616355896,0.8385816216468811,0.9655113816261292
4610,1.0,0.6009005308151245,0.721913754940033,0.8851904273033142
4611,1.0,0.7659573554992676,0.8592751026153564,0.9529302716255188
4612,1.0,0.7604617476463318,0.8560780882835388,0.9555850625038147
4613,1.0,0.6865971088409424,0.8302027583122253,0.9147276878356934
4614,1.0,0.7537867426872253,0.8270726799964905,0.9436429142951965
4615,1.0,0.688711941242218,0.8520867228507996,0.9214125275611877
4616,1.0,0.6595363616943359,0.7566214203834534,0.8535983562469482
4617,1.0,0.7065876722335815,0.6145731806755066,0.8517859578132629
4618,1.0,0.40406107902526855,0.35134756565093994,0.5592600107192993
4619,1.0,0.5067597031593323,0.3988460898399353,0.6198052167892456
4620,1.0,0.5184085369110107,0.40785694122314453,0.6213233470916748
4621,1.0,0.5662683248519897,0.504445493221283,0.7131660580635071
4622,1.0,0.5389763116836548,0.5043898224830627,0.6901583075523376
4623,1.0,0.4765557050704956,0.2934066653251648,0.49293360114097595
4624,1.0,0.43942874670028687,0.3303380310535431,0.515407145023346
4625,1.0,0.45535552501678467,0.2998368740081787,0.5271591544151306
4626,1.0,0.3596729040145874,0.3705920875072479,0.5002471804618835
4627,1.0,0.2802385687828064,0.3689589500427246,0.4458172917366028
4628,0.0,0.26318424940109253,0.3131661117076874,0.32398319244384766
4629,1.0,0.180422842502594,0.2160801887512207,0.20019137859344482
4630,1.0,0.2054237723350525,0.21528862416744232,0.2682104706764221
4631,1.0,0.12684190273284912,0.17588403820991516,0.17656061053276062
4632,0.0,0.15391218662261963,0.1300564408302307,0.24538308382034302
4633,0.0,0.0860779881477356,0.098751001060009,0.13229137659072876
4634,0.0,0.1015772819519043,0.10258378088474274,0.15887615084648132
4635,0.0,0.0647881031036377,0.0908418744802475,0.08949476480484009
4636,0.0,0.08153408765792847,0.12399610877037048,0.12081405520439148
4637,1.0,0.11829197406768799,0.18658749759197235,0.20607824623584747
4638,1.0,0.27115708589553833,0.25913092494010925,0.37812474370002747
4639,1.0,0.17344576120376587,0.17872554063796997,0.3079569339752197
4640,0.0,0.3543342351913452,0.27530744671821594,0.5107325315475464
4641,1.0,0.2756841778755188,0.20074082911014557,0.5203418731689453
4642,0.0,0.40789204835891724,0.282986044883728,0.5891909003257751
4904,1.0,0.6434998512268066,0.738065779209137,0.8700901865959167
4905,1.0,0.6632786393165588,0.7445827722549438,0.8405578136444092
4906,1.0,0.5276011228561401,0.5049353837966919,0.6618669033050537
4907,1.0,0.4856487512588501,0.5090842843055725,0.6256541609764099
4908,1.0,0.5847296118736267,0.5598573088645935,0.7339816093444824
4909,1.0,0.4622594714164734,0.5144140124320984,0.6248539686203003
4910,0.0,0.43204307556152344,0.5222957134246826,0.512822151184082
4911,1.0,0.4530457854270935,0.5318161249160767,0.5542978644371033
4912,1.0,0.48907822370529175,0.6264177560806274,0.6055248975753784
4913,1.0,0.6293449401855469,0.7011248469352722,0.7814863324165344
4914,1.0,0.4614257216453552,0.5449884533882141,0.6494579911231995
4915,1.0,0.5568618178367615,0.5977122783660889,0.7623233795166016
4916,1.0,0.6773223280906677,0.7354535460472107,0.8693068623542786
4917,1.0,0.6626818776130676,0.7311899065971375,0.7975770831108093
4918,1.0,0.702498197555542,0.7758881449699402,0.8612001538276672
4919,1.0,0.5231297016143799,0.6861916184425354,0.6481719017028809
4920,1.0,0.5490111708641052,0.6455517411231995,0.6082398295402527
4921,1.0,0.5483683347702026,0.6345139741897583,0.6004926562309265
4922,1.0,0.5365870594978333,0.5878172516822815,0.5606462359428406
4923,1.0,0.45764249563217163,0.45853158831596375,0.4752926826477051
4924,1.0,0.47485029697418213,0.38372117280960083,0.45345956087112427
4925,1.0,0.4660487174987793,0.4667458236217499,0.45147472620010376
4926,1.0,0.31338703632354736,0.3892912268638611,0.2874628007411957
4927,1.0,0.3485434651374817,0.37105274200439453,0.3410300016403198
4928,0.0,0.34976136684417725,0.33101049065589905,0.23600491881370544
4929,1.0,0.28266459703445435,0.3151063024997711,0.21261970698833466
4930,1.0,0.32891106605529785,0.2652199864387512,0.2041892409324646
4931,0.0,0.22833842039108276,0.2767922580242157,0.16158367693424225
4932,1.0,0.2957807779312134,0.2519145905971527,0.2520604729652405
4933,0.0,0.2282962203025818,0.24019399285316467,0.18610675632953644
4934,1.0,0.2816309332847595,0.23165248334407806,0.19287747144699097
4935,0.0,0.2127259373664856,0.22170598804950714,0.1720767319202423
4936,1.0,0.25093090534210205,0.23555096983909607,0.17442545294761658
4937,0.0,0.16186624765396118,0.21022552251815796,0.1194554790854454
4938,0.0,0.18712449073791504,0.1895318627357483,0.124753437936306
4939,0.0,0.24297171831130981,0.25088977813720703,0.2003556340932846
4940,0.0,0.37552809715270996,0.34764939546585083,0.3635457754135132
4941,1.0,0.3591657876968384,0.4456253945827484,0.42005401849746704
4942,1.0,0.21612852811813354,0.2331557720899582,0.16896900534629822
4943,0.0,0.22278541326522827,0.193972647190094,0.23760361969470978
4944,0.0,0.3178401589393616,0.25683358311653137,0.30426812171936035
4945,1.0,0.2883201837539673,0.25537216663360596,0.2629598081111908
4946,0.0,0.2645030617713928,0.25559502840042114,0.227777898311615
4947,1.0,0.28243446350097656,0.22865532338619232,0.2629331350326538
4948,0.0,0.24340945482254028,0.23874801397323608,0.20992541313171387
4949,0.0,0.2531769275665283,0.24981409311294556,0.22833043336868286
4950,0.0,0.2435692548751831,0.21441484987735748,0.20656390488147736
4951,0.0,0.23997420072555542,0.23525860905647278,0.26475492119789124
4952,1.0,0.19415342807769775,0.2449256330728531,0.1978701651096344
4953,0.0,0.22627967596054077,0.22536544501781464,0.2390199601650238
4954,0.0,0.395036518573761,0.3419605791568756,0.40393155813217163
4955,1.0,0.3682013750076294,0.340854287147522,0.37786567211151123
5217,0.0,0.274128794670105,0.312193900346756,0.2266378104686737
5218,0.0,0.20593541860580444,0.27070581912994385,0.17464058101177216
5219,0.0,0.22531914710998535,0.322429358959198,0.20222491025924683
5220,0.0,0.16175031661987305,0.2812099754810333,0.12711653113365173
5221,0.0,0.18370485305786133,0.22725947201251984,0.15699513256549835
5222,0.0,0.14106792211532593,0.15540309250354767,0.09556291997432709
5223,0.0,0.2856746315956116,0.23845204710960388,0.26279374957084656
5224,0.0,0.1820245385169983,0.23339533805847168,0.110288605093956
5225,0.0,0.24453461170196533,0.23444707691669464,0.17422538995742798
5226,0.0,0.12552523612976074,0.1713770478963852,0.1014605313539505
5227,0.0,0.1836743950843811,0.29074764251708984,0.1777479648590088
5228,0.0,0.14354956150054932,0.2701973617076874,0.08437511324882507
5229,0.0,0.12441438436508179,0.23534291982650757,0.11491266638040543
5230,0.0,0.1143999695777893,0.19447661936283112,0.10314719378948212
5231,0.0,0.10470914840698242,0.16570572555065155,0.08069480955600739
5232,0.0,0.1696673035621643,0.23794972896575928,0.14016078412532806
5233,0.0,0.12225079536437988,0.22343124449253082,0.11834762245416641
5234,0.0,0.12926101684570312,0.1592927724123001,0.1546018272638321
5235,0.0,0.13944792747497559,0.15848574042320251,0.14475218951702118
5236,0.0,0.16165858507156372,0.17899271845817566,0.15837663412094116
5237,0.0,0.19075196981430054,0.16454729437828064,0.20370058715343475
5238,0.0,0.14510667324066162,0.11735300719738007,0.13847729563713074
5239,0.0,0.1579282283782959,0.15696851909160614,0.20778444409370422
5240,0.0,0.14996850490570068,0.13764233887195587,0.249297633767128
5241,0.0,0.20467376708984375,0.16511982679367065,0.26869380474090576
5242,0.0,0.19284838438034058,0.15806780755519867,0.20928215980529785
5243,0.0,0.16114670038223267,0.14183638989925385,0.16033557057380676
5244,0.0,0.17082953453063965,0.15599462389945984,0.219354510307312
5245,0.0,0.1930394172668457,0.1403762400150299,0.20800326764583588
5246,0.0,0.161479651927948,0.14296649396419525,0.22218671441078186
5247,0.0,0.12257355451583862,0.17937441170215607,0.147557333111763
5248,0.0,0.1654524803161621,0.2018762230873108,0.17554576694965363
5249,0.0,0.1364181637763977,0.13634884357452393,0.165442556142807
5250,0.0,0.1302478313446045,0.14365337789058685,0.14954043924808502
5251,0.0,0.09753531217575073,0.0770764946937561,0.06624028831720352
5252,0.0,0.09493756294250488,0.0820990726351738,0.07713399082422256
5253,0.0,0.09843987226486206,0.055576808750629425,0.09827107191085815
5254,0.0,0.0890548825263977,0.0587485246360302,0.08260573446750641
5255,0.0,0.10368269681930542,0.07492236793041229,0.10502689331769943
5256,0.0,0.12252479791641235,0.10566018521785736,0.1295211762189865
5257,0.0,0.1673978567123413,0.17758382856845856,0.1865667849779129
5258,0.0,0.16596561670303345,0.15062271058559418,0.1789049655199051
5259,0.0,0.1456889510154724,0.12746840715408325,0.14810137450695038
5260,0.0,0.11567509174346924,0.1048135980963707,0.10927467048168182
5261,0.0,0.08536219596862793,0.05500303953886032,0.08730994164943695
5262,0.0,0.0829700231552124,0.05432741716504097,0.08027835935354233
5263,0.0,0.13524585962295532,0.14079314470291138,0.1908734142780304
5264,0.0,0.10321253538131714,0.08252867311239243,0.11258435249328613
5265,0.0,0.08551877737045288,0.05832095444202423,0.11466024816036224
5266,0.0,0.10204023122787476,0.08729539066553116,0.12467403709888458
5267,0.0,0.14716726541519165,0.12161841988563538,0.19242075085639954
5268,0.0,0.1321205496788025,0.1171775832772255,0.1345328837633133
5530,1.0,0.41531699895858765,0.5118311643600464,0.478047639131546
5531,0.0,0.48043954372406006,0.4739028811454773,0.33090537786483765
5532,0.0,0.39748650789260864,0.5008272528648376,0.43830907344818115
5533,0.0,0.5601944923400879,0.5531978607177734,0.6567027568817139
5534,1.0,0.4578997492790222,0.5045647621154785,0.5232972502708435
5535,0.0,0.5064795017242432,0.5973148345947266,0.5511803030967712
5536,0.0,0.49481093883514404,0.635174572467804,0.6427396535873413
5537,1.0,0.5190656781196594,0.7080872654914856,0.780941903591156
5538,1.0,0.5067183375358582,0.6370560526847839,0.695736289024353
5539,1.0,0.45175081491470337,0.5228109359741211,0.5205861330032349
5540,1.0,0.5714332461357117,0.6170330047607422,0.7736779451370239
5541,1.0,0.5322755575180054,0.5398622751235962,0.6961807608604431
5542,1.0,0.6152868270874023,0.555056631565094,0.6595723032951355
5543,1.0,0.6108222007751465,0.7028064131736755,0.7685908675193787
5544,1.0,0.47619181871414185,0.3782157301902771,0.5334827303886414
5545,1.0,0.4661889672279358,0.49484243988990784,0.48547106981277466
5546,1.0,0.5667942762374878,0.5311513543128967,0.6712519526481628
5547,1.0,0.4842700958251953,0.5325388312339783,0.5427289605140686
5548,1.0,0.507220983505249,0.5310922265052795,0.5690316557884216
5549,1.0,0.5634350180625916,0.5658342242240906,0.7428981065750122
5550,1.0,0.6266209483146667,0.562641978263855,0.748828649520874
5551,1.0,0.5557403564453125,0.5971899628639221,0.7097886800765991
5552,1.0,0.47129887342453003,0.48761484026908875,0.5441762208938599
5553,1.0,0.3837541341781616,0.4261297583580017,0.29523423314094543
5554,1.0,0.4232107996940613,0.4934122860431671,0.3221445679664612
5555,1.0,0.4406139850616455,0.43881601095199585,0.3639322817325592
5556,1.0,0.26237720251083374,0.23046714067459106,0.1387115716934204
5557,0.0,0.25354743003845215,0.2113695591688156,0.13037070631980896
5558,0.0,0.2165551781654358,0.20154567062854767,0.10380996018648148
5559,0.0,0.2270185351371765,0.2087995857000351,0.10123570263385773
5560,0.0,0.16770106554031372,0.19763720035552979,0.08694779127836227
5561,0.0,0.18465644121170044,0.22795864939689636,0.10460641980171204
5562,0.0,0.14116549491882324,0.1912163347005844,0.08483041822910309
5563,0.0,0.1463940143585205,0.1976572573184967,0.1119457259774208
5564,0.0,0.1669960618019104,0.2171483039855957,0.18122276663780212
5565,0.0,0.16254055500030518,0.21450971066951752,0.08366777747869492
5566,0.0,0.15374141931533813,0.26622000336647034,0.07876958698034286
5567,0.0,0.14163899421691895,0.2973821461200714,0.08865886181592941
5568,0.0,0.1589491367340088,0.2277454137802124,0.11773037910461426
5569,0.0,0.10215550661087036,0.2567238509654999,0.10660162568092346
5570,0.0,0.1396167278289795,0.25416210293769836,0.15239860117435455
5571,0.0,0.17997634410858154,0.3551933765411377,0.2494395524263382
5572,0.0,0.18011265993118286,0.27466222643852234,0.15038089454174042
5573,0.0,0.20588469505310059,0.24488712847232819,0.16596080362796783
5574,0.0,0.19778764247894287,0.26969778537750244,0.1833348572254181
5575,0.0,0.23782920837402344,0.3182234466075897,0.23438814282417297
5576,0.0,0.2880837917327881,0.3886122703552246,0.30823633074760437
5577,1.0,0.2293376922607422,0.3751254677772522,0.19829145073890686
5578,0.0,0.28734099864959717,0.3361817002296448,0.27265265583992004
5579,0.0,0.25206613540649414,0.3476695418357849,0.2366311401128769
5580,0.0,0.4558858275413513,0.44435328245162964,0.5996725559234619
5581,0.0,0.4790123701095581,0.4766709804534912,0.683195948600769
5843,0.0,0.21751618385314941,0.24005040526390076,0.19373203814029694
5844,0.0,0.26862770318984985,0.24380439519882202,0.32208818197250366
5845,0.0,0.15717202425003052,0.16647109389305115,0.1483500748872757
5846,0.0,0.3912706971168518,0.3858594298362732,0.5237807035446167
5847,1.0,0.2635742425918579,0.3548378646373749,0.237974151968956
5848,0.0,0.2588385343551636,0.20411066710948944,0.2783263623714447
5849,0.0,0.30722808837890625,0.2621336281299591,0.36587852239608765
5850,0.0,0.315462589263916,0.25924837589263916,0.344502329826355
5851,0.0,0.2873055934906006,0.25213563442230225,0.3182147145271301
5852,1.0,0.45112377405166626,0.40377283096313477,0.5130672454833984
5853,1.0,0.3725241422653198,0.39805588126182556,0.4690508544445038
5854,1.0,0.35391414165496826,0.3189608156681061,0.43601882457733154
5855,0.0,0.49440133571624756,0.47548648715019226,0.702319324016571
5856,1.0,0.5640709400177002,0.6833650469779968,0.7217487096786499
5857,1.0,0.43667757511138916,0.5426898002624512,0.47557228803634644
5858,1.0,0.45317625999450684,0.4216300845146179,0.5053063035011292
5859,1.0,0.43174898624420166,0.40801650285720825,0.452353298664093
5860,1.0,0.5537811517715454,0.5188279151916504,0.666948676109314
5861,1.0,0.42464619874954224,0.48806944489479065,0.5600195527076721
5862,1.0,0.45998382568359375,0.4339766502380371,0.5410570502281189
5863,1.0,0.307087779045105,0.38428959250450134,0.47867926955223083
5864,0.0,0.21623927354812622,0.30892160534858704,0.2865690588951111
5865,0.0,0.181351900100708,0.3123232126235962,0.21620631217956543
5866,0.0,0.3013573884963989,0.285573810338974,0.2702612280845642
5867,0.0,0.1721310019493103,0.1666528880596161,0.1419224739074707
5868,0.0,0.1647929549217224,0.17128266394138336,0.16559964418411255
5869,0.0,0.10274195671081543,0.11975442618131638,0.10162139683961868
5870,0.0,0.08049535751342773,0.09816412627696991,0.07481947541236877
5871,0.0,0.1307339072227478,0.15233425796031952,0.11881481111049652
5872,1.0,0.2053731083869934,0.23923583328723907,0.18503959476947784
5873,0.0,0.17354446649551392,0.15966705977916718,0.1827789843082428
5874,0.0,0.1802905797958374,0.17221112549304962,0.15886135399341583
5875,0.0,0.14755898714065552,0.18755948543548584,0.12839245796203613
5876,0.0,0.09473204612731934,0.1609090119600296,0.08521516621112823
5877,0.0,0.12787163257598877,0.14804013073444366,0.10010209679603577
5878,0.0,0.10886895656585693,0.1923551708459854,0.08859629929065704
5879,0.0,0.09372735023498535,0.14531387388706207,0.0874161571264267
5880,0.0,0.08815604448318481,0.1345885694026947,0.07777931541204453
5881,0.0,0.08727806806564331,0.11585167050361633,0.07644668966531754
5882,0.0,0.03851771354675293,0.043802425265312195,0.04540165886282921
5883,0.0,0.040646135807037354,0.029267311096191406,0.0514213964343071
5884,0.0,0.07563120126724243,0.10965204983949661,0.09501665830612183
5885,0.0,0.04335653781890869,0.09228933602571487,0.03594813868403435
5886,0.0,0.11273670196533203,0.1740647703409195,0.12884198129177094
5887,0.0,0.11489659547805786,0.1572074294090271,0.09321463853120804
5888,0.0,0.11720114946365356,0.1984764039516449,0.08110826462507248
5889,0.0,0.06881076097488403,0.12358276546001434,0.07042533904314041
5890,0.0,0.144095778465271,0.16570203006267548,0.1204838752746582
5891,0.0,0.07400238513946533,0.1335010528564453,0.0722913071513176
5892,0.0,0.08465421199798584,0.10647523403167725,0.08432430028915405
5893,0.0,0.08624446392059326,0.0928148478269577,0.09479700773954391
5894,0.0,0.07056915760040283,0.11507546901702881,0.08533415198326111
6156,1.0,0.18542838096618652,0.2603119909763336,0.43837934732437134
6157,0.0,0.2761927843093872,0.2847772240638733,0.47627490758895874
6158,1.0,0.2656897306442261,0.2706557810306549,0.3975667655467987
6159,1.0,0.2531558871269226,0.22982436418533325,0.4555358588695526
6160,1.0,0.13892841339111328,0.17386172711849213,0.33102890849113464
6161,0.0,0.17736506462097168,0.15614891052246094,0.2944844663143158
6162,0.0,0.3990965485572815,0.2968214452266693,0.7006075382232666
6163,1.0,0.4051036834716797,0.4805983603000641,0.5692492127418518
6164,1.0,0.378492534160614,0.43764209747314453,0.6646831631660461
6165,1.0,0.48661965131759644,0.5706850290298462,0.8273001313209534
6166,1.0,0.442283570766449,0.5557010173797607,0.6810995936393738
6167,1.0,0.5084667205810547,0.6127299070358276,0.7562392950057983
6168,1.0,0.7120754718780518,0.847488284111023,0.9509034752845764
6169,1.0,0.8142030835151672,0.8645527958869934,0.974609911441803
6170,1.0,0.6961833238601685,0.8765444755554199,0.971842348575592
6171,1.0,0.6966812610626221,0.861509382724762,0.9553506374359131
6172,1.0,0.8194657564163208,0.7939112186431885,0.9763649106025696
6173,1.0,0.7853133678436279,0.8473588228225708,0.9832474589347839
6174,1.0,0.7643660306930542,0.8843104243278503,0.9739660620689392
6175,1.0,0.7160279750823975,0.8987699151039124,0.9681647419929504
6176,1.0,0.6952822208404541,0.905154824256897,0.9729887843132019
6177,1.0,0.7785166501998901,0.896445631980896,0.9726167917251587
6178,1.0,0.7268816232681274,0.9113444089889526,0.9692033529281616
6179,1.0,0.7339215874671936,0.8802706003189087,0.9599535465240479
6180,1.0,0.7402750253677368,0.9010685086250305,0.9566847681999207
6181,1.0,0.7885880470275879,0.8965266942977905,0.9449610114097595
6182,1.0,0.7278116941452026,0.8643471002578735,0.9358118176460266
6183,1.0,0.7598304748535156,0.8857412934303284,0.9443629384040833
6184,1.0,0.7072514295578003,0.8080527782440186,0.916962206363678
6185,1.0,0.7464715242385864,0.818000078201294,0.9126863479614258
6186,1.0,0.6388136148452759,0.6254842877388,0.8181585073471069
6187,1.0,0.518380880355835,0.4894770681858063,0.6771559715270996
6188,1.0,0.5007658004760742,0.36284518241882324,0.5822682976722717
6189,1.0,0.4022418260574341,0.4068183898925781,0.5228890180587769
6190,1.0,0.3577116131782532,0.3706658184528351,0.47646740078926086
6191,1.0,0.3534002900123596,0.3442426025867462,0.4623722434043884
6192,1.0,0.2554476857185364,0.23287826776504517,0.3126918375492096
6193,1.0,0.28280699253082275,0.2072756439447403,0.3989694118499756
6194,1.0,0.19116443395614624,0.2109692543745041,0.17146658897399902
6195,1.0,0.2639061212539673,0.24220480024814606,0.3341487646102905
6196,1.0,0.2820146083831787,0.2741371691226959,0.3477516770362854
6197,1.0,0.2812315821647644,0.2347177118062973,0.3860361576080322
6198,1.0,0.2369295358657837,0.21306060254573822,0.3624371588230133
6199,1.0,0.23041582107543945,0.19556981325149536,0.3466404974460602
6200,1.0,0.23829799890518188,0.18631255626678467,0.3242989182472229
6201,1.0,0.19276702404022217,0.2420058250427246,0.3003948926925659
6202,0.0,0.1708582639694214,0.19066473841667175,0.2354402244091034
6203,1.0,0.206756591796875,0.22076073288917542,0.3331313729286194
6204,1.0,0.21298962831497192,0.20243363082408905,0.3183175027370453
6205,1.0,0.2378990650177002,0.2366485893726349,0.4254610538482666
6206,1.0,0.30614668130874634,0.20473822951316833,0.4417305588722229
6207,1.0,0.3943803310394287,0.23395289480686188,0.5509233474731445
6469,0.0,0.16294455528259277,0.2042175829410553,0.1157536655664444
6470,0.0,0.3372322916984558,0.259243369102478,0.3970189690589905
6471,1.0,0.18564057350158691,0.20557276904582977,0.12466903030872345
6472,0.0,0.2883768081665039,0.31387054920196533,0.3659651279449463
6473,1.0,0.2661159634590149,0.3170720636844635,0.21990512311458588
6474,1.0,0.2144884467124939,0.19546478986740112,0.1840759962797165
6475,1.0,0.20623689889907837,0.1675899624824524,0.17952345311641693
6476,0.0,0.21735256910324097,0.19199049472808838,0.2646671235561371
6477,1.0,0.1613655686378479,0.19387467205524445,0.13880309462547302
6478,0.0,0.31581002473831177,0.35135069489479065,0.4075483977794647
6479,1.0,0.3378438949584961,0.5890249609947205,0.412296324968338
6480,1.0,0.2796318531036377,0.2982253134250641,0.3794328570365906
6481,1.0,0.2551359534263611,0.2423008680343628,0.31919512152671814
6482,1.0,0.21706515550613403,0.20177479088306427,0.30175352096557617
6483,1.0,0.28199219703674316,0.26616790890693665,0.36363485455513
6484,1.0,0.3786853551864624,0.333284467458725,0.5078793168067932
6485,1.0,0.36671310663223267,0.43257617950439453,0.41418835520744324
6486,1.0,0.32861512899398804,0.32742932438850403,0.4313599169254303
6487,1.0,0.2800820469856262,0.22061949968338013,0.2857430875301361
6488,1.0,0.2679951786994934,0.30630356073379517,0.2896284759044647
6489,1.0,0.35283780097961426,0.27109700441360474,0.3978281617164612
6490,1.0,0.36490511894226074,0.27889284491539,0.45289483666419983
6491,1.0,0.38638293743133545,0.25877997279167175,0.4114183485507965
6492,1.0,0.30413782596588135,0.23350729048252106,0.27742940187454224
6493,1.0,0.3831210732460022,0.25922834873199463,0.3806057870388031
6494,1.0,0.3671102523803711,0.3173902928829193,0.3925911486148834
6495,1.0,0.33069300651550293,0.3463566303253174,0.39584746956825256
6496,1.0,0.32259857654571533,0.3988628089427948,0.3581189215183258
6497,1.0,0.33748626708984375,0.42085394263267517,0.43712466955184937
6498,1.0,0.31632333993911743,0.33887144923210144,0.29176583886146545
6499,1.0,0.3148001432418823,0.3980352282524109,0.3932572305202484
6500,1.0,0.31717830896377563,0.3644782602787018,0.2876705229282379
6501,1.0,0.2837756872177124,0.37614792585372925,0.30879151821136475
6502,1.0,0.2820149064064026,0.3879806101322174,0.33002275228500366
6503,1.0,0.3226887583732605,0.39244702458381653,0.4365021288394928
6504,1.0,0.3116830587387085,0.3810115456581116,0.42183876037597656
6505,1.0,0.20068609714508057,0.29587244987487793,0.25267666578292847
6506,1.0,0.29182714223861694,0.3028576374053955,0.3882623314857483
6507,1.0,0.227300226688385,0.2489895075559616,0.2703610956668854
6508,1.0,0.24379640817642212,0.26595452427864075,0.33270853757858276
6509,1.0,0.16817212104797363,0.22090551257133484,0.2174525111913681
6510,1.0,0.1641901135444641,0.22453026473522186,0.2135901302099228
6511,0.0,0.17241239547729492,0.24609026312828064,0.2626454532146454
6512,1.0,0.23872780799865723,0.2889710068702698,0.39748984575271606
6513,1.0,0.18976080417633057,0.2628161907196045,0.23889726400375366
6514,0.0,0.23285305500030518,0.17561621963977814,0.30162835121154785
6515,1.0,0.1875728964805603,0.16247878968715668,0.2682422399520874
6516,0.0,0.12966442108154297,0.16145162284374237,0.1460467427968979
6517,0.0,0.13736456632614136,0.16138482093811035,0.14378321170806885
6518,0.0,0.14126980304718018,0.15187303721904755,0.11594121158123016
6519,0.0,0.16469746828079224,0.17596150934696198,0.15242302417755127
6520,0.0,0.15796077251434326,0.20706027746200562,0.2098902463912964
6782,0.0,0.042593538761138916,0.03723861649632454,0.05699528381228447
6783,0.0,0.04557830095291138,0.041351068764925,0.06272702664136887
6784,0.0,0.05050283670425415,0.056085892021656036,0.057359810918569565
6785,0.0,0.042755305767059326,0.03455145284533501,0.05699528381228447
6786,0.0,0.03966200351715088,0.04284025356173515,0.05697465315461159
6787,0.0,0.06587362289428711,0.05839119106531143,0.06671525537967682
6788,0.0,0.05250614881515503,0.05447475612163544,0.05049171671271324
6789,0.0,0.0538179874420166,0.06107460707426071,0.04789226874709129
6790,0.0,0.05745953321456909,0.06315857917070389,0.0629444494843483
6791,0.0,0.0605124831199646,0.05757623538374901,0.05848250538110733
6792,0.0,0.0683181881904602,0.044130243360996246,0.07508150488138199
6793,0.0,0.055538058280944824,0.06598956882953644,0.056596118956804276
6794,0.0,0.064555823802948,0.0739632397890091,0.052979327738285065
6795,0.0,0.06102234125137329,0.0775684043765068,0.051322050392627716
6796,0.0,0.05939239263534546,0.06055184826254845,0.057842135429382324
6797,0.0,0.056049227714538574,0.054277453571558,0.05172591283917427
6798,0.0,0.16987568140029907,0.16488772630691528,0.2027323842048645
6799,0.0,0.09940111637115479,0.1056332141160965,0.09086720645427704
6800,0.0,0.18945235013961792,0.18305404484272003,0.2094775289297104
6801,0.0,0.069094717502594,0.07222294062376022,0.07023824006319046
6802,0.0,0.10596555471420288,0.08049874752759933,0.11604814231395721
6803,0.0,0.06889796257019043,0.059863172471523285,0.07152343541383743
6804,0.0,0.37895631790161133,0.4643823802471161,0.594812273979187
6805,1.0,0.29262691736221313,0.3020719885826111,0.339520126581192
6806,1.0,0.30000853538513184,0.2357904016971588,0.32525572180747986
6807,1.0,0.3105335235595703,0.23082460463047028,0.33353346586227417
6808,0.0,0.1972498893737793,0.19226768612861633,0.24677401781082153
6809,1.0,0.25437748432159424,0.19132758677005768,0.3246740400791168
6810,0.0,0.3137005567550659,0.2053263783454895,0.4877564311027527
6811,1.0,0.5270143747329712,0.5780705809593201,0.7973385453224182
6812,1.0,0.5262759923934937,0.5707687139511108,0.8091206550598145
6813,1.0,0.4314836859703064,0.44949910044670105,0.6588653922080994
6814,1.0,0.28783106803894043,0.3791269063949585,0.5741261839866638
6815,0.0,0.30963844060897827,0.37923064827919006,0.4552900493144989
6816,0.0,0.2570466995239258,0.31952449679374695,0.42600709199905396
6817,1.0,0.1796697974205017,0.21110452711582184,0.2570900321006775
6818,1.0,0.13245147466659546,0.17355267703533173,0.17736154794692993
6819,0.0,0.1347941756248474,0.14957374334335327,0.19975389540195465
6820,0.0,0.1290649175643921,0.168988898396492,0.20907434821128845
6821,0.0,0.08155500888824463,0.11772862821817398,0.12272234261035919
6822,0.0,0.03579843044281006,0.03726094588637352,0.0427413135766983
6823,0.0,0.03579843044281006,0.03690250217914581,0.04209151491522789
6824,0.0,0.034295499324798584,0.030949529260396957,0.04354469105601311
6825,0.0,0.03841155767440796,0.031905561685562134,0.045789919793605804
6826,0.0,0.033297598361968994,0.03652779385447502,0.03651529178023338
6827,0.0,0.03439164161682129,0.030854620039463043,0.04356565698981285
6828,0.0,0.034242451190948486,0.02951601892709732,0.04060184210538864
6829,0.0,0.03516221046447754,0.0575888454914093,0.045973677188158035
6830,0.0,0.03248775005340576,0.05423247814178467,0.042620595544576645
6831,0.0,0.036101460456848145,0.04500401020050049,0.04275323450565338
6832,0.0,0.04865676164627075,0.04555433616042137,0.0737128034234047
6833,0.0,0.04963994026184082,0.05761193111538887,0.07168056815862656
7095,0.0,0.0641736388206482,0.10051577538251877,0.08618072420358658
7096,0.0,0.08047682046890259,0.08470680564641953,0.07369142025709152
7097,0.0,0.11476129293441772,0.10373988002538681,0.1144426241517067
7098,1.0,0.08278262615203857,0.08711257576942444,0.05760866776108742
7099,0.0,0.07557100057601929,0.11147154122591019,0.0744132474064827
7100,0.0,0.10291069746017456,0.09811194241046906,0.09932950884103775
7101,0.0,0.06864500045776367,0.06882794946432114,0.050913255661726
7102,0.0,0.11126101016998291,0.09119047969579697,0.10350948572158813
7103,0.0,0.09759294986724854,0.09932980686426163,0.09667114913463593
7104,0.0,0.12832647562026978,0.12588824331760406,0.10469590872526169
7105,1.0,0.2518259882926941,0.3101578652858734,0.33707740902900696
7106,1.0,0.16678524017333984,0.2780632972717285,0.18942642211914062
7107,1.0,0.1264750361442566,0.16790461540222168,0.18059629201889038
7108,0.0,0.14512544870376587,0.1565110683441162,0.19551706314086914
7109,0.0,0.09109359979629517,0.1317962110042572,0.0919581726193428
7110,0.0,0.15168219804763794,0.13139429688453674,0.15656259655952454
7111,0.0,0.10781657695770264,0.10784487426280975,0.09979742765426636
7112,1.0,0.14465868473052979,0.1024150401353836,0.12675824761390686
7113,0.0,0.0794878602027893,0.09645793586969376,0.07437945902347565
7114,0.0,0.12796521186828613,0.11131154745817184,0.12940417230129242
7115,0.0,0.1293550729751587,0.11370327323675156,0.11007405072450638
7116,0.0,0.0822100043296814,0.07759616523981094,0.05992194265127182
7117,0.0,0.14993029832839966,0.11080875247716904,0.14805717766284943
7118,0.0,0.05845630168914795,0.06927837431430817,0.04080865904688835
7119,0.0,0.1440110206604004,0.14059092104434967,0.1532324105501175
7120,0.0,0.08035099506378174,0.1061815395951271,0.06103896349668503
7121,0.0,0.09052634239196777,0.08101332187652588,0.08759375661611557
7122,0.0,0.08934080600738525,0.09081721305847168,0.07771548628807068
7123,0.0,0.07156109809875488,0.08540298044681549,0.06315892934799194
7124,0.0,0.0713491439819336,0.08568558096885681,0.06102302670478821
7125,0.0,0.06823790073394775,0.07504033297300339,0.05935495346784592
7126,0.0,0.05893224477767944,0.07136351615190506,0.0502917654812336
7127,0.0,0.05256927013397217,0.06846585869789124,0.043858323246240616
7128,0.0,0.04722452163696289,0.05179397761821747,0.04349321499466896
7129,0.0,0.04952317476272583,0.059098586440086365,0.042902518063783646
7130,0.0,0.03397643566131592,0.07512454688549042,0.03156982734799385
7131,0.0,0.03426748514175415,0.04909909889101982,0.02768157608807087
7132,0.0,0.03520023822784424,0.0705559179186821,0.03021829016506672
7133,0.0,0.05617165565490723,0.08762327581644058,0.04798610880970955
7134,0.0,0.056069254875183105,0.056513722985982895,0.05182402580976486
7135,0.0,0.05532783269882202,0.0437806136906147,0.03985228389501572
7136,0.0,0.04687994718551636,0.037224605679512024,0.0395335853099823
7137,0.0,0.054760754108428955,0.03343212604522705,0.03512997180223465
7138,0.0,0.03947091102600098,0.02529009059071541,0.03740471228957176
7139,0.0,0.04045450687408447,0.028806505724787712,0.03410977125167847
7140,0.0,0.039085984230041504,0.02039860002696514,0.039969924837350845
7141,0.0,0.0371171236038208,0.020720746368169785,0.04088513180613518
7142,0.0,0.03940725326538086,0.0389520637691021,0.039394814521074295
7143,0.0,0.036064207553863525,0.04264415055513382,0.038962721824645996
7144,0.0,0.04334604740142822,0.07946091145277023,0.04667240008711815
7145,0.0,0.07544463872909546,0.12612685561180115,0.07661323249340057
7146,0.0,0.05992388725280762,0.06423299014568329,0.07639095932245255
7408,1.0,0.2676212191581726,0.25219184160232544,0.31863150000572205
7409,1.0,0.24502676725387573,0.26682978868484497,0.3762337863445282
7410,1.0,0.21657991409301758,0.28921282291412354,0.37924763560295105
7411,1.0,0.2029895782470703,0.2471344769001007,0.3075444996356964
7412,1.0,0.19027233123779297,0.2146000862121582,0.3185061514377594
7413,1.0,0.12310653924942017,0.20381855964660645,0.19522225856781006
7414,0.0,0.1658678650856018,0.17959760129451752,0.21424752473831177
7415,0.0,0.171270489692688,0.1896820217370987,0.28565117716789246
7416,0.0,0.16489994525909424,0.18317003548145294,0.26625221967697144
7417,0.0,0.2939031720161438,0.4139713644981384,0.6093963384628296
7418,1.0,0.19148892164230347,0.2386966496706009,0.1802164912223816
7419,0.0,0.19695234298706055,0.20927445590496063,0.3969840407371521
7420,1.0,0.30155038833618164,0.31033697724342346,0.3938206732273102
7421,1.0,0.31721389293670654,0.3324728012084961,0.4213419556617737
7422,1.0,0.28359073400497437,0.382906436920166,0.412127822637558
7423,1.0,0.22269225120544434,0.3310371935367584,0.2962038815021515
7424,1.0,0.20511752367019653,0.2607392966747284,0.3364916741847992
7425,1.0,0.23918765783309937,0.28715765476226807,0.4593270421028137
7426,1.0,0.3433457612991333,0.3025107681751251,0.5909530520439148
7427,1.0,0.4109843969345093,0.5326683521270752,0.7510404586791992
7428,1.0,0.5686848163604736,0.7502173185348511,0.9156946539878845
7429,1.0,0.587100625038147,0.7207298874855042,0.9091234803199768
7430,1.0,0.5958540439605713,0.7390506267547607,0.9130967259407043
7431,1.0,0.5501440763473511,0.6550686359405518,0.8482282757759094
7432,1.0,0.5531548261642456,0.645228385925293,0.8718450665473938
7433,1.0,0.5975843071937561,0.5445660352706909,0.9020461440086365
7434,1.0,0.621045708656311,0.599025547504425,0.9118981957435608
7435,1.0,0.545810341835022,0.6085213422775269,0.8952822089195251
7436,1.0,0.6876301169395447,0.6804316639900208,0.9368860721588135
7437,1.0,0.6481776237487793,0.6500147581100464,0.9042647480964661
7438,1.0,0.5707144737243652,0.6713080406188965,0.8480666279792786
7439,1.0,0.4752817749977112,0.46208709478378296,0.7217749357223511
7440,1.0,0.5105603337287903,0.4318215847015381,0.6135508418083191
7441,1.0,0.42171865701675415,0.4484580457210541,0.5898005366325378
7442,1.0,0.3889186978340149,0.38196900486946106,0.551704466342926
7443,1.0,0.3639122247695923,0.3663312792778015,0.5166102647781372
7444,1.0,0.38305115699768066,0.35540536046028137,0.4899403750896454
7445,1.0,0.36462998390197754,0.33223700523376465,0.5030866861343384
7446,0.0,0.384979784488678,0.40803155303001404,0.4623512923717499
7447,0.0,0.21399950981140137,0.211799755692482,0.26944297552108765
7448,1.0,0.17712682485580444,0.20312294363975525,0.22656673192977905
7449,0.0,0.24163633584976196,0.29708579182624817,0.3560556173324585
7450,1.0,0.21132385730743408,0.23999743163585663,0.21488556265830994
7451,1.0,0.2420274019241333,0.26914846897125244,0.3919571042060852
7452,1.0,0.2203555703163147,0.22556930780410767,0.30301812291145325
7453,1.0,0.1609349250793457,0.22428026795387268,0.25105687975883484
7454,0.0,0.16228556632995605,0.19840098917484283,0.18186859786510468
7455,0.0,0.14156466722488403,0.16862453520298004,0.18273217976093292
7456,0.0,0.16441363096237183,0.16551081836223602,0.2111402451992035
7457,0.0,0.1527361273765564,0.21332795917987823,0.2553998827934265
7458,0.0,0.22261226177215576,0.2708835303783417,0.29541879892349243
7459,1.0,0.21685731410980225,0.25214508175849915,0.3395904302597046
7721,0.0,0.3117944598197937,0.24104200303554535,0.30436843633651733
7722,0.0,0.339258074760437,0.2867353856563568,0.3640974164009094
7723,0.0,0.31467556953430176,0.2558291554450989,0.36704519391059875
7724,0.0,0.28754448890686035,0.2757338583469391,0.3795800507068634
7725,0.0,0.40835464000701904,0.24093200266361237,0.4584507942199707
7726,0.0,0.19335854053497314,0.17149122059345245,0.20534496009349823
7727,0.0,0.26800090074539185,0.2536665201187134,0.31596532464027405
7728,0.0,0.2756960988044739,0.24316340684890747,0.33268988132476807
7729,0.0,0.4211844205856323,0.4405360817909241,0.5872185230255127
7730,1.0,0.37152981758117676,0.3911144435405731,0.44550973176956177
7731,0.0,0.33795690536499023,0.2702224552631378,0.43990156054496765
7732,0.0,0.348330557346344,0.3044602572917938,0.4847911596298218
7733,1.0,0.4105756878852844,0.3428058922290802,0.5649093389511108
7734,1.0,0.5450053215026855,0.6005342602729797,0.6962597966194153
7735,1.0,0.5589932799339294,0.7436853647232056,0.756280243396759
7736,1.0,0.49542683362960815,0.6719383001327515,0.7445191144943237
7737,1.0,0.46927571296691895,0.6006061434745789,0.6750932931900024
7738,1.0,0.3794218897819519,0.4262203872203827,0.5828853845596313
7739,0.0,0.44921576976776123,0.4786352515220642,0.6159309148788452
7740,1.0,0.4365295171737671,0.4430706799030304,0.5222525000572205
7741,0.0,0.5847848653793335,0.5367670655250549,0.7268490195274353
7742,1.0,0.4116818904876709,0.4667254090309143,0.48724761605262756
7743,0.0,0.3871753215789795,0.459253191947937,0.4807587265968323
7744,1.0,0.37228959798812866,0.44429442286491394,0.4618980586528778
7745,1.0,0.360836386680603,0.4370492994785309,0.41790255904197693
7746,1.0,0.2732563018798828,0.2725178897380829,0.35118991136550903
7747,0.0,0.2468014359474182,0.268973708152771,0.2906772196292877
7748,0.0,0.41828352212905884,0.4620610475540161,0.5834027528762817
7749,1.0,0.4152531027793884,0.4994044601917267,0.4380105435848236
7750,0.0,0.3270367980003357,0.345307856798172,0.4132234454154968
7751,1.0,0.3295438289642334,0.4137697219848633,0.408524751663208
7752,1.0,0.30775606632232666,0.31963542103767395,0.3328472077846527
7753,0.0,0.1945517659187317,0.2159653753042221,0.23671920597553253
7754,0.0,0.19372957944869995,0.22854827344417572,0.2210034877061844
7755,0.0,0.1804351806640625,0.19984573125839233,0.20851299166679382
7756,0.0,0.18782967329025269,0.23005126416683197,0.20717404782772064
7757,1.0,0.20248740911483765,0.2545481324195862,0.2716708481311798
7758,1.0,0.17904341220855713,0.2092956304550171,0.20204080641269684
7759,0.0,0.17201435565948486,0.23224063217639923,0.2333313226699829
7760,1.0,0.17086708545684814,0.21467351913452148,0.22735826671123505
7761,0.0,0.16242897510528564,0.2088293433189392,0.16170082986354828
7762,0.0,0.17477279901504517,0.2176070660352707,0.18739621341228485
7763,0.0,0.13708961009979248,0.21221590042114258,0.1246492862701416
7764,0.0,0.1136971116065979,0.1510726362466812,0.1136794164776802
7765,0.0,0.14268726110458374,0.18029364943504333,0.10976158082485199
7766,0.0,0.1538824439048767,0.19854919612407684,0.15126995742321014
7767,0.0,0.14846926927566528,0.18706059455871582,0.13925756514072418
7768,0.0,0.2409033179283142,0.2221314013004303,0.2304455041885376
7769,0.0,0.2071380615234375,0.23375345766544342,0.19638150930404663
7770,0.0,0.2190881371498108,0.1788707673549652,0.259770929813385
7771,0.0,0.33470970392227173,0.2344706654548645,0.3849923014640808
7772,0.0,0.29817020893096924,0.25872910022735596,0.3371831774711609
8034,1.0,0.6091474294662476,0.4999181628227234,0.7351046204566956
8035,1.0,0.5565484762191772,0.453717440366745,0.6296778321266174
8036,1.0,0.5360521674156189,0.48334115743637085,0.69251948595047
8037,1.0,0.470242977142334,0.40628916025161743,0.6378534436225891
8038,1.0,0.4487364888191223,0.45011425018310547,0.6454373598098755
8039,1.0,0.4235363006591797,0.4940227270126343,0.5879035592079163
8040,1.0,0.42862188816070557,0.507105827331543,0.6656044125556946
8041,1.0,0.44540107250213623,0.5271748304367065,0.6319793462753296
8042,1.0,0.41799604892730713,0.4987679421901703,0.6058199405670166
8043,1.0,0.4265880584716797,0.5255908966064453,0.6230962872505188
8044,1.0,0.43696653842926025,0.5072831511497498,0.6204500794410706
8045,1.0,0.6084432601928711,0.5828012824058533,0.774671733379364
8046,1.0,0.6731685400009155,0.6553499102592468,0.7890965938568115
8047,1.0,0.525142252445221,0.5405070781707764,0.6795346736907959
8048,1.0,0.45812731981277466,0.47133177518844604,0.6158737540245056
8049,1.0,0.4462254047393799,0.5017345547676086,0.6497071385383606
8050,1.0,0.5220345258712769,0.5504884123802185,0.6244798898696899
8051,1.0,0.4973220229148865,0.5586003661155701,0.651826798915863
8052,1.0,0.5260277986526489,0.5385252833366394,0.6193951368331909
8053,1.0,0.3885604739189148,0.3649253249168396,0.49818509817123413
8054,0.0,0.34858936071395874,0.2804851233959198,0.3798217475414276
8055,1.0,0.3935404419898987,0.35965558886528015,0.4203842580318451
8056,1.0,0.2745029926300049,0.2613680362701416,0.2947589159011841
8057,1.0,0.27874016761779785,0.28452378511428833,0.26133719086647034
8058,0.0,0.30572253465652466,0.28738030791282654,0.3383990526199341
8059,0.0,0.3331379294395447,0.2863168716430664,0.33401691913604736
8060,1.0,0.2738966941833496,0.283248633146286,0.3921406865119934
8061,0.0,0.22334223985671997,0.28424498438835144,0.2671438753604889
8062,0.0,0.32422518730163574,0.3363555073738098,0.4371802806854248
8063,1.0,0.3727625012397766,0.3002412021160126,0.392984002828598
8064,0.0,0.2846927046775818,0.2512964904308319,0.30926257371902466
8065,0.0,0.22730588912963867,0.22641652822494507,0.30758777260780334
8066,0.0,0.2959466576576233,0.2583395838737488,0.3028935194015503
8067,0.0,0.16952955722808838,0.21824005246162415,0.2400074452161789
8068,0.0,0.19563233852386475,0.20065969228744507,0.23461629450321198
8069,0.0,0.21958619356155396,0.23357127606868744,0.28080978989601135
8070,1.0,0.3186304569244385,0.2827168107032776,0.3548380136489868
8071,0.0,0.2689756751060486,0.27539822459220886,0.3949388861656189
8072,0.0,0.20697283744812012,0.19757723808288574,0.2543153166770935
8073,0.0,0.2276795506477356,0.22512857615947723,0.271859735250473
8074,0.0,0.1954541802406311,0.16878341138362885,0.26289770007133484
8075,0.0,0.23691505193710327,0.20382313430309296,0.30633050203323364
8076,0.0,0.1939687728881836,0.19545285403728485,0.2756199240684509
8077,0.0,0.23154449462890625,0.2687654495239258,0.36635538935661316
8078,0.0,0.27414625883102417,0.21432729065418243,0.3760407865047455
8079,0.0,0.23939985036849976,0.23170092701911926,0.3495519459247589
8080,1.0,0.3205912709236145,0.2341446727514267,0.3131274878978729
8081,0.0,0.30549269914627075,0.25524377822875977,0.35363999009132385
8082,0.0,0.2923954725265503,0.2164861261844635,0.33924034237861633
8083,0.0,0.44193363189697266,0.31822746992111206,0.5346972942352295
8084,1.0,0.47398823499679565,0.33930593729019165,0.5971814393997192
8085,0.0,0.4157339334487915,0.37951821088790894,0.5898731350898743
8347,1.0,0.5807631611824036,0.648588240146637,0.832646369934082
8348,1.0,0.6436792016029358,0.5788494944572449,0.8534443974494934
8349,1.0,0.5443075299263,0.3513278365135193,0.7468628287315369
8350,1.0,0.5063480138778687,0.37049952149391174,0.7146663665771484
8351,0.0,0.5927536487579346,0.41286367177963257,0.666114866733551
8352,1.0,0.3638250231742859,0.31495338678359985,0.5290427207946777
8353,1.0,0.565203070640564,0.5824946165084839,0.8179836273193359
8354,1.0,0.55382239818573,0.5197603106498718,0.7774368524551392
8355,1.0,0.5115569233894348,0.4576845169067383,0.710507869720459
8356,0.0,0.3941660523414612,0.4162639379501343,0.5540066361427307
8357,1.0,0.4449493885040283,0.39762362837791443,0.6136775612831116
8358,0.0,0.3766337037086487,0.3236457109451294,0.5685778856277466
8359,1.0,0.6004422903060913,0.4692029356956482,0.7756808400154114
8360,1.0,0.5856430530548096,0.508741557598114,0.767733633518219
8361,1.0,0.5508276224136353,0.5952447056770325,0.6573081016540527
8362,1.0,0.5152641534805298,0.49479955434799194,0.6985180377960205
8363,1.0,0.4499402642250061,0.4354779124259949,0.622424304485321
8364,1.0,0.40733426809310913,0.3798888623714447,0.5615721344947815
8365,0.0,0.3691154718399048,0.3256116211414337,0.5939322710037231
8366,1.0,0.38702714443206787,0.2653804421424866,0.4079136848449707
8367,0.0,0.4255298376083374,0.28481173515319824,0.47983309626579285
8368,1.0,0.41437333822250366,0.3233526349067688,0.4936392903327942
8369,0.0,0.38015419244766235,0.3062758445739746,0.4192029535770416
8370,1.0,0.3844781517982483,0.30737894773483276,0.38208431005477905
8371,0.0,0.4594624638557434,0.3658394515514374,0.5498471856117249
8372,1.0,0.4775272011756897,0.43865713477134705,0.531228244304657
8373,1.0,0.4287150502204895,0.32203587889671326,0.3703277111053467
8374,0.0,0.3236812353134155,0.30396875739097595,0.3115231990814209
8375,0.0,0.40298140048980713,0.32120969891548157,0.35811349749565125
8376,0.0,0.42345261573791504,0.32500573992729187,0.4686886966228485
8377,1.0,0.3302276134490967,0.24593248963356018,0.2801569104194641
8378,0.0,0.29297226667404175,0.24800746142864227,0.2981750965118408
8379,0.0,0.3162490725517273,0.2513369619846344,0.3300394117832184
8380,0.0,0.2890688180923462,0.25029879808425903,0.33878517150878906
8381,0.0,0.2620103359222412,0.21262311935424805,0.2855936586856842
8382,0.0,0.19711554050445557,0.21308155357837677,0.2342427521944046
8383,0.0,0.35610753297805786,0.32426977157592773,0.6023046970367432
8384,0.0,0.3358268141746521,0.29523712396621704,0.5628597736358643
8385,1.0,0.364349901676178,0.31172987818717957,0.4687715172767639
8386,1.0,0.31494998931884766,0.24321725964546204,0.4698733687400818
8387,0.0,0.3126715421676636,0.26690933108329773,0.4632399380207062
8388,0.0,0.24266576766967773,0.2418292760848999,0.4239429831504822
8389,0.0,0.333673894405365,0.2473737597465515,0.4128560721874237
8390,0.0,0.15130853652954102,0.23279571533203125,0.28031983971595764
8391,0.0,0.2705732583999634,0.2542375326156616,0.34032493829727173
8392,0.0,0.1421431303024292,0.14586953818798065,0.20384202897548676
8393,0.0,0.21605253219604492,0.24214106798171997,0.2621241807937622
8394,0.0,0.21214711666107178,0.23740412294864655,0.34317129850387573
8395,0.0,0.31456267833709717,0.2436211109161377,0.4546460211277008
8396,0.0,0.31660544872283936,0.3155714273452759,0.47476544976234436
8397,0.0,0.3623361587524414,0.31259018182754517,0.5022991299629211
8398,0.0,0.36514413356781006,0.3314357399940491,0.6254978775978088
8660,0.0,0.11848866939544678,0.24936513602733612,0.14223073422908783
8661,0.0,0.19178009033203125,0.2151927649974823,0.25836116075515747
8662,0.0,0.15435922145843506,0.2442864030599594,0.17051441967487335
8663,0.0,0.24891048669815063,0.20578481256961823,0.27011990547180176
8664,0.0,0.19773000478744507,0.222730815410614,0.3129659593105316
8665,0.0,0.13308459520339966,0.2187475562095642,0.17152483761310577
8666,0.0,0.11118346452713013,0.1565288007259369,0.14804378151893616
8667,0.0,0.09739398956298828,0.14137445390224457,0.10261741280555725
8668,0.0,0.15424281358718872,0.19639895856380463,0.15385347604751587
8669,0.0,0.1929028034210205,0.21223478019237518,0.21932180225849152
8670,0.0,0.2159917950630188,0.2273101806640625,0.26916012167930603
8671,1.0,0.28607243299484253,0.284690797328949,0.41138768196105957
8672,0.0,0.30702149868011475,0.27546313405036926,0.5099756121635437
8673,0.0,0.21256524324417114,0.25889191031455994,0.3068133294582367
8674,0.0,0.23417776823043823,0.24445785582065582,0.29191720485687256
8675,0.0,0.23354607820510864,0.2339482307434082,0.3406420052051544
8676,0.0,0.3429168462753296,0.3354567885398865,0.5396073460578918
8677,1.0,0.5702495574951172,0.6316642165184021,0.7788928151130676
8678,1.0,0.41885191202163696,0.5592184662818909,0.6738699078559875
8679,1.0,0.40534520149230957,0.41299769282341003,0.5626350045204163
8680,1.0,0.35376715660095215,0.3359034061431885,0.5062986016273499
8681,1.0,0.3535345792770386,0.3477305471897125,0.508222222328186
8682,1.0,0.41621214151382446,0.36823955178260803,0.4634596109390259
8683,1.0,0.35191619396209717,0.3308037221431732,0.45609331130981445
8684,1.0,0.3558230996131897,0.2703316807746887,0.3542080819606781
8685,0.0,0.29431676864624023,0.2715425491333008,0.3116855323314667
8686,0.0,0.3003396987915039,0.29468297958374023,0.29624688625335693
8687,0.0,0.25278639793395996,0.21893976628780365,0.2573988437652588
8688,0.0,0.08403778076171875,0.15174514055252075,0.10229361057281494
8689,0.0,0.13985562324523926,0.19162917137145996,0.15336792171001434
8690,0.0,0.08990567922592163,0.1792289912700653,0.08129645884037018
8691,0.0,0.07146894931793213,0.16255711019039154,0.08101776242256165
8692,0.0,0.04790830612182617,0.12226961553096771,0.052213698625564575
8693,0.0,0.0842750072479248,0.17815333604812622,0.1058054119348526
8694,0.0,0.09112966060638428,0.18655692040920258,0.12883365154266357
8695,0.0,0.12257188558578491,0.21225309371948242,0.18674717843532562
8696,0.0,0.14577698707580566,0.2359955608844757,0.2045430839061737
8697,0.0,0.1168789267539978,0.21737264096736908,0.16670441627502441
8698,0.0,0.05897319316864014,0.12054309993982315,0.08252301812171936
8699,0.0,0.11024820804595947,0.1887584775686264,0.1485440582036972
8700,0.0,0.11582612991333008,0.16404156386852264,0.1659550815820694
8701,0.0,0.1232142448425293,0.19681726396083832,0.18293708562850952
8702,0.0,0.09908080101013184,0.19000038504600525,0.12822577357292175
8703,0.0,0.080341637134552,0.13780197501182556,0.12326925992965698
8704,0.0,0.06593590974807739,0.1041458323597908,0.0746985375881195
8705,0.0,0.058809101581573486,0.10224060714244843,0.05932820960879326
8706,0.0,0.06310480833053589,0.1121966689825058,0.046653520315885544
8707,0.0,0.10684919357299805,0.21349702775478363,0.10113445669412613
8708,0.0,0.1702057123184204,0.26907211542129517,0.19158735871315002
8709,0.0,0.20241475105285645,0.2381240874528885,0.2339426726102829
8710,0.0,0.321073055267334,0.2730349600315094,0.46094009280204773
8711,0.0,0.3845846652984619,0.3726406991481781,0.5820605158805847
8973,1.0,0.05441617965698242,0.04788156598806381,0.049565620720386505
8974,1.0,0.05863147974014282,0.0480201356112957,0.04742378368973732
8975,1.0,0.05287259817123413,0.07871942967176437,0.04119516909122467
8976,1.0,0.05769890546798706,0.06469783931970596,0.040723033249378204
8977,1.0,0.056324660778045654,0.04719823971390724,0.042849838733673096
8978,1.0,0.057314515113830566,0.07087498903274536,0.045615389943122864
8979,1.0,0.05864274501800537,0.06885825097560883,0.048485398292541504
8980,1.0,0.0641903281211853,0.08179957419633865,0.04730735346674919
8981,1.0,0.043890953063964844,0.06588340550661087,0.03786730766296387
8982,1.0,0.052533090114593506,0.06558889895677567,0.0455423966050148
8983,1.0,0.05951583385467529,0.0673912838101387,0.05042224004864693
8984,1.0,0.06515336036682129,0.06755460053682327,0.05775664746761322
8985,1.0,0.060243189334869385,0.063510462641716,0.047426216304302216
8986,1.0,0.1515325903892517,0.17294593155384064,0.10602721571922302
8987,1.0,0.24361854791641235,0.17620421946048737,0.25496894121170044
8988,1.0,0.23808681964874268,0.2061222493648529,0.22500377893447876
8989,1.0,0.44054341316223145,0.32413217425346375,0.438984215259552
8990,1.0,0.513332724571228,0.6601518988609314,0.6760015487670898
8991,1.0,0.3419766426086426,0.43108078837394714,0.45283573865890503
8992,1.0,0.24862056970596313,0.22271768748760223,0.3873006999492645
8993,1.0,0.1896291971206665,0.22729140520095825,0.3228331506252289
8994,1.0,0.1893751621246338,0.2248966544866562,0.2211260050535202
8995,1.0,0.04300957918167114,0.026342324912548065,0.04465081915259361
8996,1.0,0.058876752853393555,0.02782510779798031,0.048275742679834366
8997,1.0,0.04667222499847412,0.035748228430747986,0.03894096985459328
8998,1.0,0.045623838901519775,0.03418165072798729,0.03843838721513748
8999,1.0,0.04103904962539673,0.025240642949938774,0.037161730229854584
9000,1.0,0.037148356437683105,0.02394924871623516,0.036573708057403564
9001,1.0,0.03710615634918213,0.023773616179823875,0.047811359167099
9002,1.0,0.04405832290649414,0.02539878897368908,0.04431687295436859
9003,1.0,0.02607184648513794,0.027262499555945396,0.02917463704943657
9004,1.0,0.029215633869171143,0.029816361144185066,0.027745123952627182
9005,1.0,0.026135265827178955,0.029921257868409157,0.032138388603925705
9006,1.0,0.034104883670806885,0.0387423112988472,0.03371727466583252
9007,1.0,0.027320921421051025,0.028937555849552155,0.0262546855956316
9008,1.0,0.03151065111160278,0.030347703024744987,0.029963700100779533
9009,1.0,0.03171747922897339,0.029702281579375267,0.029216429218649864
9010,1.0,0.0350041389465332,0.04242270067334175,0.044383224099874496
9011,1.0,0.03725028038024902,0.031278036534786224,0.045064713805913925
9012,1.0,0.03185164928436279,0.03253346309065819,0.04029849171638489
9013,1.0,0.037551045417785645,0.031872209161520004,0.046357374638319016
9014,1.0,0.03607368469238281,0.041849080473184586,0.040892407298088074
9015,1.0,0.030050277709960938,0.027023032307624817,0.03704164922237396
9016,1.0,0.039164721965789795,0.06442557275295258,0.04218973591923714
9017,1.0,0.038584351539611816,0.03803578019142151,0.04216057062149048
9018,1.0,0.07567864656448364,0.13708561658859253,0.11065006256103516
9019,1.0,0.04699444770812988,0.1142839789390564,0.04803873971104622
9020,1.0,0.14139771461486816,0.18753594160079956,0.1325129121541977
9021,1.0,0.08945214748382568,0.16148622334003448,0.07903209328651428
9022,1.0,0.09370428323745728,0.08796373754739761,0.09528429061174393
9023,1.0,0.09943932294845581,0.07244190573692322,0.0975811555981636
9024,1.0,0.07941210269927979,0.10544085502624512,0.08688795566558838
9286,1.0,0.7333754301071167,0.7084101438522339,0.9795340299606323
9287,1.0,0.7573170065879822,0.7135902643203735,0.9578367471694946
9288,1.0,0.7140878438949585,0.6767023801803589,0.9588114619255066
9289,1.0,0.7058808207511902,0.6439996361732483,0.932000458240509
9290,1.0,0.5585517883300781,0.606282651424408,0.8409684300422668
9291,1.0,0.6589739322662354,0.6707451343536377,0.9308108687400818
9292,1.0,0.6447775363922119,0.6690047383308411,0.9314943552017212
9293,1.0,0.6318910121917725,0.6295180320739746,0.9421600699424744
9294,1.0,0.6231993436813354,0.6415933966636658,0.9567177295684814
9295,1.0,0.7334848046302795,0.686955988407135,0.9626173973083496
9296,1.0,0.714901328086853,0.7801526784896851,0.9893023371696472
9297,1.0,0.6163218021392822,0.8928444385528564,0.9809027910232544
9298,1.0,0.8345987796783447,0.8093287944793701,0.9831082224845886
9299,1.0,0.8423078060150146,0.7238548994064331,0.98313969373703
9300,1.0,0.801291286945343,0.8435895442962646,0.9878653883934021
9301,1.0,0.8322573304176331,0.8511591553688049,0.9851566553115845
9302,1.0,0.8274406790733337,0.7474794983863831,0.9829548001289368
9303,1.0,0.8190732002258301,0.8583599925041199,0.9821383953094482
9304,1.0,0.8286371827125549,0.9177517890930176,0.9839451909065247
9305,1.0,0.7641028761863708,0.9348592162132263,0.9837620854377747
9306,1.0,0.7632245421409607,0.9093937277793884,0.9842159152030945
9307,1.0,0.8097726106643677,0.897034227848053,0.9764020442962646
9308,1.0,0.7646170258522034,0.9381636381149292,0.9846632480621338
9309,1.0,0.7752406597137451,0.9093047976493835,0.978812575340271
9310,1.0,0.7834558486938477,0.9258188605308533,0.9784901738166809
9311,1.0,0.8042101263999939,0.901141881942749,0.966535747051239
9312,1.0,0.7649847269058228,0.9123193621635437,0.9765476584434509
9313,1.0,0.7456618547439575,0.9048187136650085,0.9695661664009094
9314,1.0,0.7848071455955505,0.9250118136405945,0.9754860997200012
9315,1.0,0.7691764831542969,0.9057220220565796,0.9697950482368469
9316,1.0,0.6930580139160156,0.8086718916893005,0.9421741366386414
9317,1.0,0.666653037071228,0.8282310962677002,0.924189567565918
9318,1.0,0.5999710559844971,0.7720345854759216,0.8526926040649414
9319,1.0,0.608128547668457,0.8339354395866394,0.8819581270217896
9320,1.0,0.6293299198150635,0.763249933719635,0.8365577459335327
9321,1.0,0.5851143002510071,0.8057090044021606,0.8197119235992432
9322,1.0,0.5355597734451294,0.7500901818275452,0.7848430275917053
9323,1.0,0.529110312461853,0.7640615105628967,0.8154478073120117
9324,1.0,0.5423785448074341,0.7712920904159546,0.7978264093399048
9325,1.0,0.5248156189918518,0.7751483917236328,0.7714611887931824
9326,1.0,0.5493578910827637,0.7966470718383789,0.8151979446411133
9327,1.0,0.5787190794944763,0.7552778124809265,0.8249221444129944
9328,1.0,0.48412245512008667,0.7925103306770325,0.7524264454841614
9329,1.0,0.5132628679275513,0.7104535698890686,0.7564360499382019
9330,1.0,0.6103425025939941,0.7182244658470154,0.8188584446907043
9331,1.0,0.6121891736984253,0.6847737431526184,0.820597231388092
9332,1.0,0.5443377494812012,0.6978198289871216,0.7743175625801086
9333,1.0,0.6043307185173035,0.709093451499939,0.7825891971588135
9334,1.0,0.5889953374862671,0.6414036154747009,0.809191107749939
9335,1.0,0.6007855534553528,0.7350418567657471,0.8202068209648132
9336,1.0,0.6709997057914734,0.6158633232116699,0.8432911038398743
9337,1.0,0.6953712105751038,0.6039666533470154,0.8753551244735718
9599,0.0,0.24136364459991455,0.16263851523399353,0.19228409230709076
9600,0.0,0.19034534692764282,0.1641106903553009,0.1712019443511963
9601,0.0,0.23563259840011597,0.17534494400024414,0.21093440055847168
9602,0.0,0.2706078886985779,0.1969251036643982,0.23443108797073364
9603,0.0,0.32768332958221436,0.2304684966802597,0.3514699637889862
9604,0.0,0.2757522463798523,0.18646739423274994,0.2603655755519867
9605,0.0,0.17860060930252075,0.1614452451467514,0.2342492938041687
9606,0.0,0.16735494136810303,0.11901738494634628,0.17791180312633514
9607,0.0,0.13915574550628662,0.11247476190328598,0.13971799612045288
9608,0.0,0.19431233406066895,0.14292088150978088,0.1644267439842224
9609,0.0,0.1460530161857605,0.15279150009155273,0.13515609502792358
9610,0.0,0.2470220923423767,0.18230155110359192,0.29409003257751465
9611,0.0,0.24775230884552002,0.19745761156082153,0.25026941299438477
9612,0.0,0.2611897587776184,0.1992367058992386,0.3087192475795746
9613,0.0,0.18417078256607056,0.13793903589248657,0.25207963585853577
9614,0.0,0.2773192524909973,0.19788774847984314,0.2758735418319702
9615,0.0,0.2443590760231018,0.15831249952316284,0.2385852336883545
9616,0.0,0.11953288316726685,0.125885471701622,0.0974704697728157
9617,0.0,0.13939517736434937,0.10961844027042389,0.1654462069272995
9618,0.0,0.15582507848739624,0.16819395124912262,0.15625275671482086
9619,0.0,0.17865604162216187,0.17319083213806152,0.1866132915019989
9620,0.0,0.1725887656211853,0.16379165649414062,0.1985625922679901
9621,0.0,0.19657719135284424,0.16980119049549103,0.17277371883392334
9622,0.0,0.17737025022506714,0.18404445052146912,0.1931362897157669
9623,0.0,0.15090298652648926,0.15911594033241272,0.18555916845798492
9624,0.0,0.18736469745635986,0.1796818971633911,0.17614313960075378
9625,0.0,0.1798543930053711,0.17933502793312073,0.19338712096214294
9626,0.0,0.17616170644760132,0.20600448548793793,0.19840043783187866
9627,0.0,0.25785547494888306,0.2871796190738678,0.22756341099739075
9628,0.0,0.19654595851898193,0.25459688901901245,0.22549954056739807
9629,0.0,0.19352954626083374,0.208354651927948,0.2317606657743454
9630,0.0,0.1807151436805725,0.22092926502227783,0.20847612619400024
9631,0.0,0.18314647674560547,0.20641738176345825,0.20120348036289215
9632,0.0,0.1782078742980957,0.23727039992809296,0.18781960010528564
9633,0.0,0.23609644174575806,0.271353542804718,0.2491586059331894
9634,0.0,0.21296817064285278,0.2279537469148636,0.23099102079868317
9635,0.0,0.20039743185043335,0.21473421156406403,0.20676548779010773
9636,0.0,0.11923331022262573,0.14082740247249603,0.11874746531248093
9637,0.0,0.17059355974197388,0.19696255028247833,0.1501615196466446
9638,0.0,0.14108210802078247,0.18280029296875,0.11775864660739899
9639,0.0,0.18403911590576172,0.20897936820983887,0.19489946961402893
9640,0.0,0.18865174055099487,0.2624320983886719,0.14871035516262054
9641,0.0,0.1615821123123169,0.215803325176239,0.1390686333179474
9642,0.0,0.2821305990219116,0.3752533197402954,0.27785903215408325
9643,0.0,0.24653345346450806,0.2992081940174103,0.19476447999477386
9644,0.0,0.14220905303955078,0.2109782099723816,0.13109298050403595
9645,0.0,0.19358885288238525,0.22743530571460724,0.18323247134685516
9646,0.0,0.231256365776062,0.24845507740974426,0.20017901062965393
9647,0.0,0.1820862889289856,0.22132739424705505,0.15598022937774658
9648,0.0,0.2131926417350769,0.2270711213350296,0.23142515122890472
9649,0.0,0.20806145668029785,0.14715693891048431,0.18153733015060425
9650,0.0,0.23450839519500732,0.2552308142185211,0.24225297570228577
9912,0.0,0.1328865885734558,0.15953196585178375,0.1359587162733078
9913,0.0,0.2500273585319519,0.21286994218826294,0.26919448375701904
9914,1.0,0.3026580810546875,0.27434661984443665,0.39902377128601074
9915,1.0,0.5194240212440491,0.39704668521881104,0.7221595048904419
9916,1.0,0.47751152515411377,0.4236866235733032,0.6920782923698425
9917,1.0,0.4655601382255554,0.33644694089889526,0.5224576592445374
9918,1.0,0.43108707666397095,0.3847053647041321,0.6538619995117188
9919,1.0,0.4442599415779114,0.3593313992023468,0.5560107827186584
9920,1.0,0.5737841725349426,0.3975643515586853,0.7146299481391907
9921,1.0,0.48707592487335205,0.5070652365684509,0.6524535417556763
9922,1.0,0.5876824855804443,0.5303680300712585,0.7953090667724609
9923,1.0,0.4858623147010803,0.49879592657089233,0.6438241004943848
9924,1.0,0.588456392288208,0.6405900120735168,0.7003651261329651
9925,1.0,0.494465708732605,0.4923384487628937,0.6220026016235352
9926,1.0,0.5197726488113403,0.49507999420166016,0.5705748200416565
9927,1.0,0.49324989318847656,0.47727468609809875,0.591228187084198
9928,1.0,0.4551087021827698,0.5135758519172668,0.5573028326034546
9929,1.0,0.4278765916824341,0.33707836270332336,0.5690547227859497
9930,1.0,0.3472462296485901,0.30372384190559387,0.37093326449394226
9931,1.0,0.22644013166427612,0.2531968057155609,0.2479843944311142
9932,1.0,0.20857828855514526,0.25641104578971863,0.23661191761493683
9933,0.0,0.21528232097625732,0.2745586037635803,0.16998910903930664
9934,1.0,0.19698065519332886,0.22012649476528168,0.17992590367794037
9935,0.0,0.18025636672973633,0.2038220316171646,0.2040083110332489
9936,0.0,0.18709617853164673,0.19645342230796814,0.17523854970932007
9937,1.0,0.17287921905517578,0.20441408455371857,0.18349230289459229
9938,0.0,0.10224533081054688,0.1631101667881012,0.1298045963048935
9939,0.0,0.11239689588546753,0.12277592718601227,0.13503777980804443
9940,0.0,0.1209862232208252,0.15521404147148132,0.10313612222671509
9941,0.0,0.08534741401672363,0.12528632581233978,0.07545023411512375
9942,0.0,0.10852295160293579,0.13111335039138794,0.06415602564811707
9943,1.0,0.17647391557693481,0.1709740161895752,0.1846906691789627
9944,1.0,0.19293618202209473,0.21117869019508362,0.2593576908111572
9945,0.0,0.1542367935180664,0.18066029250621796,0.19846826791763306
9946,1.0,0.1830742359161377,0.16862250864505768,0.1725647747516632
9947,0.0,0.11807531118392944,0.16877619922161102,0.14482945203781128
9948,0.0,0.1396498680114746,0.14230939745903015,0.14503884315490723
9949,0.0,0.12575995922088623,0.13158269226551056,0.14199142158031464
9950,0.0,0.1232648491859436,0.15696944296360016,0.13068480789661407
9951,0.0,0.15892302989959717,0.1814742088317871,0.15869148075580597
9952,0.0,0.10845160484313965,0.11685989052057266,0.10456538200378418
9953,0.0,0.09749740362167358,0.08222189545631409,0.07427912950515747
9954,0.0,0.13128280639648438,0.1727316975593567,0.12439677864313126
9955,1.0,0.2767472267150879,0.21506749093532562,0.3685997426509857
9956,1.0,0.17871540784835815,0.1995723396539688,0.22282715141773224
9957,0.0,0.24274832010269165,0.24320778250694275,0.24515382945537567
9958,1.0,0.32062703371047974,0.2586861550807953,0.329423189163208
9959,1.0,0.3121348023414612,0.2611633837223053,0.3233070969581604
9960,1.0,0.22225457429885864,0.23053067922592163,0.21556179225444794
9961,0.0,0.44137275218963623,0.43518900871276855,0.4737411141395569
9962,1.0,0.45550113916397095,0.37213560938835144,0.5350898504257202
9963,0.0,0.36151033639907837,0.31056880950927734,0.462859183549881
10225,1.0,0.31756699085235596,0.4130397439002991,0.4307880401611328
10226,1.0,0.32712244987487793,0.38746732473373413,0.43534499406814575
10227,0.0,0.2923106551170349,0.34583619236946106,0.4574625492095947
10228,1.0,0.4052317142486572,0.4028066098690033,0.5312356948852539
10229,1.0,0.20688587427139282,0.30099743604660034,0.21047569811344147
10230,0.0,0.284454345703125,0.2882225513458252,0.4473673403263092
10231,1.0,0.3441600203514099,0.3249343931674957,0.5146600604057312
10232,1.0,0.2817075848579407,0.3234383761882782,0.3877728581428528
10233,1.0,0.38300782442092896,0.35626766085624695,0.565506100654602
10234,1.0,0.44792085886001587,0.5080438852310181,0.6745986938476562
10235,1.0,0.38286280632019043,0.5110743641853333,0.6318177580833435
10236,0.0,0.3439931869506836,0.3710501790046692,0.5055501461029053
10237,1.0,0.33221203088760376,0.4374222457408905,0.49347829818725586
10238,1.0,0.3636685609817505,0.36470797657966614,0.4932394325733185
10239,1.0,0.3480372428894043,0.2865230441093445,0.45709800720214844
10240,1.0,0.28882819414138794,0.32427141070365906,0.40090903639793396
10241,1.0,0.3764553666114807,0.25686323642730713,0.5327779054641724
10242,1.0,0.300595223903656,0.3023603856563568,0.3701881766319275
10243,1.0,0.19901573657989502,0.23845607042312622,0.301392138004303
10244,1.0,0.248552143573761,0.21951588988304138,0.291763037443161
10245,1.0,0.2481445074081421,0.20819619297981262,0.29327261447906494
10246,1.0,0.16977769136428833,0.14929141104221344,0.24383965134620667
10247,0.0,0.2882949113845825,0.2364315539598465,0.4843420088291168
10248,1.0,0.21961694955825806,0.29884934425354004,0.323490172624588
10249,0.0,0.27436763048171997,0.2870533764362335,0.3298491835594177
10250,0.0,0.22413194179534912,0.305469810962677,0.26130595803260803
10251,1.0,0.30354470014572144,0.29819992184638977,0.2515607178211212
10252,1.0,0.16809552907943726,0.18772639334201813,0.1573278307914734
10253,0.0,0.3001320958137512,0.2471742182970047,0.3812970221042633
10254,1.0,0.22466015815734863,0.21480222046375275,0.2616395950317383
10255,1.0,0.17720270156860352,0.17666855454444885,0.302313894033432
10256,1.0,0.1383953094482422,0.11176431179046631,0.19961121678352356
10257,0.0,0.11502009630203247,0.1256207823753357,0.13995090126991272
10258,1.0,0.13684242963790894,0.11744074523448944,0.1879076063632965
10259,1.0,0.11993134021759033,0.08743838965892792,0.14375153183937073
10260,1.0,0.10836976766586304,0.06911500543355942,0.16822218894958496
10261,0.0,0.07578951120376587,0.08894292265176773,0.09839357435703278
10262,0.0,0.13668137788772583,0.09181048721075058,0.14152801036834717
10263,1.0,0.16800767183303833,0.09692682325839996,0.12366459518671036
10264,1.0,0.14085447788238525,0.11754923313856125,0.16924338042736053
10265,1.0,0.1290786862373352,0.08734968304634094,0.16895140707492828
10266,1.0,0.1009034514427185,0.07130714505910873,0.1525147706270218
10267,0.0,0.0992887020111084,0.08554401993751526,0.10685751587152481
10268,1.0,0.13794177770614624,0.10080242156982422,0.17900943756103516
10269,0.0,0.1401461362838745,0.10390738397836685,0.1649501621723175
10270,1.0,0.08572328090667725,0.07054031640291214,0.10176340490579605
10271,0.0,0.11320710182189941,0.13023485243320465,0.11519162356853485
10272,1.0,0.1214592456817627,0.09120102226734161,0.15433162450790405
10273,0.0,0.12447357177734375,0.11616091430187225,0.10900572687387466
10274,1.0,0.1634511947631836,0.10981380194425583,0.14294135570526123
10275,1.0,0.2430911660194397,0.19400393962860107,0.32225796580314636
10276,1.0,0.24194210767745972,0.3896849453449249,0.3439192771911621
10538,0.0,0.06324219703674316,0.09381408989429474,0.04658697918057442
10539,0.0,0.12720274925231934,0.15080109238624573,0.08986050635576248
10540,0.0,0.09568202495574951,0.11745429784059525,0.0493801012635231
10541,0.0,0.07420516014099121,0.13783814013004303,0.04932211712002754
10542,0.0,0.1867637038230896,0.15819039940834045,0.16545620560646057
10543,0.0,0.24512678384780884,0.4194336533546448,0.14326465129852295
10544,0.0,0.15270352363586426,0.20031443238258362,0.14024920761585236
10545,0.0,0.18413877487182617,0.19644798338413239,0.16921688616275787
10546,0.0,0.2976166009902954,0.2753574252128601,0.26820364594459534
10547,0.0,0.3093740940093994,0.29834216833114624,0.2749132812023163
10548,0.0,0.1864643692970276,0.2719314992427826,0.14274606108665466
10549,0.0,0.17755061388015747,0.1848260909318924,0.17336107790470123
10550,0.0,0.29185086488723755,0.27110499143600464,0.2591572403907776
10551,0.0,0.21322160959243774,0.2928297817707062,0.17313319444656372
10552,0.0,0.17177081108093262,0.27993667125701904,0.15089422464370728
10553,0.0,0.19235622882843018,0.20838573575019836,0.14999498426914215
10554,0.0,0.1533493995666504,0.2070845514535904,0.08922051638364792
10555,0.0,0.1279628872871399,0.1335064023733139,0.09677120298147202
10556,0.0,0.11076772212982178,0.13241668045520782,0.09552935510873795
10557,0.0,0.12386351823806763,0.13723783195018768,0.09876327216625214
10558,0.0,0.11801719665527344,0.12766242027282715,0.06741967052221298
10559,0.0,0.10139423608779907,0.1109900176525116,0.045212522149086
10560,0.0,0.14468073844909668,0.14587849378585815,0.08841326087713242
10561,0.0,0.11199390888214111,0.11124994605779648,0.060732126235961914
10562,0.0,0.15188097953796387,0.1515960395336151,0.14387540519237518
10563,0.0,0.16191452741622925,0.16783545911312103,0.1387224793434143
10564,0.0,0.10004681348800659,0.09837161749601364,0.08088521659374237
10565,0.0,0.12042498588562012,0.14308705925941467,0.10338978469371796
10566,0.0,0.1195717453956604,0.13341094553470612,0.06597527861595154
10567,0.0,0.09196871519088745,0.09205187112092972,0.04372869059443474
10568,0.0,0.09113079309463501,0.13077296316623688,0.049199532717466354
10569,0.0,0.1278509497642517,0.12307390570640564,0.056171439588069916
10570,0.0,0.08116018772125244,0.12407142668962479,0.04338714852929115
10571,0.0,0.09873896837234497,0.12464530766010284,0.06030701845884323
10572,0.0,0.09698843955993652,0.13952934741973877,0.06064924597740173
10573,0.0,0.14020580053329468,0.17286168038845062,0.08283206820487976
10574,0.0,0.11163944005966187,0.17576414346694946,0.06426652520895004
10575,0.0,0.09740239381790161,0.11066388338804245,0.07076485455036163
10576,0.0,0.09890931844711304,0.09191101044416428,0.07082953304052353
10577,0.0,0.0895833969116211,0.10048053413629532,0.04697389155626297
10578,0.0,0.0941576361656189,0.09855514764785767,0.06550686806440353
10579,0.0,0.06942451000213623,0.08482467383146286,0.04697614535689354
10580,0.0,0.14636611938476562,0.12730173766613007,0.11163628846406937
10581,0.0,0.09934628009796143,0.13599620759487152,0.05801220238208771
10582,0.0,0.06453126668930054,0.09947775304317474,0.053070057183504105
10583,0.0,0.09472435712814331,0.11033090204000473,0.07012932002544403
10584,0.0,0.05946815013885498,0.1123664602637291,0.03096812404692173
10585,0.0,0.09731006622314453,0.13647130131721497,0.06524167954921722
10586,0.0,0.09216761589050293,0.10288134962320328,0.06436464935541153
10587,0.0,0.058564841747283936,0.09925234317779541,0.03771961107850075
10588,0.0,0.13206171989440918,0.16058115661144257,0.08242032676935196
10589,0.0,0.15216726064682007,0.21309706568717957,0.09816721826791763
10851,1.0,0.1870993971824646,0.22122861444950104,0.16829368472099304
10852,1.0,0.2448892593383789,0.21990381181240082,0.294956773519516
10853,1.0,0.21858304738998413,0.21664738655090332,0.5133402347564697
10854,1.0,0.2768203020095825,0.20453466475009918,0.4470447897911072
10855,1.0,0.12565511465072632,0.13715294003486633,0.10462071001529694
10856,1.0,0.1647774577140808,0.2293667048215866,0.28665438294410706
10857,1.0,0.2154000997543335,0.24788722395896912,0.23993191123008728
10858,1.0,0.17133569717407227,0.18689212203025818,0.1263069361448288
10859,1.0,0.27945810556411743,0.29891180992126465,0.3823319971561432
10860,1.0,0.272381067276001,0.22652959823608398,0.48595738410949707
10861,1.0,0.23368310928344727,0.20173296332359314,0.3778890073299408
10862,1.0,0.27683764696121216,0.1670568287372589,0.614703357219696
10863,1.0,0.3285253643989563,0.24265775084495544,0.390763521194458
10864,1.0,0.39668405055999756,0.23590879142284393,0.5415545701980591
10865,1.0,0.2043517827987671,0.16025064885616302,0.2341909110546112
10866,1.0,0.2346300482749939,0.22254939377307892,0.26890966296195984
10867,1.0,0.3928796648979187,0.23277994990348816,0.6348751187324524
10868,1.0,0.2936609983444214,0.19509750604629517,0.22220413386821747
10869,1.0,0.10144913196563721,0.1901291459798813,0.08715265244245529
10870,1.0,0.13067001104354858,0.21865621209144592,0.21915508806705475
10871,1.0,0.06730443239212036,0.17961376905441284,0.08727841079235077
10872,1.0,0.07750236988067627,0.12322654575109482,0.08472013473510742
10873,1.0,0.051050662994384766,0.10007385164499283,0.06222889944911003
10874,1.0,0.06932848691940308,0.07529255747795105,0.058425504714250565
10875,1.0,0.03479719161987305,0.04144952818751335,0.05182227864861488
10876,1.0,0.03690570592880249,0.042519841343164444,0.03689216077327728
10877,1.0,0.034717559814453125,0.03659837692975998,0.04476657509803772
10878,1.0,0.03857630491256714,0.045455899089574814,0.06136806681752205
10879,1.0,0.0690186619758606,0.15364107489585876,0.09166238456964493
10880,1.0,0.07379758358001709,0.2266097217798233,0.13976696133613586
10881,1.0,0.05761575698852539,0.16127486526966095,0.12454763799905777
10882,1.0,0.08817523717880249,0.1967838555574417,0.145354762673378
10883,1.0,0.07567358016967773,0.20704439282417297,0.10983511060476303
10884,1.0,0.07144856452941895,0.12586069107055664,0.0805492252111435
10885,1.0,0.04585534334182739,0.09297763556241989,0.04636671394109726
10886,1.0,0.04079270362854004,0.07815785706043243,0.056191518902778625
10887,1.0,0.05573701858520508,0.0711846575140953,0.04635689780116081
10888,1.0,0.022700607776641846,0.07047872990369797,0.022669509053230286
10889,1.0,0.05486541986465454,0.07141930609941483,0.061952922493219376
10890,1.0,0.08487170934677124,0.10260822623968124,0.12384980916976929
10891,1.0,0.06485319137573242,0.1364637315273285,0.08145473152399063
10892,1.0,0.0974079966545105,0.08506222814321518,0.08633389323949814
10893,1.0,0.20425748825073242,0.16812008619308472,0.21705608069896698
10894,1.0,0.11995542049407959,0.12440282106399536,0.1335408091545105
10895,1.0,0.19989639520645142,0.12733320891857147,0.21722789108753204
10896,1.0,0.14245951175689697,0.13927775621414185,0.1437353491783142
10897,1.0,0.21912658214569092,0.24297170341014862,0.2617737352848053
10898,1.0,0.2195981740951538,0.11892342567443848,0.27478814125061035
10899,1.0,0.22745144367218018,0.17526671290397644,0.4695049822330475
10900,1.0,0.25130802392959595,0.17290101945400238,0.17523586750030518
10901,1.0,0.49526768922805786,0.1672341525554657,0.6013954877853394
10902,1.0,0.3663827180862427,0.22211384773254395,0.5214797258377075
11164,0.0,0.049876272678375244,0.030915355309844017,0.03560690954327583
11165,0.0,0.04968583583831787,0.02846195176243782,0.0344385951757431
11166,0.0,0.043134987354278564,0.028350941836833954,0.04091021418571472
11167,0.0,0.04329591989517212,0.03280346095561981,0.027947332710027695
11168,0.0,0.046999335289001465,0.028984082862734795,0.038072891533374786
11169,0.0,0.0328555703163147,0.0420413538813591,0.02576473541557789
11170,0.0,0.03411513566970825,0.0415646955370903,0.027079960331320763
11171,0.0,0.047151803970336914,0.048359472304582596,0.029724400490522385
11172,0.0,0.03182017803192139,0.04602767154574394,0.03221699595451355
11173,0.0,0.051062822341918945,0.028585204854607582,0.04085378721356392
11174,0.0,0.045327842235565186,0.06562827527523041,0.0359465628862381
11175,0.0,0.041591525077819824,0.04302426055073738,0.027211768552660942
11176,0.0,0.04746633768081665,0.046055153012275696,0.03108724020421505
11177,0.0,0.047028183937072754,0.055017776787281036,0.02753090299665928
11178,0.0,0.050592660903930664,0.038033220916986465,0.0322328619658947
11179,0.0,0.04794400930404663,0.03858022764325142,0.03468909114599228
11180,0.0,0.051406919956207275,0.0346946083009243,0.030000807717442513
11181,0.0,0.05094796419143677,0.032863799482584,0.032896675169467926
11182,0.0,0.05095624923706055,0.02886294387280941,0.026813318952918053
11183,0.0,0.04189431667327881,0.028577426448464394,0.024609096348285675
11184,0.0,0.04710739850997925,0.028752129524946213,0.027698766440153122
11185,0.0,0.03529691696166992,0.022801177576184273,0.023713955655694008
11186,0.0,0.03257870674133301,0.021003631874918938,0.019617510959506035
11187,0.0,0.031026840209960938,0.040408745408058167,0.01729973964393139
11188,0.0,0.028870046138763428,0.025540554895997047,0.017499567940831184
11189,0.0,0.030940651893615723,0.03446676954627037,0.019472582265734673
11190,0.0,0.02771824598312378,0.020775659009814262,0.016504576429724693
11191,0.0,0.021306931972503662,0.049985408782958984,0.011591012589633465
11192,0.0,0.02480614185333252,0.025239573791623116,0.01409940142184496
11193,0.0,0.02480614185333252,0.023650525137782097,0.013898921199142933
11194,0.0,0.02499520778656006,0.024215485900640488,0.014017854817211628
11195,0.0,0.02110201120376587,0.01854763738811016,0.010377168655395508
11196,0.0,0.022044897079467773,0.019347762688994408,0.009863319806754589
11197,0.0,0.024586021900177002,0.02123601920902729,0.011726963333785534
11198,0.0,0.021404922008514404,0.0273105688393116,0.00924366619437933
11199,0.0,0.022656738758087158,0.01765875518321991,0.010745964013040066
11200,0.0,0.022250652313232422,0.030898364260792732,0.009993425570428371
11201,0.0,0.021091103553771973,0.01756230741739273,0.010331853292882442
11202,0.0,0.021939218044281006,0.016818344593048096,0.01091286912560463
11203,0.0,0.030205070972442627,0.015808451920747757,0.01763848029077053
11204,0.0,0.021129488945007324,0.015421806834638119,0.010786745697259903
11205,0.0,0.01930367946624756,0.012615032494068146,0.008842789568006992
11206,0.0,0.029334425926208496,0.014696162194013596,0.018834028393030167
11207,0.0,0.029977798461914062,0.013829310424625874,0.02299874648451805
11208,0.0,0.03461068868637085,0.021076476201415062,0.01952553726732731
11209,0.0,0.03040289878845215,0.022001342847943306,0.020328491926193237
11210,0.0,0.029721856117248535,0.015514081344008446,0.021825263276696205
11211,0.0,0.04059135913848877,0.03156295791268349,0.018884262070059776
11212,0.0,0.03872382640838623,0.040053557604551315,0.02366955205798149
11213,0.0,0.039797067642211914,0.023341165855526924,0.03492211550474167
11214,0.0,0.05702245235443115,0.025522807613015175,0.05281893163919449
11215,0.0,0.05413508415222168,0.033911000937223434,0.052191052585840225
11477,1.0,0.06792521476745605,0.09609419852495193,0.09222002327442169
11478,1.0,0.06464129686355591,0.04818747192621231,0.07155931740999222
11479,1.0,0.06517666578292847,0.05426457151770592,0.0736972913146019
11480,1.0,0.04790091514587402,0.0636172667145729,0.05713077634572983
11481,1.0,0.07027667760848999,0.0667487382888794,0.08394243568181992
11482,1.0,0.06233638525009155,0.06029238924384117,0.060197241604328156
11483,1.0,0.0588650107383728,0.05370347946882248,0.08082009851932526
11484,1.0,0.060626208782196045,0.10366901755332947,0.07433699071407318
11485,1.0,0.059905827045440674,0.07367388159036636,0.0990840345621109
11486,1.0,0.061308443546295166,0.05532379075884819,0.08064563572406769
11487,1.0,0.06257051229476929,0.06744399666786194,0.07843118160963058
11488,1.0,0.05688464641571045,0.06091796234250069,0.0518229678273201
11489,1.0,0.04486209154129028,0.04305892810225487,0.04791923239827156
11490,1.0,0.049804747104644775,0.04348218813538551,0.0628834143280983
11491,1.0,0.057068824768066406,0.04630489647388458,0.049305930733680725
11492,1.0,0.05516141653060913,0.04659603163599968,0.06866779923439026
11493,1.0,0.16823959350585938,0.1969805657863617,0.20355582237243652
11494,1.0,0.30277520418167114,0.24182896316051483,0.3411277234554291
11495,1.0,0.21086061000823975,0.25112152099609375,0.3088359534740448
11496,1.0,0.2118627429008484,0.2191295623779297,0.2846030294895172
11497,1.0,0.15296661853790283,0.1616327464580536,0.1773853898048401
11498,1.0,0.12077999114990234,0.13105523586273193,0.15028387308120728
11499,1.0,0.1572505235671997,0.16780516505241394,0.20825590193271637
11500,1.0,0.08496004343032837,0.1146257147192955,0.10683976858854294
11501,1.0,0.06857573986053467,0.0714988186955452,0.06911179423332214
11502,1.0,0.06396973133087158,0.06698723137378693,0.06108681857585907
11503,1.0,0.05440276861190796,0.06111152470111847,0.04959527403116226
11504,1.0,0.037636399269104004,0.05794072523713112,0.039754949510097504
11505,1.0,0.06866729259490967,0.11146538704633713,0.09394583106040955
11506,1.0,0.06491166353225708,0.12758514285087585,0.06904761493206024
11507,1.0,0.04884648323059082,0.0646977648139,0.05514281243085861
11508,1.0,0.043817877769470215,0.05132656916975975,0.04143039509654045
11509,1.0,0.049138545989990234,0.06302469968795776,0.041498083621263504
11510,1.0,0.03408312797546387,0.041345883160829544,0.035362567752599716
11511,1.0,0.03033667802810669,0.04452519863843918,0.026270482689142227
11512,1.0,0.06811398267745972,0.10654402524232864,0.060000695288181305
11513,1.0,0.061878323554992676,0.14271631836891174,0.06740405410528183
11514,1.0,0.09267950057983398,0.2440386414527893,0.09257230907678604
11515,1.0,0.06067478656768799,0.11718747764825821,0.05094195529818535
11516,1.0,0.060795605182647705,0.06410226970911026,0.05624738335609436
11517,1.0,0.04504263401031494,0.05007827281951904,0.045383598655462265
11518,1.0,0.043653905391693115,0.0639125406742096,0.046289436519145966
11519,1.0,0.03423374891281128,0.036548931151628494,0.028550658375024796
11520,1.0,0.04092282056808472,0.030489711090922356,0.051240768283605576
11521,1.0,0.10570889711380005,0.16402499377727509,0.1483873426914215
11522,1.0,0.09169638156890869,0.11500535160303116,0.08304426074028015
11523,1.0,0.06726324558258057,0.0719246044754982,0.06181956082582474
11524,1.0,0.06211215257644653,0.08955524116754532,0.05874544009566307
11525,1.0,0.17793649435043335,0.20641647279262543,0.2032068967819214
11526,1.0,0.08857095241546631,0.19179461896419525,0.07030045241117477
11527,1.0,0.1899762749671936,0.08078756928443909,0.2028408795595169
11528,1.0,0.14783108234405518,0.0875653326511383,0.19431889057159424
11790,0.0,0.37313133478164673,0.39170894026756287,0.3163791000843048
11791,0.0,0.5096379518508911,0.48592641949653625,0.5159482359886169
11792,0.0,0.4263520836830139,0.5065637230873108,0.4619704782962799
11793,0.0,0.4163571000099182,0.43560007214546204,0.38946056365966797
11794,0.0,0.32012778520584106,0.3987998068332672,0.3004090487957001
11795,0.0,0.29825204610824585,0.3557666838169098,0.32375791668891907
11796,0.0,0.4690999984741211,0.4379766285419464,0.4976283609867096
11797,0.0,0.4111136794090271,0.44910237193107605,0.4089764356613159
11798,0.0,0.39472562074661255,0.3900313377380371,0.4347679316997528
11799,0.0,0.45768284797668457,0.484159380197525,0.46956121921539307
11800,0.0,0.40034550428390503,0.3758741617202759,0.4023679494857788
11801,0.0,0.49896979331970215,0.5276044607162476,0.5924270749092102
11802,1.0,0.48919814825057983,0.5712252855300903,0.48530638217926025
11803,0.0,0.47424107789993286,0.5453048348426819,0.4582013785839081
11804,0.0,0.5731543302536011,0.637360155582428,0.5977214574813843
11805,1.0,0.5646018981933594,0.7260022759437561,0.7066690921783447
11806,1.0,0.653738260269165,0.7780158519744873,0.8071264624595642
11807,1.0,0.630761981010437,0.7732285857200623,0.8401303887367249
11808,1.0,0.6260890364646912,0.7486377358436584,0.8098814487457275
11809,1.0,0.6077088117599487,0.6945666670799255,0.7909698486328125
11810,1.0,0.5544474124908447,0.6862069964408875,0.657477617263794
11811,1.0,0.5288878679275513,0.6018381118774414,0.6097853779792786
11812,1.0,0.512565016746521,0.4815353453159332,0.5621054172515869
11813,1.0,0.5378260612487793,0.4994688034057617,0.5620500445365906
11814,1.0,0.4504058361053467,0.44849804043769836,0.4395451843738556
11815,0.0,0.4614866375923157,0.5248380303382874,0.4570642411708832
11816,0.0,0.29099494218826294,0.4897197484970093,0.2640329599380493
11817,0.0,0.26791661977767944,0.2934167683124542,0.2091912180185318
11818,0.0,0.3397267460823059,0.3017250597476959,0.22793500125408173
11819,0.0,0.24215447902679443,0.2409927397966385,0.18124821782112122
11820,0.0,0.2506173253059387,0.23085521161556244,0.18536455929279327
11821,0.0,0.16398930549621582,0.1990835964679718,0.13355693221092224
11822,0.0,0.18070292472839355,0.2136065661907196,0.11989956349134445
11823,0.0,0.11227619647979736,0.15805421769618988,0.08178853988647461
11824,0.0,0.07392549514770508,0.14244119822978973,0.05442577600479126
11825,0.0,0.13044965267181396,0.15444298088550568,0.06701358407735825
11826,0.0,0.3256435990333557,0.35174691677093506,0.2981346547603607
11827,0.0,0.32066798210144043,0.39058732986450195,0.3292832672595978
11828,0.0,0.2809964418411255,0.28463077545166016,0.27888092398643494
11829,0.0,0.22257083654403687,0.23500126600265503,0.21353651583194733
11830,0.0,0.24649298191070557,0.2432653307914734,0.19358962774276733
11831,0.0,0.2192820906639099,0.22405646741390228,0.15285325050354004
11832,0.0,0.1148105263710022,0.17254602909088135,0.09283679723739624
11833,0.0,0.16262668371200562,0.17882904410362244,0.12735497951507568
11834,0.0,0.20799344778060913,0.20157885551452637,0.14329829812049866
11835,0.0,0.1652502417564392,0.17738308012485504,0.1223522201180458
11836,0.0,0.21266114711761475,0.23516641557216644,0.1928350031375885
11837,0.0,0.23152536153793335,0.26120176911354065,0.14457203447818756
11838,0.0,0.2603191137313843,0.2881430685520172,0.23124343156814575
11839,0.0,0.3055655360221863,0.2324700951576233,0.2316402792930603
11840,0.0,0.4174826145172119,0.36241471767425537,0.3844969570636749
11841,0.0,0.4170430898666382,0.36684030294418335,0.3867100775241852
12103,0.0,0.10424405336380005,0.23698493838310242,0.1858242154121399
12104,1.0,0.17272084951400757,0.2258414924144745,0.37412700057029724
12105,1.0,0.08402448892593384,0.20021499693393707,0.192880779504776
12106,0.0,0.0737309455871582,0.13766521215438843,0.141959086060524
12107,0.0,0.065341055393219,0.10824953764677048,0.13569383323192596
12108,0.0,0.060053884983062744,0.09389942139387131,0.09015843272209167
12109,0.0,0.10237598419189453,0.1336287409067154,0.17337170243263245
12110,1.0,0.08341819047927856,0.10395566374063492,0.1626475751399994
12111,0.0,0.18083608150482178,0.16570335626602173,0.2787846326828003
12112,1.0,0.2868766784667969,0.267279714345932,0.5648224353790283
12113,1.0,0.5466697216033936,0.4977750778198242,0.8576236367225647
12114,1.0,0.30271708965301514,0.4368542432785034,0.5022792220115662
12115,1.0,0.38091617822647095,0.36620286107063293,0.5871090888977051
12116,1.0,0.20478588342666626,0.37842249870300293,0.3184244632720947
12117,1.0,0.42013680934906006,0.3516465127468109,0.5843328237533569
12118,1.0,0.2574174404144287,0.29457682371139526,0.6037691235542297
12119,1.0,0.2255493402481079,0.27911460399627686,0.4960503876209259
12120,1.0,0.2231389284133911,0.2638870179653168,0.4889819025993347
12121,1.0,0.11903154850006104,0.16825948655605316,0.28941887617111206
12122,0.0,0.12970346212387085,0.14062082767486572,0.1453060507774353
12123,0.0,0.1008681058883667,0.12988001108169556,0.09502693265676498
12124,0.0,0.16725564002990723,0.16697530448436737,0.1827329695224762
12125,1.0,0.1830788254737854,0.12787936627864838,0.2006087601184845
12126,1.0,0.21267378330230713,0.18484769761562347,0.3883363604545593
12127,1.0,0.22204923629760742,0.20968157052993774,0.34004849195480347
12128,1.0,0.1592031717300415,0.14036870002746582,0.2278786301612854
12129,0.0,0.13774359226226807,0.11891822516918182,0.1470300704240799
12130,0.0,0.09238004684448242,0.15392008423805237,0.12572835385799408
12131,0.0,0.07824128866195679,0.10075949877500534,0.09058718383312225
12132,0.0,0.053522348403930664,0.09198060631752014,0.05398491024971008
12133,0.0,0.09221309423446655,0.182528555393219,0.08947254717350006
12134,1.0,0.10278666019439697,0.16185683012008667,0.17750738561153412
12135,0.0,0.12705481052398682,0.1746825873851776,0.2079685777425766
12136,1.0,0.12379288673400879,0.14541292190551758,0.28221017122268677
12137,0.0,0.08488810062408447,0.12662160396575928,0.18737640976905823
12138,0.0,0.11917954683303833,0.13637135922908783,0.14584200084209442
12139,1.0,0.07600855827331543,0.1193903237581253,0.11800134181976318
12140,0.0,0.05032920837402344,0.1063147708773613,0.0829019770026207
12141,0.0,0.06916356086730957,0.08000683039426804,0.08178997039794922
12142,0.0,0.09390991926193237,0.21500539779663086,0.1428793966770172
12143,1.0,0.1001887321472168,0.11782778054475784,0.19474811851978302
12144,0.0,0.065707266330719,0.16437384486198425,0.10720285773277283
12145,0.0,0.08231192827224731,0.0927867665886879,0.11581338196992874
12146,0.0,0.06360054016113281,0.1507059782743454,0.09744725376367569
12147,0.0,0.04273331165313721,0.08634233474731445,0.05981341004371643
12148,0.0,0.08487451076507568,0.21925432980060577,0.14704743027687073
12149,1.0,0.10139954090118408,0.1571110039949417,0.2059156894683838
12150,1.0,0.13485932350158691,0.19559790194034576,0.28739500045776367
12151,1.0,0.17821377515792847,0.2254008799791336,0.3233949542045593
12152,1.0,0.10940486192703247,0.18600064516067505,0.3006006181240082
12153,0.0,0.11899960041046143,0.15708598494529724,0.28446775674819946
12154,0.0,0.1028512716293335,0.1406327337026596,0.28149354457855225
12416,0.0,0.3340728282928467,0.4266660213470459,0.3820991516113281
12417,0.0,0.2773430347442627,0.2757231593132019,0.3205302655696869
12418,0.0,0.24045979976654053,0.3293464183807373,0.31868380308151245
12419,0.0,0.20586001873016357,0.2936573326587677,0.3562181890010834
12420,0.0,0.2102866768836975,0.26759815216064453,0.27420175075531006
12421,0.0,0.20607495307922363,0.2904113829135895,0.3676937222480774
12422,0.0,0.2807125449180603,0.3742976486682892,0.49155670404434204
12423,0.0,0.31003081798553467,0.41691648960113525,0.3974250555038452
12424,0.0,0.28243178129196167,0.4188289940357208,0.38395804166793823
12425,0.0,0.2478703260421753,0.3685848116874695,0.4195203483104706
12426,0.0,0.3113952875137329,0.39085179567337036,0.5304002165794373
12427,0.0,0.350959837436676,0.37186506390571594,0.4686718285083771
12428,0.0,0.40472400188446045,0.4524649977684021,0.6286066174507141
12429,0.0,0.34653013944625854,0.517260730266571,0.4620308578014374
12430,0.0,0.4013609290122986,0.4634970724582672,0.502392053604126
12431,0.0,0.2887571454048157,0.43485432863235474,0.35603153705596924
12432,0.0,0.4641258120536804,0.5444555878639221,0.5838618278503418
12433,0.0,0.36221492290496826,0.4513269066810608,0.43241775035858154
12434,0.0,0.46077680587768555,0.4777885973453522,0.6529916524887085
12435,0.0,0.3807065486907959,0.5156815052032471,0.44133323431015015
12436,0.0,0.3855443000793457,0.467471718788147,0.4554899334907532
12437,0.0,0.29078203439712524,0.346429705619812,0.2086864560842514
12438,0.0,0.3792336583137512,0.3852447271347046,0.3785261809825897
12439,0.0,0.33968639373779297,0.3764275908470154,0.2999465763568878
12440,0.0,0.33037614822387695,0.3062376081943512,0.31813502311706543
12441,0.0,0.3012867569923401,0.2586148679256439,0.21489375829696655
12442,0.0,0.2514229416847229,0.26433810591697693,0.21909546852111816
12443,0.0,0.22271543741226196,0.24109308421611786,0.15540926158428192
12444,0.0,0.21224790811538696,0.23517680168151855,0.1863810271024704
12445,0.0,0.24379605054855347,0.21343253552913666,0.2014256864786148
12446,0.0,0.1878625750541687,0.2173178344964981,0.13546082377433777
12447,0.0,0.12091881036758423,0.21965087950229645,0.09724374860525131
12448,0.0,0.10968881845474243,0.1929323822259903,0.10463477671146393
12449,0.0,0.08017265796661377,0.188096821308136,0.09745800495147705
12450,0.0,0.09971499443054199,0.21969304978847504,0.1072855219244957
12451,0.0,0.09810686111450195,0.21814140677452087,0.0996207594871521
12452,0.0,0.13821107149124146,0.28185880184173584,0.14226554334163666
12453,0.0,0.1180945634841919,0.2607293725013733,0.13922753930091858
12454,0.0,0.1325836181640625,0.23335139453411102,0.17446672916412354
12455,0.0,0.1195724606513977,0.22182364761829376,0.15922918915748596
12456,0.0,0.15892261266708374,0.26087406277656555,0.2541694939136505
12457,0.0,0.20419436693191528,0.2746715247631073,0.2379884123802185
12458,0.0,0.17914634943008423,0.26373299956321716,0.20458482205867767
12459,0.0,0.24889051914215088,0.25918206572532654,0.3335711658000946
12460,0.0,0.13315719366073608,0.2146913856267929,0.21764537692070007
12461,0.0,0.1886729598045349,0.2759026885032654,0.37716296315193176
12462,0.0,0.1612086296081543,0.26032838225364685,0.20329943299293518
12463,0.0,0.1522294282913208,0.276702880859375,0.1899855136871338
12464,0.0,0.2500460743904114,0.29746243357658386,0.3800508379936218
12465,0.0,0.1913164258003235,0.2898270785808563,0.20544330775737762
12466,0.0,0.19525647163391113,0.3088735342025757,0.3955995738506317
12467,0.0,0.27360963821411133,0.3538414537906647,0.3827342391014099
12729,0.0,0.04043680429458618,0.04877772927284241,0.04122265800833702
12730,0.0,0.03996163606643677,0.03325563296675682,0.04294710233807564
12731,0.0,0.04254406690597534,0.059743206948041916,0.04055079072713852
12732,0.0,0.041557490825653076,0.03321601077914238,0.047368429601192474
12733,0.0,0.0430411696434021,0.04462303966283798,0.03921184688806534
12734,0.0,0.03677237033843994,0.09737849980592728,0.035327497869729996
12735,0.0,0.033687591552734375,0.07012178748846054,0.03600284457206726
12736,0.0,0.03452003002166748,0.08130762726068497,0.03883610665798187
12737,0.0,0.09839498996734619,0.1583719402551651,0.13731259107589722
12738,0.0,0.07845485210418701,0.10129453986883163,0.06972870230674744
12739,0.0,0.12904858589172363,0.1450158804655075,0.11989296972751617
12740,0.0,0.05569964647293091,0.11386243253946304,0.10245321691036224
12741,0.0,0.06517261266708374,0.06506805121898651,0.06319496035575867
12742,0.0,0.057178616523742676,0.05342569202184677,0.04853285104036331
12743,0.0,0.050573885440826416,0.047582291066646576,0.03035011701285839
12744,0.0,0.08721929788589478,0.0866825133562088,0.08124241977930069
12745,0.0,0.12264734506607056,0.13164402544498444,0.09255562722682953
12746,0.0,0.07810527086257935,0.07200919836759567,0.06765555590391159
12747,0.0,0.07203614711761475,0.07452273368835449,0.06646774709224701
12748,0.0,0.12787872552871704,0.10535003989934921,0.09303708374500275
12749,0.0,0.06934350728988647,0.067933589220047,0.04393266513943672
12750,0.0,0.0750497579574585,0.05380874127149582,0.05173838138580322
12751,0.0,0.07264679670333862,0.09985583275556564,0.06458810716867447
12752,0.0,0.23008370399475098,0.22347132861614227,0.2822928726673126
12753,1.0,0.26138442754745483,0.3422008752822876,0.2855525016784668
12754,0.0,0.2256031036376953,0.20679455995559692,0.2846279442310333
12755,0.0,0.24324363470077515,0.22078949213027954,0.25240376591682434
12756,0.0,0.14415055513381958,0.20786625146865845,0.14601661264896393
12757,0.0,0.10714882612228394,0.12038102746009827,0.12873044610023499
12758,0.0,0.11711663007736206,0.12153784185647964,0.11869480460882187
12759,0.0,0.07258737087249756,0.09350613504648209,0.08713945746421814
12760,0.0,0.09420621395111084,0.10273240506649017,0.0875740498304367
12761,0.0,0.13061898946762085,0.11534120887517929,0.12840963900089264
12762,0.0,0.10895824432373047,0.11363101005554199,0.15793904662132263
12763,0.0,0.08363956212997437,0.09134871512651443,0.10566402971744537
12764,0.0,0.11069053411483765,0.15083162486553192,0.12705941498279572
12765,0.0,0.09118044376373291,0.08933015912771225,0.07448553293943405
12766,0.0,0.09903842210769653,0.09900800883769989,0.10527397692203522
12767,0.0,0.1376272439956665,0.09965196996927261,0.1300196498632431
12768,0.0,0.08048945665359497,0.08053963631391525,0.07800514996051788
12769,0.0,0.07483017444610596,0.056800831109285355,0.0723019689321518
12770,0.0,0.05737924575805664,0.04585089534521103,0.057441238313913345
12771,0.0,0.08184397220611572,0.10351794958114624,0.047531116753816605
12772,0.0,0.0562053918838501,0.06923157721757889,0.05283296853303909
12773,0.0,0.12114810943603516,0.1217927560210228,0.09134285897016525
12774,0.0,0.05498558282852173,0.06744512170553207,0.05976055935025215
12775,0.0,0.0730440616607666,0.05301244929432869,0.0671386867761612
12776,0.0,0.09088379144668579,0.09459719061851501,0.07310794293880463
12777,0.0,0.06731122732162476,0.052683036774396896,0.05378022789955139
12778,0.0,0.07390427589416504,0.046189647167921066,0.06444010883569717
12779,0.0,0.07394546270370483,0.05069936811923981,0.07698698341846466
12780,0.0,0.09146583080291748,0.04845341667532921,0.09386353194713593
13042,0.0,0.3767715096473694,0.4254865348339081,0.28580912947654724
13043,0.0,0.37045204639434814,0.30657634139060974,0.2952589988708496
13044,0.0,0.35849279165267944,0.27330318093299866,0.29431426525115967
13045,0.0,0.34893518686294556,0.2818852365016937,0.2712559700012207
13046,0.0,0.2721141576766968,0.22856175899505615,0.26781293749809265
13047,0.0,0.1693326234817505,0.21147993206977844,0.12415912747383118
13048,0.0,0.19225579500198364,0.2714103162288666,0.16989865899085999
13049,0.0,0.17646712064743042,0.20425289869308472,0.15489275753498077
13050,0.0,0.16194570064544678,0.23269857466220856,0.15305887162685394
13051,0.0,0.27080875635147095,0.26202917098999023,0.24696986377239227
13052,0.0,0.24770081043243408,0.2765146791934967,0.22500355541706085
13053,0.0,0.14298701286315918,0.1948399543762207,0.09275885671377182
13054,0.0,0.20140600204467773,0.21103861927986145,0.18162113428115845
13055,0.0,0.13718116283416748,0.16481031477451324,0.08413894474506378
13056,0.0,0.22945278882980347,0.18352513015270233,0.1344643384218216
13057,0.0,0.22415924072265625,0.17956538498401642,0.12728750705718994
13058,0.0,0.24547463655471802,0.18224398791790009,0.14144136011600494
13059,0.0,0.2644558548927307,0.24049434065818787,0.158597931265831
13060,0.0,0.23539239168167114,0.19439402222633362,0.12158973515033722
13061,0.0,0.24957948923110962,0.22890576720237732,0.1725749671459198
13062,0.0,0.24238240718841553,0.24089248478412628,0.15968604385852814
13063,0.0,0.27369797229766846,0.23856310546398163,0.14643658697605133
13064,0.0,0.25001996755599976,0.2113184630870819,0.16017568111419678
13065,0.0,0.17179042100906372,0.2533571422100067,0.08983466029167175
13066,0.0,0.20196521282196045,0.24699224531650543,0.1019611656665802
13067,0.0,0.21491193771362305,0.23408252000808716,0.10142470896244049
13068,0.0,0.18936222791671753,0.20165713131427765,0.07841582596302032
13069,0.0,0.18896186351776123,0.2368861436843872,0.07258886098861694
13070,0.0,0.31636226177215576,0.3121839463710785,0.19947156310081482
13071,0.0,0.4140136241912842,0.5268426537513733,0.2920864224433899
13072,0.0,0.3818839192390442,0.4814974069595337,0.2750375270843506
13073,0.0,0.3651467561721802,0.4490470290184021,0.2377481907606125
13074,0.0,0.25988006591796875,0.35555240511894226,0.15807704627513885
13075,0.0,0.25402331352233887,0.33392614126205444,0.17189811170101166
13076,0.0,0.33760857582092285,0.3885548412799835,0.23049795627593994
13077,0.0,0.40899282693862915,0.5303292274475098,0.3286665976047516
13078,0.0,0.33023595809936523,0.4600926637649536,0.21109750866889954
13079,0.0,0.3518456220626831,0.5307391285896301,0.3034542202949524
13080,0.0,0.3419845700263977,0.3996739685535431,0.2872624099254608
13081,1.0,0.3894617557525635,0.5703595280647278,0.4189612567424774
13082,1.0,0.348483681678772,0.5145667791366577,0.3307441771030426
13083,1.0,0.30068784952163696,0.43597355484962463,0.22249934077262878
13084,1.0,0.3509344458580017,0.4371461868286133,0.3246033489704132
13085,1.0,0.3620089292526245,0.40912944078445435,0.3542294502258301
13086,0.0,0.5082595944404602,0.4522145688533783,0.632208526134491
13087,1.0,0.5278473496437073,0.7323557734489441,0.7952702045440674
13088,1.0,0.4956129193305969,0.7579596042633057,0.6716194748878479
13089,1.0,0.44440197944641113,0.5721621513366699,0.5256322622299194
13090,1.0,0.5093719363212585,0.6377613544464111,0.5359674692153931
13091,1.0,0.5102670192718506,0.585476815700531,0.5772637724876404
13092,1.0,0.574048638343811,0.5662819147109985,0.6513475179672241
13093,1.0,0.5053629875183105,0.5026710629463196,0.6098166108131409
13355,0.0,0.17704439163208008,0.2241741418838501,0.3510231375694275
13356,1.0,0.4434722065925598,0.39743492007255554,0.7596324682235718
13357,1.0,0.35019564628601074,0.4837281405925751,0.6967759132385254
13358,1.0,0.4779651165008545,0.4087986350059509,0.7821971774101257
13359,1.0,0.29630666971206665,0.4449124038219452,0.5882123708724976
13360,1.0,0.3875753879547119,0.5159775018692017,0.6616373062133789
13361,1.0,0.3758375644683838,0.42605459690093994,0.5531737208366394
13362,1.0,0.32182151079177856,0.4350113868713379,0.5880419015884399
13363,1.0,0.37217777967453003,0.38760125637054443,0.5928807258605957
13364,1.0,0.2429909110069275,0.3498617112636566,0.5064846873283386
13365,0.0,0.28131043910980225,0.32426321506500244,0.4777418076992035
13366,1.0,0.30657368898391724,0.2557391822338104,0.48804527521133423
13367,0.0,0.3156421184539795,0.267837792634964,0.47148117423057556
13368,0.0,0.4027276635169983,0.34894517064094543,0.6631865501403809
13369,1.0,0.46661341190338135,0.38372939825057983,0.5804682374000549
13370,1.0,0.37272071838378906,0.34064847230911255,0.5646184086799622
13371,0.0,0.35684317350387573,0.327853798866272,0.4912724196910858
13372,1.0,0.3847762942314148,0.31560251116752625,0.5087525844573975
13373,1.0,0.31337976455688477,0.29533958435058594,0.4536794424057007
13374,1.0,0.33668965101242065,0.307142436504364,0.4703911244869232
13375,1.0,0.29213249683380127,0.286383718252182,0.3608173429965973
13376,1.0,0.22395098209381104,0.26835504174232483,0.23146922886371613
13377,1.0,0.2342514991760254,0.26023179292678833,0.2960672974586487
13378,0.0,0.29382067918777466,0.2805768847465515,0.3199823498725891
13379,0.0,0.2680320143699646,0.2643865644931793,0.32825836539268494
13380,0.0,0.24544697999954224,0.2467128038406372,0.29099011421203613
13381,0.0,0.13302624225616455,0.21146471798419952,0.16925549507141113
13382,0.0,0.12765765190124512,0.2040354609489441,0.15348292887210846
13383,0.0,0.13676464557647705,0.1836274117231369,0.17523612082004547
13384,1.0,0.22532367706298828,0.2160269170999527,0.16820597648620605
13385,1.0,0.19029688835144043,0.2167256623506546,0.24440781772136688
13386,0.0,0.1628928780555725,0.22721445560455322,0.23705294728279114
13387,0.0,0.16777920722961426,0.22936582565307617,0.20820409059524536
13388,0.0,0.20149195194244385,0.24220074713230133,0.32508033514022827
13389,1.0,0.21048349142074585,0.2538532614707947,0.24761833250522614
13390,0.0,0.1666325330734253,0.20861558616161346,0.14888618886470795
13391,0.0,0.24397778511047363,0.2449358105659485,0.2793303430080414
13392,0.0,0.23528790473937988,0.24442769587039948,0.3342362940311432
13393,0.0,0.15437990427017212,0.20894935727119446,0.21755343675613403
13394,1.0,0.2434980869293213,0.23215661942958832,0.2831117808818817
13395,0.0,0.1949683427810669,0.21806325018405914,0.2522564232349396
13396,0.0,0.14789080619812012,0.202341228723526,0.20854264497756958
13397,0.0,0.2047162652015686,0.2035032957792282,0.22485606372356415
13398,0.0,0.13322371244430542,0.14578762650489807,0.19766266644001007
13399,0.0,0.18735945224761963,0.24322514235973358,0.26085591316223145
13400,0.0,0.19932442903518677,0.21010927855968475,0.28208646178245544
13401,0.0,0.24015384912490845,0.20623774826526642,0.3717077970504761
13402,0.0,0.3051648736000061,0.2713911831378937,0.40140968561172485
13403,0.0,0.16062802076339722,0.19189925491809845,0.2417115420103073
13404,0.0,0.2717474699020386,0.2741289734840393,0.34849321842193604
13405,0.0,0.202445387840271,0.23460184037685394,0.42423683404922485
13406,0.0,0.20628833770751953,0.14518284797668457,0.2892656624317169
13668,0.0,0.2646302580833435,0.47839120030403137,0.18414458632469177
13669,0.0,0.3512088656425476,0.5626475214958191,0.22016441822052002
13670,0.0,0.4091256260871887,0.5012380480766296,0.2735661268234253
13671,0.0,0.30598998069763184,0.33676639199256897,0.14676709473133087
13672,0.0,0.23535490036010742,0.22106443345546722,0.0925770178437233
13673,0.0,0.2406497597694397,0.26691335439682007,0.08649259805679321
13674,0.0,0.19783872365951538,0.22255650162696838,0.07473251223564148
13675,0.0,0.22471946477890015,0.2787295877933502,0.08155260235071182
13676,0.0,0.2857806086540222,0.36678895354270935,0.13959702849388123
13677,0.0,0.3108425736427307,0.45176950097084045,0.1718541383743286
13678,0.0,0.31362903118133545,0.4640878438949585,0.15356963872909546
13679,0.0,0.2777971029281616,0.4215947985649109,0.1304580569267273
13680,0.0,0.3472357392311096,0.5415247678756714,0.24568720161914825
13681,0.0,0.4580390453338623,0.6385927200317383,0.5830647349357605
13682,0.0,0.3949926495552063,0.5655223727226257,0.43273866176605225
13683,0.0,0.43791794776916504,0.4435484707355499,0.5591510534286499
13684,0.0,0.3166521191596985,0.2845461666584015,0.21680700778961182
13685,0.0,0.33219385147094727,0.21769943833351135,0.22917863726615906
13686,0.0,0.26666271686553955,0.23224438726902008,0.23825137317180634
13687,0.0,0.28004276752471924,0.24843017756938934,0.19558878242969513
13688,0.0,0.2936268448829651,0.24388004839420319,0.2219141125679016
13689,0.0,0.3582842946052551,0.3613271415233612,0.2242550402879715
13690,0.0,0.39448004961013794,0.4595490097999573,0.28535687923431396
13691,0.0,0.38878095149993896,0.32937246561050415,0.27800601720809937
13692,0.0,0.31831789016723633,0.23055407404899597,0.11638585478067398
13693,0.0,0.29976046085357666,0.17958755791187286,0.11316138505935669
13694,0.0,0.2751678228378296,0.17123955488204956,0.08273370563983917
13695,0.0,0.19973617792129517,0.2240162193775177,0.0735866129398346
13696,0.0,0.21248984336853027,0.21113169193267822,0.07408320903778076
13697,0.0,0.24424588680267334,0.23407012224197388,0.07099957019090652
13698,0.0,0.195728600025177,0.16544987261295319,0.05808703601360321
13699,0.0,0.3075859546661377,0.20476552844047546,0.10002203285694122
13700,0.0,0.27325624227523804,0.17543631792068481,0.11771903932094574
13701,0.0,0.2346392273902893,0.18275508284568787,0.08714714646339417
13702,0.0,0.19604432582855225,0.10346577316522598,0.07667049765586853
13703,0.0,0.14473003149032593,0.12013710290193558,0.04482950270175934
13704,0.0,0.19741100072860718,0.10913528501987457,0.0694945827126503
13705,0.0,0.21602177619934082,0.14074020087718964,0.07674601674079895
13706,0.0,0.18421196937561035,0.11907099187374115,0.043488431721925735
13707,0.0,0.18683570623397827,0.0881783664226532,0.0603700652718544
13708,0.0,0.1523512601852417,0.056782983243465424,0.03367643430829048
13709,0.0,0.09391498565673828,0.061900775879621506,0.01993837021291256
13710,0.0,0.17156100273132324,0.10106774419546127,0.05787826329469681
13711,0.0,0.15343135595321655,0.10501283407211304,0.045410651713609695
13712,0.0,0.12132620811462402,0.053088098764419556,0.029391909018158913
13713,0.0,0.11759549379348755,0.07456322014331818,0.02853945456445217
13714,0.0,0.11321985721588135,0.06763989478349686,0.03146430477499962
13715,0.0,0.16039365530014038,0.1604555994272232,0.07379906624555588
13716,0.0,0.14661628007888794,0.09851965308189392,0.03328679874539375
13717,0.0,0.10219466686248779,0.08642269670963287,0.02890198677778244
13718,0.0,0.1373807191848755,0.10598181188106537,0.04672698676586151
13719,0.0,0.13402634859085083,0.12225013971328735,0.04259981960058212
13981,1.0,0.06256210803985596,0.13673751056194305,0.1390775442123413
13982,0.0,0.20954644680023193,0.2142723649740219,0.34177541732788086
13983,1.0,0.27131807804107666,0.26251184940338135,0.42066675424575806
13984,1.0,0.273872435092926,0.3090006411075592,0.46611088514328003
13985,1.0,0.22094911336898804,0.3172924518585205,0.39742037653923035
13986,1.0,0.27665090560913086,0.2446196973323822,0.4290533661842346
13987,1.0,0.28040432929992676,0.28410476446151733,0.45575854182243347
13988,1.0,0.2827463150024414,0.21164153516292572,0.401018887758255
13989,1.0,0.1498693823814392,0.14902734756469727,0.18427206575870514
13990,0.0,0.246299147605896,0.2268013060092926,0.3461684584617615
13991,1.0,0.3603655695915222,0.2923196852207184,0.46514660120010376
13992,1.0,0.4942671060562134,0.47851312160491943,0.6538361310958862
13993,1.0,0.49354320764541626,0.4310551881790161,0.5995612740516663
13994,1.0,0.3824673891067505,0.35770055651664734,0.5366387963294983
13995,1.0,0.4351957440376282,0.33759942650794983,0.4709802269935608
13996,1.0,0.43528586626052856,0.3280773460865021,0.49797818064689636
13997,1.0,0.3635314106941223,0.3081669509410858,0.5724194049835205
13998,1.0,0.2982325553894043,0.27312612533569336,0.3840072751045227
13999,1.0,0.28532981872558594,0.3165702819824219,0.4697108268737793
14000,1.0,0.23370200395584106,0.2602556049823761,0.2566753923892975
14001,0.0,0.2767433524131775,0.2644723057746887,0.21374249458312988
14002,1.0,0.27873098850250244,0.30087947845458984,0.29419055581092834
14003,1.0,0.24773603677749634,0.256820410490036,0.24376007914543152
14004,1.0,0.31953173875808716,0.27536818385124207,0.3140275478363037
14005,1.0,0.30642592906951904,0.24571187794208527,0.28873783349990845
14006,1.0,0.2002059817314148,0.21203386783599854,0.242017462849617
14007,1.0,0.17799115180969238,0.2368856817483902,0.19086924195289612
14008,1.0,0.12385106086730957,0.1857391893863678,0.16661463677883148
14009,0.0,0.15939635038375854,0.18376897275447845,0.12156196683645248
14010,1.0,0.1216934323310852,0.1377408653497696,0.12014053016901016
14011,0.0,0.07329463958740234,0.10598311573266983,0.06995106488466263
14012,0.0,0.0938647985458374,0.12392900884151459,0.06785566359758377
14013,1.0,0.12160897254943848,0.140300452709198,0.11512454599142075
14014,0.0,0.11867213249206543,0.16305339336395264,0.1368471086025238
14015,1.0,0.10108602046966553,0.12881317734718323,0.13030479848384857
14016,0.0,0.08946877717971802,0.12617291510105133,0.09209052473306656
14017,0.0,0.07847064733505249,0.07654323428869247,0.06902842223644257
14018,0.0,0.0714578628540039,0.0963868573307991,0.08177962154150009
14019,0.0,0.05121356248855591,0.0944327786564827,0.043824080377817154
14020,0.0,0.09355407953262329,0.14499668776988983,0.09540759027004242
14021,1.0,0.1324816346168518,0.16089023649692535,0.16331247985363007
14022,1.0,0.14307671785354614,0.12297879904508591,0.1793030947446823
14023,1.0,0.10522419214248657,0.12426577508449554,0.0983622595667839
14024,0.0,0.19138216972351074,0.24075989425182343,0.21337153017520905
14025,1.0,0.11964774131774902,0.13297469913959503,0.18442420661449432
14026,1.0,0.1901838183403015,0.18089653551578522,0.21386538445949554
14027,1.0,0.3189634680747986,0.26431694626808167,0.5119226574897766
14028,1.0,0.2825305461883545,0.2850293517112732,0.28847822546958923
14029,1.0,0.3247986435890198,0.2873607873916626,0.4346289336681366
14030,1.0,0.2065449357032776,0.20305219292640686,0.36410030722618103
14031,0.0,0.38684070110321045,0.27267834544181824,0.4161650836467743
14032,1.0,0.23374563455581665,0.20873601734638214,0.35027867555618286
14294,0.0,0.11016422510147095,0.17790089547634125,0.10623220354318619
14295,0.0,0.08745139837265015,0.1611962467432022,0.07339965552091599
14296,0.0,0.17317503690719604,0.20242466032505035,0.20526085793972015
14297,1.0,0.2949986457824707,0.4421622157096863,0.34181830286979675
14298,0.0,0.2707563638687134,0.2675265371799469,0.2917861044406891
14299,0.0,0.27385616302490234,0.2767300009727478,0.3197549283504486
14300,1.0,0.27149754762649536,0.27626290917396545,0.27202001214027405
14301,0.0,0.196632981300354,0.17503878474235535,0.21853920817375183
14302,0.0,0.2500704526901245,0.1961108148097992,0.3056428134441376
14303,0.0,0.24068546295166016,0.24717630445957184,0.3087843060493469
14304,0.0,0.35017895698547363,0.3797384798526764,0.44633859395980835
14305,1.0,0.3310936689376831,0.3622385561466217,0.4222884178161621
14306,1.0,0.29186731576919556,0.28062015771865845,0.3742763102054596
14307,1.0,0.2793315649032593,0.27244919538497925,0.37051185965538025
14308,0.0,0.28708648681640625,0.2830103635787964,0.3472464680671692
14309,0.0,0.24157989025115967,0.21964925527572632,0.2646430730819702
14310,0.0,0.2644946575164795,0.27022334933280945,0.3412288725376129
14311,1.0,0.24088513851165771,0.24917170405387878,0.24620458483695984
14312,0.0,0.20315957069396973,0.19523373246192932,0.216846764087677
14313,0.0,0.22926098108291626,0.20793704688549042,0.2394225001335144
14314,0.0,0.16651439666748047,0.1870337873697281,0.14806686341762543
14315,0.0,0.11505323648452759,0.12494785338640213,0.13214050233364105
14316,0.0,0.14555341005325317,0.17861373722553253,0.15741968154907227
14317,0.0,0.08114105463027954,0.11210515350103378,0.08251933753490448
14318,0.0,0.10417842864990234,0.15472641587257385,0.11212257295846939
14319,0.0,0.0999106764793396,0.14500978589057922,0.08666644245386124
14320,0.0,0.12878739833831787,0.16119122505187988,0.15031707286834717
14321,0.0,0.07608604431152344,0.12806834280490875,0.08212348818778992
14322,0.0,0.11687761545181274,0.15069930255413055,0.13662078976631165
14323,0.0,0.06368231773376465,0.10925343632698059,0.05193731188774109
14324,0.0,0.06668120622634888,0.08233826607465744,0.07299114018678665
14325,0.0,0.04698801040649414,0.07797125726938248,0.04131574556231499
14326,0.0,0.0499911904335022,0.08306217193603516,0.04178233444690704
14327,0.0,0.034986138343811035,0.03808300569653511,0.025497501716017723
14328,0.0,0.048715949058532715,0.08186019212007523,0.031986285001039505
14329,0.0,0.05469387769699097,0.12282932549715042,0.04062829911708832
14330,0.0,0.07200658321380615,0.09856361150741577,0.052693188190460205
14331,0.0,0.06308448314666748,0.1163787692785263,0.05026346445083618
14332,0.0,0.09269315004348755,0.11677876859903336,0.07858021557331085
14333,0.0,0.06630265712738037,0.1265324354171753,0.04889225587248802
14334,0.0,0.09652465581893921,0.11260034143924713,0.07404601573944092
14335,0.0,0.06411314010620117,0.11541229486465454,0.04722057282924652
14336,0.0,0.06815117597579956,0.06576202809810638,0.05219673365354538
14337,0.0,0.08000344038009644,0.11284685879945755,0.06661748141050339
14338,0.0,0.0731472373008728,0.1161913201212883,0.05576173588633537
14339,0.0,0.08726257085800171,0.1358647495508194,0.07881931960582733
14340,0.0,0.0743170976638794,0.12509572505950928,0.04924394190311432
14341,0.0,0.0691787600517273,0.09317199140787125,0.060643263161182404
14342,0.0,0.059608399868011475,0.08937263488769531,0.04669291898608208
14343,0.0,0.14090114831924438,0.14631718397140503,0.10788767784833908
14344,0.0,0.12136399745941162,0.17917200922966003,0.10870825499296188
14345,0.0,0.12002390623092651,0.10009396076202393,0.11909942328929901
14607,1.0,0.206068754196167,0.27838003635406494,0.2565714716911316
14608,1.0,0.14257991313934326,0.19755709171295166,0.16907697916030884
14609,0.0,0.2595822811126709,0.29737985134124756,0.2516048550605774
14610,0.0,0.20686978101730347,0.2688234746456146,0.27938759326934814
14611,0.0,0.22797775268554688,0.25394517183303833,0.26515263319015503
14612,0.0,0.24377375841140747,0.27065232396125793,0.34942272305488586
14613,1.0,0.2384815216064453,0.26731064915657043,0.252301424741745
14614,0.0,0.2668948173522949,0.28652775287628174,0.28184086084365845
14615,1.0,0.29513317346572876,0.26727598905563354,0.3541153371334076
14616,1.0,0.27584999799728394,0.25957754254341125,0.31170475482940674
14617,1.0,0.24582219123840332,0.25024354457855225,0.37420105934143066
14618,0.0,0.2892853021621704,0.30226629972457886,0.44284334778785706
14619,1.0,0.2803521156311035,0.23813028633594513,0.30602556467056274
14620,0.0,0.3399205207824707,0.34421566128730774,0.3008013069629669
14621,1.0,0.27599745988845825,0.3020864725112915,0.31375113129615784
14622,0.0,0.26897627115249634,0.2857193648815155,0.23499023914337158
14623,0.0,0.42598962783813477,0.43884947896003723,0.47860077023506165
14624,1.0,0.33577555418014526,0.4041723906993866,0.26506468653678894
14625,0.0,0.32314354181289673,0.28300607204437256,0.2676545977592468
14626,0.0,0.2647979259490967,0.2579789161682129,0.27335718274116516
14627,0.0,0.2320249080657959,0.2437536120414734,0.16534824669361115
14628,0.0,0.17219042778015137,0.22031092643737793,0.16905489563941956
14629,0.0,0.17071861028671265,0.2021642029285431,0.11995568871498108
14630,0.0,0.17079734802246094,0.2161967158317566,0.14707620441913605
14631,1.0,0.17888081073760986,0.17967401444911957,0.10082297772169113
14632,0.0,0.11465507745742798,0.1662091612815857,0.09739343822002411
14633,0.0,0.08355426788330078,0.1330212950706482,0.055739857256412506
14634,0.0,0.1873498558998108,0.23140378296375275,0.09627058357000351
14635,1.0,0.1678638458251953,0.23168344795703888,0.12056401371955872
14636,0.0,0.1908525824546814,0.16739176213741302,0.14333023130893707
14637,0.0,0.11526304483413696,0.1903284639120102,0.0980217382311821
14638,0.0,0.0862303376197815,0.13216915726661682,0.05187296122312546
14639,0.0,0.05502021312713623,0.14973019063472748,0.0432300791144371
14640,0.0,0.06752818822860718,0.1796434074640274,0.059479378163814545
14641,0.0,0.04948347806930542,0.15998974442481995,0.04939277470111847
14642,0.0,0.09511440992355347,0.19109533727169037,0.11124089360237122
14643,0.0,0.06188082695007324,0.18397387862205505,0.07065509259700775
14644,0.0,0.09584307670593262,0.20912975072860718,0.10190093517303467
14645,0.0,0.07981562614440918,0.1982572376728058,0.08356352895498276
14646,0.0,0.12770205736160278,0.22498245537281036,0.23562026023864746
14647,0.0,0.1318609118461609,0.21918751299381256,0.12764117121696472
14648,0.0,0.167790949344635,0.2650248110294342,0.19585932791233063
14649,0.0,0.12358808517456055,0.21274633705615997,0.17229557037353516
14650,0.0,0.10059618949890137,0.17634305357933044,0.09931380301713943
14651,0.0,0.13570290803909302,0.20745569467544556,0.14451713860034943
14652,0.0,0.07357841730117798,0.15682877600193024,0.062425076961517334
14653,0.0,0.11810082197189331,0.2006855010986328,0.14626696705818176
14654,0.0,0.06919634342193604,0.21462886035442352,0.08980439603328705
14655,0.0,0.11892032623291016,0.2677215337753296,0.1462734192609787
14656,0.0,0.14084845781326294,0.2599301040172577,0.15633343160152435
14657,0.0,0.24080795049667358,0.35165709257125854,0.3263879716396332
14658,0.0,0.2670114040374756,0.322857528924942,0.37844347953796387
14920,0.0,0.280630886554718,0.35312697291374207,0.2439776360988617
14921,0.0,0.37175464630126953,0.30517375469207764,0.35487887263298035
14922,0.0,0.39727795124053955,0.34515610337257385,0.33335795998573303
14923,0.0,0.33496588468551636,0.3499627113342285,0.3344039022922516
14924,0.0,0.3318329453468323,0.2908601760864258,0.4037947654724121
14925,0.0,0.3783426284790039,0.3246133327484131,0.378553181886673
14926,0.0,0.36913222074508667,0.3433985412120819,0.3696173131465912
14927,0.0,0.27790695428848267,0.24829062819480896,0.27985188364982605
14928,0.0,0.25291186571121216,0.2696243226528168,0.3425034284591675
14929,0.0,0.4189080595970154,0.3388316333293915,0.4364374876022339
14930,0.0,0.2531577944755554,0.2447620928287506,0.2691252529621124
14931,0.0,0.27049142122268677,0.2669162154197693,0.3023751974105835
14932,0.0,0.37392735481262207,0.3049692213535309,0.4561615288257599
14933,0.0,0.34875184297561646,0.30819496512413025,0.31822165846824646
14934,0.0,0.27601903676986694,0.21544192731380463,0.2617068290710449
14935,0.0,0.16284584999084473,0.15218044817447662,0.1518447995185852
14936,0.0,0.40157967805862427,0.3633604049682617,0.4558992385864258
14937,0.0,0.5297418832778931,0.5810219049453735,0.5469607710838318
14938,0.0,0.42834872007369995,0.46086129546165466,0.47317788004875183
14939,0.0,0.39880990982055664,0.3748033344745636,0.42347654700279236
14940,0.0,0.32643330097198486,0.3377651274204254,0.30744075775146484
14941,0.0,0.34359562397003174,0.355472207069397,0.30919182300567627
14942,0.0,0.35908764600753784,0.28757888078689575,0.2759115695953369
14943,0.0,0.26402610540390015,0.23094108700752258,0.20498216152191162
14944,0.0,0.3042948842048645,0.27747100591659546,0.2484246790409088
14945,0.0,0.29284894466400146,0.24606208503246307,0.21649599075317383
14946,0.0,0.20029819011688232,0.18010343611240387,0.14199328422546387
14947,0.0,0.219454824924469,0.2173178344964981,0.1664637327194214
14948,0.0,0.22799760103225708,0.20674729347229004,0.19216187298297882
14949,0.0,0.18899577856063843,0.1756259948015213,0.15721511840820312
14950,0.0,0.14681226015090942,0.1541687250137329,0.1064857691526413
14951,0.0,0.09915047883987427,0.10054358839988708,0.075632743537426
14952,0.0,0.1221204400062561,0.15850798785686493,0.09072957187891006
14953,0.0,0.12826842069625854,0.15650810301303864,0.08879594504833221
14954,0.0,0.06828641891479492,0.09998751431703568,0.04217497631907463
14955,0.0,0.14217734336853027,0.19926361739635468,0.0916784480214119
14956,0.0,0.1736011505126953,0.18303349614143372,0.10225534439086914
14957,0.0,0.09720718860626221,0.13288021087646484,0.07606061547994614
14958,0.0,0.1465829610824585,0.17152242362499237,0.09610386937856674
14959,0.0,0.12453961372375488,0.1357920914888382,0.09238334745168686
14960,0.0,0.152576744556427,0.19976964592933655,0.11933517456054688
14961,0.0,0.1035204529762268,0.14617395401000977,0.09105751663446426
14962,0.0,0.16448062658309937,0.169989213347435,0.11801055818796158
14963,0.0,0.2159576416015625,0.2089529186487198,0.16925913095474243
14964,0.0,0.1301414966583252,0.2089100480079651,0.11981435865163803
14965,0.0,0.11170083284378052,0.10737481713294983,0.11066178977489471
14966,0.0,0.17009925842285156,0.17045874893665314,0.12455350905656815
14967,0.0,0.20001649856567383,0.23630450665950775,0.1714860200881958
14968,0.0,0.21287590265274048,0.21066635847091675,0.19779247045516968
14969,0.0,0.27757376432418823,0.2495385706424713,0.28524935245513916
14970,0.0,0.3395472764968872,0.28940215706825256,0.3565787971019745
14971,0.0,0.1935887336730957,0.20566783845424652,0.23872724175453186
15233,1.0,0.06302779912948608,0.05610000714659691,0.05689464882016182
15234,1.0,0.06058305501937866,0.07777944952249527,0.060333501547575
15235,1.0,0.06113821268081665,0.07640372961759567,0.052725352346897125
15236,1.0,0.06325274705886841,0.04925749450922012,0.05883282423019409
15237,1.0,0.05605572462081909,0.06469802558422089,0.04956832900643349
15238,1.0,0.05710875988006592,0.06583840399980545,0.0503542497754097
15239,1.0,0.055244266986846924,0.06281111389398575,0.0512966625392437
15240,1.0,0.06008470058441162,0.05313386768102646,0.056311000138521194
15241,1.0,0.0578998327255249,0.06052330508828163,0.05701947212219238
15242,1.0,0.05637234449386597,0.05507136136293411,0.055972062051296234
15243,1.0,0.0600016713142395,0.0557563416659832,0.060133472084999084
15244,1.0,0.060149192810058594,0.051500238478183746,0.0642959326505661
15245,1.0,0.06025969982147217,0.08324012160301208,0.061351288110017776
15246,1.0,0.05910772085189819,0.056692373007535934,0.054415877908468246
15247,1.0,0.0599551796913147,0.08278621733188629,0.06237472593784332
15248,1.0,0.06026411056518555,0.05199870839715004,0.05856927111744881
15249,1.0,0.05933433771133423,0.05411520600318909,0.05528666079044342
15250,1.0,0.051583290100097656,0.05226290971040726,0.050889357924461365
15251,1.0,0.04319864511489868,0.06788208335638046,0.0440036840736866
15252,1.0,0.05465376377105713,0.05205536261200905,0.05031317472457886
15253,1.0,0.04791533946990967,0.060669153928756714,0.045946262776851654
15254,1.0,0.03771108388900757,0.06278351694345474,0.03699752688407898
15255,1.0,0.036208510398864746,0.04230252653360367,0.03533756360411644
15256,1.0,0.03144490718841553,0.07070071995258331,0.029057705774903297
15257,1.0,0.03196907043457031,0.07771152257919312,0.03163505718111992
15258,1.0,0.03455740213394165,0.07482866942882538,0.03360232338309288
15259,1.0,0.031029343605041504,0.05132165923714638,0.03228909894824028
15260,1.0,0.02879500389099121,0.07124663144350052,0.02699771150946617
15261,1.0,0.02890300750732422,0.046068351715803146,0.024862565100193024
15262,1.0,0.029668748378753662,0.06665825843811035,0.02129152975976467
15263,1.0,0.027129769325256348,0.07855608314275742,0.02400762401521206
15264,1.0,0.025597572326660156,0.05658598616719246,0.019342737272381783
15265,1.0,0.025581777095794678,0.07214922457933426,0.0184832364320755
15266,1.0,0.026356935501098633,0.04261903092265129,0.019688012078404427
15267,1.0,0.026022493839263916,0.06234542280435562,0.018764210864901543
15268,1.0,0.026340365409851074,0.055125292390584946,0.020205387845635414
15269,1.0,0.025259673595428467,0.03699217364192009,0.018751006573438644
15270,1.0,0.025263667106628418,0.05563952028751373,0.019731320440769196
15271,1.0,0.025946617126464844,0.03821387514472008,0.019121993333101273
15272,1.0,0.02770453691482544,0.036258965730667114,0.019835514947772026
15273,1.0,0.025799691677093506,0.03248175233602524,0.0201122984290123
15274,1.0,0.02572941780090332,0.03450534865260124,0.019640905782580376
15275,1.0,0.027973055839538574,0.037823695689439774,0.02093709446489811
15276,1.0,0.02960646152496338,0.030553538352251053,0.024855276569724083
15277,1.0,0.028958797454833984,0.03362700343132019,0.025178391486406326
15278,1.0,0.03291428089141846,0.02913721650838852,0.02638659067451954
15279,1.0,0.0331307053565979,0.028922410681843758,0.025198841467499733
15280,1.0,0.04914027452468872,0.02574898675084114,0.04190526157617569
15281,1.0,0.0528256893157959,0.030333973467350006,0.03863714262843132
15282,1.0,0.054918527603149414,0.03109857626259327,0.04968493431806564
15283,1.0,0.08202308416366577,0.05880269408226013,0.08045922219753265
15284,1.0,0.081290602684021,0.057514019310474396,0.08887442946434021
15546,1.0,0.044213056564331055,0.03106619231402874,0.05534375086426735
15547,1.0,0.056862473487854004,0.03058549575507641,0.05770278722047806
15548,1.0,0.04857826232910156,0.03356226533651352,0.07293679565191269
15549,1.0,0.05022251605987549,0.04466524347662926,0.07691711187362671
15550,1.0,0.04743474721908569,0.056440405547618866,0.07378396391868591
15551,1.0,0.03804981708526611,0.04524656757712364,0.04645456746220589
15552,1.0,0.04742932319641113,0.048916853964328766,0.07829394191503525
15553,1.0,0.050444602966308594,0.045668844133615494,0.0480755977332592
15554,1.0,0.050444602966308594,0.04572774097323418,0.051035813987255096
15555,1.0,0.04775881767272949,0.0333111509680748,0.07829562574625015
15556,1.0,0.0427737832069397,0.048177335411310196,0.0884244441986084
15557,1.0,0.04272913932800293,0.05271140858530998,0.06786709278821945
15558,1.0,0.051483094692230225,0.05392514541745186,0.04977244511246681
15559,1.0,0.15217632055282593,0.1958683431148529,0.1851366013288498
15560,1.0,0.15884125232696533,0.15501947700977325,0.12310358136892319
15561,1.0,0.2667233347892761,0.19171901047229767,0.2467021942138672
15562,1.0,0.3497476577758789,0.26380065083503723,0.32993656396865845
15563,1.0,0.2704920172691345,0.24111171066761017,0.30593031644821167
15564,1.0,0.16334444284439087,0.15181390941143036,0.1807924509048462
15565,1.0,0.10775381326675415,0.10509823262691498,0.11373989284038544
15566,1.0,0.10221832990646362,0.13144676387310028,0.12302372604608536
15567,1.0,0.14442312717437744,0.19547517597675323,0.19832076132297516
15568,1.0,0.07803165912628174,0.18855610489845276,0.07604609429836273
15569,1.0,0.07130849361419678,0.07347146421670914,0.060627281665802
15570,1.0,0.07484352588653564,0.07216695696115494,0.06464990973472595
15571,1.0,0.06718426942825317,0.07017862796783447,0.05638214200735092
15572,1.0,0.036668479442596436,0.044586364179849625,0.04095647111535072
15573,1.0,0.03546786308288574,0.0397682711482048,0.03582160547375679
15574,1.0,0.08890867233276367,0.16141362488269806,0.09548565745353699
15575,1.0,0.07852524518966675,0.1362048089504242,0.06949270516633987
15576,1.0,0.058286309242248535,0.06406784802675247,0.05310354381799698
15577,1.0,0.05111414194107056,0.05458459258079529,0.04165463149547577
15578,1.0,0.04999041557312012,0.0605805404484272,0.045010294765233994
15579,1.0,0.03454434871673584,0.04063385725021362,0.028359172865748405
15580,1.0,0.032910823822021484,0.030919771641492844,0.022654633969068527
15581,1.0,0.03685086965560913,0.03356859087944031,0.0282141026109457
15582,1.0,0.032481372356414795,0.036710500717163086,0.026928948238492012
15583,1.0,0.0379214882850647,0.036180004477500916,0.031139075756072998
15584,1.0,0.03371846675872803,0.031804073601961136,0.030971473082900047
15585,1.0,0.026705682277679443,0.023874450474977493,0.024808194488286972
15586,1.0,0.036772310733795166,0.03661169111728668,0.047102928161621094
15587,1.0,0.034747540950775146,0.06966116279363632,0.05271647498011589
15588,1.0,0.029209911823272705,0.041233837604522705,0.03558734804391861
15589,1.0,0.037677109241485596,0.045030929148197174,0.06332474201917648
15590,1.0,0.034941136837005615,0.046624064445495605,0.05217069759964943
15591,1.0,0.03748965263366699,0.07101240009069443,0.05270761251449585
15592,1.0,0.03197568655014038,0.029624683782458305,0.051376234740018845
15593,1.0,0.034636616706848145,0.052510812878608704,0.038882870227098465
15594,1.0,0.03556793928146362,0.05275535583496094,0.06649669259786606
15595,1.0,0.04940849542617798,0.06976372748613358,0.07606402039527893
15596,1.0,0.17947614192962646,0.24220998585224152,0.33883363008499146
15597,1.0,0.18477439880371094,0.2756149470806122,0.24249078333377838
15859,0.0,0.1791892647743225,0.14480166137218475,0.2166411578655243
15860,1.0,0.15609955787658691,0.2022152990102768,0.24849872291088104
15861,1.0,0.18818169832229614,0.2541779577732086,0.38186022639274597
15862,1.0,0.28176867961883545,0.2747710645198822,0.4100470542907715
15863,1.0,0.28662532567977905,0.25789886713027954,0.4870137870311737
15864,1.0,0.32438164949417114,0.3047085106372833,0.5529098510742188
15865,1.0,0.29651468992233276,0.28979578614234924,0.5070204138755798
15866,1.0,0.2852244973182678,0.27436619997024536,0.46633854508399963
15867,1.0,0.1618039608001709,0.204066663980484,0.27108514308929443
15868,0.0,0.13700848817825317,0.13932296633720398,0.2772197723388672
15869,0.0,0.2082195281982422,0.22933347523212433,0.3673498332500458
15870,1.0,0.1678341031074524,0.18304432928562164,0.23595274984836578
15871,0.0,0.1609925627708435,0.17758651077747345,0.2732999920845032
15872,0.0,0.13912904262542725,0.13760918378829956,0.22056908905506134
15873,0.0,0.1340193748474121,0.14892926812171936,0.1682892143726349
15874,0.0,0.07802480459213257,0.10866942256689072,0.0973009392619133
15875,0.0,0.09454447031021118,0.12100572884082794,0.11898688971996307
15876,0.0,0.08078110218048096,0.10215215384960175,0.12256042659282684
15877,0.0,0.12810546159744263,0.1254069060087204,0.1539398431777954
15878,1.0,0.09953463077545166,0.13632789254188538,0.08357719331979752
15879,0.0,0.10213327407836914,0.09687746316194534,0.09400270879268646
15880,0.0,0.0885114073753357,0.07548642158508301,0.0847415030002594
15881,0.0,0.09018117189407349,0.09117964655160904,0.07414717972278595
15882,0.0,0.0686267614364624,0.11059936881065369,0.06308668851852417
15883,0.0,0.06460428237915039,0.09685683995485306,0.05854153260588646
15884,0.0,0.06978118419647217,0.08269808441400528,0.06420564651489258
15885,0.0,0.09209102392196655,0.17271064221858978,0.08595720678567886
15886,1.0,0.09903866052627563,0.15186721086502075,0.09060156345367432
15887,0.0,0.10743290185928345,0.11459127068519592,0.10413011908531189
15888,1.0,0.09994375705718994,0.15081602334976196,0.09669190645217896
15889,0.0,0.09657114744186401,0.10825896263122559,0.10895499587059021
15890,0.0,0.06908637285232544,0.07231492549180984,0.07281329482793808
15891,0.0,0.06558036804199219,0.09511131048202515,0.06577841937541962
15892,0.0,0.049353837966918945,0.11083375662565231,0.049062781035900116
15893,0.0,0.05600816011428833,0.11456259340047836,0.0558047890663147
15894,0.0,0.05022794008255005,0.10975349694490433,0.048115428537130356
15895,0.0,0.05583822727203369,0.08347118645906448,0.062010157853364944
15896,0.0,0.05899626016616821,0.11275564879179001,0.05554119497537613
15897,0.0,0.04602271318435669,0.1158810406923294,0.030359715223312378
15898,0.0,0.05804091691970825,0.12019854038953781,0.05068107694387436
15899,0.0,0.0765349268913269,0.1489078849554062,0.07298299670219421
15900,1.0,0.0910065770149231,0.14066164195537567,0.10876340419054031
15901,0.0,0.07408130168914795,0.11169165372848511,0.07262637466192245
15902,0.0,0.16020256280899048,0.13732920587062836,0.22161869704723358
15903,1.0,0.1049312949180603,0.10826074331998825,0.1290116161108017
15904,0.0,0.10273629426956177,0.11319685727357864,0.09996146708726883
15905,1.0,0.08290523290634155,0.11507382988929749,0.0931793600320816
15906,0.0,0.14235371351242065,0.18558934330940247,0.16209779679775238
15907,1.0,0.1554321050643921,0.1852140873670578,0.17568522691726685
15908,1.0,0.2081192135810852,0.21639560163021088,0.2556320130825043
15909,1.0,0.33080869913101196,0.21474730968475342,0.395428866147995
15910,1.0,0.3186149597167969,0.2524351477622986,0.4159734547138214
16172,0.0,0.03904050588607788,0.056978777050971985,0.028739403933286667
16173,0.0,0.037150561809539795,0.1132819727063179,0.02672194503247738
16174,0.0,0.049216508865356445,0.10619789361953735,0.03507973998785019
16175,0.0,0.0435444712638855,0.1060386523604393,0.027189327403903008
16176,0.0,0.03668534755706787,0.10688673704862595,0.026150211691856384
16177,0.0,0.12358880043029785,0.11580324918031693,0.12450458854436874
16178,1.0,0.1425238847732544,0.14753222465515137,0.19533108174800873
16179,0.0,0.11627334356307983,0.1590656340122223,0.09798695892095566
16180,0.0,0.1599155068397522,0.17143496870994568,0.1964154690504074
16181,1.0,0.10043728351593018,0.13292643427848816,0.1114896759390831
16182,0.0,0.15075385570526123,0.19124017655849457,0.18060393631458282
16183,1.0,0.15712010860443115,0.16029231250286102,0.17617005109786987
16184,1.0,0.1648903489112854,0.16260068118572235,0.1818152219057083
16185,0.0,0.16570883989334106,0.13219000399112701,0.20547319948673248
16186,1.0,0.14006996154785156,0.11781102418899536,0.1216372400522232
16187,1.0,0.1507667899131775,0.13941426575183868,0.196906179189682
16188,1.0,0.1565825343132019,0.12730015814304352,0.20285245776176453
16189,1.0,0.137192964553833,0.11908925324678421,0.24668417870998383
16190,1.0,0.12897199392318726,0.11594177037477493,0.18889111280441284
16191,1.0,0.167059063911438,0.16356061398983002,0.2177439033985138
16192,1.0,0.13547790050506592,0.12576135993003845,0.15515445172786713
16193,1.0,0.12084376811981201,0.14048990607261658,0.17308160662651062
16194,0.0,0.1339203119277954,0.17575068771839142,0.18674346804618835
16195,1.0,0.15845531225204468,0.19767451286315918,0.1989356279373169
16196,1.0,0.16655278205871582,0.13731099665164948,0.15575818717479706
16197,1.0,0.13218778371810913,0.13942603766918182,0.17637218534946442
16198,0.0,0.1150861382484436,0.16317744553089142,0.11568938940763474
16199,0.0,0.11123913526535034,0.11802759766578674,0.09661456942558289
16200,0.0,0.10955232381820679,0.10288400202989578,0.13283681869506836
16201,0.0,0.07669919729232788,0.07388924062252045,0.0689687728881836
16202,0.0,0.10899752378463745,0.0986475795507431,0.08675790578126907
16203,1.0,0.14994972944259644,0.1474924385547638,0.10926764458417892
16204,1.0,0.09168392419815063,0.12287839502096176,0.07357091456651688
16205,0.0,0.12584900856018066,0.1553981602191925,0.12009185552597046
16206,0.0,0.07501804828643799,0.12536406517028809,0.0827871635556221
16207,0.0,0.08264535665512085,0.1283506155014038,0.08548223227262497
16208,0.0,0.0431056022644043,0.06052554398775101,0.034795764833688736
16209,0.0,0.043224036693573,0.05161377415060997,0.03859255090355873
16210,0.0,0.032892048358917236,0.0292552188038826,0.0228551235049963
16211,0.0,0.05538254976272583,0.0918864756822586,0.040578555315732956
16212,1.0,0.04376411437988281,0.06544014066457748,0.04078492894768715
16213,0.0,0.04316776990890503,0.09406780451536179,0.039297301322221756
16214,0.0,0.03006577491760254,0.041156016290187836,0.027082636952400208
16215,0.0,0.040617406368255615,0.06954927742481232,0.04766227304935455
16216,0.0,0.02722257375717163,0.05867382138967514,0.025000782683491707
16217,0.0,0.025667011737823486,0.05116013064980507,0.026195047423243523
16218,0.0,0.028100013732910156,0.06432928144931793,0.026551324874162674
16219,0.0,0.030089914798736572,0.05707291141152382,0.022933879867196083
16220,0.0,0.030163705348968506,0.06770292669534683,0.023468537256121635
16221,0.0,0.07409894466400146,0.13239741325378418,0.056695736944675446
16222,0.0,0.06993430852890015,0.12155872583389282,0.07335968315601349
16223,0.0,0.059538841247558594,0.07638722658157349,0.05918990820646286
16485,0.0,0.03940534591674805,0.044712431728839874,0.041617948561906815
16486,0.0,0.055373191833496094,0.06932356208562851,0.04326116666197777
16487,0.0,0.07101207971572876,0.11483627557754517,0.053715985268354416
16488,0.0,0.06224483251571655,0.08109526336193085,0.05345841497182846
16489,0.0,0.052906572818756104,0.060874659568071365,0.0496768094599247
16490,0.0,0.07013213634490967,0.08387218415737152,0.05634990707039833
16491,0.0,0.059814512729644775,0.07750622183084488,0.048700667917728424
16492,0.0,0.06587362289428711,0.08639997988939285,0.055478598922491074
16493,0.0,0.07489514350891113,0.11155558377504349,0.06434773653745651
16494,0.0,0.0723908543586731,0.08901198953390121,0.0684521272778511
16495,0.0,0.06294351816177368,0.08832871913909912,0.06656176596879959
16496,0.0,0.06804502010345459,0.09230095893144608,0.06160200387239456
16497,0.0,0.07338529825210571,0.1054450199007988,0.06427386403083801
16498,0.0,0.07253706455230713,0.08830063790082932,0.061608169227838516
16499,0.0,0.06535232067108154,0.09814772009849548,0.05550773814320564
16500,0.0,0.06587362289428711,0.0922151654958725,0.05521225929260254
16501,0.0,0.06434249877929688,0.10774017125368118,0.05033363774418831
16502,0.0,0.05936926603317261,0.08175977319478989,0.047611042857170105
16503,0.0,0.05423009395599365,0.06122811511158943,0.04642953351140022
16504,0.0,0.13531482219696045,0.11285324394702911,0.1324889063835144
16505,0.0,0.25502270460128784,0.22991569340229034,0.24226433038711548
16506,0.0,0.2786051034927368,0.22941645979881287,0.27900809049606323
16507,1.0,0.14539307355880737,0.16711686551570892,0.15469779074192047
16508,0.0,0.12587344646453857,0.1481168121099472,0.15937863290309906
16509,0.0,0.1378626823425293,0.10014026612043381,0.14831042289733887
16510,0.0,0.09095597267150879,0.10838181525468826,0.10613321512937546
16511,0.0,0.052544593811035156,0.01918097212910652,0.04733791947364807
16512,0.0,0.045412302017211914,0.019340647384524345,0.04935917630791664
16513,0.0,0.04099386930465698,0.033807504922151566,0.06507544964551926
16514,0.0,0.05279606580734253,0.021351968869566917,0.05915507674217224
16515,0.0,0.03512430191040039,0.025892265141010284,0.05875584855675697
16516,0.0,0.03581422567367554,0.030902709811925888,0.0510723851621151
16517,0.0,0.03822356462478638,0.029850954189896584,0.054005879908800125
16518,0.0,0.04561585187911987,0.036513615399599075,0.057562537491321564
16519,0.0,0.03521716594696045,0.036366648972034454,0.04715884476900101
16520,0.0,0.02914482355117798,0.026943260803818703,0.036776646971702576
16521,0.0,0.031024396419525146,0.02582838386297226,0.03619011491537094
16522,0.0,0.029001235961914062,0.026402397081255913,0.0346100740134716
16523,0.0,0.02807438373565674,0.0322398878633976,0.03446712717413902
16524,0.0,0.02769148349761963,0.027199719101190567,0.03063815087080002
16525,0.0,0.029066264629364014,0.030434397980570793,0.036015208810567856
16526,0.0,0.02609938383102417,0.031208066269755363,0.03405657038092613
16527,0.0,0.02298980951309204,0.02508675493299961,0.027217362076044083
16528,0.0,0.032578349113464355,0.04559782147407532,0.038261398673057556
16529,0.0,0.02548372745513916,0.03503445163369179,0.03527768701314926
16530,0.0,0.0217287540435791,0.03556010127067566,0.02444702386856079
16531,0.0,0.022600769996643066,0.032029252499341965,0.026164865121245384
16532,0.0,0.024278700351715088,0.03779676929116249,0.028131626546382904
16533,0.0,0.028992950916290283,0.04208306595683098,0.0366152822971344
16534,0.0,0.02945655584335327,0.04271310940384865,0.03335944563150406
16535,0.0,0.17926162481307983,0.33908894658088684,0.28924450278282166
16536,1.0,0.08892977237701416,0.2910568118095398,0.08120846748352051
16798,0.0,0.042484402656555176,0.052878543734550476,0.04106755182147026
16799,0.0,0.04405069351196289,0.07546720653772354,0.0331069752573967
16800,0.0,0.046223461627960205,0.07562750577926636,0.04072510823607445
16801,0.0,0.044434189796447754,0.07677614688873291,0.03768521547317505
16802,0.0,0.0453951358795166,0.0720100924372673,0.040573932230472565
16803,0.0,0.04590487480163574,0.08059220016002655,0.03566588833928108
16804,0.0,0.04436081647872925,0.07777053117752075,0.035924896597862244
16805,0.0,0.04611313343048096,0.07402808219194412,0.0362999401986599
16806,0.0,0.03988337516784668,0.07862553745508194,0.03519522398710251
16807,0.0,0.04259979724884033,0.0688079297542572,0.03620580956339836
16808,0.0,0.11049175262451172,0.08638162910938263,0.1393355429172516
16809,1.0,0.19757181406021118,0.2048850804567337,0.17973560094833374
16810,1.0,0.15443909168243408,0.14787746965885162,0.1715240180492401
16811,0.0,0.15853935480117798,0.1549573540687561,0.1949588656425476
16812,1.0,0.10534536838531494,0.12046656012535095,0.09366165101528168
16813,0.0,0.1027684211730957,0.13230125606060028,0.11518016457557678
16814,0.0,0.12773507833480835,0.1092938706278801,0.12054409831762314
16815,1.0,0.14555472135543823,0.1208091452717781,0.11505316197872162
16816,0.0,0.13756227493286133,0.12503163516521454,0.11110736429691315
16817,1.0,0.100086510181427,0.09782680869102478,0.0684632882475853
16818,0.0,0.14244866371154785,0.15770240128040314,0.1392069011926651
16819,1.0,0.14499133825302124,0.09913645684719086,0.09970524907112122
16820,0.0,0.21310758590698242,0.15892308950424194,0.22250090539455414
16821,0.0,0.11170393228530884,0.10987155884504318,0.07275054603815079
16822,1.0,0.11926913261413574,0.14496806263923645,0.09271823614835739
16823,0.0,0.18071633577346802,0.18730869889259338,0.19266732037067413
16824,1.0,0.13932299613952637,0.13259346783161163,0.11910172551870346
16825,0.0,0.16316235065460205,0.15947996079921722,0.1861899346113205
16826,0.0,0.13943004608154297,0.13034898042678833,0.15307901799678802
16827,0.0,0.12246125936508179,0.1436508744955063,0.15352267026901245
16828,0.0,0.11047357320785522,0.14747044444084167,0.1152823269367218
16829,1.0,0.131206214427948,0.11562462151050568,0.11375255137681961
16830,1.0,0.1436624526977539,0.16085299849510193,0.1468731164932251
16831,1.0,0.22236508131027222,0.2357044517993927,0.2270141988992691
16832,1.0,0.22545158863067627,0.2528577148914337,0.22213049232959747
16833,1.0,0.15480828285217285,0.1582460105419159,0.19684790074825287
16834,0.0,0.13591551780700684,0.1769985854625702,0.14594629406929016
16835,0.0,0.13120484352111816,0.14984022080898285,0.14750565588474274
16836,0.0,0.1635618805885315,0.1274389624595642,0.185210183262825
16837,1.0,0.1516181230545044,0.13835762441158295,0.10860712826251984
16838,1.0,0.1707770824432373,0.15190371870994568,0.17953543365001678
16839,1.0,0.16478651762008667,0.1363907903432846,0.12739764153957367
16840,1.0,0.16975551843643188,0.17974869906902313,0.15149438381195068
16841,1.0,0.19009500741958618,0.1575414091348648,0.1829693615436554
16842,0.0,0.0991353988647461,0.09953825920820236,0.09313945472240448
16843,0.0,0.0828237533569336,0.07947004586458206,0.0844484344124794
16844,0.0,0.05821537971496582,0.06813202798366547,0.06665468961000443
16845,0.0,0.11355042457580566,0.12838028371334076,0.08359472453594208
16846,0.0,0.05527299642562866,0.08545217663049698,0.03832819312810898
16847,0.0,0.058554112911224365,0.04746180772781372,0.051010116934776306
16848,0.0,0.07565522193908691,0.0533202663064003,0.06881695240736008
16849,0.0,0.08164095878601074,0.058088455349206924,0.08479628711938858
17111,0.0,0.2995558977127075,0.28961122035980225,0.23274287581443787
17112,0.0,0.45536667108535767,0.4277937710285187,0.5804433822631836
17113,1.0,0.6531450748443604,0.7419328093528748,0.7598209381103516
17114,0.0,0.4751724600791931,0.5383999347686768,0.5138335824012756
17115,0.0,0.542497456073761,0.475364089012146,0.6185933947563171
17116,0.0,0.4156954288482666,0.40846481919288635,0.4922098219394684
17117,0.0,0.4321143627166748,0.43050074577331543,0.4617369472980499
17118,0.0,0.34796684980392456,0.3387067914009094,0.3871399164199829
17119,0.0,0.3759908676147461,0.3985918164253235,0.460407555103302
17120,0.0,0.62562096118927,0.6256215572357178,0.6873739957809448
17121,1.0,0.38570016622543335,0.5135930180549622,0.3490840196609497
17122,0.0,0.421688437461853,0.43942102789878845,0.42614418268203735
17123,0.0,0.5868312120437622,0.5850141644477844,0.5430881977081299
17124,0.0,0.4424039125442505,0.450404554605484,0.34081318974494934
17125,0.0,0.5337221622467041,0.46289724111557007,0.5873534083366394
17126,0.0,0.5477132797241211,0.6931725144386292,0.6445598602294922
17127,1.0,0.5007692575454712,0.5993556380271912,0.5412518978118896
17128,0.0,0.5896119475364685,0.6417147517204285,0.7303681373596191
17129,1.0,0.49391770362854004,0.6734949946403503,0.6621946692466736
17130,1.0,0.5854791402816772,0.7413909435272217,0.7738849520683289
17131,1.0,0.6119180917739868,0.7370366454124451,0.8209365606307983
17132,1.0,0.5409771203994751,0.6234728097915649,0.6180870532989502
17133,1.0,0.5609453916549683,0.5112240314483643,0.605309247970581
17134,0.0,0.5179561376571655,0.5175954103469849,0.5461215972900391
17135,0.0,0.5223039388656616,0.4567275941371918,0.5726765990257263
17136,1.0,0.51854407787323,0.6008599400520325,0.5230584740638733
17137,0.0,0.4606016278266907,0.42798030376434326,0.3928912580013275
17138,0.0,0.39399027824401855,0.36093592643737793,0.3333301246166229
17139,0.0,0.4574093818664551,0.32726746797561646,0.3885415196418762
17140,0.0,0.26092851161956787,0.24338088929653168,0.2285405844449997
17141,0.0,0.26138103008270264,0.2586211562156677,0.18729880452156067
17142,0.0,0.16749686002731323,0.18566159904003143,0.13222627341747284
17143,0.0,0.20292502641677856,0.17730098962783813,0.12160809338092804
17144,0.0,0.2179507613182068,0.21054361760616302,0.14059273898601532
17145,0.0,0.1896723508834839,0.18153353035449982,0.10927831381559372
17146,0.0,0.23808282613754272,0.17823201417922974,0.1557380110025406
17147,0.0,0.29595035314559937,0.27650097012519836,0.17383883893489838
17148,0.0,0.2727285623550415,0.2526233494281769,0.18084849417209625
17149,0.0,0.21581119298934937,0.2079704850912094,0.17522330582141876
17150,0.0,0.2060154676437378,0.20499108731746674,0.17228394746780396
17151,0.0,0.2746726870536804,0.23126551508903503,0.17310287058353424
17152,0.0,0.24137216806411743,0.24250997602939606,0.18569134175777435
17153,0.0,0.19971805810928345,0.22674588859081268,0.1350516974925995
17154,0.0,0.21273905038833618,0.2034931629896164,0.1791582703590393
17155,0.0,0.26275306940078735,0.23594583570957184,0.24337345361709595
17156,0.0,0.25301146507263184,0.2173365205526352,0.21820394694805145
17157,0.0,0.19120603799819946,0.222870871424675,0.14449945092201233
17158,0.0,0.19359219074249268,0.23071131110191345,0.1427423357963562
17159,0.0,0.2783483862876892,0.3608905076980591,0.2876858711242676
17160,0.0,0.31886881589889526,0.32588642835617065,0.2316983938217163
17161,0.0,0.40264689922332764,0.4037233889102936,0.3209456205368042
17162,0.0,0.4561777710914612,0.36805078387260437,0.5385199189186096
17424,1.0,0.17578983306884766,0.19574004411697388,0.17711620032787323
17425,1.0,0.29061388969421387,0.2594769299030304,0.3247333765029907
17426,1.0,0.22704225778579712,0.19158096611499786,0.21844682097434998
17427,1.0,0.2163834571838379,0.19712421298027039,0.29498913884162903
17428,1.0,0.20746642351150513,0.16557353734970093,0.2888112962245941
17429,1.0,0.19156545400619507,0.19649887084960938,0.26394882798194885
17430,1.0,0.18334627151489258,0.20085187256336212,0.2901831567287445
17431,1.0,0.29543328285217285,0.2960345447063446,0.39689433574676514
17432,1.0,0.23626196384429932,0.2654655873775482,0.33719611167907715
17433,1.0,0.37889325618743896,0.48446178436279297,0.7251101732254028
17434,1.0,0.448936402797699,0.5711917281150818,0.7165358066558838
17435,1.0,0.4997023344039917,0.6292148232460022,0.8935937881469727
17436,1.0,0.4329603314399719,0.5853561162948608,0.7729920744895935
17437,1.0,0.4888384938240051,0.5237780809402466,0.8334805369377136
17438,1.0,0.4666426181793213,0.6491180658340454,0.8862271308898926
17439,1.0,0.517764687538147,0.7883827686309814,0.9424321055412292
17440,1.0,0.4810406565666199,0.8141172528266907,0.8977122902870178
17441,1.0,0.48770052194595337,0.7695477604866028,0.8952701687812805
17442,1.0,0.5013985633850098,0.8101896047592163,0.9377720355987549
17443,1.0,0.5037903785705566,0.7660733461380005,0.8879326581954956
17444,1.0,0.5192288160324097,0.7711641192436218,0.9207389950752258
17445,1.0,0.5582675933837891,0.8362095355987549,0.9241727590560913
17446,1.0,0.5785645246505737,0.8422041535377502,0.9467334151268005
17447,1.0,0.5145896673202515,0.7337864637374878,0.8427796363830566
17448,1.0,0.5509756803512573,0.6936134696006775,0.8837117552757263
17449,1.0,0.5898059606552124,0.7582183480262756,0.9108375310897827
17450,1.0,0.5887330770492554,0.7260740995407104,0.9162531495094299
17451,1.0,0.6222699284553528,0.7095471024513245,0.9091492295265198
17452,1.0,0.6649783849716187,0.7476354241371155,0.9365611672401428
17453,1.0,0.6111279129981995,0.6362990140914917,0.8622136116027832
17454,1.0,0.5559297800064087,0.6601400971412659,0.8409073352813721
17455,1.0,0.4943229556083679,0.6089398860931396,0.7468332052230835
17456,1.0,0.48277461528778076,0.5669092535972595,0.6827608346939087
17457,1.0,0.4256635308265686,0.46650487184524536,0.5756708979606628
17458,1.0,0.4415343999862671,0.45409905910491943,0.6253319382667542
17459,1.0,0.4308163523674011,0.42285624146461487,0.6012210845947266
17460,1.0,0.37753283977508545,0.362993061542511,0.47720015048980713
17461,1.0,0.3216536045074463,0.2898256778717041,0.3560170531272888
17462,1.0,0.34394586086273193,0.2531740069389343,0.4355838894844055
17463,1.0,0.33573997020721436,0.2881962060928345,0.39423587918281555
17464,1.0,0.293700635433197,0.2634790539741516,0.35025322437286377
17465,1.0,0.34611624479293823,0.23673856258392334,0.39128509163856506
17466,1.0,0.3766983151435852,0.23335576057434082,0.4516991674900055
17467,1.0,0.3308079242706299,0.3049108386039734,0.4141485095024109
17468,1.0,0.25422024726867676,0.15448768436908722,0.2985730469226837
17469,1.0,0.3009243607521057,0.1960475593805313,0.388654887676239
17470,1.0,0.2830226421356201,0.19979523122310638,0.2925282418727875
17471,1.0,0.29148346185684204,0.19347424805164337,0.3889290988445282
17472,1.0,0.26835113763809204,0.14237096905708313,0.29831448197364807
17473,1.0,0.1862863302230835,0.14014577865600586,0.19828027486801147
17474,1.0,0.26134610176086426,0.3310791552066803,0.32857730984687805
17475,1.0,0.2562127113342285,0.29426443576812744,0.31041455268859863
17737,1.0,0.05906623601913452,0.04788759723305702,0.05852579325437546
17738,1.0,0.05449497699737549,0.07749524712562561,0.044367216527462006
17739,1.0,0.17799770832061768,0.12286834418773651,0.1800311952829361
17740,1.0,0.1435847282409668,0.1965785175561905,0.12498161196708679
17741,1.0,0.11646157503128052,0.09807735681533813,0.09508973360061646
17742,1.0,0.09183841943740845,0.09820083528757095,0.09428196400403976
17743,1.0,0.10721057653427124,0.1021433100104332,0.08127141743898392
17744,1.0,0.07640159130096436,0.11797687411308289,0.06376829743385315
17745,1.0,0.07835739850997925,0.13233767449855804,0.07572801411151886
17746,1.0,0.08174222707748413,0.11853477358818054,0.07934961467981339
17747,1.0,0.08003878593444824,0.1356021910905838,0.08522383123636246
17748,1.0,0.09163486957550049,0.14692780375480652,0.07869336009025574
17749,1.0,0.16612088680267334,0.1680755317211151,0.21357135474681854
17750,1.0,0.1298220157623291,0.1691003143787384,0.11876627057790756
17751,1.0,0.23785912990570068,0.1576303392648697,0.23419727385044098
17752,1.0,0.2538904547691345,0.22114898264408112,0.24389444291591644
17753,1.0,0.22387415170669556,0.20386354625225067,0.2380634844303131
17754,1.0,0.2234121561050415,0.18927282094955444,0.2566981911659241
17755,1.0,0.11103355884552002,0.1565581113100052,0.12123085558414459
17756,1.0,0.11612659692764282,0.13344626128673553,0.11602580547332764
17757,1.0,0.09658688306808472,0.10100959241390228,0.11378445476293564
17758,1.0,0.15459048748016357,0.1092708483338356,0.13785983622074127
17759,1.0,0.09470528364181519,0.11940599977970123,0.06323269009590149
17760,1.0,0.08586990833282471,0.06198669597506523,0.06386402994394302
17761,1.0,0.07572042942047119,0.058354511857032776,0.06887480616569519
17762,1.0,0.15891170501708984,0.14410777390003204,0.15301856398582458
17763,1.0,0.07182484865188599,0.09206878393888474,0.05478477105498314
17764,1.0,0.07643789052963257,0.04689100757241249,0.06086059659719467
17765,1.0,0.05896008014678955,0.04729710891842842,0.05393209680914879
17766,1.0,0.11249405145645142,0.1139889508485794,0.12309732288122177
17767,1.0,0.09602373838424683,0.12501408159732819,0.094199039041996
17768,1.0,0.07667064666748047,0.10167620331048965,0.08426482230424881
17769,1.0,0.13389724493026733,0.17109763622283936,0.18139955401420593
17770,1.0,0.14011377096176147,0.17544737458229065,0.1393957883119583
17771,1.0,0.08224034309387207,0.14850208163261414,0.10981226712465286
17772,1.0,0.10745489597320557,0.1487818956375122,0.13053283095359802
17773,1.0,0.10179388523101807,0.1411409229040146,0.09399352967739105
17774,1.0,0.08368945121765137,0.11710450798273087,0.08032563328742981
17775,1.0,0.09625226259231567,0.1343281865119934,0.09727128595113754
17776,1.0,0.07020455598831177,0.07980833202600479,0.06522604078054428
17777,1.0,0.06469398736953735,0.07300563901662827,0.060618337243795395
17778,1.0,0.04172348976135254,0.04112948104739189,0.035766344517469406
17779,1.0,0.03910660743713379,0.026816345751285553,0.026080692186951637
17780,1.0,0.030651092529296875,0.018202634528279305,0.03240377455949783
17781,1.0,0.026668310165405273,0.01666823774576187,0.025964295491576195
17782,1.0,0.026208817958831787,0.01894017681479454,0.02736029215157032
17783,1.0,0.030575037002563477,0.023790985345840454,0.03484935685992241
17784,1.0,0.03435647487640381,0.031912174075841904,0.033069126307964325
17785,1.0,0.034210920333862305,0.024453110992908478,0.03191531449556351
17786,1.0,0.03843963146209717,0.038940925151109695,0.04252566769719124
17787,1.0,0.04308849573135376,0.04450845345854759,0.046045903116464615
17788,1.0,0.04149293899536133,0.04754093661904335,0.04243767634034157
18050,1.0,0.052149295806884766,0.027945181354880333,0.05554252490401268
18051,1.0,0.05424469709396362,0.03167884051799774,0.052631672471761703
18052,1.0,0.05124044418334961,0.02841968461871147,0.054778050631284714
18053,1.0,0.049284934997558594,0.02898172289133072,0.053751688450574875
18054,1.0,0.04989922046661377,0.033627379685640335,0.051576167345047
18055,1.0,0.04012805223464966,0.031331393867731094,0.05689847096800804
18056,1.0,0.04232966899871826,0.049023475497961044,0.04852234944701195
18057,1.0,0.05456852912902832,0.06429615616798401,0.054097674787044525
18058,1.0,0.05057793855667114,0.036684323102235794,0.06054652854800224
18059,1.0,0.05499708652496338,0.029719555750489235,0.07121797651052475
18060,1.0,0.04638111591339111,0.05754578858613968,0.053198039531707764
18061,1.0,0.05187255144119263,0.06791456788778305,0.06560565531253815
18062,1.0,0.047461748123168945,0.05244417116045952,0.04732808098196983
18063,1.0,0.04991263151168823,0.05058972164988518,0.03787393495440483
18064,1.0,0.05215877294540405,0.05905861407518387,0.04812569543719292
18065,1.0,0.04996788501739502,0.045691244304180145,0.04760817438364029
18066,1.0,0.051412761211395264,0.03597399219870567,0.053063955157995224
18067,1.0,0.05256760120391846,0.03150331601500511,0.05135617032647133
18068,1.0,0.046987175941467285,0.028874969109892845,0.04153544455766678
18069,1.0,0.03950679302215576,0.040224820375442505,0.03189752250909805
18070,1.0,0.04305911064147949,0.02579285204410553,0.0375114269554615
18071,1.0,0.044254302978515625,0.02231847681105137,0.04423808306455612
18072,1.0,0.028820693492889404,0.02551719732582569,0.028781721368432045
18073,1.0,0.0282478928565979,0.021324679255485535,0.025066738948225975
18074,1.0,0.02833080291748047,0.024311233311891556,0.026535887271165848
18075,1.0,0.030068397521972656,0.022124486044049263,0.028645142912864685
18076,1.0,0.027540743350982666,0.018631145358085632,0.024641921743750572
18077,1.0,0.026495635509490967,0.02169540338218212,0.025544103235006332
18078,1.0,0.024860620498657227,0.023172160610556602,0.026207376271486282
18079,1.0,0.024059534072875977,0.026810696348547935,0.02070479281246662
18080,1.0,0.023079633712768555,0.02122126705944538,0.019232578575611115
18081,1.0,0.02123260498046875,0.019617881625890732,0.016235336661338806
18082,1.0,0.020762324333190918,0.018675345927476883,0.015795158222317696
18083,1.0,0.020445644855499268,0.01677522249519825,0.01565525494515896
18084,1.0,0.04744082689285278,0.0987280011177063,0.02990461140871048
18085,1.0,0.06306290626525879,0.15452368557453156,0.04695034399628639
18086,1.0,0.047531187534332275,0.05861937254667282,0.02674674242734909
18087,1.0,0.04365408420562744,0.050223082304000854,0.031929586082696915
18088,1.0,0.04623454809188843,0.048472270369529724,0.031661055982112885
18089,1.0,0.03519195318222046,0.017736705020070076,0.027585556730628014
18090,1.0,0.033315062522888184,0.017810525372624397,0.02203025110065937
18091,1.0,0.02491551637649536,0.018189599737524986,0.023744355887174606
18092,1.0,0.03720587491989136,0.020493071526288986,0.03831271454691887
18093,1.0,0.03847825527191162,0.016893673688173294,0.04081389307975769
18094,1.0,0.046298444271087646,0.02594989351928234,0.05079922825098038
18095,1.0,0.04673033952713013,0.02310340479016304,0.04422177001833916
18096,1.0,0.04025077819824219,0.0218494925647974,0.050802864134311676
18097,1.0,0.042196571826934814,0.045539740473032,0.03522602468729019
18098,1.0,0.040779054164886475,0.04611606523394585,0.04521748423576355
18099,1.0,0.04562908411026001,0.034802600741386414,0.052049338817596436
18100,1.0,0.06472855806350708,0.03667401522397995,0.0865674540400505
18101,1.0,0.057959020137786865,0.0407010056078434,0.09887945652008057
18363,1.0,0.6161503195762634,0.7317730784416199,0.9240292310714722
18364,0.0,0.7596169710159302,0.6918393969535828,0.9330537915229797
18365,1.0,0.6294419765472412,0.5116217732429504,0.8501818180084229
18366,0.0,0.34136104583740234,0.30541878938674927,0.5197205543518066
18367,0.0,0.44929254055023193,0.34389570355415344,0.6407468914985657
18368,0.0,0.5662881135940552,0.45135194063186646,0.7753008008003235
18369,0.0,0.5897861123085022,0.5063960552215576,0.796302855014801
18370,0.0,0.4550108313560486,0.4450317323207855,0.6819438934326172
18371,0.0,0.4680250883102417,0.440880686044693,0.7398250102996826
18372,1.0,0.6445720195770264,0.5900971293449402,0.8579300045967102
18373,1.0,0.43838614225387573,0.3799948990345001,0.6561147570610046
18374,1.0,0.5214186906814575,0.4227100610733032,0.7207944393157959
18375,1.0,0.6761387586593628,0.5470324158668518,0.8676462769508362
18376,1.0,0.7778899669647217,0.720160722732544,0.9506210088729858
18377,1.0,0.7218630909919739,0.8822872638702393,0.965752363204956
18378,1.0,0.7195935845375061,0.8553150296211243,0.9423450827598572
18379,1.0,0.8408029079437256,0.8599377274513245,0.9706833958625793
18380,1.0,0.7952857613563538,0.9124935865402222,0.9683472514152527
18381,1.0,0.7794836759567261,0.8843045830726624,0.9599509239196777
18382,1.0,0.7099067568778992,0.7981781959533691,0.9453346133232117
18383,1.0,0.6475043296813965,0.7912795543670654,0.900006890296936
18384,1.0,0.7677415609359741,0.865023672580719,0.9531490802764893
18385,1.0,0.7534082531929016,0.8657920360565186,0.9473370313644409
18386,1.0,0.730792760848999,0.8385570049285889,0.934319794178009
18387,1.0,0.7291765213012695,0.8039087057113647,0.9233763217926025
18388,1.0,0.7323347330093384,0.7753918170928955,0.8823996186256409
18389,1.0,0.6448795795440674,0.5888168215751648,0.8478175401687622
18390,1.0,0.5800331830978394,0.5757588744163513,0.8079080581665039
18391,1.0,0.6157234907150269,0.5212275981903076,0.8011165261268616
18392,1.0,0.627807080745697,0.5453346371650696,0.8015034198760986
18393,1.0,0.5216925144195557,0.4281415343284607,0.6492522358894348
18394,0.0,0.46678972244262695,0.3609640300273895,0.49884581565856934
18395,0.0,0.4072369337081909,0.31928399205207825,0.45708397030830383
18396,0.0,0.3688178062438965,0.4234239161014557,0.48388242721557617
18397,0.0,0.48663395643234253,0.325613796710968,0.5281713008880615
18398,0.0,0.3897923231124878,0.38489487767219543,0.5481374859809875
18399,0.0,0.3764275908470154,0.3535415530204773,0.4506378471851349
18400,0.0,0.3755573630332947,0.38070693612098694,0.46617695689201355
18401,0.0,0.3575863242149353,0.37647074460983276,0.4750920832157135
18402,0.0,0.35015714168548584,0.27173787355422974,0.44588199257850647
18403,0.0,0.36962008476257324,0.37772512435913086,0.5752707123756409
18404,0.0,0.5293114185333252,0.5513631105422974,0.779586136341095
18405,0.0,0.5279991626739502,0.5984530448913574,0.7690184116363525
18406,1.0,0.45714271068573,0.5763288140296936,0.7156782746315002
18407,0.0,0.5211070775985718,0.5836651921272278,0.744305431842804
18408,1.0,0.4005618691444397,0.45974600315093994,0.5654770135879517
18409,0.0,0.409784197807312,0.4566933214664459,0.654545783996582
18410,1.0,0.5693007111549377,0.6573044061660767,0.828664243221283
18411,1.0,0.619140625,0.6141901612281799,0.8048892617225647
18412,1.0,0.6578884124755859,0.8178709745407104,0.8907962441444397
18413,1.0,0.6185697317123413,0.6083657741546631,0.7980475425720215
18414,1.0,0.6412249207496643,0.5211125612258911,0.8035485148429871
18676,0.0,0.07102799415588379,0.05653836578130722,0.0639592632651329
18677,0.0,0.06531304121017456,0.052650097757577896,0.0622272752225399
18678,0.0,0.06781846284866333,0.07439131289720535,0.05300353839993477
18679,0.0,0.06116306781768799,0.06495984643697739,0.047369033098220825
18680,0.0,0.06790781021118164,0.07509567588567734,0.04816780239343643
18681,0.0,0.14442920684814453,0.12524305284023285,0.14541293680667877
18682,0.0,0.22612053155899048,0.20573194324970245,0.18670447170734406
18683,0.0,0.07515066862106323,0.0920691266655922,0.05685773864388466
18684,0.0,0.07130658626556396,0.06519748270511627,0.08624933660030365
18685,0.0,0.0888022780418396,0.08081792294979095,0.08381985127925873
18686,0.0,0.19288206100463867,0.19152958691120148,0.1839360147714615
18687,0.0,0.09471458196640015,0.17195533215999603,0.07680530101060867
18688,0.0,0.09703880548477173,0.09946198016405106,0.06495688855648041
18689,0.0,0.0996353030204773,0.08767534792423248,0.07882466912269592
18690,0.0,0.09713518619537354,0.08851273357868195,0.058220893144607544
18691,0.0,0.06375807523727417,0.11726949363946915,0.056994158774614334
18692,0.0,0.1396254301071167,0.10376293957233429,0.1410066783428192
18693,0.0,0.19166022539138794,0.1826614886522293,0.18083100020885468
18694,0.0,0.12704485654830933,0.15299054980278015,0.11526942253112793
18695,0.0,0.10337889194488525,0.11198150366544724,0.10645733773708344
18696,0.0,0.17870193719863892,0.19341044127941132,0.16277974843978882
18697,0.0,0.09807401895523071,0.10888328403234482,0.08334159851074219
18698,0.0,0.10213065147399902,0.10730896145105362,0.08316363394260406
18699,0.0,0.07192039489746094,0.11253144592046738,0.049544841051101685
18700,0.0,0.07738256454467773,0.07729531824588776,0.0590706393122673
18701,0.0,0.061655521392822266,0.07546418160200119,0.046220891177654266
18702,0.0,0.054888367652893066,0.06559734046459198,0.04196146875619888
18703,0.0,0.032158613204956055,0.04893169552087784,0.024754516780376434
18704,0.0,0.060525596141815186,0.084020234644413,0.04940934106707573
18705,0.0,0.059372544288635254,0.11819567531347275,0.03711818531155586
18706,0.0,0.056120097637176514,0.06447205692529678,0.042127396911382675
18707,0.0,0.05849778652191162,0.10272512584924698,0.03608520328998566
18708,0.0,0.05989956855773926,0.1186513751745224,0.03614901378750801
18709,0.0,0.05235183238983154,0.07613489031791687,0.030209576711058617
18710,0.0,0.041198670864105225,0.047834232449531555,0.028125563636422157
18711,0.0,0.08716118335723877,0.1299518644809723,0.05317177623510361
18712,0.0,0.13474684953689575,0.16183950006961823,0.10843631625175476
18713,0.0,0.11500424146652222,0.14008690416812897,0.08995889872312546
18714,0.0,0.09630584716796875,0.15949302911758423,0.07972052693367004
18715,0.0,0.07948434352874756,0.0918327122926712,0.055457085371017456
18716,0.0,0.05596768856048584,0.08560195565223694,0.04426499083638191
18717,0.0,0.030568242073059082,0.038067951798439026,0.02237970381975174
18718,0.0,0.04476511478424072,0.07295534759759903,0.030593805015087128
18719,0.0,0.040300846099853516,0.04300859943032265,0.040064647793769836
18720,0.0,0.045423150062561035,0.028382372111082077,0.04111203923821449
18721,0.0,0.04432046413421631,0.025731513276696205,0.04056338965892792
18722,0.0,0.04161041975021362,0.02513710968196392,0.03815964609384537
18723,0.0,0.04465353488922119,0.07230877876281738,0.03423410654067993
18724,0.0,0.0505637526512146,0.03866889327764511,0.04456363990902901
18725,0.0,0.052732884883880615,0.04029865935444832,0.04657512903213501
18726,0.0,0.07742315530776978,0.04966387897729874,0.08198549598455429
18727,0.0,0.07551199197769165,0.06666848808526993,0.0882488414645195
18989,1.0,0.7991442680358887,0.8830700516700745,0.9790439605712891
18990,1.0,0.8294371366500854,0.8764731884002686,0.9860326647758484
18991,1.0,0.7790622115135193,0.784605085849762,0.9624391198158264
18992,1.0,0.7514296174049377,0.6892153024673462,0.9561319947242737
18993,1.0,0.694240927696228,0.5840921998023987,0.9430226683616638
18994,1.0,0.7475636005401611,0.824418842792511,0.9741908311843872
18995,1.0,0.767448365688324,0.8213422894477844,0.9768378734588623
18996,1.0,0.711620032787323,0.8347086310386658,0.9743680357933044
18997,1.0,0.7565908432006836,0.7628998160362244,0.9763710498809814
18998,1.0,0.8190227150917053,0.8029188513755798,0.9794449210166931
18999,1.0,0.7493481040000916,0.8206855654716492,0.9877964854240417
19000,1.0,0.7640436887741089,0.8546240329742432,0.9923151135444641
19001,1.0,0.8013948798179626,0.7220427393913269,0.982260525226593
19002,1.0,0.8134950399398804,0.6822868585586548,0.9822186827659607
19003,1.0,0.8412951231002808,0.7405657768249512,0.9839879870414734
19004,1.0,0.7917505502700806,0.8353185057640076,0.9860237836837769
19005,1.0,0.8004037141799927,0.7492239475250244,0.9618594646453857
19006,1.0,0.8139416575431824,0.7817856073379517,0.9703130722045898
19007,1.0,0.7735985517501831,0.8991520404815674,0.9792014360427856
19008,1.0,0.7348804473876953,0.9435809254646301,0.9856492877006531
19009,1.0,0.742936372756958,0.9249851703643799,0.9865402579307556
19010,1.0,0.7551892399787903,0.894493818283081,0.9712560176849365
19011,1.0,0.7734923958778381,0.9100215435028076,0.9787753820419312
19012,1.0,0.7612029910087585,0.9137831330299377,0.9721746444702148
19013,1.0,0.761192798614502,0.8976160883903503,0.9754287004470825
19014,1.0,0.7655197381973267,0.8784253001213074,0.9613704681396484
19015,1.0,0.7343737483024597,0.8508542776107788,0.9485435485839844
19016,1.0,0.6668369770050049,0.8299943208694458,0.8887975215911865
19017,1.0,0.727155327796936,0.8298139572143555,0.8827803730964661
19018,1.0,0.573833167552948,0.4822417199611664,0.6977920532226562
19019,1.0,0.4605066180229187,0.39216840267181396,0.5298798084259033
19020,1.0,0.5474758744239807,0.4487290382385254,0.6584426164627075
19021,1.0,0.4227450489997864,0.3399394154548645,0.507896363735199
19022,1.0,0.42849260568618774,0.33024272322654724,0.550412118434906
19023,1.0,0.3929293751716614,0.2829717993736267,0.42077839374542236
19024,0.0,0.42244261503219604,0.35577237606048584,0.463996022939682
19025,1.0,0.33454155921936035,0.3489488363265991,0.35764941573143005
19026,1.0,0.3702850341796875,0.2748153805732727,0.4021550714969635
19027,0.0,0.2372494339942932,0.21600888669490814,0.31550341844558716
19028,1.0,0.279984712600708,0.22101067006587982,0.3759876787662506
19029,1.0,0.2629117965698242,0.24895836412906647,0.39399784803390503
19030,1.0,0.24880272150039673,0.23054386675357819,0.3512669801712036
19031,0.0,0.26024919748306274,0.19661332666873932,0.29563459753990173
19032,1.0,0.2985157370567322,0.21179164946079254,0.4025210440158844
19033,0.0,0.3424373269081116,0.23618972301483154,0.4742794930934906
19034,1.0,0.30856984853744507,0.24104191362857819,0.4189856946468353
19035,0.0,0.23601704835891724,0.27838802337646484,0.34948182106018066
19036,0.0,0.3804551959037781,0.37740248441696167,0.5929449200630188
19037,1.0,0.38321954011917114,0.3201281726360321,0.49208566546440125
19038,0.0,0.33579379320144653,0.26922422647476196,0.45022913813591003
19039,0.0,0.4308769106864929,0.316182017326355,0.6605072021484375
19040,0.0,0.48713064193725586,0.36624643206596375,0.6353979110717773
19302,0.0,0.1687403917312622,0.19243866205215454,0.18177913129329681
19303,0.0,0.3255617618560791,0.3163558840751648,0.42881086468696594
19304,1.0,0.18598556518554688,0.1861082911491394,0.18828634917736053
19305,0.0,0.19256055355072021,0.15914945304393768,0.2522374391555786
19306,0.0,0.19603902101516724,0.16503280401229858,0.2579498887062073
19307,0.0,0.18098795413970947,0.13955523073673248,0.18816353380680084
19308,0.0,0.1632378101348877,0.1849256157875061,0.27360865473747253
19309,0.0,0.1608213186264038,0.179123193025589,0.17939472198486328
19310,0.0,0.14962035417556763,0.15406104922294617,0.2450827807188034
19311,0.0,0.10059046745300293,0.1373872309923172,0.11668437719345093
19312,0.0,0.08153587579727173,0.10219156742095947,0.10508006811141968
19313,0.0,0.11911338567733765,0.15018311142921448,0.14425845444202423
19314,0.0,0.13017171621322632,0.143819198012352,0.10422149300575256
19315,0.0,0.14018279314041138,0.12578509747982025,0.11404535919427872
19316,0.0,0.15468406677246094,0.13253988325595856,0.1724264770746231
19317,0.0,0.1511809229850769,0.11090059578418732,0.15480299293994904
19318,0.0,0.14809495210647583,0.09918703883886337,0.18160845339298248
19319,0.0,0.1881374716758728,0.22216904163360596,0.2675308883190155
19320,1.0,0.21649831533432007,0.3170086443424225,0.208169624209404
19321,0.0,0.1349617838859558,0.14049026370048523,0.14939287304878235
19322,0.0,0.16853445768356323,0.16177980601787567,0.18720415234565735
19323,0.0,0.18918532133102417,0.1877129077911377,0.21037603914737701
19324,0.0,0.14941483736038208,0.14542798697948456,0.1695757508277893
19325,0.0,0.06917089223861694,0.11315477639436722,0.059842824935913086
19326,0.0,0.1317121982574463,0.18182721734046936,0.15837574005126953
19327,0.0,0.15639108419418335,0.1476411372423172,0.15955565869808197
19328,0.0,0.15191227197647095,0.1386372447013855,0.15506799519062042
19329,0.0,0.12303030490875244,0.13266201317310333,0.1498294323682785
19330,0.0,0.0946616530418396,0.08136039227247238,0.1242690160870552
19331,0.0,0.0788499116897583,0.11523863673210144,0.08466101437807083
19332,0.0,0.05136984586715698,0.06171434372663498,0.04705391079187393
19333,0.0,0.049903810024261475,0.0728016272187233,0.05651423707604408
19334,0.0,0.09616100788116455,0.13060227036476135,0.11667755246162415
19335,0.0,0.10651862621307373,0.12800714373588562,0.12996385991573334
19336,0.0,0.12853580713272095,0.13264116644859314,0.14960336685180664
19337,0.0,0.1303877830505371,0.13111554086208344,0.1281636506319046
19338,0.0,0.13031595945358276,0.11880889534950256,0.1496950089931488
19339,0.0,0.09192866086959839,0.08639592677354813,0.08675295114517212
19340,0.0,0.16269135475158691,0.1760617047548294,0.2092559039592743
19341,0.0,0.24822646379470825,0.32514306902885437,0.270195335149765
19342,1.0,0.22386306524276733,0.25330257415771484,0.28509846329689026
19343,0.0,0.20188677310943604,0.19013582170009613,0.24641993641853333
19344,0.0,0.17566806077957153,0.19757558405399323,0.24377143383026123
19345,1.0,0.1895221471786499,0.18574267625808716,0.2795281708240509
19346,0.0,0.1574057936668396,0.13029718399047852,0.2084924727678299
19347,0.0,0.261588990688324,0.2295343577861786,0.33062025904655457
19348,1.0,0.17931479215621948,0.2063875049352646,0.19342240691184998
19349,1.0,0.17769628763198853,0.1909131407737732,0.20378521084785461
19350,1.0,0.14482557773590088,0.13760897517204285,0.18045799434185028
19351,1.0,0.11875182390213013,0.15928930044174194,0.14101803302764893
19352,0.0,0.16085106134414673,0.15117011964321136,0.2571488916873932
19353,0.0,0.1738911271095276,0.21358554065227509,0.27042916417121887
19615,1.0,0.2878422141075134,0.40077948570251465,0.4184992015361786
19616,0.0,0.20037323236465454,0.33020439743995667,0.32250872254371643
19617,0.0,0.2555921673774719,0.2724178731441498,0.4461060166358948
19618,0.0,0.24049675464630127,0.27188432216644287,0.34331876039505005
19619,1.0,0.22994333505630493,0.2658843994140625,0.2954482436180115
19620,1.0,0.16582250595092773,0.23767328262329102,0.22544223070144653
19621,0.0,0.14344388246536255,0.2951907217502594,0.2818322777748108
19622,0.0,0.1251300573348999,0.24519139528274536,0.18194445967674255
19623,0.0,0.14455872774124146,0.1794867217540741,0.21234002709388733
19624,0.0,0.09316408634185791,0.19182491302490234,0.10639582574367523
19625,0.0,0.18455296754837036,0.2226983606815338,0.2949090898036957
19626,0.0,0.2008277177810669,0.21265073120594025,0.210488423705101
19627,0.0,0.13402891159057617,0.17362183332443237,0.15586653351783752
19628,0.0,0.2473464012145996,0.1907939314842224,0.3257705271244049
19629,1.0,0.16154152154922485,0.13637675344944,0.13206617534160614
19630,0.0,0.15469974279403687,0.2104637175798416,0.19769184291362762
19631,0.0,0.11882585287094116,0.1740616410970688,0.15561561286449432
19632,0.0,0.12074059247970581,0.15286527574062347,0.15639172494411469
19633,0.0,0.13039737939834595,0.2097529023885727,0.1613922417163849
19634,0.0,0.09279686212539673,0.13613253831863403,0.07561084628105164
19635,0.0,0.17407727241516113,0.14881446957588196,0.2088645100593567
19636,0.0,0.11280691623687744,0.1438767910003662,0.09840578585863113
19637,0.0,0.12527573108673096,0.10815521329641342,0.11987482011318207
19638,0.0,0.0801587700843811,0.07879649847745895,0.06965132057666779
19639,0.0,0.08040177822113037,0.08095858246088028,0.0748009905219078
19640,0.0,0.10052633285522461,0.1453607976436615,0.11529168486595154
19641,0.0,0.06805002689361572,0.09252572059631348,0.04717707261443138
19642,0.0,0.06792640686035156,0.09200689941644669,0.06733532249927521
19643,0.0,0.1259629726409912,0.15718519687652588,0.13275755941867828
19644,1.0,0.09311026334762573,0.176056906580925,0.09191153198480606
19645,0.0,0.09320986270904541,0.17796526849269867,0.12358587980270386
19646,0.0,0.11739355325698853,0.18699534237384796,0.1410057246685028
19647,0.0,0.07623767852783203,0.14518488943576813,0.05254155024886131
19648,0.0,0.04449450969696045,0.05541421100497246,0.03785652667284012
19649,0.0,0.0489422082901001,0.05562830716371536,0.05010398477315903
19650,0.0,0.034328460693359375,0.047019314020872116,0.026191242039203644
19651,0.0,0.051979243755340576,0.11931541562080383,0.057796500623226166
19652,0.0,0.03295695781707764,0.11174511909484863,0.020454850047826767
19653,0.0,0.09514784812927246,0.11624649167060852,0.09395673125982285
19654,0.0,0.07585883140563965,0.11020185053348541,0.07537443935871124
19655,0.0,0.09622770547866821,0.11614306271076202,0.12580075860023499
19656,0.0,0.06484687328338623,0.09369323402643204,0.09291800856590271
19657,0.0,0.07504516839981079,0.11201675236225128,0.06841020286083221
19658,0.0,0.0673140287399292,0.2372995764017105,0.07189640402793884
19659,0.0,0.06113392114639282,0.32726597785949707,0.10839919745922089
19660,0.0,0.0573238730430603,0.22082677483558655,0.06073096767067909
19661,0.0,0.05946284532546997,0.16222596168518066,0.0707719698548317
19662,0.0,0.0741838812828064,0.22430898249149323,0.09713609516620636
19663,0.0,0.07720082998275757,0.22185765206813812,0.11223606765270233
19664,0.0,0.15652990341186523,0.2153024822473526,0.23446103930473328
19665,0.0,0.1695374846458435,0.19857889413833618,0.21174143254756927
19666,0.0,0.28870564699172974,0.2417595237493515,0.4359564781188965
19928,0.0,0.16546237468719482,0.25092941522598267,0.13722960650920868
19929,0.0,0.15434908866882324,0.20389945805072784,0.150638610124588
19930,0.0,0.15440046787261963,0.21042342483997345,0.18996238708496094
19931,0.0,0.2534032464027405,0.41495808959007263,0.2691892683506012
19932,0.0,0.17734909057617188,0.2120477557182312,0.14650927484035492
19933,0.0,0.17402666807174683,0.23316915333271027,0.23293830454349518
19934,0.0,0.13681507110595703,0.23208877444267273,0.19935859739780426
19935,0.0,0.1390690803527832,0.1615626960992813,0.17194390296936035
19936,0.0,0.14429008960723877,0.1834169179201126,0.16506724059581757
19937,0.0,0.2364327311515808,0.364082932472229,0.27455735206604004
19938,0.0,0.15349584817886353,0.23877868056297302,0.11214825510978699
19939,0.0,0.17071717977523804,0.2536417543888092,0.2347530722618103
19940,0.0,0.2584453821182251,0.5081903338432312,0.516251802444458
19941,1.0,0.38355404138565063,0.556976854801178,0.6573868989944458
19942,1.0,0.3612021207809448,0.5706189870834351,0.6090867519378662
19943,1.0,0.359830379486084,0.5487900376319885,0.6377953290939331
19944,1.0,0.3470624089241028,0.5134077668190002,0.6505768299102783
19945,1.0,0.33987343311309814,0.41685378551483154,0.624116063117981
19946,1.0,0.3769983649253845,0.24151824414730072,0.5710758566856384
19947,1.0,0.3956565260887146,0.29009273648262024,0.5895215272903442
19948,1.0,0.4359278678894043,0.3760945498943329,0.6339874863624573
19949,1.0,0.40326666831970215,0.3155832290649414,0.6749439835548401
19950,1.0,0.4166104197502136,0.37457677721977234,0.5719751119613647
19951,1.0,0.3978413939476013,0.27357345819473267,0.4811699390411377
19952,1.0,0.4474198818206787,0.2779485583305359,0.6156172156333923
19953,1.0,0.40401291847229004,0.249378964304924,0.4645465016365051
19954,1.0,0.4088170528411865,0.3121676743030548,0.4945300221443176
19955,1.0,0.4023292660713196,0.3029091954231262,0.466351717710495
19956,0.0,0.4163585305213928,0.3297433853149414,0.5179426074028015
19957,0.0,0.4218648076057434,0.45079565048217773,0.4540051519870758
19958,0.0,0.4905809760093689,0.4706675708293915,0.6152323484420776
19959,1.0,0.40577417612075806,0.3829413950443268,0.5071377754211426
19960,1.0,0.3681887984275818,0.2956869304180145,0.4022422730922699
19961,0.0,0.3970661163330078,0.4181731641292572,0.42866250872612
19962,1.0,0.3205731511116028,0.3125411570072174,0.3167641758918762
19963,0.0,0.28045058250427246,0.280333936214447,0.2974659204483032
19964,0.0,0.24119526147842407,0.23539212346076965,0.2527565062046051
19965,0.0,0.2590385675430298,0.2460319995880127,0.2926737666130066
19966,0.0,0.17477744817733765,0.15317660570144653,0.18241457641124725
19967,0.0,0.1607303023338318,0.16189202666282654,0.14793908596038818
19968,0.0,0.2642408013343811,0.3188982605934143,0.4754904508590698
19969,1.0,0.314489483833313,0.41471192240715027,0.3504520058631897
19970,1.0,0.26747435331344604,0.3419354259967804,0.3503572642803192
19971,1.0,0.25696325302124023,0.28261637687683105,0.33632129430770874
19972,0.0,0.1711435317993164,0.17819304764270782,0.1681860387325287
19973,0.0,0.1908431053161621,0.19232164323329926,0.188981294631958
19974,0.0,0.17668181657791138,0.21905021369457245,0.18375661969184875
19975,0.0,0.17824631929397583,0.20374956727027893,0.21941208839416504
19976,0.0,0.20216315984725952,0.3591823875904083,0.22486460208892822
19977,0.0,0.14693772792816162,0.14097146689891815,0.09698531031608582
19978,0.0,0.14309614896774292,0.10074437409639359,0.15712201595306396
19979,0.0,0.17900002002716064,0.12522800266742706,0.204682394862175
20241,1.0,0.08595025539398193,0.1638062745332718,0.10049296915531158
20242,0.0,0.07558614015579224,0.09219076484441757,0.09026952087879181
20243,0.0,0.0904962420463562,0.10685892403125763,0.08984196931123734
20244,0.0,0.18054890632629395,0.1611919105052948,0.19509688019752502
20245,1.0,0.08308249711990356,0.14252620935440063,0.08296740800142288
20246,0.0,0.09738671779632568,0.09283827245235443,0.10667333006858826
20247,0.0,0.07909119129180908,0.08689532428979874,0.06712572276592255
20248,0.0,0.2284088134765625,0.16552695631980896,0.19183821976184845
20249,1.0,0.09777498245239258,0.12240247428417206,0.06661418080329895
20250,0.0,0.20555585622787476,0.1591089963912964,0.21927785873413086
20251,1.0,0.08754199743270874,0.11519360542297363,0.09367925673723221
20252,0.0,0.09184187650680542,0.15124011039733887,0.09805912524461746
20253,0.0,0.08649611473083496,0.07572213560342789,0.06983177363872528
20254,0.0,0.21405458450317383,0.13705095648765564,0.15037035942077637
20255,1.0,0.11931675672531128,0.10900390893220901,0.09921273589134216
20256,0.0,0.13476353883743286,0.11553569883108139,0.1214948371052742
20257,0.0,0.09307831525802612,0.09443431347608566,0.1016169935464859
20258,0.0,0.07789421081542969,0.113069087266922,0.08819552510976791
20259,0.0,0.0963902473449707,0.13269855082035065,0.13993524014949799
20260,1.0,0.06608802080154419,0.08683110773563385,0.06132455915212631
20261,0.0,0.07214224338531494,0.06735493987798691,0.06092965602874756
20262,0.0,0.13652914762496948,0.14456385374069214,0.12989816069602966
20263,1.0,0.2567368745803833,0.2789222300052643,0.31105539202690125
20264,1.0,0.18470370769500732,0.22570423781871796,0.1879042387008667
20265,0.0,0.13416963815689087,0.11566653102636337,0.15885990858078003
20266,0.0,0.19520461559295654,0.18830350041389465,0.16286736726760864
20267,1.0,0.24341630935668945,0.23130637407302856,0.18473942577838898
20268,1.0,0.08947747945785522,0.11329498142004013,0.08564812690019608
20269,0.0,0.13080930709838867,0.16103866696357727,0.14018382132053375
20270,1.0,0.14695322513580322,0.1536511927843094,0.12872621417045593
20271,1.0,0.08961796760559082,0.10522753745317459,0.08590535819530487
20272,0.0,0.0957152247428894,0.11449871212244034,0.07722292840480804
20273,1.0,0.11736041307449341,0.13361996412277222,0.06954880803823471
20274,1.0,0.07802587747573853,0.09585458785295486,0.059261348098516464
20275,0.0,0.06045299768447876,0.07400533556938171,0.038606010377407074
20276,0.0,0.050594449043273926,0.08541417866945267,0.04182695597410202
20277,0.0,0.04077941179275513,0.05965403839945793,0.027718614786863327
20278,0.0,0.04633224010467529,0.07476843148469925,0.039222363382577896
20279,1.0,0.05575436353683472,0.12617263197898865,0.04591231048107147
20280,0.0,0.1008615493774414,0.11482591927051544,0.11394867300987244
20281,1.0,0.07583260536193848,0.11796452850103378,0.06498641520738602
20282,0.0,0.07091492414474487,0.08575297892093658,0.07146437466144562
20283,0.0,0.05796802043914795,0.0581599697470665,0.050776585936546326
20284,0.0,0.12544143199920654,0.14691504836082458,0.17330707609653473
20285,1.0,0.0662032961845398,0.13029229640960693,0.07252786308526993
20286,0.0,0.07893484830856323,0.10584768652915955,0.0928281620144844
20287,0.0,0.06532025337219238,0.08070012927055359,0.06659725308418274
20288,0.0,0.05745494365692139,0.07628962397575378,0.050332773476839066
20289,0.0,0.03704512119293213,0.09362082183361053,0.05390685051679611
20290,0.0,0.05280041694641113,0.09570526331663132,0.07138124853372574
20291,0.0,0.0763959288597107,0.07295827567577362,0.11486193537712097
20292,0.0,0.08203709125518799,0.09091231971979141,0.11294031143188477
20554,0.0,0.03978681564331055,0.05782334506511688,0.03226632624864578
20555,0.0,0.025882720947265625,0.06406105309724808,0.016308726742863655
20556,0.0,0.03180575370788574,0.04998450726270676,0.03264717012643814
20557,0.0,0.030894100666046143,0.06700974702835083,0.02894078940153122
20558,0.0,0.03471875190734863,0.07910515367984772,0.02324228733778
20559,0.0,0.03095799684524536,0.06687281280755997,0.02984815277159214
20560,0.0,0.030955135822296143,0.07821383327245712,0.03330382704734802
20561,0.0,0.03471255302429199,0.10321202129125595,0.028043057769536972
20562,0.0,0.030558109283447266,0.07286407053470612,0.034163087606430054
20563,0.0,0.18918955326080322,0.23275868594646454,0.2979692816734314
20564,1.0,0.06607472896575928,0.14674265682697296,0.07519657164812088
20565,0.0,0.06760650873184204,0.18416956067085266,0.0715532898902893
20566,0.0,0.04180574417114258,0.15457099676132202,0.03841250762343407
20567,0.0,0.051771581172943115,0.12451634556055069,0.0286506749689579
20568,0.0,0.0635908842086792,0.10634121298789978,0.04023529216647148
20569,0.0,0.04052537679672241,0.0722811371088028,0.02686886303126812
20570,0.0,0.037766993045806885,0.060929134488105774,0.02165934443473816
20571,0.0,0.03125131130218506,0.048853881657123566,0.02374202199280262
20572,0.0,0.07442319393157959,0.11115099489688873,0.04176654294133186
20573,0.0,0.0736193060874939,0.10481802374124527,0.05562582612037659
20574,0.0,0.08396553993225098,0.11809093505144119,0.043538764119148254
20575,1.0,0.09972703456878662,0.12123797088861465,0.03667181730270386
20576,0.0,0.12252175807952881,0.14887124300003052,0.09295103698968887
20577,1.0,0.22188377380371094,0.2233104407787323,0.13153627514839172
20578,1.0,0.1513999104499817,0.17621564865112305,0.0755983367562294
20579,1.0,0.16191446781158447,0.15350675582885742,0.10314926505088806
20580,1.0,0.1581689715385437,0.16125836968421936,0.18484707176685333
20581,1.0,0.14416605234146118,0.16775983572006226,0.1197972521185875
20582,0.0,0.12996309995651245,0.14504051208496094,0.10026795417070389
20583,1.0,0.13622945547103882,0.16623105108737946,0.0935719832777977
20584,1.0,0.11982530355453491,0.15032710134983063,0.07099100947380066
20585,1.0,0.12013471126556396,0.1590603142976761,0.09355892986059189
20586,1.0,0.10681408643722534,0.13504301011562347,0.07115592807531357
20587,0.0,0.10087001323699951,0.12870773673057556,0.06414301693439484
20588,1.0,0.10284042358398438,0.14502346515655518,0.06748422235250473
20589,0.0,0.0982329249382019,0.1319124549627304,0.054347217082977295
20590,0.0,0.0882754921913147,0.12252133339643478,0.044936470687389374
20591,1.0,0.09001892805099487,0.10602006316184998,0.03777790069580078
20592,0.0,0.11456888914108276,0.10214965045452118,0.09436753392219543
20593,0.0,0.10828542709350586,0.13511072099208832,0.0498526357114315
20594,1.0,0.09544014930725098,0.10644716769456863,0.04357266053557396
20595,0.0,0.08839523792266846,0.13240589201450348,0.05368708074092865
20596,1.0,0.1795843243598938,0.16358670592308044,0.12835915386676788
20597,1.0,0.13560736179351807,0.17691011726856232,0.08767812699079514
20598,1.0,0.12463927268981934,0.17714537680149078,0.13471606373786926
20599,1.0,0.11700689792633057,0.1509431004524231,0.1211983934044838
20600,0.0,0.07800048589706421,0.11912596225738525,0.0800703689455986
20601,0.0,0.09539139270782471,0.16368430852890015,0.08080009371042252
20602,1.0,0.20114123821258545,0.22544144093990326,0.15448975563049316
20603,1.0,0.09951013326644897,0.2135426104068756,0.0707392692565918
20604,1.0,0.11943238973617554,0.21779705584049225,0.09349309653043747
20605,1.0,0.1403980851173401,0.21174675226211548,0.11789750307798386
20867,0.0,0.183122456073761,0.1745840311050415,0.2073659896850586
20868,1.0,0.12537670135498047,0.11419578641653061,0.12259071320295334
20869,0.0,0.2101699709892273,0.2634185254573822,0.33587995171546936
20870,1.0,0.16873639822006226,0.1989842802286148,0.17635582387447357
20871,0.0,0.20453637838363647,0.21703317761421204,0.29641637206077576
20872,1.0,0.1646450161933899,0.1837088018655777,0.21421857178211212
20873,0.0,0.1536901593208313,0.19803552329540253,0.24924062192440033
20874,0.0,0.14660704135894775,0.11059489101171494,0.20122186839580536
20875,0.0,0.14670395851135254,0.10509176552295685,0.21250401437282562
20876,0.0,0.1526634693145752,0.1405513733625412,0.1604972928762436
20877,0.0,0.12662750482559204,0.13662567734718323,0.16014893352985382
20878,0.0,0.19786876440048218,0.19790078699588776,0.23641517758369446
20879,1.0,0.2562440037727356,0.2598518431186676,0.31845760345458984
20880,1.0,0.41200143098831177,0.5458054542541504,0.7304592728614807
20881,1.0,0.4002349376678467,0.6855213642120361,0.7625435590744019
20882,1.0,0.38870465755462646,0.63667893409729,0.8118461966514587
20883,1.0,0.2606045603752136,0.31093674898147583,0.38166409730911255
20884,1.0,0.2153986692428589,0.2726885974407196,0.3973732590675354
20885,1.0,0.21573394536972046,0.19960561394691467,0.3204500377178192
20886,1.0,0.2674083709716797,0.2948477566242218,0.4465610384941101
20887,1.0,0.38361209630966187,0.45586180686950684,0.7445102334022522
20888,1.0,0.5687735080718994,0.627743661403656,0.8614038228988647
20889,1.0,0.6660585403442383,0.6899145245552063,0.907524049282074
20890,1.0,0.5683138370513916,0.5677341818809509,0.8617554903030396
20891,1.0,0.5398666262626648,0.5108262300491333,0.8335692286491394
20892,1.0,0.5914298295974731,0.5650317072868347,0.8581900596618652
20893,1.0,0.5823554992675781,0.5616793632507324,0.8414379358291626
20894,1.0,0.6313621997833252,0.5756187438964844,0.8644793033599854
20895,1.0,0.6020894050598145,0.473824679851532,0.83588707447052
20896,1.0,0.5564234256744385,0.38532763719558716,0.7711511254310608
20897,1.0,0.48357391357421875,0.39115098118782043,0.6997348666191101
20898,1.0,0.5540964603424072,0.5181005001068115,0.7409359216690063
20899,1.0,0.49949371814727783,0.5407195687294006,0.7426000833511353
20900,1.0,0.4752533435821533,0.4635762572288513,0.6816673278808594
20901,1.0,0.383256733417511,0.3867137134075165,0.5566991567611694
20902,1.0,0.34412676095962524,0.29526156187057495,0.5245456695556641
20903,1.0,0.349246084690094,0.3687082529067993,0.5117439031600952
20904,1.0,0.2695584297180176,0.24830864369869232,0.44055694341659546
20905,1.0,0.22777312994003296,0.22494179010391235,0.330242782831192
20906,1.0,0.22562962770462036,0.25641825795173645,0.32518184185028076
20907,0.0,0.2153450846672058,0.20094026625156403,0.2678986191749573
20908,1.0,0.18796032667160034,0.1788274645805359,0.18398801982402802
20909,0.0,0.13302582502365112,0.14862370491027832,0.14650200307369232
20910,0.0,0.14384937286376953,0.133834108710289,0.1596614420413971
20911,0.0,0.06693387031555176,0.09328289330005646,0.08016099780797958
20912,0.0,0.1064079999923706,0.16818757355213165,0.12298749387264252
20913,0.0,0.11319214105606079,0.1382615566253662,0.10118066519498825
20914,0.0,0.08382469415664673,0.1312747448682785,0.06527211517095566
20915,0.0,0.10841459035873413,0.19174669682979584,0.11561795324087143
20916,0.0,0.12821215391159058,0.16164268553256989,0.13513332605361938
20917,0.0,0.14765965938568115,0.1625009924173355,0.13252931833267212
20918,0.0,0.15414363145828247,0.17326714098453522,0.17399880290031433
21180,1.0,0.14139282703399658,0.1595882922410965,0.18974941968917847
21181,1.0,0.31683993339538574,0.3450356423854828,0.32129067182540894
21182,1.0,0.2590634226799011,0.24250055849552155,0.32222315669059753
21183,1.0,0.3157854676246643,0.26559901237487793,0.39452654123306274
21184,1.0,0.19616729021072388,0.23869605362415314,0.30671828985214233
21185,1.0,0.11096185445785522,0.13162563741207123,0.13937397301197052
21186,1.0,0.25333428382873535,0.19877701997756958,0.33036577701568604
21187,1.0,0.1418803334236145,0.14409960806369781,0.13128972053527832
21188,1.0,0.11483544111251831,0.11650434136390686,0.14200887084007263
21189,1.0,0.10225558280944824,0.11333993077278137,0.11839084327220917
21190,1.0,0.09745806455612183,0.12294051796197891,0.1390816867351532
21191,1.0,0.1637241244316101,0.24959225952625275,0.2630196213722229
21192,1.0,0.11482012271881104,0.1563383936882019,0.10986803472042084
21193,1.0,0.10724896192550659,0.13959082961082458,0.11808966845273972
21194,1.0,0.09513700008392334,0.11448539793491364,0.09416915476322174
21195,1.0,0.1004604697227478,0.1055971309542656,0.09757570177316666
21196,1.0,0.04820305109024048,0.05107565224170685,0.04934267699718475
21197,1.0,0.05506855249404907,0.04892502725124359,0.05104302242398262
21198,1.0,0.04922318458557129,0.04401417449116707,0.04333231970667839
21199,1.0,0.045884668827056885,0.03169218823313713,0.03474508225917816
21200,1.0,0.04811352491378784,0.03709549084305763,0.03726687654852867
21201,1.0,0.03898996114730835,0.04466630518436432,0.034643396735191345
21202,1.0,0.044073641300201416,0.050271641463041306,0.04469035565853119
21203,1.0,0.04394567012786865,0.04538247734308243,0.036477673798799515
21204,1.0,0.03648263216018677,0.05579247698187828,0.029584715142846107
21205,1.0,0.03786420822143555,0.05539630725979805,0.030324462801218033
21206,1.0,0.030853748321533203,0.05028359964489937,0.031815510243177414
21207,1.0,0.03095334768295288,0.05731084942817688,0.03255555406212807
21208,1.0,0.03411710262298584,0.06549279391765594,0.032164186239242554
21209,1.0,0.02984994649887085,0.04389448091387749,0.031230492517352104
21210,1.0,0.03180110454559326,0.0624762587249279,0.030420249328017235
21211,1.0,0.027971744537353516,0.042067039757966995,0.021113894879817963
21212,1.0,0.028960883617401123,0.05829976499080658,0.02278026007115841
21213,1.0,0.02847754955291748,0.057024553418159485,0.023625275120139122
21214,1.0,0.030263185501098633,0.05721563845872879,0.023705149069428444
21215,1.0,0.02817857265472412,0.050727684050798416,0.029089201241731644
21216,1.0,0.026864171028137207,0.04051594436168671,0.025840075686573982
21217,1.0,0.033563315868377686,0.045918576419353485,0.030222561210393906
21218,1.0,0.033140718936920166,0.03827683627605438,0.03086320124566555
21219,1.0,0.023404240608215332,0.021543141454458237,0.020719381049275398
21220,1.0,0.031202614307403564,0.035337574779987335,0.033965665847063065
21221,1.0,0.03410899639129639,0.03806525096297264,0.04027943313121796
21222,1.0,0.026251018047332764,0.039733920246362686,0.032328419387340546
21223,1.0,0.032898783683776855,0.039018839597702026,0.04504532739520073
21224,1.0,0.03556954860687256,0.05074036121368408,0.051355041563510895
21225,1.0,0.03685474395751953,0.08961328864097595,0.04570392519235611
21226,1.0,0.033867597579956055,0.02854171395301819,0.048037782311439514
21227,1.0,0.0355985164642334,0.05850914493203163,0.03682618588209152
21228,1.0,0.036515235900878906,0.06606469303369522,0.0607500784099102
21229,1.0,0.047879815101623535,0.06146886199712753,0.0719565898180008
21230,1.0,0.0691603422164917,0.08573699742555618,0.114593006670475
21231,1.0,0.06926000118255615,0.07929965853691101,0.11847778409719467
21493,0.0,0.15124768018722534,0.16545900702476501,0.16569654643535614
21494,0.0,0.2717028260231018,0.21525812149047852,0.23497764766216278
21495,0.0,0.21577435731887817,0.1829727739095688,0.16253705322742462
21496,0.0,0.2126949429512024,0.1944880485534668,0.2179272174835205
21497,0.0,0.17418134212493896,0.1525135338306427,0.14678789675235748
21498,0.0,0.1691657304763794,0.16328689455986023,0.19141440093517303
21499,0.0,0.13883227109909058,0.13838467001914978,0.15937766432762146
21500,0.0,0.16524243354797363,0.1389598399400711,0.199798583984375
21501,0.0,0.17264199256896973,0.176153764128685,0.16944874823093414
21502,0.0,0.15148311853408813,0.15445612370967865,0.13634908199310303
21503,0.0,0.1520674228668213,0.12523707747459412,0.19213543832302094
21504,0.0,0.16285520792007446,0.22397466003894806,0.31924283504486084
21505,0.0,0.14063721895217896,0.1954936385154724,0.11800549924373627
21506,0.0,0.17384713888168335,0.17235827445983887,0.21503545343875885
21507,0.0,0.17897939682006836,0.18179234862327576,0.18146155774593353
21508,0.0,0.22460883855819702,0.21623270213603973,0.24731166660785675
21509,0.0,0.2894154191017151,0.3658953309059143,0.2724134027957916
21510,0.0,0.2782248854637146,0.30742135643959045,0.23339779675006866
21511,0.0,0.22307395935058594,0.25887781381607056,0.2054882049560547
21512,0.0,0.39580637216567993,0.4233476519584656,0.5819440484046936
21513,1.0,0.43519461154937744,0.45214295387268066,0.5587529540061951
21514,1.0,0.44239771366119385,0.41009968519210815,0.666614830493927
21515,1.0,0.3945264220237732,0.41115957498550415,0.6081737875938416
21516,1.0,0.28079527616500854,0.280195415019989,0.3906249701976776
21517,1.0,0.328108012676239,0.3072001039981842,0.5185908079147339
21518,1.0,0.4924420714378357,0.4405754506587982,0.7451640367507935
21519,1.0,0.5329203605651855,0.5485106706619263,0.6816697716712952
21520,1.0,0.5405296087265015,0.46357908844947815,0.581458568572998
21521,1.0,0.627236008644104,0.4739247262477875,0.7905678749084473
21522,1.0,0.541438102722168,0.43580809235572815,0.5170913338661194
21523,1.0,0.5148074626922607,0.35845276713371277,0.6057593822479248
21524,1.0,0.48101717233657837,0.4071026146411896,0.5361676812171936
21525,1.0,0.40924519300460815,0.4039543867111206,0.4871408939361572
21526,1.0,0.3589719533920288,0.4031279981136322,0.4132789969444275
21527,0.0,0.35662418603897095,0.33976641297340393,0.46564024686813354
21528,1.0,0.4334089756011963,0.42698273062705994,0.518354058265686
21529,1.0,0.2945472002029419,0.32358768582344055,0.31332406401634216
21530,1.0,0.32031363248825073,0.34377309679985046,0.3581332266330719
21531,0.0,0.30928581953048706,0.271843820810318,0.3838239014148712
21532,0.0,0.3067854642868042,0.2972451150417328,0.3393435478210449
21533,0.0,0.2171245813369751,0.24971888959407806,0.23827552795410156
21534,0.0,0.20506608486175537,0.25525882840156555,0.2108551263809204
21535,0.0,0.20432043075561523,0.25594276189804077,0.20396175980567932
21536,0.0,0.229414701461792,0.24657262861728668,0.2546662390232086
21537,0.0,0.20838779211044312,0.18693429231643677,0.2048705369234085
21538,0.0,0.12586230039596558,0.14119957387447357,0.11399039626121521
21539,0.0,0.16914939880371094,0.1499812752008438,0.1944020688533783
21540,0.0,0.14948511123657227,0.17261728644371033,0.1537991166114807
21541,0.0,0.11588197946548462,0.1273898184299469,0.09360511600971222
21542,0.0,0.1237139105796814,0.12782590091228485,0.1581033617258072
21543,0.0,0.12885349988937378,0.12411552667617798,0.13828334212303162
21544,0.0,0.107235848903656,0.1630074828863144,0.13886140286922455
21806,0.0,0.19183987379074097,0.348244309425354,0.16991287469863892
21807,0.0,0.22962361574172974,0.42878615856170654,0.33713066577911377
21808,0.0,0.22192668914794922,0.26440536975860596,0.3083089590072632
21809,0.0,0.18256819248199463,0.16913913190364838,0.2529127299785614
21810,0.0,0.1579468846321106,0.13575395941734314,0.1992618441581726
21811,0.0,0.26637691259384155,0.2473515272140503,0.38288217782974243
21812,0.0,0.19069170951843262,0.2644139230251312,0.1939196139574051
21813,0.0,0.2032250165939331,0.16642944514751434,0.27911242842674255
21814,0.0,0.14481878280639648,0.16121548414230347,0.228725865483284
21815,0.0,0.12643963098526,0.14381077885627747,0.16062472760677338
21816,0.0,0.24565434455871582,0.2894466519355774,0.4329695701599121
21817,1.0,0.17500579357147217,0.3458534777164459,0.22108130156993866
21818,0.0,0.1666204333305359,0.21277084946632385,0.2554185092449188
21819,0.0,0.16125935316085815,0.22714655101299286,0.22498799860477448
21820,0.0,0.18704640865325928,0.23151931166648865,0.19904370605945587
21821,0.0,0.13450467586517334,0.15913552045822144,0.15112942457199097
21822,0.0,0.16301345825195312,0.20127138495445251,0.1770705133676529
21823,0.0,0.20186132192611694,0.19919298589229584,0.21463324129581451
21824,0.0,0.1762750744819641,0.17856831848621368,0.16895362734794617
21825,0.0,0.3311358094215393,0.35455378890037537,0.40306827425956726
21826,0.0,0.2685588598251343,0.28917166590690613,0.3675662875175476
21827,1.0,0.20573699474334717,0.30597925186157227,0.2794272303581238
21828,0.0,0.2617661952972412,0.2654520273208618,0.384484201669693
21829,0.0,0.20956462621688843,0.23442161083221436,0.21215517818927765
21830,0.0,0.19733697175979614,0.17859841883182526,0.21562539041042328
21831,0.0,0.1666993498802185,0.11709616333246231,0.14053453505039215
21832,0.0,0.12695854902267456,0.12365713715553284,0.10856815427541733
21833,0.0,0.17468267679214478,0.1744801551103592,0.23444615304470062
21834,0.0,0.13643348217010498,0.1756696254014969,0.1477428376674652
21835,0.0,0.16517913341522217,0.13249421119689941,0.09983480721712112
21836,0.0,0.11972469091415405,0.1234695166349411,0.08360961079597473
21837,0.0,0.1341060996055603,0.1032492145895958,0.14645066857337952
21838,0.0,0.07253235578536987,0.07608877867460251,0.07491795718669891
21839,0.0,0.06738227605819702,0.09371006488800049,0.07214507460594177
21840,0.0,0.0664139986038208,0.09101514518260956,0.06543351709842682
21841,0.0,0.03963238000869751,0.05455249175429344,0.024358464404940605
21842,0.0,0.061452627182006836,0.14213991165161133,0.047102246433496475
21843,0.0,0.04944038391113281,0.0646200031042099,0.03839188814163208
21844,0.0,0.0782015323638916,0.12659813463687897,0.05428248271346092
21845,0.0,0.06765037775039673,0.06683438271284103,0.0536368303000927
21846,0.0,0.0724259614944458,0.0819767415523529,0.06245715171098709
21847,0.0,0.06175124645233154,0.09986422210931778,0.06102974712848663
21848,0.0,0.05064988136291504,0.07026203721761703,0.047375794500112534
21849,0.0,0.0546916127204895,0.06470592319965363,0.039728835225105286
21850,0.0,0.06717610359191895,0.11979164183139801,0.06214910000562668
21851,0.0,0.05578970909118652,0.07414451241493225,0.037552814930677414
21852,0.0,0.07834959030151367,0.10845945030450821,0.062404733151197433
21853,0.0,0.09261786937713623,0.11644449830055237,0.1010592058300972
21854,0.0,0.11266058683395386,0.09487544745206833,0.08921345323324203
21855,0.0,0.1265404224395752,0.1266990602016449,0.1004144623875618
21856,0.0,0.17045634984970093,0.1301499456167221,0.20552872121334076
21857,0.0,0.15842610597610474,0.17923355102539062,0.21956157684326172
22119,1.0,0.183879554271698,0.13474039733409882,0.29491958022117615
22120,1.0,0.40372782945632935,0.2581309974193573,0.5264875292778015
22121,1.0,0.7124311923980713,0.5166869163513184,0.9082953333854675
22122,1.0,0.6492809057235718,0.5266835689544678,0.8361641764640808
22123,1.0,0.5547284483909607,0.503031313419342,0.7014509439468384
22124,1.0,0.4873093366622925,0.508813202381134,0.7281447052955627
22125,1.0,0.5989689826965332,0.5640565156936646,0.7786802053451538
22126,1.0,0.5289849042892456,0.5583544373512268,0.7814056277275085
22127,1.0,0.48629331588745117,0.5908377170562744,0.6829330325126648
22128,1.0,0.6792469024658203,0.6750040650367737,0.9301931262016296
22129,1.0,0.7120810747146606,0.8095583915710449,0.977410614490509
22130,1.0,0.7212108969688416,0.8901188373565674,0.9683021903038025
22131,1.0,0.7384479641914368,0.8848443627357483,0.9676811099052429
22132,1.0,0.7454572916030884,0.8927574753761292,0.9631906151771545
22133,1.0,0.6366496086120605,0.7421884536743164,0.9363685846328735
22134,1.0,0.6967505216598511,0.8058746457099915,0.9561480283737183
22135,1.0,0.7832875847816467,0.8325163722038269,0.9561344981193542
22136,1.0,0.7376691699028015,0.8736661672592163,0.957684338092804
22137,1.0,0.7358304262161255,0.7843576073646545,0.9483312368392944
22138,1.0,0.6695389747619629,0.8104236125946045,0.9548566937446594
22139,1.0,0.7611439824104309,0.8456920385360718,0.9544651508331299
22140,1.0,0.7664511203765869,0.8745304346084595,0.9538491368293762
22141,1.0,0.6721104979515076,0.8524036407470703,0.9572495818138123
22142,1.0,0.7237080335617065,0.8457889556884766,0.9428385496139526
22143,1.0,0.7153018712997437,0.8189151883125305,0.9240058064460754
22144,1.0,0.7182257175445557,0.7419060468673706,0.8559480309486389
22145,1.0,0.6645150184631348,0.645172655582428,0.8760920166969299
22146,1.0,0.4833585023880005,0.6039320826530457,0.6966232061386108
22147,1.0,0.4974902868270874,0.4415550231933594,0.7206916809082031
22148,1.0,0.6003948450088501,0.5993432402610779,0.7273753881454468
22149,1.0,0.47002243995666504,0.44018879532814026,0.6187058091163635
22150,1.0,0.4350475072860718,0.40141505002975464,0.540982723236084
22151,1.0,0.32367563247680664,0.3113873302936554,0.370095819234848
22152,1.0,0.2407996654510498,0.3001406788825989,0.30560868978500366
22153,1.0,0.2128429412841797,0.2106141746044159,0.2549594044685364
22154,1.0,0.2944188714027405,0.2656736671924591,0.37892499566078186
22155,1.0,0.2953043580055237,0.2571277916431427,0.3262421488761902
22156,1.0,0.26120656728744507,0.23893585801124573,0.3333144187927246
22157,1.0,0.2049669623374939,0.22989903390407562,0.2386181652545929
22158,1.0,0.2761508822441101,0.23094572126865387,0.3450928032398224
22159,1.0,0.18710637092590332,0.23024868965148926,0.3055383861064911
22160,1.0,0.21689832210540771,0.2166772186756134,0.26270774006843567
22161,1.0,0.19934719800949097,0.24997131526470184,0.2747988700866699
22162,1.0,0.2296990156173706,0.19091008603572845,0.30787333846092224
22163,1.0,0.22899138927459717,0.212123304605484,0.3080586791038513
22164,1.0,0.23594439029693604,0.28026723861694336,0.3277166485786438
22165,1.0,0.19626975059509277,0.23593750596046448,0.27189090847969055
22166,1.0,0.2810690999031067,0.30443379282951355,0.39550355076789856
22167,1.0,0.1993059515953064,0.25631454586982727,0.31578776240348816
22168,1.0,0.34572434425354004,0.4007151126861572,0.5169963240623474
22169,1.0,0.49624311923980713,0.4115411341190338,0.7288362383842468
22170,1.0,0.42373377084732056,0.35327163338661194,0.6862545609474182
22432,0.0,0.30819958448410034,0.27412545680999756,0.26511141657829285
22433,0.0,0.28612416982650757,0.21925018727779388,0.3475003242492676
22434,0.0,0.3616906404495239,0.2924090027809143,0.4506572484970093
22435,0.0,0.27169811725616455,0.2788630425930023,0.33300599455833435
22436,0.0,0.26111626625061035,0.26811039447784424,0.359910786151886
22437,0.0,0.265127956867218,0.2668367624282837,0.38662582635879517
22438,0.0,0.23764294385910034,0.18125230073928833,0.3530270755290985
22439,0.0,0.2356218695640564,0.23064585030078888,0.31186607480049133
22440,0.0,0.3891640901565552,0.44202062487602234,0.6605332493782043
22441,1.0,0.44142115116119385,0.5531541109085083,0.678633987903595
22442,1.0,0.3050358295440674,0.3732908070087433,0.3918299674987793
22443,0.0,0.35626310110092163,0.3676229417324066,0.574060320854187
22444,1.0,0.28105640411376953,0.31678831577301025,0.3730142116546631
22445,0.0,0.2768615484237671,0.2693515717983246,0.40467825531959534
22446,0.0,0.27306514978408813,0.2373313456773758,0.3660438060760498
22447,0.0,0.26655828952789307,0.24567356705665588,0.3714361786842346
22448,0.0,0.15155601501464844,0.18365031480789185,0.19168761372566223
22449,0.0,0.13667750358581543,0.16417178511619568,0.1736445128917694
22450,0.0,0.0856790542602539,0.10040527582168579,0.10366733372211456
22451,0.0,0.21710151433944702,0.19293822348117828,0.189585343003273
22452,0.0,0.21083706617355347,0.17286677658557892,0.20007900893688202
22453,0.0,0.18652164936065674,0.15518565475940704,0.16608712077140808
22454,0.0,0.3084239363670349,0.2231675237417221,0.4025314152240753
22455,0.0,0.35252678394317627,0.4403816759586334,0.435050368309021
22456,1.0,0.33194929361343384,0.3084820508956909,0.40160661935806274
22457,0.0,0.353385329246521,0.32020893692970276,0.531516969203949
22458,1.0,0.23658233880996704,0.23899215459823608,0.34722185134887695
22459,0.0,0.22435468435287476,0.20807485282421112,0.3245631158351898
22460,0.0,0.23681384325027466,0.21526242792606354,0.3398419916629791
22461,0.0,0.2176995873451233,0.1664385199546814,0.23572209477424622
22462,0.0,0.13210135698318481,0.16042453050613403,0.18912868201732635
22463,0.0,0.11065930128097534,0.12226514518260956,0.13421861827373505
22464,0.0,0.0949522852897644,0.08516736328601837,0.09746230393648148
22465,0.0,0.13018858432769775,0.13331522047519684,0.11979656666517258
22466,0.0,0.11065167188644409,0.1454537957906723,0.10419071465730667
22467,0.0,0.0772254467010498,0.07327715307474136,0.06289179623126984
22468,0.0,0.06337833404541016,0.09433934837579727,0.0672542005777359
22469,0.0,0.054514408111572266,0.06971726566553116,0.06251315772533417
22470,0.0,0.04718142747879028,0.06690005958080292,0.04066881909966469
22471,0.0,0.026716649532318115,0.020635144785046577,0.029850328341126442
22472,0.0,0.025366544723510742,0.018437089398503304,0.026580916717648506
22473,0.0,0.031300365924835205,0.016280196607112885,0.027320457622408867
22474,0.0,0.03688007593154907,0.01775786653161049,0.03144088760018349
22475,0.0,0.03273475170135498,0.020296400412917137,0.03791369870305061
22476,0.0,0.06870990991592407,0.09330455958843231,0.07046999037265778
22477,0.0,0.04122036695480347,0.06434372067451477,0.03499336540699005
22478,0.0,0.05129760503768921,0.03117441199719906,0.04394921660423279
22479,0.0,0.053243398666381836,0.04577324539422989,0.0473041757941246
22480,0.0,0.05574226379394531,0.0396750271320343,0.0444704107940197
22481,0.0,0.04358881711959839,0.044402286410331726,0.03580692782998085
22482,0.0,0.05658847093582153,0.043779078871011734,0.0587497353553772
22483,0.0,0.04977136850357056,0.057504475116729736,0.056360431015491486
22745,1.0,0.46423661708831787,0.45043590664863586,0.6517521739006042
22746,1.0,0.5512779951095581,0.5418144464492798,0.7119039297103882
22747,1.0,0.378848135471344,0.45690247416496277,0.5939501523971558
22748,1.0,0.3778828978538513,0.4647393822669983,0.6786802411079407
22749,1.0,0.40929657220840454,0.3954809010028839,0.6944804191589355
22750,1.0,0.6229581832885742,0.5941763520240784,0.8593367338180542
22751,1.0,0.5865653157234192,0.6435412764549255,0.8786638975143433
22752,1.0,0.455038845539093,0.3240700662136078,0.7228071093559265
22753,1.0,0.44571930170059204,0.44518300890922546,0.8052232265472412
22754,1.0,0.6859768629074097,0.5606998801231384,0.870807409286499
22755,1.0,0.5735520124435425,0.7436432838439941,0.8915531039237976
22756,1.0,0.6933196783065796,0.7030139565467834,0.9507423639297485
22757,1.0,0.7017762660980225,0.81063312292099,0.9231264591217041
22758,1.0,0.8512474298477173,0.7936729192733765,0.9675765633583069
22759,1.0,0.6615667343139648,0.7131513953208923,0.9201647043228149
22760,1.0,0.7445062398910522,0.6281219720840454,0.9357456564903259
22761,1.0,0.7882014513015747,0.8532099723815918,0.9650153517723083
22762,1.0,0.7777575254440308,0.7427777051925659,0.9574832916259766
22763,1.0,0.7786113023757935,0.7677832841873169,0.9455478191375732
22764,1.0,0.6928287744522095,0.7427215576171875,0.9473857283592224
22765,1.0,0.7475142478942871,0.7991816997528076,0.9394670128822327
22766,1.0,0.7509783506393433,0.857143759727478,0.9444407820701599
22767,1.0,0.7355812191963196,0.8372282981872559,0.9526209831237793
22768,1.0,0.7388534545898438,0.8344952464103699,0.9323253035545349
22769,1.0,0.5343880653381348,0.6254345774650574,0.7533442974090576
22770,1.0,0.6476022601127625,0.6910897493362427,0.8134241104125977
22771,1.0,0.5917896032333374,0.6116498708724976,0.8033456802368164
22772,1.0,0.6604493856430054,0.5807058215141296,0.8013037443161011
22773,1.0,0.5996053814888,0.5415239334106445,0.7118016481399536
22774,1.0,0.6065375208854675,0.5362588763237,0.6900163888931274
22775,1.0,0.3828315734863281,0.39418959617614746,0.5280312895774841
22776,1.0,0.3521386981010437,0.32422420382499695,0.44727590680122375
22777,1.0,0.34980708360671997,0.2831529378890991,0.44731512665748596
22778,1.0,0.30563104152679443,0.3162584900856018,0.3996905982494354
22779,1.0,0.3275931477546692,0.2406361848115921,0.41053906083106995
22780,1.0,0.2865849733352661,0.25119712948799133,0.3516438603401184
22781,1.0,0.2901231050491333,0.25085240602493286,0.3728902339935303
22782,1.0,0.2636432647705078,0.25654783844947815,0.4031214416027069
22783,0.0,0.22327888011932373,0.21177835762500763,0.24507513642311096
22784,1.0,0.28261393308639526,0.22347992658615112,0.3383839726448059
22785,0.0,0.2288164496421814,0.20363827049732208,0.2724207937717438
22786,0.0,0.2719670534133911,0.22441191971302032,0.4312181770801544
22787,0.0,0.3007620573043823,0.32598546147346497,0.4475955367088318
22788,1.0,0.2763424515724182,0.247755765914917,0.29493892192840576
22789,0.0,0.32303130626678467,0.3324633836746216,0.5228438377380371
22790,1.0,0.3277078866958618,0.2986547350883484,0.4145417809486389
22791,0.0,0.3399263620376587,0.2259998619556427,0.4787055253982544
22792,1.0,0.32724976539611816,0.2911386489868164,0.44496384263038635
22793,0.0,0.31014007329940796,0.23176059126853943,0.4355802834033966
22794,1.0,0.32035714387893677,0.3031342923641205,0.46889543533325195
22795,1.0,0.40239280462265015,0.3006030023097992,0.5213300585746765
22796,0.0,0.34875553846359253,0.33439216017723083,0.5256333351135254
23058,0.0,0.5204688310623169,0.6348097920417786,0.7957034111022949
23059,1.0,0.611947238445282,0.7149656414985657,0.9097527265548706
23060,1.0,0.6606115102767944,0.7798951268196106,0.9362134337425232
23061,1.0,0.5608597993850708,0.7812281250953674,0.9295727610588074
23062,1.0,0.4049028158187866,0.5607326030731201,0.7710552215576172
23063,0.0,0.47220444679260254,0.5750256180763245,0.7490395307540894
23064,0.0,0.42552417516708374,0.5789313912391663,0.7055084705352783
23065,0.0,0.3990641236305237,0.47251084446907043,0.4997314512729645
23066,0.0,0.43063193559646606,0.43964695930480957,0.580513596534729
23067,0.0,0.4690648317337036,0.4305238425731659,0.6822879314422607
23068,0.0,0.4660611152648926,0.4357324242591858,0.6990751028060913
23069,0.0,0.33365631103515625,0.3486720323562622,0.43581831455230713
23070,0.0,0.336808979511261,0.37850385904312134,0.45186883211135864
23071,0.0,0.31651878356933594,0.4086836874485016,0.4269809126853943
23072,0.0,0.3409540057182312,0.3760306239128113,0.42130014300346375
23073,0.0,0.2869929075241089,0.33848389983177185,0.34796538949012756
23074,0.0,0.2507922053337097,0.22181662917137146,0.2479468137025833
23075,0.0,0.41527479887008667,0.35424724221229553,0.5176135897636414
23076,0.0,0.28135573863983154,0.3820868134498596,0.41064193844795227
23077,0.0,0.257828950881958,0.316700279712677,0.3291870057582855
23078,0.0,0.22763800621032715,0.2910403311252594,0.4193902313709259
23079,0.0,0.3347916603088379,0.34863317012786865,0.49797654151916504
23080,0.0,0.32450610399246216,0.41383612155914307,0.5266008973121643
23081,0.0,0.25960665941238403,0.34194937348365784,0.4048267900943756
23082,0.0,0.37300342321395874,0.4162862002849579,0.5192710161209106
23083,0.0,0.33077192306518555,0.3650970458984375,0.43143507838249207
23084,0.0,0.30035269260406494,0.2842545211315155,0.267507404088974
23085,0.0,0.3090810775756836,0.2990525960922241,0.29906708002090454
23086,0.0,0.33162516355514526,0.31011706590652466,0.3894948363304138
23087,0.0,0.19159334897994995,0.19528046250343323,0.22272486984729767
23088,0.0,0.14406496286392212,0.16965800523757935,0.10542874783277512
23089,0.0,0.14517802000045776,0.16362428665161133,0.10700737684965134
23090,0.0,0.14644163846969604,0.12474101036787033,0.11121932417154312
23091,0.0,0.0989990234375,0.14454185962677002,0.060614846646785736
23092,0.0,0.11085504293441772,0.10291310399770737,0.07956371456384659
23093,0.0,0.11987286806106567,0.08273067325353622,0.08513098210096359
23094,0.0,0.10098832845687866,0.08001822233200073,0.0781552866101265
23095,0.0,0.12721627950668335,0.07727386802434921,0.10387445986270905
23096,0.0,0.07981842756271362,0.058648720383644104,0.08534446358680725
23097,0.0,0.07886797189712524,0.09353923797607422,0.0861058160662651
23098,0.0,0.09574681520462036,0.12458338588476181,0.10437613725662231
23099,0.0,0.09285610914230347,0.09719409793615341,0.06963572651147842
23100,0.0,0.12440526485443115,0.09272700548171997,0.08068908005952835
23101,0.0,0.12036311626434326,0.10165925323963165,0.08862414211034775
23102,0.0,0.11268407106399536,0.08385145664215088,0.10075020790100098
23103,0.0,0.10711497068405151,0.06556098908185959,0.141892209649086
23104,0.0,0.09976977109909058,0.0646216943860054,0.10217117518186569
23105,0.0,0.17836922407150269,0.11752637475728989,0.20901557803153992
23106,0.0,0.18423181772232056,0.16910676658153534,0.2081715613603592
23107,0.0,0.11221635341644287,0.14174595475196838,0.08869082480669022
23108,0.0,0.13027799129486084,0.14515283703804016,0.21756474673748016
23109,0.0,0.11469876766204834,0.2098071426153183,0.1590239405632019
23371,0.0,0.1799025535583496,0.23018310964107513,0.21277466416358948
23372,0.0,0.23454076051712036,0.20343971252441406,0.1834595650434494
23373,0.0,0.13109540939331055,0.17658552527427673,0.117684006690979
23374,0.0,0.24285942316055298,0.18288566172122955,0.2953583002090454
23375,0.0,0.4800092577934265,0.3409702777862549,0.668852686882019
23376,1.0,0.3128586411476135,0.34958529472351074,0.39636093378067017
23377,1.0,0.27999722957611084,0.2684835195541382,0.3950220048427582
23378,1.0,0.18923228979110718,0.17507098615169525,0.26634615659713745
23379,0.0,0.2546989321708679,0.26443251967430115,0.36327147483825684
23380,1.0,0.27721190452575684,0.21700815856456757,0.33338016271591187
23381,1.0,0.18426436185836792,0.1770966500043869,0.22177378833293915
23382,0.0,0.25360792875289917,0.21840400993824005,0.3672788143157959
23383,1.0,0.4229544997215271,0.3849042057991028,0.6083537936210632
23384,1.0,0.41422319412231445,0.48137933015823364,0.5907248854637146
23385,1.0,0.31515103578567505,0.36196181178092957,0.38573095202445984
23386,1.0,0.2814275622367859,0.21617919206619263,0.41867512464523315
23387,1.0,0.2567080855369568,0.2102973461151123,0.38268038630485535
23388,1.0,0.23811489343643188,0.20668242871761322,0.33734944462776184
23389,0.0,0.21410101652145386,0.18603667616844177,0.3113859295845032
23390,1.0,0.2048184871673584,0.1993713229894638,0.2238008677959442
23391,0.0,0.18389666080474854,0.18733566999435425,0.22641366720199585
23392,0.0,0.12279313802719116,0.13220998644828796,0.15382294356822968
23393,0.0,0.21034222841262817,0.20366689562797546,0.24338379502296448
23394,0.0,0.1002625823020935,0.09496930241584778,0.0962415486574173
23395,0.0,0.19096338748931885,0.13159777224063873,0.16198010742664337
23396,0.0,0.18024671077728271,0.15273544192314148,0.16359557211399078
23397,0.0,0.14766168594360352,0.11197257786989212,0.10953562706708908
23398,0.0,0.14223647117614746,0.11164157837629318,0.14131580293178558
23399,0.0,0.1686323881149292,0.12459011375904083,0.17657101154327393
23400,1.0,0.17484360933303833,0.140278622508049,0.1646495908498764
23401,0.0,0.11584556102752686,0.10413725674152374,0.12802386283874512
23402,0.0,0.07747900485992432,0.08227656781673431,0.09420430660247803
23403,0.0,0.0686255693435669,0.07950908690690994,0.08700390160083771
23404,0.0,0.05348783731460571,0.03803659602999687,0.04322176054120064
23405,0.0,0.028642475605010986,0.016649717465043068,0.03168680891394615
23406,0.0,0.02712857723236084,0.013088982552289963,0.024864425882697105
23407,0.0,0.024529218673706055,0.01944129355251789,0.020566847175359726
23408,0.0,0.025714635848999023,0.01965434104204178,0.02279970794916153
23409,0.0,0.025468766689300537,0.017137102782726288,0.019304433837532997
23410,0.0,0.05676579475402832,0.07446184009313583,0.06622227281332016
23411,0.0,0.05965191125869751,0.10094998776912689,0.05019202083349228
23412,0.0,0.03814136981964111,0.06228616088628769,0.03347093239426613
23413,0.0,0.04521787166595459,0.04796239361166954,0.045341186225414276
23414,0.0,0.10971194505691528,0.10292738676071167,0.09125503152608871
23415,0.0,0.0435371994972229,0.04326518252491951,0.031106242910027504
23416,0.0,0.03641819953918457,0.03558194637298584,0.032782603055238724
23417,0.0,0.03791916370391846,0.03278590366244316,0.03741658478975296
23418,0.0,0.04741621017456055,0.03778957203030586,0.03581378236413002
23419,0.0,0.03265315294265747,0.02879468910396099,0.03283168748021126
23420,0.0,0.044383883476257324,0.04834548756480217,0.04386068135499954
23421,0.0,0.1015162467956543,0.10216077417135239,0.113472118973732
23422,0.0,0.13081729412078857,0.2041143774986267,0.15010195970535278
23684,1.0,0.04629427194595337,0.045128919184207916,0.0648065134882927
23685,1.0,0.05449819564819336,0.07508986443281174,0.05899112671613693
23686,1.0,0.06535971164703369,0.07222101837396622,0.04978100210428238
23687,1.0,0.17341983318328857,0.20259231328964233,0.17420703172683716
23688,1.0,0.08967643976211548,0.11742481589317322,0.08726238459348679
23689,1.0,0.11310750246047974,0.08519672602415085,0.08278898149728775
23690,1.0,0.09756499528884888,0.1138487234711647,0.11535342037677765
23691,1.0,0.11528348922729492,0.09722043573856354,0.08407890051603317
23692,1.0,0.08329808712005615,0.09815864264965057,0.073998361825943
23693,1.0,0.2150220274925232,0.19745030999183655,0.26353827118873596
23694,1.0,0.12183564901351929,0.15213297307491302,0.09057153016328812
23695,1.0,0.11499285697937012,0.09281601011753082,0.09838263690471649
23696,1.0,0.09256482124328613,0.08901775628328323,0.0918353721499443
23697,1.0,0.22696435451507568,0.14723940193653107,0.2311171591281891
23698,1.0,0.2453804612159729,0.17914095520973206,0.22560466825962067
23699,1.0,0.1465105414390564,0.12406949698925018,0.13574038445949554
23700,1.0,0.24191617965698242,0.17769427597522736,0.34499359130859375
23701,1.0,0.29352492094039917,0.21050842106342316,0.34016627073287964
23702,1.0,0.18960368633270264,0.10957323759794235,0.1710839867591858
23703,1.0,0.30124789476394653,0.22443298995494843,0.4347732961177826
23704,1.0,0.2791669964790344,0.27422896027565,0.3156392574310303
23705,1.0,0.24817436933517456,0.2557298243045807,0.33557605743408203
23706,1.0,0.28001469373703003,0.253632128238678,0.3114754259586334
23707,1.0,0.22794634103775024,0.21804377436637878,0.3065275251865387
23708,1.0,0.209475576877594,0.21096347272396088,0.23860770463943481
23709,1.0,0.1337171196937561,0.1551063060760498,0.1571972668170929
23710,1.0,0.16898983716964722,0.12817217409610748,0.17648060619831085
23711,1.0,0.18944108486175537,0.11864233762025833,0.16274592280387878
23712,1.0,0.19325381517410278,0.16597361862659454,0.23456764221191406
23713,1.0,0.20799309015274048,0.15769925713539124,0.3134819269180298
23714,1.0,0.22756409645080566,0.2442324012517929,0.271981805562973
23715,1.0,0.22346460819244385,0.26307180523872375,0.26274338364601135
23716,1.0,0.23632025718688965,0.25005903840065,0.2850193977355957
23717,1.0,0.1971358060836792,0.23298802971839905,0.29524311423301697
23718,1.0,0.17646574974060059,0.27741965651512146,0.26297205686569214
23719,1.0,0.2082175612449646,0.21892817318439484,0.29649680852890015
23720,1.0,0.20376521348953247,0.21944183111190796,0.3205537796020508
23721,1.0,0.21294748783111572,0.24618804454803467,0.33160480856895447
23722,1.0,0.17473572492599487,0.21153965592384338,0.27780020236968994
23723,1.0,0.11487305164337158,0.21771728992462158,0.1158583015203476
23724,1.0,0.12150490283966064,0.1907454878091812,0.15450340509414673
23725,1.0,0.10314148664474487,0.11211220920085907,0.13753773272037506
23726,1.0,0.04593008756637573,0.09231334924697876,0.04406328126788139
23727,1.0,0.03755533695220947,0.058322347700595856,0.05143358185887337
23728,1.0,0.03374588489532471,0.043572865426540375,0.04470527917146683
23729,1.0,0.05432331562042236,0.13203364610671997,0.1070324257016182
23730,1.0,0.03420370817184448,0.09414427727460861,0.047808628529310226
23731,1.0,0.04750967025756836,0.06634361296892166,0.04652378708124161
23732,1.0,0.05716019868850708,0.09728089720010757,0.07393744587898254
23733,1.0,0.055652618408203125,0.06618800759315491,0.05194825306534767
23734,1.0,0.05249208211898804,0.07919707149267197,0.07616562396287918
23735,1.0,0.045192062854766846,0.06503987312316895,0.053799767047166824
23997,0.0,0.17226558923721313,0.23264923691749573,0.1962442845106125
23998,1.0,0.40129393339157104,0.37079572677612305,0.4471825361251831
23999,1.0,0.28140687942504883,0.25298255681991577,0.3829147219657898
24000,1.0,0.3351319432258606,0.29532289505004883,0.4923335313796997
24001,1.0,0.4424024820327759,0.33177450299263,0.5419518351554871
24002,1.0,0.23049014806747437,0.17173632979393005,0.2567964494228363
24003,0.0,0.34721577167510986,0.27080050110816956,0.4564194977283478
24004,1.0,0.19434243440628052,0.1652631163597107,0.22904980182647705
24005,0.0,0.1868739128112793,0.152186319231987,0.26441603899002075
24006,0.0,0.24015378952026367,0.25894832611083984,0.30853256583213806
24007,1.0,0.3178393840789795,0.2377452552318573,0.38926297426223755
24008,1.0,0.19954508543014526,0.21324895322322845,0.2963864803314209
24009,0.0,0.2430967092514038,0.23768727481365204,0.33709388971328735
24010,1.0,0.3965221643447876,0.31729620695114136,0.47840365767478943
24011,1.0,0.3369264602661133,0.3342233896255493,0.4000947177410126
24012,1.0,0.3441495895385742,0.31870681047439575,0.3735913634300232
24013,1.0,0.3345535397529602,0.373488187789917,0.38847586512565613
24014,1.0,0.5094431042671204,0.3897658884525299,0.6212474703788757
24015,1.0,0.4625004529953003,0.458556205034256,0.4971632659435272
24016,1.0,0.24996042251586914,0.26735973358154297,0.359884113073349
24017,0.0,0.3403545022010803,0.3148833215236664,0.37921202182769775
24018,1.0,0.26617610454559326,0.25977927446365356,0.30291515588760376
24019,0.0,0.19897961616516113,0.18705563247203827,0.2949531376361847
24020,1.0,0.1294838786125183,0.1318778693675995,0.15685266256332397
24021,0.0,0.12470608949661255,0.1334971934556961,0.18867774307727814
24022,0.0,0.10500562191009521,0.08949186652898788,0.10589008033275604
24023,0.0,0.08048397302627563,0.10878926515579224,0.08571138978004456
24024,0.0,0.061521053314208984,0.07094350457191467,0.06115719676017761
24025,0.0,0.055994391441345215,0.07521945983171463,0.060509517788887024
24026,0.0,0.047597646713256836,0.04988076165318489,0.052523158490657806
24027,0.0,0.05896186828613281,0.07367205619812012,0.06956862658262253
24028,0.0,0.05325859785079956,0.047433506697416306,0.056557826697826385
24029,0.0,0.053852856159210205,0.0711575299501419,0.05521020293235779
24030,0.0,0.05351388454437256,0.05856291577219963,0.057145219296216965
24031,0.0,0.09190326929092407,0.14807213842868805,0.07552457600831985
24032,1.0,0.20143914222717285,0.20502042770385742,0.289336621761322
24033,1.0,0.2067258358001709,0.21440429985523224,0.21797651052474976
24034,1.0,0.15120220184326172,0.169359028339386,0.16540196537971497
24035,0.0,0.13140642642974854,0.11935894936323166,0.1283801943063736
24036,0.0,0.08540064096450806,0.08242292702198029,0.08085016906261444
24037,0.0,0.08750259876251221,0.0767316147685051,0.1062752902507782
24038,0.0,0.05217123031616211,0.08493146300315857,0.08210846781730652
24039,0.0,0.06064516305923462,0.05089978873729706,0.07787294685840607
24040,0.0,0.09341877698898315,0.14621251821517944,0.17394232749938965
24041,1.0,0.13741302490234375,0.15983806550502777,0.20598287880420685
24042,1.0,0.19898056983947754,0.23050722479820251,0.2519344985485077
24043,1.0,0.1243736743927002,0.1355724036693573,0.12619119882583618
24044,0.0,0.1291007399559021,0.13675060868263245,0.14505590498447418
24045,0.0,0.11429810523986816,0.12341410666704178,0.1521589756011963
24046,0.0,0.11683833599090576,0.10612238198518753,0.09808381646871567
24047,0.0,0.17968076467514038,0.18717685341835022,0.25358355045318604
24048,1.0,0.24744242429733276,0.257332980632782,0.31685420870780945
24310,0.0,0.151667058467865,0.17692969739437103,0.05688629671931267
24311,0.0,0.1723974347114563,0.14304640889167786,0.08035092800855637
24312,0.0,0.2459205985069275,0.24256762862205505,0.2033010870218277
24313,0.0,0.17672032117843628,0.20243042707443237,0.08811625838279724
24314,0.0,0.3095209002494812,0.38256603479385376,0.2897886037826538
24315,0.0,0.2070063352584839,0.26308318972587585,0.10703952610492706
24316,0.0,0.18112856149673462,0.18317683041095734,0.15471316874027252
24317,0.0,0.2541021704673767,0.26186004281044006,0.25029635429382324
24318,0.0,0.2272639274597168,0.2660968005657196,0.15449334681034088
24319,0.0,0.22027724981307983,0.20886144042015076,0.17257057130336761
24320,0.0,0.24864715337753296,0.2887822985649109,0.25029677152633667
24321,0.0,0.2918531894683838,0.5410287380218506,0.38492199778556824
24322,0.0,0.3958835005760193,0.6774117946624756,0.5621610879898071
24323,0.0,0.395691454410553,0.4625180661678314,0.5739992260932922
24324,0.0,0.3024136424064636,0.3899247348308563,0.37352147698402405
24325,0.0,0.3074684143066406,0.2624798119068146,0.2834029793739319
24326,0.0,0.26273632049560547,0.16273553669452667,0.2016691118478775
24327,0.0,0.34847939014434814,0.2322199046611786,0.25158917903900146
24328,0.0,0.30311399698257446,0.1808779239654541,0.2285824865102768
24329,0.0,0.25250834226608276,0.23125748336315155,0.19351181387901306
24330,0.0,0.2676723599433899,0.21794158220291138,0.20376691222190857
24331,0.0,0.26506131887435913,0.15431496500968933,0.13058046996593475
24332,0.0,0.3805273175239563,0.2086942344903946,0.2515936493873596
24333,0.0,0.22113585472106934,0.16716288030147552,0.1776185780763626
24334,0.0,0.34283775091171265,0.3499458134174347,0.22376270592212677
24335,0.0,0.5328174829483032,0.48451605439186096,0.504131019115448
24336,0.0,0.4169142246246338,0.3192008435726166,0.2962363064289093
24337,0.0,0.34463393688201904,0.26451030373573303,0.24633704125881195
24338,0.0,0.3940048813819885,0.2650946080684662,0.3223084509372711
24339,0.0,0.45545876026153564,0.310472309589386,0.4892946183681488
24340,0.0,0.3423442840576172,0.2256861925125122,0.3085493743419647
24341,0.0,0.43732118606567383,0.3053627908229828,0.4831978380680084
24342,0.0,0.26603108644485474,0.3018719553947449,0.2763561010360718
24343,0.0,0.2807878851890564,0.28217408061027527,0.2956230044364929
24344,0.0,0.27248817682266235,0.26542192697525024,0.32335323095321655
24345,0.0,0.2237844467163086,0.2352854609489441,0.24423663318157196
24346,0.0,0.21661853790283203,0.17077763378620148,0.17949581146240234
24347,0.0,0.2017078995704651,0.13439926505088806,0.16902299225330353
24348,0.0,0.2765267491340637,0.24059507250785828,0.30412113666534424
24349,0.0,0.18572556972503662,0.17646408081054688,0.15384134650230408
24350,0.0,0.138422429561615,0.10328447073698044,0.08306795358657837
24351,0.0,0.13274967670440674,0.09612565487623215,0.07424401491880417
24352,0.0,0.12068331241607666,0.09253941476345062,0.06653345376253128
24353,0.0,0.20203429460525513,0.1631142646074295,0.174358069896698
24354,0.0,0.12602001428604126,0.13090085983276367,0.08702561259269714
24355,0.0,0.12539821863174438,0.1346057504415512,0.07807763665914536
24356,0.0,0.10389333963394165,0.10948028415441513,0.06096963211894035
24357,0.0,0.08292937278747559,0.1774168163537979,0.03690820187330246
24358,0.0,0.0742749571800232,0.1305435746908188,0.032878074795007706
24359,0.0,0.15587007999420166,0.22952231764793396,0.10545340925455093
24360,0.0,0.11939185857772827,0.2439921498298645,0.07031559944152832
24361,0.0,0.1084601879119873,0.24861696362495422,0.06577572226524353
24623,0.0,0.3156290054321289,0.5027536749839783,0.29460254311561584
24624,0.0,0.24951177835464478,0.40707728266716003,0.282762348651886
24625,0.0,0.23647528886795044,0.22304505109786987,0.231154203414917
24626,0.0,0.14648276567459106,0.1279400736093521,0.10300308465957642
24627,0.0,0.14910614490509033,0.10963209718465805,0.09189751744270325
24628,0.0,0.17848926782608032,0.16330045461654663,0.134110689163208
24629,0.0,0.1591416597366333,0.19167719781398773,0.09527060389518738
24630,0.0,0.22295528650283813,0.27573829889297485,0.1979009360074997
24631,0.0,0.29575294256210327,0.5764243006706238,0.46699365973472595
24632,0.0,0.4159964919090271,0.6957430243492126,0.6217500567436218
24633,1.0,0.41588538885116577,0.6894918084144592,0.7940896153450012
24634,1.0,0.39009231328964233,0.7022071480751038,0.8566064238548279
24635,1.0,0.4510127305984497,0.688418447971344,0.848906934261322
24636,1.0,0.43221330642700195,0.7808902859687805,0.8197610378265381
24637,1.0,0.4380676746368408,0.6658056378364563,0.8519522547721863
24638,1.0,0.431036114692688,0.8245987892150879,0.8785252571105957
24639,1.0,0.4483661651611328,0.7785324454307556,0.9286714792251587
24640,1.0,0.4400820732116699,0.8389401435852051,0.9270884990692139
24641,1.0,0.41726523637771606,0.8245179653167725,0.930656373500824
24642,1.0,0.45428895950317383,0.8126057982444763,0.9460884928703308
24643,1.0,0.4113426208496094,0.8047221899032593,0.901348888874054
24644,1.0,0.4332093596458435,0.7929852604866028,0.8736182451248169
24645,1.0,0.4580831527709961,0.809719443321228,0.8494970202445984
24646,1.0,0.45460498332977295,0.7463877201080322,0.855980396270752
24647,1.0,0.5104076862335205,0.820504367351532,0.9096248745918274
24648,1.0,0.5745275616645813,0.8291818499565125,0.9460002183914185
24649,1.0,0.5313838124275208,0.8730490207672119,0.9488359093666077
24650,1.0,0.5497690439224243,0.8474071025848389,0.9405815005302429
24651,1.0,0.5361120104789734,0.8459733128547668,0.9211797118186951
24652,1.0,0.5073367357254028,0.8382183313369751,0.8906395435333252
24653,1.0,0.47536808252334595,0.7430647015571594,0.8573527932167053
24654,1.0,0.42997831106185913,0.7008804082870483,0.7434847354888916
24655,1.0,0.3892090320587158,0.7127361297607422,0.5893747806549072
24656,1.0,0.39442920684814453,0.7313353419303894,0.632580578327179
24657,1.0,0.32998937368392944,0.6721547245979309,0.6453244090080261
24658,1.0,0.31011462211608887,0.6582949757575989,0.4567117393016815
24659,1.0,0.280886709690094,0.630818784236908,0.4383993148803711
24660,1.0,0.279529869556427,0.6070414185523987,0.41704830527305603
24661,1.0,0.2788892984390259,0.4835202097892761,0.3511179983615875
24662,1.0,0.2708653211593628,0.4231753647327423,0.2975599467754364
24663,1.0,0.24563390016555786,0.4407448470592499,0.30538442730903625
24664,1.0,0.23874270915985107,0.4662345349788666,0.29434090852737427
24665,1.0,0.24798643589019775,0.3764798045158386,0.29975154995918274
24666,1.0,0.30778658390045166,0.38497328758239746,0.3648279309272766
24667,1.0,0.2589711546897888,0.35564371943473816,0.29061251878738403
24668,0.0,0.2709823250770569,0.2687338888645172,0.27122995257377625
24669,1.0,0.29978126287460327,0.35982346534729004,0.2890873849391937
24670,1.0,0.2560511827468872,0.305267333984375,0.24982072412967682
24671,1.0,0.28350263833999634,0.3058013319969177,0.2931501865386963
24672,0.0,0.24136608839035034,0.23255999386310577,0.18401983380317688
24673,0.0,0.21504348516464233,0.27962765097618103,0.13733044266700745
24674,0.0,0.23721802234649658,0.24773842096328735,0.15079903602600098
24936,0.0,0.33017784357070923,0.4203889071941376,0.4600926637649536
24937,0.0,0.39956480264663696,0.40514251589775085,0.5591183304786682
24938,0.0,0.275035560131073,0.30541884899139404,0.44709283113479614
24939,0.0,0.22739142179489136,0.35578271746635437,0.38565078377723694
24940,0.0,0.295485258102417,0.3369930386543274,0.5468479990959167
24941,0.0,0.48523420095443726,0.39634057879447937,0.6018480658531189
24942,0.0,0.4542387127876282,0.4780384302139282,0.5489949584007263
24943,0.0,0.30969858169555664,0.4512118995189667,0.453961580991745
24944,0.0,0.24577713012695312,0.3436413109302521,0.4412361681461334
24945,0.0,0.3079451322555542,0.35080549120903015,0.469866007566452
24946,0.0,0.214716374874115,0.3375207185745239,0.402381032705307
24947,0.0,0.30646437406539917,0.29700857400894165,0.5289338231086731
24948,0.0,0.6048922538757324,0.6202249526977539,0.8926137089729309
24949,1.0,0.7479129433631897,0.7792335748672485,0.8864520192146301
24950,0.0,0.6160160899162292,0.6932700276374817,0.831173300743103
24951,1.0,0.5590980648994446,0.6516236662864685,0.8323554992675781
24952,1.0,0.5308241844177246,0.48971039056777954,0.7738180160522461
24953,1.0,0.5568209886550903,0.5263347625732422,0.8092306852340698
24954,1.0,0.5716482400894165,0.5517215728759766,0.8097280263900757
24955,1.0,0.5451852679252625,0.5368994474411011,0.739071786403656
24956,1.0,0.6163016557693481,0.6328840255737305,0.726473867893219
24957,1.0,0.5870044231414795,0.5643119215965271,0.7117369174957275
24958,1.0,0.5016577839851379,0.5333201289176941,0.6172868013381958
24959,0.0,0.5923448204994202,0.5770419239997864,0.6966629028320312
24960,0.0,0.5896954536437988,0.5239842534065247,0.6889998912811279
24961,0.0,0.5511005520820618,0.5320340991020203,0.6352949142456055
24962,0.0,0.5470224618911743,0.5362408757209778,0.6967865824699402
24963,1.0,0.549066424369812,0.4198535084724426,0.6503012776374817
24964,0.0,0.4776005744934082,0.3983733057975769,0.5638848543167114
24965,0.0,0.37265878915786743,0.4822869896888733,0.5475026369094849
24966,0.0,0.3518509864807129,0.3999381363391876,0.46172070503234863
24967,0.0,0.3970664143562317,0.3299154043197632,0.477444589138031
24968,0.0,0.2971377968788147,0.2299344390630722,0.32082653045654297
24969,0.0,0.2551109790802002,0.19142398238182068,0.3258877992630005
24970,0.0,0.26590001583099365,0.20909535884857178,0.30947116017341614
24971,0.0,0.2631857991218567,0.21432843804359436,0.29496827721595764
24972,0.0,0.24565988779067993,0.23040775954723358,0.32055339217185974
24973,0.0,0.2304675579071045,0.22422833740711212,0.33114928007125854
24974,0.0,0.21144306659698486,0.22055765986442566,0.24790850281715393
24975,0.0,0.24932187795639038,0.2362254559993744,0.35200443863868713
24976,0.0,0.2882360816001892,0.24969176948070526,0.4386835992336273
24977,0.0,0.28518545627593994,0.24261945486068726,0.40377724170684814
24978,0.0,0.22858679294586182,0.20577876269817352,0.32749325037002563
24979,0.0,0.22975784540176392,0.19582422077655792,0.3806367516517639
24980,0.0,0.4369785189628601,0.38265782594680786,0.6353822946548462
24981,0.0,0.24877846240997314,0.29600897431373596,0.3687876760959625
24982,0.0,0.29024773836135864,0.23139475286006927,0.4331875741481781
24983,0.0,0.25479012727737427,0.24490122497081757,0.36721307039260864
24984,0.0,0.3102461099624634,0.23305262625217438,0.45396149158477783
24985,0.0,0.2740473747253418,0.22424450516700745,0.38046979904174805
24986,0.0,0.40919041633605957,0.31163349747657776,0.5424842834472656
24987,0.0,0.36647099256515503,0.306491881608963,0.45874181389808655
25249,0.0,0.06173527240753174,0.08339957147836685,0.06138795614242554
25250,0.0,0.05185985565185547,0.05288621038198471,0.04179723188281059
25251,0.0,0.04833287000656128,0.05576235428452492,0.038100466132164
25252,0.0,0.05527925491333008,0.05134047195315361,0.0403895303606987
25253,0.0,0.08733820915222168,0.10838844627141953,0.09178256243467331
25254,0.0,0.054675161838531494,0.07018128782510757,0.04197344183921814
25255,0.0,0.05193889141082764,0.05850182846188545,0.039839714765548706
25256,0.0,0.043042898178100586,0.05688204616308212,0.05036497861146927
25257,0.0,0.047449469566345215,0.0676300972700119,0.04419553279876709
25258,0.0,0.04023313522338867,0.1044752448797226,0.03838454931974411
25259,0.0,0.04023313522338867,0.0970466211438179,0.03788992017507553
25260,0.0,0.0415382981300354,0.09533124417066574,0.0474737174808979
25261,0.0,0.04268580675125122,0.08892331272363663,0.03293592110276222
25262,0.0,0.04317820072174072,0.09023381769657135,0.03323204442858696
25263,0.0,0.03865617513656616,0.07521630823612213,0.03341800346970558
25264,0.0,0.040228188037872314,0.0879306048154831,0.03153619170188904
25265,0.0,0.08909088373184204,0.1100471243262291,0.09378883242607117
25266,0.0,0.0713508129119873,0.07616695761680603,0.06393320858478546
25267,0.0,0.05876284837722778,0.06562486290931702,0.04540124535560608
25268,0.0,0.05503624677658081,0.049263469874858856,0.03672526031732559
25269,0.0,0.05730932950973511,0.05331876873970032,0.03638935089111328
25270,0.0,0.04458433389663696,0.07487666606903076,0.03137508034706116
25271,0.0,0.09740787744522095,0.10816898196935654,0.11029046773910522
25272,0.0,0.10927605628967285,0.14259368181228638,0.0806286409497261
25273,0.0,0.07079160213470459,0.10151301324367523,0.04747089371085167
25274,0.0,0.1377543807029724,0.14753936231136322,0.10157295316457748
25275,0.0,0.18609261512756348,0.1283356249332428,0.17950880527496338
25276,0.0,0.09004676342010498,0.15834790468215942,0.07318129390478134
25277,0.0,0.10776519775390625,0.09798108786344528,0.14475223422050476
25278,0.0,0.13656526803970337,0.1504664570093155,0.12168390303850174
25279,0.0,0.12877070903778076,0.13786938786506653,0.13066931068897247
25280,0.0,0.14084279537200928,0.14013303816318512,0.18043965101242065
25281,0.0,0.10393613576889038,0.11787445098161697,0.08861065655946732
25282,0.0,0.14065086841583252,0.11919952183961868,0.20363569259643555
25283,0.0,0.14162880182266235,0.13353292644023895,0.1326487958431244
25284,0.0,0.14959722757339478,0.12629334628582,0.17837101221084595
25285,0.0,0.1271393895149231,0.11578112095594406,0.15123631060123444
25286,0.0,0.12122458219528198,0.12983551621437073,0.13600653409957886
25287,0.0,0.13484573364257812,0.13567286729812622,0.1494131088256836
25288,0.0,0.1759624481201172,0.14065468311309814,0.15916255116462708
25289,0.0,0.14986777305603027,0.15876983106136322,0.14042271673679352
25290,0.0,0.1108904480934143,0.12049129605293274,0.1647769957780838
25291,0.0,0.10773557424545288,0.16422563791275024,0.11666756868362427
25292,0.0,0.12000036239624023,0.11595260351896286,0.10634895414113998
25293,0.0,0.1221933364868164,0.121065154671669,0.11088693141937256
25294,0.0,0.11989092826843262,0.11845278739929199,0.11621502786874771
25295,0.0,0.12012451887130737,0.14447563886642456,0.11890130490064621
25296,0.0,0.07545006275177002,0.08483095467090607,0.08520185947418213
25297,0.0,0.13960319757461548,0.2118108868598938,0.11412820219993591
25298,0.0,0.23770993947982788,0.27147242426872253,0.27046066522598267
25299,0.0,0.12788981199264526,0.15358708798885345,0.09980173408985138
25300,0.0,0.14344245195388794,0.24566030502319336,0.18125157058238983
25562,1.0,0.6765218377113342,0.8373183012008667,0.9511544704437256
25563,1.0,0.7685831785202026,0.8085859417915344,0.9403527975082397
25564,1.0,0.6327911615371704,0.6215234994888306,0.8772299885749817
25565,1.0,0.4888719320297241,0.45385438203811646,0.7745503783226013
25566,1.0,0.6856302618980408,0.5941045880317688,0.8918538689613342
25567,1.0,0.7435474395751953,0.8341594338417053,0.9519450068473816
25568,1.0,0.7328970432281494,0.8278864622116089,0.9324918389320374
25569,1.0,0.7224242687225342,0.7911146283149719,0.9354040622711182
25570,1.0,0.6666783690452576,0.6222679615020752,0.9228630065917969
25571,1.0,0.7586795687675476,0.7208376526832581,0.9697246551513672
25572,1.0,0.7497463226318359,0.8460334539413452,0.9774242639541626
25573,1.0,0.750023603439331,0.873623251914978,0.9794705510139465
25574,1.0,0.7625325322151184,0.8407110571861267,0.9800167083740234
25575,1.0,0.7932301759719849,0.8250751495361328,0.9800017476081848
25576,1.0,0.8168512582778931,0.8901199102401733,0.9820176362991333
25577,1.0,0.7521458864212036,0.912289023399353,0.9689148664474487
25578,1.0,0.795049786567688,0.801297128200531,0.9579899907112122
25579,1.0,0.7633243799209595,0.8815982937812805,0.9679365754127502
25580,1.0,0.7739810347557068,0.8537668585777283,0.9598938226699829
25581,1.0,0.6752935647964478,0.8638415336608887,0.9594308137893677
25582,1.0,0.7597208023071289,0.9088718891143799,0.9701313972473145
25583,1.0,0.7641007304191589,0.9136395454406738,0.9665929675102234
25584,1.0,0.7563193440437317,0.901506781578064,0.9626929759979248
25585,1.0,0.7629819512367249,0.9180033206939697,0.9609092473983765
25586,1.0,0.7875558137893677,0.803433895111084,0.9361404776573181
25587,1.0,0.7936582565307617,0.8862549662590027,0.9732677340507507
25588,1.0,0.739328145980835,0.9066712260246277,0.9625720977783203
25589,1.0,0.6959247589111328,0.8740553855895996,0.9551987648010254
25590,1.0,0.7415237426757812,0.8891070485115051,0.9574106335639954
25591,1.0,0.763474702835083,0.8562749028205872,0.960485577583313
25592,1.0,0.6747626066207886,0.7966431975364685,0.913305401802063
25593,1.0,0.631932258605957,0.7233842611312866,0.8787105679512024
25594,1.0,0.5864665508270264,0.7446523904800415,0.7775603532791138
25595,1.0,0.5452437400817871,0.7005020976066589,0.7661023139953613
25596,1.0,0.5745192170143127,0.6167305111885071,0.7334438562393188
25597,1.0,0.4771173596382141,0.5666738152503967,0.6585345268249512
25598,1.0,0.5203580856323242,0.5382136106491089,0.5430424213409424
25599,1.0,0.4554916024208069,0.47157418727874756,0.5792427062988281
25600,1.0,0.4486398696899414,0.4284168481826782,0.5048243403434753
25601,1.0,0.6041167378425598,0.6318709254264832,0.7888293862342834
25602,1.0,0.5529270172119141,0.5757731199264526,0.7495101690292358
25603,1.0,0.527625322341919,0.5557914972305298,0.6775270700454712
25604,1.0,0.5023308992385864,0.5952538847923279,0.6777260303497314
25605,1.0,0.6194535493850708,0.699069082736969,0.8411438465118408
25606,1.0,0.5736805200576782,0.6406074166297913,0.7767845392227173
25607,1.0,0.50284743309021,0.5956916213035583,0.6981881856918335
25608,1.0,0.5222949981689453,0.5393383502960205,0.6867214441299438
25609,1.0,0.5570228695869446,0.4761996865272522,0.6476694345474243
25610,1.0,0.467404305934906,0.37800800800323486,0.5689710974693298
25611,1.0,0.4322919249534607,0.36790984869003296,0.5158571600914001
25612,1.0,0.5448209047317505,0.4685683250427246,0.7033694982528687
25613,1.0,0.5677449107170105,0.48259395360946655,0.6938498020172119
25875,0.0,0.05081743001937866,0.06441055238246918,0.05490812286734581
25876,0.0,0.05651646852493286,0.07317479699850082,0.04345054179430008
25877,0.0,0.16964441537857056,0.12263400107622147,0.1606740951538086
25878,0.0,0.2918326258659363,0.2116778939962387,0.23062510788440704
25879,0.0,0.2564747929573059,0.2346888780593872,0.2480739802122116
25880,0.0,0.2761602997779846,0.2510835826396942,0.331415057182312
25881,1.0,0.22945106029510498,0.17183047533035278,0.23448526859283447
25882,0.0,0.16997486352920532,0.141386941075325,0.21587568521499634
25883,0.0,0.1488107442855835,0.1915961354970932,0.2078976333141327
25884,0.0,0.14381200075149536,0.1467510163784027,0.1569792479276657
25885,0.0,0.19569331407546997,0.1561328023672104,0.2127218097448349
25886,0.0,0.2327701449394226,0.2554120123386383,0.3082171380519867
25887,1.0,0.2861267924308777,0.362904816865921,0.37484806776046753
25888,0.0,0.2618187665939331,0.25415629148483276,0.3755229115486145
25889,0.0,0.5034468173980713,0.5695722699165344,0.7994267344474792
25890,1.0,0.5895931720733643,0.8025133013725281,0.9245818257331848
25891,1.0,0.45167750120162964,0.6718486547470093,0.8161303997039795
25892,1.0,0.45952796936035156,0.4081017076969147,0.7289401888847351
25893,1.0,0.42856085300445557,0.35618332028388977,0.6818649172782898
25894,1.0,0.5543145537376404,0.564810574054718,0.8317902684211731
25895,1.0,0.5527206659317017,0.6707258224487305,0.8750754594802856
25896,1.0,0.46215569972991943,0.473366916179657,0.7617653608322144
25897,1.0,0.38063114881515503,0.3678305447101593,0.5987315773963928
25898,0.0,0.1876949667930603,0.29657164216041565,0.2809295952320099
25899,0.0,0.30426400899887085,0.3571995496749878,0.3196278512477875
25900,0.0,0.29186445474624634,0.26996946334838867,0.31023848056793213
25901,1.0,0.12020164728164673,0.14434626698493958,0.09291181713342667
25902,0.0,0.16538792848587036,0.1564810574054718,0.1866891086101532
25903,0.0,0.164584219455719,0.15011592209339142,0.19754277169704437
25904,0.0,0.20937412977218628,0.1821000725030899,0.20415745675563812
25905,1.0,0.11996620893478394,0.13356590270996094,0.11256256699562073
25906,0.0,0.1379217505455017,0.16826747357845306,0.1721455156803131
25907,0.0,0.14836430549621582,0.1594533622264862,0.20853041112422943
25908,0.0,0.10252279043197632,0.15383608639240265,0.09967756271362305
25909,0.0,0.07398498058319092,0.1028423085808754,0.10233177244663239
25910,0.0,0.11003750562667847,0.14658348262310028,0.13653413951396942
25911,0.0,0.06430667638778687,0.09297039359807968,0.06360752880573273
25912,0.0,0.10116583108901978,0.14009705185890198,0.12504905462265015
25913,1.0,0.12537431716918945,0.12152230739593506,0.11085843294858932
25914,0.0,0.08124136924743652,0.11114044487476349,0.0908888578414917
25915,0.0,0.07391232252120972,0.10209102928638458,0.06411264836788177
25916,0.0,0.09334838390350342,0.12600140273571014,0.08553900569677353
25917,0.0,0.044420719146728516,0.04925064742565155,0.03625579550862312
25918,0.0,0.042371153831481934,0.04251040890812874,0.04016515240073204
25919,0.0,0.06179642677307129,0.07910910248756409,0.062164124101400375
25920,0.0,0.06774669885635376,0.09441287070512772,0.056758809834718704
25921,0.0,0.04845625162124634,0.06514166295528412,0.04538461193442345
25922,0.0,0.11171728372573853,0.12204170227050781,0.13362249732017517
25923,0.0,0.09817427396774292,0.14561747014522552,0.0999760851264
25924,0.0,0.06889832019805908,0.06652916967868805,0.06284821033477783
25925,0.0,0.12556982040405273,0.15093955397605896,0.10542508959770203
25926,0.0,0.07697290182113647,0.11610076576471329,0.07202250510454178
26188,0.0,0.09398764371871948,0.11119072139263153,0.10780665278434753
26189,0.0,0.11052793264389038,0.0921102911233902,0.09625493735074997
26190,0.0,0.14143329858779907,0.11601430177688599,0.1222420334815979
26191,0.0,0.1308356523513794,0.12427830696105957,0.13899855315685272
26192,0.0,0.07650142908096313,0.07410389930009842,0.08086200058460236
26193,0.0,0.06875967979431152,0.07235116511583328,0.08367350697517395
26194,0.0,0.04891502857208252,0.07124295085668564,0.06459025293588638
26195,0.0,0.05380314588546753,0.04576154425740242,0.04072786867618561
26196,0.0,0.03887355327606201,0.09137941896915436,0.035100553184747696
26197,0.0,0.041252732276916504,0.08768472820520401,0.04438382759690285
26198,0.0,0.039855241775512695,0.08794610947370529,0.03878610208630562
26199,0.0,0.03826618194580078,0.10160937905311584,0.04713031277060509
26200,0.0,0.042271971702575684,0.09574255347251892,0.04102620109915733
26201,0.0,0.08209025859832764,0.08175843954086304,0.08073387295007706
26202,0.0,0.10472911596298218,0.1227128729224205,0.07898039370775223
26203,0.0,0.07061916589736938,0.05209696292877197,0.06411883234977722
26204,0.0,0.05459427833557129,0.06291769444942474,0.06375300884246826
26205,0.0,0.08237200975418091,0.08657392859458923,0.10352546721696854
26206,0.0,0.09382373094558716,0.07826964557170868,0.07270380109548569
26207,0.0,0.06675618886947632,0.04974756017327309,0.06280439347028732
26208,0.0,0.05918973684310913,0.06759167462587357,0.06895054131746292
26209,0.0,0.09418445825576782,0.08068438619375229,0.08272849768400192
26210,0.0,0.1349688172340393,0.10314109921455383,0.10320359468460083
26211,0.0,0.09865832328796387,0.11358791589736938,0.07583224028348923
26212,0.0,0.16658419370651245,0.1571616381406784,0.20587991178035736
26213,0.0,0.23797208070755005,0.18653877079486847,0.23580065369606018
26214,0.0,0.21612310409545898,0.24065816402435303,0.23191411793231964
26215,0.0,0.2508125305175781,0.24555061757564545,0.2796134054660797
26216,0.0,0.25907230377197266,0.2603914737701416,0.28981301188468933
26217,0.0,0.22451162338256836,0.2943217158317566,0.2370525300502777
26218,0.0,0.16855686902999878,0.1951344609260559,0.22109179198741913
26219,0.0,0.14750570058822632,0.18739362061023712,0.1406017541885376
26220,0.0,0.11891818046569824,0.1341758370399475,0.1306464672088623
26221,0.0,0.09867531061172485,0.138631209731102,0.1272132843732834
26222,0.0,0.07641774415969849,0.1099749356508255,0.09138355404138565
26223,0.0,0.06295561790466309,0.06995532661676407,0.05781262367963791
26224,0.0,0.04193145036697388,0.05117309093475342,0.04241730645298958
26225,0.0,0.0452800989151001,0.05545078217983246,0.03779105097055435
26226,0.0,0.06396228075027466,0.0799044668674469,0.07633260637521744
26227,0.0,0.13682931661605835,0.14217737317085266,0.1279061883687973
26228,0.0,0.1756778359413147,0.20125217735767365,0.1525149941444397
26229,0.0,0.14950644969940186,0.1805488020181656,0.1533331573009491
26230,0.0,0.10611343383789062,0.1308525949716568,0.1139080598950386
26231,0.0,0.14658385515213013,0.1619083732366562,0.19925765693187714
26232,0.0,0.11304664611816406,0.1349993199110031,0.10852312296628952
26233,0.0,0.13800519704818726,0.16401489078998566,0.19104084372520447
26234,0.0,0.15116548538208008,0.16974776983261108,0.15702340006828308
26235,0.0,0.09644573926925659,0.1131650060415268,0.12245279550552368
26236,0.0,0.105640709400177,0.16167844831943512,0.12662626802921295
26237,0.0,0.10407805442810059,0.1388261616230011,0.10886064171791077
26238,0.0,0.0994599461555481,0.1391587257385254,0.12398891896009445
26239,0.0,0.15195530652999878,0.2126379907131195,0.17572681605815887
26501,1.0,0.3539261221885681,0.43587860465049744,0.44987350702285767
26502,1.0,0.291706383228302,0.2997332215309143,0.4308473467826843
26503,1.0,0.46367013454437256,0.44338637590408325,0.6407185792922974
26504,1.0,0.3844223618507385,0.37206295132637024,0.5236405730247498
26505,1.0,0.3692052364349365,0.3213053345680237,0.5330514311790466
26506,1.0,0.4777132272720337,0.5113503932952881,0.6875982284545898
26507,1.0,0.43906235694885254,0.4665032923221588,0.5900588035583496
26508,1.0,0.4000728726387024,0.5034816265106201,0.5741114020347595
26509,1.0,0.33802640438079834,0.38692593574523926,0.5821532607078552
26510,1.0,0.5681807994842529,0.6120495200157166,0.8836857676506042
26511,1.0,0.5509988069534302,0.6989259123802185,0.8878490328788757
26512,1.0,0.5596994161605835,0.37969091534614563,0.8020949959754944
26513,1.0,0.4646226763725281,0.3786485195159912,0.6792530417442322
26514,1.0,0.5976102352142334,0.6405150294303894,0.8889511823654175
26515,1.0,0.5500729084014893,0.5899723172187805,0.792212724685669
26516,1.0,0.4952378273010254,0.4299074709415436,0.7158823609352112
26517,1.0,0.597154974937439,0.5069383978843689,0.8098942041397095
26518,1.0,0.5968457460403442,0.4357215464115143,0.7589517831802368
26519,1.0,0.5226900577545166,0.44617369771003723,0.708736777305603
26520,1.0,0.6013996005058289,0.44782754778862,0.763568103313446
26521,1.0,0.5954980850219727,0.544877290725708,0.7756022810935974
26522,1.0,0.5926545858383179,0.6150504350662231,0.8407323360443115
26523,1.0,0.5579321384429932,0.5611032843589783,0.74391108751297
26524,1.0,0.3903200030326843,0.43127116560935974,0.5186327695846558
26525,1.0,0.487007737159729,0.48843324184417725,0.6455758213996887
26526,1.0,0.49696028232574463,0.5513005256652832,0.7020532488822937
26527,1.0,0.6313916444778442,0.6210975050926208,0.7916995882987976
26528,1.0,0.478321373462677,0.49271291494369507,0.6290374398231506
26529,1.0,0.5269496440887451,0.5126175880432129,0.7241016030311584
26530,1.0,0.5319418907165527,0.49203938245773315,0.7201212048530579
26531,1.0,0.4556826949119568,0.5426435470581055,0.6169276237487793
26532,1.0,0.44120579957962036,0.4583491086959839,0.6034954786300659
26533,1.0,0.3536175489425659,0.41831374168395996,0.4727937877178192
26534,1.0,0.40662121772766113,0.5070132613182068,0.5747283101081848
26535,1.0,0.33969414234161377,0.39801859855651855,0.47176170349121094
26536,1.0,0.38909977674484253,0.4167880117893219,0.5430096387863159
26537,1.0,0.3665105700492859,0.4223441183567047,0.5607221126556396
26538,1.0,0.347694993019104,0.394677996635437,0.49504682421684265
26539,1.0,0.3746500611305237,0.3952424228191376,0.5396817326545715
26540,1.0,0.33538299798965454,0.38351014256477356,0.467119038105011
26541,1.0,0.28920209407806396,0.3391910195350647,0.3837251663208008
26542,1.0,0.34194493293762207,0.4453526735305786,0.46160879731178284
26543,1.0,0.3201436400413513,0.3200225234031677,0.4408089816570282
26544,1.0,0.351812481880188,0.35621097683906555,0.4865940511226654
26545,1.0,0.4229774475097656,0.3978313207626343,0.6096503734588623
26546,1.0,0.4531957507133484,0.4084452688694,0.7006159424781799
26547,1.0,0.4230639934539795,0.5115736126899719,0.5974900126457214
26548,1.0,0.24835586547851562,0.30817773938179016,0.4141930043697357
26549,0.0,0.2321319580078125,0.27590668201446533,0.3996719717979431
26550,0.0,0.26852571964263916,0.306551069021225,0.32262325286865234
26551,1.0,0.401806116104126,0.29043692350387573,0.5307992696762085
26552,0.0,0.40709608793258667,0.3146304786205292,0.580797553062439
26814,1.0,0.6219083070755005,0.8188658952713013,0.9551281929016113
26815,1.0,0.610906720161438,0.8022871613502502,0.9097921252250671
26816,1.0,0.5950558185577393,0.6662478446960449,0.8891739249229431
26817,1.0,0.5763105154037476,0.6407095193862915,0.8738638758659363
26818,1.0,0.5869863033294678,0.7232806086540222,0.8894225358963013
26819,1.0,0.64798903465271,0.7784361243247986,0.9224634766578674
26820,1.0,0.5822488069534302,0.7343642115592957,0.9004250168800354
26821,1.0,0.600619912147522,0.7030823230743408,0.8466683626174927
26822,0.0,0.6126084923744202,0.6655893921852112,0.782305896282196
26823,1.0,0.6282320618629456,0.6684275269508362,0.8201324343681335
26824,0.0,0.5412237644195557,0.4260058104991913,0.7191458344459534
26825,1.0,0.48640912771224976,0.37092161178588867,0.5558519959449768
26826,1.0,0.48633480072021484,0.3822884261608124,0.5813090801239014
26827,0.0,0.33516186475753784,0.3234175145626068,0.3574499189853668
26828,0.0,0.4088671803474426,0.34657877683639526,0.42423778772354126
26829,0.0,0.3569195866584778,0.2911631166934967,0.4210653007030487
26830,0.0,0.3379855155944824,0.29655760526657104,0.31676924228668213
26831,0.0,0.3630802631378174,0.40437081456184387,0.3667100965976715
26832,0.0,0.40929728746414185,0.29804447293281555,0.39452776312828064
26833,0.0,0.2875852584838867,0.28406575322151184,0.3572554588317871
26834,0.0,0.3588186502456665,0.2992204427719116,0.3816151022911072
26835,0.0,0.42273813486099243,0.26594632863998413,0.42055514454841614
26836,0.0,0.3895835876464844,0.2454858422279358,0.35813942551612854
26837,0.0,0.37038862705230713,0.24204197525978088,0.32026636600494385
26838,0.0,0.31962132453918457,0.2328270524740219,0.3849852979183197
26839,0.0,0.2032928466796875,0.21776148676872253,0.20456817746162415
26840,0.0,0.20990395545959473,0.14482779800891876,0.19425442814826965
26841,0.0,0.15907973051071167,0.15619422495365143,0.13939981162548065
26842,0.0,0.2365950345993042,0.19178743660449982,0.1823996603488922
26843,0.0,0.24061661958694458,0.18413403630256653,0.22535109519958496
26844,0.0,0.139426589012146,0.18779577314853668,0.152458056807518
26845,0.0,0.16348695755004883,0.19317860901355743,0.16160961985588074
26846,0.0,0.1852821707725525,0.21674871444702148,0.17333891987800598
26847,0.0,0.15723580121994019,0.16413378715515137,0.0998043641448021
26848,0.0,0.14844906330108643,0.14655162394046783,0.13122907280921936
26849,0.0,0.13874214887619019,0.15932731330394745,0.11233890056610107
26850,0.0,0.07190704345703125,0.1321100890636444,0.08000817149877548
26851,0.0,0.07397949695587158,0.15016794204711914,0.048888832330703735
26852,0.0,0.06688207387924194,0.08863020688295364,0.06168243661522865
26853,0.0,0.11242270469665527,0.0849556252360344,0.10492541640996933
26854,0.0,0.09653705358505249,0.0696927011013031,0.12368059903383255
26855,0.0,0.0963904857635498,0.08707209676504135,0.09877914935350418
26856,0.0,0.10087108612060547,0.09118565917015076,0.09567945450544357
26857,0.0,0.12825578451156616,0.09488611668348312,0.12220829725265503
26858,0.0,0.19142597913742065,0.16295534372329712,0.2259802222251892
26859,0.0,0.23223668336868286,0.23908162117004395,0.18922199308872223
26860,0.0,0.21494311094284058,0.2168869525194168,0.28026264905929565
26861,0.0,0.18936669826507568,0.16708755493164062,0.21987538039684296
26862,0.0,0.2535274624824524,0.27133485674858093,0.36307087540626526
26863,0.0,0.24434524774551392,0.30899038910865784,0.2906814217567444
26864,0.0,0.25968629121780396,0.23536600172519684,0.2478531002998352
26865,0.0,0.1863642930984497,0.20585446059703827,0.214102104306221
27127,1.0,0.45184391736984253,0.4490267336368561,0.7020085453987122
27128,1.0,0.40927159786224365,0.4925685524940491,0.6063134670257568
27129,1.0,0.5763150453567505,0.43658289313316345,0.7871242165565491
27130,1.0,0.5305221080780029,0.565009355545044,0.7920514941215515
27131,1.0,0.46525412797927856,0.5354398488998413,0.7206724286079407
27132,1.0,0.47278469800949097,0.4560862183570862,0.7615097165107727
27133,1.0,0.36296069622039795,0.35131821036338806,0.591254711151123
27134,1.0,0.4289889931678772,0.36039280891418457,0.6397863030433655
27135,1.0,0.38093113899230957,0.3795603811740875,0.605695366859436
27136,1.0,0.5172165036201477,0.37052494287490845,0.7436918616294861
27137,1.0,0.5561328530311584,0.6821766495704651,0.8986911773681641
27138,1.0,0.5257347822189331,0.615231990814209,0.8629407286643982
27139,1.0,0.48136210441589355,0.501836359500885,0.7965550422668457
27140,1.0,0.43849408626556396,0.4010099172592163,0.6826014518737793
27141,1.0,0.44093894958496094,0.3572147488594055,0.6779552698135376
27142,1.0,0.508639931678772,0.40452444553375244,0.7986100316047668
27143,1.0,0.467642605304718,0.4318851828575134,0.71937096118927
27144,1.0,0.44998878240585327,0.39452317357063293,0.7261165380477905
27145,1.0,0.4003884196281433,0.39124566316604614,0.6873219013214111
27146,1.0,0.3921091556549072,0.3719974160194397,0.6281901001930237
27147,1.0,0.42400050163269043,0.3548416197299957,0.6233832836151123
27148,1.0,0.5100950002670288,0.42201802134513855,0.7479259967803955
27149,1.0,0.4944286346435547,0.4665488600730896,0.7299500107765198
27150,1.0,0.4578145146369934,0.4140261113643646,0.6605543494224548
27151,1.0,0.42789173126220703,0.3414130210876465,0.5648224949836731
27152,1.0,0.42820608615875244,0.3477074205875397,0.6168187260627747
27153,1.0,0.3644186854362488,0.3580170273780823,0.4386504888534546
27154,1.0,0.3363441824913025,0.42723941802978516,0.5794909000396729
27155,0.0,0.28896576166152954,0.4189501404762268,0.4643641412258148
27156,0.0,0.31853926181793213,0.3806741237640381,0.38311436772346497
27157,0.0,0.3100612759590149,0.29266485571861267,0.31127920746803284
27158,1.0,0.18782293796539307,0.24645495414733887,0.13579745590686798
27159,1.0,0.23476755619049072,0.2476482391357422,0.23277604579925537
27160,1.0,0.20499396324157715,0.1570606529712677,0.22222843766212463
27161,1.0,0.28577280044555664,0.27148497104644775,0.4002198576927185
27162,1.0,0.317207396030426,0.42495203018188477,0.45589765906333923
27163,0.0,0.19692116975784302,0.29964691400527954,0.273762971162796
27164,0.0,0.2030785083770752,0.32581275701522827,0.23504480719566345
27165,1.0,0.28014636039733887,0.35177862644195557,0.3264685869216919
27166,1.0,0.2597651481628418,0.3290879726409912,0.3665795922279358
27167,1.0,0.21769148111343384,0.34741920232772827,0.3323928713798523
27168,1.0,0.2313256859779358,0.25923338532447815,0.4548139274120331
27169,1.0,0.21415477991104126,0.3261397182941437,0.3544604182243347
27170,0.0,0.18590670824050903,0.18452517688274384,0.24751552939414978
27171,0.0,0.18844032287597656,0.19125770032405853,0.23611226677894592
27172,0.0,0.1987559199333191,0.18888908624649048,0.20570619404315948
27173,0.0,0.11730629205703735,0.13351649045944214,0.14747318625450134
27174,0.0,0.1509535312652588,0.19629532098770142,0.18294663727283478
27175,0.0,0.17115813493728638,0.13579155504703522,0.1653529405593872
27176,0.0,0.11519569158554077,0.11955846101045609,0.09666118025779724
27177,0.0,0.2611318826675415,0.17845015227794647,0.23742851614952087
27178,0.0,0.22043943405151367,0.21677574515342712,0.20023714005947113
27440,1.0,0.0721178650856018,0.1520460695028305,0.09407654404640198
27441,0.0,0.07248622179031372,0.1812227964401245,0.06939281523227692
27442,0.0,0.1161583662033081,0.15409456193447113,0.14805637300014496
27443,1.0,0.07340669631958008,0.12159966677427292,0.06672966480255127
27444,0.0,0.06116592884063721,0.06346684694290161,0.04440430924296379
27445,0.0,0.04508310556411743,0.05977480113506317,0.03828366845846176
27446,0.0,0.0533750057220459,0.06146326661109924,0.03917910158634186
27447,0.0,0.0401419997215271,0.1022375077009201,0.03325788304209709
27448,0.0,0.09722310304641724,0.10505003482103348,0.10775298625230789
27449,1.0,0.0805814266204834,0.08864890038967133,0.05747849866747856
27450,0.0,0.11973774433135986,0.15015526115894318,0.14650121331214905
27451,1.0,0.12389892339706421,0.12652239203453064,0.16944986581802368
27452,1.0,0.17465442419052124,0.13920120894908905,0.21677011251449585
27453,1.0,0.15667390823364258,0.13519208133220673,0.1495087593793869
27454,1.0,0.2430928349494934,0.3246362507343292,0.4602561295032501
27455,1.0,0.3074043393135071,0.5001582503318787,0.3799295127391815
27456,1.0,0.3390861749649048,0.6788772344589233,0.6939606666564941
27457,1.0,0.48604875802993774,0.7576470971107483,0.9465506076812744
27458,1.0,0.42899030447006226,0.5474756956100464,0.8715266585350037
27459,1.0,0.4321206212043762,0.39019450545310974,0.8466247916221619
27460,1.0,0.3905084729194641,0.38275352120399475,0.6024580001831055
27461,1.0,0.480241596698761,0.4480890929698944,0.7463061213493347
27462,1.0,0.49783962965011597,0.41602006554603577,0.7729069590568542
27463,1.0,0.4171728491783142,0.3574608862400055,0.6472169756889343
27464,1.0,0.44441741704940796,0.3345901370048523,0.6774698495864868
27465,1.0,0.5794757604598999,0.428067684173584,0.8113790154457092
27466,1.0,0.3883773684501648,0.32500994205474854,0.6210812926292419
27467,1.0,0.45457786321640015,0.25465041399002075,0.6191473007202148
27468,1.0,0.45248353481292725,0.33236002922058105,0.6635060906410217
27469,1.0,0.39075565338134766,0.32302984595298767,0.4965745508670807
27470,1.0,0.3694785237312317,0.2767641246318817,0.49268728494644165
27471,1.0,0.35241878032684326,0.26235175132751465,0.4534800350666046
27472,1.0,0.3024258613586426,0.24384425580501556,0.3878459334373474
27473,1.0,0.30450010299682617,0.29237356781959534,0.3930774927139282
27474,1.0,0.20115113258361816,0.23056675493717194,0.3433989882469177
27475,1.0,0.1614275574684143,0.19302861392498016,0.19998779892921448
27476,1.0,0.12118518352508545,0.17366530001163483,0.15161360800266266
27477,1.0,0.13590198755264282,0.1767517626285553,0.16816912591457367
27478,1.0,0.11911743879318237,0.15514075756072998,0.11108317971229553
27479,1.0,0.08905398845672607,0.1358887106180191,0.09186914563179016
27480,1.0,0.07542592287063599,0.1367197483778,0.08664096891880035
27481,1.0,0.1160578727722168,0.1668892353773117,0.10786154121160507
27482,1.0,0.06620454788208008,0.10328458994626999,0.0502048023045063
27483,0.0,0.07132846117019653,0.11497250944375992,0.09422532469034195
27484,0.0,0.0806283950805664,0.11110739409923553,0.11240078508853912
27485,1.0,0.05303853750228882,0.08906238526105881,0.0543987974524498
27486,0.0,0.05815112590789795,0.11842308193445206,0.05752215161919594
27487,1.0,0.09357619285583496,0.11557245999574661,0.09231652319431305
27488,1.0,0.10655045509338379,0.1572345346212387,0.12293291836977005
27489,1.0,0.06129348278045654,0.0906192809343338,0.07386543601751328
27490,0.0,0.08278244733810425,0.10704213380813599,0.10222116112709045
27491,0.0,0.2316705584526062,0.2589722275733948,0.347830206155777
27753,1.0,0.31555676460266113,0.42951807379722595,0.5398907661437988
27754,1.0,0.19638276100158691,0.24009302258491516,0.1937161386013031
27755,1.0,0.12863826751708984,0.17869560420513153,0.17189282178878784
27756,0.0,0.17027968168258667,0.1704784482717514,0.26613175868988037
27757,1.0,0.28871607780456543,0.44566771388053894,0.510348379611969
27758,1.0,0.19708698987960815,0.2523599863052368,0.23789559304714203
27759,1.0,0.1349698305130005,0.20486199855804443,0.19177572429180145
27760,0.0,0.0943828821182251,0.16036120057106018,0.16037005186080933
27761,0.0,0.07547664642333984,0.12489034235477448,0.1168675422668457
27762,0.0,0.06603759527206421,0.09967221319675446,0.07044525444507599
27763,0.0,0.08511698246002197,0.1514231562614441,0.11050079017877579
27764,1.0,0.12115103006362915,0.17945587635040283,0.1355690211057663
27765,1.0,0.08057546615600586,0.09902746975421906,0.07711157202720642
27766,0.0,0.1266077160835266,0.14151990413665771,0.1603827029466629
27767,1.0,0.14541220664978027,0.12175905704498291,0.1365647166967392
27768,1.0,0.11888659000396729,0.08682285994291306,0.14011920988559723
27769,0.0,0.1252284049987793,0.1317254602909088,0.15890386700630188
27770,1.0,0.13636350631713867,0.1288684904575348,0.14146776497364044
27771,1.0,0.17530369758605957,0.14171776175498962,0.16837354004383087
27772,1.0,0.4292967915534973,0.3256848156452179,0.7091608047485352
27773,1.0,0.18914127349853516,0.2254604548215866,0.17741219699382782
27774,1.0,0.2516099214553833,0.23866663873195648,0.3296312391757965
27775,1.0,0.32764285802841187,0.252133846282959,0.3840182423591614
27776,1.0,0.16621792316436768,0.17017938196659088,0.12570950388908386
27777,1.0,0.19723528623580933,0.19991157948970795,0.2984263002872467
27778,1.0,0.20553505420684814,0.1674412339925766,0.23166437447071075
27779,1.0,0.12467378377914429,0.1336144208908081,0.18620982766151428
27780,0.0,0.14883238077163696,0.15220725536346436,0.1685519516468048
27781,1.0,0.17763608694076538,0.1418577879667282,0.18564853072166443
27782,1.0,0.13223904371261597,0.15672801434993744,0.11883246153593063
27783,1.0,0.09104382991790771,0.13629189133644104,0.1302211582660675
27784,0.0,0.10720950365066528,0.15099330246448517,0.12589988112449646
27785,1.0,0.17688369750976562,0.17952664196491241,0.17358940839767456
27786,1.0,0.16839540004730225,0.19477294385433197,0.19096170365810394
27787,1.0,0.1624428629875183,0.14534151554107666,0.2145286202430725
27788,1.0,0.13249343633651733,0.16252698004245758,0.16113850474357605
27789,1.0,0.15254735946655273,0.14426648616790771,0.16942967474460602
27790,1.0,0.15373015403747559,0.12930528819561005,0.20801468193531036
27791,1.0,0.21057051420211792,0.1952078938484192,0.28786155581474304
27792,1.0,0.15140652656555176,0.1709575653076172,0.1333751678466797
27793,1.0,0.1402544379234314,0.17247274518013,0.19419518113136292
27794,1.0,0.1508570909500122,0.17504040896892548,0.19495947659015656
27795,1.0,0.10777467489242554,0.13516958057880402,0.14483708143234253
27796,0.0,0.07496118545532227,0.07938510924577713,0.09961054474115372
27797,0.0,0.10268110036849976,0.16533870995044708,0.11353912949562073
27798,1.0,0.05665171146392822,0.04546342417597771,0.05238788574934006
27799,0.0,0.049082159996032715,0.04121996834874153,0.05784408748149872
27800,0.0,0.049637436866760254,0.04523993656039238,0.05933106690645218
27801,0.0,0.04118311405181885,0.04273506999015808,0.040668778121471405
27802,0.0,0.04265707731246948,0.1021028384566307,0.049025751650333405
27803,0.0,0.06654101610183716,0.1481579840183258,0.08409734070301056
27804,0.0,0.10114789009094238,0.17723871767520905,0.16510434448719025
28066,0.0,0.0494685173034668,0.03923339396715164,0.057685717940330505
28067,0.0,0.05241197347640991,0.03957531601190567,0.052177440375089645
28068,0.0,0.050015389919281006,0.02898353897035122,0.0488189272582531
28069,0.0,0.04856592416763306,0.037066325545310974,0.04398731887340546
28070,0.0,0.04976522922515869,0.03047996759414673,0.045972131192684174
28071,0.0,0.05661606788635254,0.041868630796670914,0.05764217674732208
28072,0.0,0.05065262317657471,0.03345942869782448,0.05223451554775238
28073,0.0,0.045696794986724854,0.04286617413163185,0.04850516840815544
28074,0.0,0.04191696643829346,0.04245186224579811,0.04808630421757698
28075,0.0,0.05429297685623169,0.032555148005485535,0.058277226984500885
28076,0.0,0.04745769500732422,0.030843811109662056,0.05023014545440674
28077,0.0,0.04669320583343506,0.052087556570768356,0.04565715417265892
28078,0.0,0.045591890811920166,0.050125326961278915,0.0411759614944458
28079,0.0,0.05001401901245117,0.04606820270419121,0.04116739705204964
28080,0.0,0.050724565982818604,0.03771336376667023,0.0502447783946991
28081,0.0,0.048706233501434326,0.040084872394800186,0.04805557057261467
28082,0.0,0.04613161087036133,0.03390485793352127,0.04328509792685509
28083,0.0,0.050048768520355225,0.03185904026031494,0.05117008090019226
28084,0.0,0.03384500741958618,0.028798751533031464,0.025613514706492424
28085,0.0,0.04007458686828613,0.028199732303619385,0.03798634186387062
28086,0.0,0.050537109375,0.03190387412905693,0.04171094670891762
28087,0.0,0.0358508825302124,0.021521208807826042,0.034032680094242096
28088,0.0,0.030036211013793945,0.03496253862977028,0.022777557373046875
28089,0.0,0.02847433090209961,0.024095844477415085,0.02451997436583042
28090,0.0,0.028584063053131104,0.021405795589089394,0.022460266947746277
28091,0.0,0.028662145137786865,0.024338044226169586,0.02506675198674202
28092,0.0,0.026540100574493408,0.02430422231554985,0.023091964423656464
28093,0.0,0.021865010261535645,0.05524895340204239,0.01802191697061062
28094,0.0,0.024537503719329834,0.024121033027768135,0.021159982308745384
28095,0.0,0.024023890495300293,0.0190683975815773,0.02002584934234619
28096,0.0,0.022642791271209717,0.018969113007187843,0.017417119815945625
28097,0.0,0.02222466468811035,0.03366753086447716,0.015389427542686462
28098,0.0,0.02180582284927368,0.018789304420351982,0.014292638748884201
28099,0.0,0.02432042360305786,0.025162436068058014,0.016911916434764862
28100,0.0,0.02219867706298828,0.018242917954921722,0.014299914240837097
28101,0.0,0.022817134857177734,0.017270928248763084,0.014496778137981892
28102,0.0,0.021140217781066895,0.016805531457066536,0.014026260934770107
28103,0.0,0.02116149663925171,0.016921846196055412,0.013919969089329243
28104,0.0,0.019627869129180908,0.014508404769003391,0.014003027230501175
28105,0.0,0.02269566059112549,0.011286875233054161,0.01941690593957901
28106,0.0,0.01907247304916382,0.011321240104734898,0.014061166904866695
28107,0.0,0.019146323204040527,0.012753169983625412,0.01358459796756506
28108,0.0,0.029854893684387207,0.01564612239599228,0.032098062336444855
28109,0.0,0.03028351068496704,0.01805914007127285,0.02370520867407322
28110,0.0,0.034433186054229736,0.019702546298503876,0.031732235103845596
28111,0.0,0.03645998239517212,0.018531618639826775,0.03146761655807495
28112,0.0,0.03448772430419922,0.018016939982771873,0.033544886857271194
28113,0.0,0.03574496507644653,0.042903341352939606,0.034886907786130905
28114,0.0,0.03732115030288696,0.04517144337296486,0.035881899297237396
28115,0.0,0.04117363691329956,0.03818906098604202,0.04967344552278519
28116,0.0,0.059831082820892334,0.027463706210255623,0.06865879148244858
28117,0.0,0.059243202209472656,0.03978845104575157,0.06600866466760635
28379,1.0,0.1239742636680603,0.21721476316452026,0.13861845433712006
28380,0.0,0.24273401498794556,0.27277156710624695,0.2891101837158203
28381,0.0,0.1295592188835144,0.15924303233623505,0.148534893989563
28382,0.0,0.19748550653457642,0.227199524641037,0.17770831286907196
28383,1.0,0.11120027303695679,0.17874997854232788,0.12722241878509521
28384,0.0,0.2934478521347046,0.23879896104335785,0.4214630424976349
28385,1.0,0.2841911315917969,0.24995915591716766,0.3564808964729309
28386,0.0,0.2776620388031006,0.19627875089645386,0.3432106673717499
28387,0.0,0.14762336015701294,0.15368011593818665,0.1726173758506775
28388,0.0,0.1313144564628601,0.10681154578924179,0.20006850361824036
28389,0.0,0.10181957483291626,0.10055374354124069,0.15248964726924896
28390,0.0,0.19201040267944336,0.15953679382801056,0.2270079404115677
28391,0.0,0.21585112810134888,0.14454768598079681,0.22711443901062012
28392,1.0,0.3200759291648865,0.18637658655643463,0.3354848623275757
28393,1.0,0.2988303303718567,0.21667617559432983,0.3165501058101654
28394,1.0,0.3461061716079712,0.20311959087848663,0.4055532217025757
28395,0.0,0.514297366142273,0.4179815948009491,0.8031560778617859
28396,1.0,0.543986439704895,0.6553228497505188,0.714058518409729
28397,1.0,0.625726580619812,0.5740434527397156,0.7709499001502991
28398,1.0,0.5561044216156006,0.7504334449768066,0.8563541173934937
28399,1.0,0.6479146480560303,0.7214555740356445,0.9395430684089661
28400,1.0,0.719826877117157,0.8055755496025085,0.9318498373031616
28401,1.0,0.702005922794342,0.7725762128829956,0.9357170462608337
28402,1.0,0.6153643727302551,0.7315943241119385,0.8359147906303406
28403,1.0,0.6713651418685913,0.7435351610183716,0.8230335116386414
28404,1.0,0.6924124956130981,0.5790101885795593,0.82191401720047
28405,1.0,0.6100578308105469,0.5807496309280396,0.7749911546707153
28406,1.0,0.5950338840484619,0.5655514597892761,0.671916127204895
28407,1.0,0.6327290534973145,0.5851737856864929,0.6132692098617554
28408,1.0,0.6111295223236084,0.6116240620613098,0.625459611415863
28409,1.0,0.5036694407463074,0.5520314574241638,0.5415736436843872
28410,1.0,0.4873530864715576,0.4811899960041046,0.46492692828178406
28411,1.0,0.30486243963241577,0.3062942922115326,0.2593412399291992
28412,1.0,0.24145978689193726,0.2927420139312744,0.19164295494556427
28413,1.0,0.26794135570526123,0.30493730306625366,0.18687798082828522
28414,0.0,0.26217448711395264,0.23065488040447235,0.17710340023040771
28415,0.0,0.2170257568359375,0.2070906013250351,0.132399782538414
28416,1.0,0.2588961124420166,0.2975519299507141,0.2615026831626892
28417,1.0,0.2892568111419678,0.2934468984603882,0.3435607850551605
28418,1.0,0.240664541721344,0.2583116292953491,0.260227769613266
28419,1.0,0.1845892071723938,0.24256658554077148,0.2315259426832199
28420,0.0,0.24413657188415527,0.18860022723674774,0.294192910194397
28421,0.0,0.08675318956375122,0.1278407871723175,0.11410896480083466
28422,0.0,0.1279870867729187,0.12888836860656738,0.14817644655704498
28423,0.0,0.07458257675170898,0.06951078027486801,0.098399817943573
28424,0.0,0.13323968648910522,0.24932581186294556,0.20032048225402832
28425,0.0,0.1148422360420227,0.18812395632266998,0.14651192724704742
28426,0.0,0.11486685276031494,0.1409236341714859,0.11527492851018906
28427,1.0,0.14347881078720093,0.25710225105285645,0.10558214783668518
28428,0.0,0.22208845615386963,0.2657136023044586,0.22674036026000977
28429,1.0,0.4502021074295044,0.3862343728542328,0.5374587774276733
28430,1.0,0.21773380041122437,0.2634653151035309,0.24137967824935913
28692,0.0,0.04087650775909424,0.051820725202560425,0.10413236171007156
28693,0.0,0.050002992153167725,0.06260410696268082,0.06285450607538223
28694,0.0,0.05571240186691284,0.07529083639383316,0.05616333708167076
28695,0.0,0.04361069202423096,0.06356635689735413,0.053810570389032364
28696,0.0,0.06236076354980469,0.05750657245516777,0.06806770712137222
28697,0.0,0.057500600814819336,0.09222152829170227,0.054458290338516235
28698,0.0,0.12297111749649048,0.18634086847305298,0.1683192104101181
28699,0.0,0.1247415542602539,0.1590036302804947,0.11567283421754837
28700,0.0,0.10550034046173096,0.08160118013620377,0.0977948009967804
28701,0.0,0.0868796706199646,0.08272609859704971,0.07630760222673416
28702,0.0,0.2109586000442505,0.17241351306438446,0.19274218380451202
28703,0.0,0.09266763925552368,0.10013799369335175,0.07403574883937836
28704,0.0,0.11291486024856567,0.09991803765296936,0.09664851427078247
28705,0.0,0.18038511276245117,0.12495812773704529,0.18053355813026428
28706,1.0,0.3578428626060486,0.35184091329574585,0.462899386882782
28707,1.0,0.3847048878669739,0.4340091943740845,0.46453267335891724
28708,1.0,0.4594373106956482,0.5859324336051941,0.781244695186615
28709,1.0,0.3432413935661316,0.38145309686660767,0.44116511940956116
28710,1.0,0.5751103162765503,0.5563797950744629,0.9105715751647949
28711,1.0,0.5640205144882202,0.7864071726799011,0.9027054309844971
28712,1.0,0.5323954820632935,0.4884732961654663,0.7585694789886475
28713,1.0,0.4653506278991699,0.308407723903656,0.7128960490226746
28714,1.0,0.4633246064186096,0.363252729177475,0.7783687114715576
28715,1.0,0.4273650050163269,0.3027149438858032,0.6510629653930664
28716,1.0,0.3749966025352478,0.39705243706703186,0.5990591049194336
28717,1.0,0.3927667737007141,0.3125836253166199,0.5650678277015686
28718,1.0,0.29336947202682495,0.2121693640947342,0.4804600775241852
28719,1.0,0.3423815965652466,0.3241027891635895,0.49337875843048096
28720,1.0,0.41771286725997925,0.3045286238193512,0.5945377945899963
28721,1.0,0.36251211166381836,0.3067213296890259,0.5277071595191956
28722,1.0,0.24383389949798584,0.2073664665222168,0.41578587889671326
28723,1.0,0.20910221338272095,0.2111233025789261,0.30949997901916504
28724,0.0,0.2017015814781189,0.1814764440059662,0.29058176279067993
28725,0.0,0.17080086469650269,0.22170905768871307,0.2694270610809326
28726,1.0,0.14007019996643066,0.18236052989959717,0.19325709342956543
28727,0.0,0.09075766801834106,0.1750337779521942,0.1752529889345169
28728,0.0,0.14948195219039917,0.25134700536727905,0.28057193756103516
28729,1.0,0.08585464954376221,0.17696106433868408,0.12852217257022858
28730,0.0,0.046662092208862305,0.14969421923160553,0.05804876983165741
28731,0.0,0.04309970140457153,0.10042302310466766,0.04886506870388985
28732,0.0,0.04005920886993408,0.11105373501777649,0.06511999666690826
28733,0.0,0.046873629093170166,0.1416604220867157,0.08947174996137619
28734,0.0,0.028434693813323975,0.09605947136878967,0.024212494492530823
28735,0.0,0.04012352228164673,0.11461873352527618,0.050776079297065735
28736,0.0,0.07059121131896973,0.20960485935211182,0.1277654767036438
28737,0.0,0.03973972797393799,0.12200033664703369,0.0416143536567688
28738,0.0,0.03885173797607422,0.09154082089662552,0.04752463474869728
28739,0.0,0.038985371589660645,0.07384563982486725,0.03476089984178543
28740,0.0,0.04799896478652954,0.08221012353897095,0.05530766397714615
28741,0.0,0.07575297355651855,0.15211105346679688,0.08859467506408691
28742,0.0,0.06559467315673828,0.17387112975120544,0.06967360526323318
28743,0.0,0.07014906406402588,0.15692824125289917,0.11180190742015839
29005,1.0,0.4407723546028137,0.33425045013427734,0.6232503652572632
29006,1.0,0.25086313486099243,0.2171938270330429,0.42995914816856384
29007,1.0,0.4007031321525574,0.3114832639694214,0.6316444873809814
29008,1.0,0.4704098105430603,0.3690943419933319,0.6703905463218689
29009,1.0,0.385755717754364,0.32926416397094727,0.6121232509613037
29010,1.0,0.37057942152023315,0.3535582423210144,0.6244705319404602
29011,1.0,0.3367326259613037,0.3174680173397064,0.5964236259460449
29012,1.0,0.42517590522766113,0.33194559812545776,0.668190062046051
29013,1.0,0.5378284454345703,0.34278079867362976,0.8162856101989746
29014,1.0,0.6070117354393005,0.5677117109298706,0.8413318991661072
29015,1.0,0.6128865480422974,0.6322227120399475,0.8521795272827148
29016,1.0,0.553503155708313,0.6551161408424377,0.7858328819274902
29017,1.0,0.5830724239349365,0.7002512812614441,0.8250067830085754
29018,1.0,0.6696369647979736,0.6799322962760925,0.8695493936538696
29019,1.0,0.709620475769043,0.7884919047355652,0.957619309425354
29020,1.0,0.7662043571472168,0.8425502181053162,0.9687510132789612
29021,1.0,0.7958612442016602,0.886898934841156,0.9644410610198975
29022,1.0,0.8022956848144531,0.8710727691650391,0.972082257270813
29023,1.0,0.7502883672714233,0.9057687520980835,0.9440950155258179
29024,1.0,0.72758948802948,0.8375901579856873,0.9361425638198853
29025,1.0,0.766533613204956,0.8793792724609375,0.9318192601203918
29026,1.0,0.7577863335609436,0.8760403394699097,0.9271369576454163
29027,1.0,0.6475874185562134,0.7784292697906494,0.8727883696556091
29028,1.0,0.6094111204147339,0.7322534918785095,0.8089170455932617
29029,1.0,0.6329413056373596,0.6283868551254272,0.7739304900169373
29030,1.0,0.5812665224075317,0.38150903582572937,0.6564523577690125
29031,1.0,0.5625555515289307,0.532748281955719,0.6571000814437866
29032,1.0,0.3308270573616028,0.3795653283596039,0.5334288477897644
29033,1.0,0.47771090269088745,0.4704575538635254,0.5544546246528625
29034,1.0,0.4496026039123535,0.42245352268218994,0.5504216551780701
29035,1.0,0.2538543939590454,0.20633812248706818,0.3098110556602478
29036,1.0,0.1488511562347412,0.2987540364265442,0.2133575975894928
29037,1.0,0.19235312938690186,0.22510960698127747,0.2797015905380249
29038,1.0,0.1325317621231079,0.16206152737140656,0.24609306454658508
29039,1.0,0.15084785223007202,0.1819014996290207,0.2674802541732788
29040,1.0,0.1851956844329834,0.19218432903289795,0.2704430818557739
29041,1.0,0.16099435091018677,0.14126157760620117,0.19450238347053528
29042,1.0,0.14177542924880981,0.18629898130893707,0.20789316296577454
29043,1.0,0.11204653978347778,0.15487100183963776,0.2196531444787979
29044,1.0,0.14739477634429932,0.18735063076019287,0.3052743375301361
29045,1.0,0.10749322175979614,0.15530234575271606,0.20506197214126587
29046,1.0,0.11109822988510132,0.12683069705963135,0.2548786997795105
29047,1.0,0.07608819007873535,0.11242871731519699,0.18002882599830627
29048,1.0,0.15151870250701904,0.19263862073421478,0.3121400475502014
29049,1.0,0.12283593416213989,0.15721207857131958,0.19833369553089142
29050,1.0,0.10108315944671631,0.11380711942911148,0.14822959899902344
29051,1.0,0.09481781721115112,0.11247395724058151,0.1455642133951187
29052,1.0,0.1099708080291748,0.1768644005060196,0.18153473734855652
29053,1.0,0.08400529623031616,0.12100725620985031,0.12920372188091278
29054,1.0,0.10752367973327637,0.0970565527677536,0.14757314324378967
29055,1.0,0.18926984071731567,0.1780562400817871,0.23865696787834167
29056,1.0,0.24178630113601685,0.18830914795398712,0.34313592314720154
29318,1.0,0.331010103225708,0.31611689925193787,0.40153104066848755
29319,1.0,0.2285400629043579,0.26731690764427185,0.30299392342567444
29320,1.0,0.20344007015228271,0.19963893294334412,0.30599457025527954
29321,1.0,0.22814017534255981,0.21027658879756927,0.3289504051208496
29322,1.0,0.20862466096878052,0.19232617318630219,0.3002968430519104
29323,1.0,0.16750943660736084,0.160684734582901,0.2320973128080368
29324,0.0,0.10350412130355835,0.14117202162742615,0.16460171341896057
29325,0.0,0.13185107707977295,0.15432873368263245,0.14997617900371552
29326,0.0,0.12774771451950073,0.1256491094827652,0.15845023095607758
29327,0.0,0.0782269835472107,0.1157122328877449,0.08339659869670868
29328,0.0,0.15120428800582886,0.17518974840641022,0.21470892429351807
29329,1.0,0.198603093624115,0.17287921905517578,0.19295302033424377
29330,1.0,0.23773431777954102,0.2576541304588318,0.3009242117404938
29331,1.0,0.23274683952331543,0.267726331949234,0.31641432642936707
29332,1.0,0.16402244567871094,0.19291633367538452,0.24671848118305206
29333,0.0,0.11820721626281738,0.13767299056053162,0.1808563619852066
29334,0.0,0.08631634712219238,0.11614297330379486,0.11664437502622604
29335,0.0,0.08124643564224243,0.08672606199979782,0.0862315446138382
29336,0.0,0.04110318422317505,0.07021833956241608,0.060492414981126785
29337,0.0,0.10670769214630127,0.15990984439849854,0.11728159338235855
29338,1.0,0.07074296474456787,0.09532777220010757,0.04787261411547661
29339,0.0,0.08158618211746216,0.07478412240743637,0.07020444422960281
29340,0.0,0.07209151983261108,0.11641912162303925,0.08312182873487473
29341,0.0,0.06692510843276978,0.11729879677295685,0.07963034510612488
29342,0.0,0.048686206340789795,0.049979086965322495,0.07542368769645691
29343,0.0,0.05433499813079834,0.05031190812587738,0.08029396831989288
29344,0.0,0.03988617658615112,0.04011790081858635,0.06402688473463058
29345,0.0,0.03867441415786743,0.0540039949119091,0.057209037244319916
29346,0.0,0.04355865716934204,0.04462013393640518,0.06797578930854797
29347,0.0,0.042768776416778564,0.045226190239191055,0.06561153382062912
29348,0.0,0.03636908531188965,0.04617657884955406,0.045300137251615524
29349,0.0,0.037997663021087646,0.05070123076438904,0.050691068172454834
29350,0.0,0.029698967933654785,0.04025706276297569,0.0325898639857769
29351,0.0,0.02889615297317505,0.04077066853642464,0.036424823105335236
29352,0.0,0.02728062868118286,0.04508025199174881,0.029098691418766975
29353,0.0,0.024946391582489014,0.06557990610599518,0.027965907007455826
29354,0.0,0.019703149795532227,0.06786224991083145,0.015223716385662556
29355,0.0,0.0409088134765625,0.08275534212589264,0.028593365103006363
29356,1.0,0.029819607734680176,0.11244849860668182,0.040379442274570465
29357,0.0,0.04711538553237915,0.03774937987327576,0.033995091915130615
29358,0.0,0.038157522678375244,0.03021109290421009,0.034373898059129715
29359,0.0,0.049235403537750244,0.024915451183915138,0.03516480326652527
29360,0.0,0.032926321029663086,0.056235212832689285,0.02695951983332634
29361,0.0,0.03798115253448486,0.061859555542469025,0.035788483917713165
29362,0.0,0.041986942291259766,0.07745909690856934,0.046753428876399994
29363,0.0,0.043156445026397705,0.057753778994083405,0.049000658094882965
29364,0.0,0.04865419864654541,0.08971288055181503,0.04457726329565048
29365,0.0,0.05400443077087402,0.10877244174480438,0.05190568417310715
29366,0.0,0.04881078004837036,0.07561063766479492,0.04880065098404884
29367,0.0,0.07121247053146362,0.10914973169565201,0.07395192980766296
29368,0.0,0.08722370862960815,0.09411805123090744,0.10626215487718582
29369,0.0,0.0756305456161499,0.1248977929353714,0.10510095953941345
29631,0.0,0.050215959548950195,0.054914116859436035,0.045474521815776825
29632,0.0,0.12459540367126465,0.10488951206207275,0.12203420698642731
29633,0.0,0.07803076505661011,0.08665354549884796,0.05963569134473801
29634,0.0,0.19350475072860718,0.12495976686477661,0.18533512949943542
29635,0.0,0.09169518947601318,0.08777112513780594,0.07649414241313934
29636,0.0,0.0829814076423645,0.10619820654392242,0.09553533047437668
29637,0.0,0.1571713089942932,0.171573668718338,0.20078934729099274
29638,0.0,0.0940905213356018,0.17478108406066895,0.09975404292345047
29639,0.0,0.1526714563369751,0.19672368466854095,0.17885611951351166
29640,0.0,0.1559351086616516,0.16935546696186066,0.16919784247875214
29641,0.0,0.09201544523239136,0.10272440314292908,0.10725356638431549
29642,0.0,0.12790167331695557,0.1442875862121582,0.21138609945774078
29643,0.0,0.1963631510734558,0.171226367354393,0.16612692177295685
29644,0.0,0.27191293239593506,0.2061183601617813,0.2815720736980438
29645,0.0,0.22011584043502808,0.18870912492275238,0.1932411640882492
29646,0.0,0.16725802421569824,0.17421495914459229,0.1837335079908371
29647,0.0,0.19541847705841064,0.15214388072490692,0.2083674967288971
29648,0.0,0.255882203578949,0.2143922746181488,0.3027759790420532
29649,0.0,0.20507407188415527,0.1823478639125824,0.15164515376091003
29650,0.0,0.130548894405365,0.16662874817848206,0.12071148306131363
29651,0.0,0.27146250009536743,0.19082385301589966,0.27752646803855896
29652,0.0,0.32775282859802246,0.287845253944397,0.28129148483276367
29653,0.0,0.2491053342819214,0.2387523353099823,0.21693061292171478
29654,0.0,0.16059505939483643,0.17370975017547607,0.1333489865064621
29655,0.0,0.20925647020339966,0.19402404129505157,0.17744477093219757
29656,0.0,0.18665248155593872,0.1919211894273758,0.1353355050086975
29657,0.0,0.1823180913925171,0.16070570051670074,0.21978223323822021
29658,0.0,0.12446272373199463,0.14638292789459229,0.10509849339723587
29659,0.0,0.1721838116645813,0.15100347995758057,0.12177420407533646
29660,0.0,0.13475042581558228,0.14733639359474182,0.11234715580940247
29661,0.0,0.1441020369529724,0.1527123749256134,0.12399346381425858
29662,0.0,0.09428012371063232,0.17037783563137054,0.07614827901124954
29663,0.0,0.06382882595062256,0.08140797913074493,0.04899255931377411
29664,0.0,0.05577826499938965,0.07779565453529358,0.04524530842900276
29665,0.0,0.03975182771682739,0.054156385362148285,0.02552163228392601
29666,0.0,0.02752244472503662,0.06632966548204422,0.019757725298404694
29667,0.0,0.026688456535339355,0.034907493740320206,0.020158536732196808
29668,0.0,0.02708667516708374,0.040806349366903305,0.022268593311309814
29669,0.0,0.041245996952056885,0.06784018874168396,0.028488293290138245
29670,0.0,0.08133679628372192,0.13447262346744537,0.09574545174837112
29671,0.0,0.07882046699523926,0.11420916020870209,0.08039707690477371
29672,0.0,0.07617330551147461,0.0765770748257637,0.09233812242746353
29673,0.0,0.06613898277282715,0.07092802971601486,0.05998824164271355
29674,0.0,0.05757647752761841,0.05012579634785652,0.0445542149245739
29675,0.0,0.041260600090026855,0.021184829995036125,0.03439084067940712
29676,0.0,0.0861402153968811,0.09312400966882706,0.07259359210729599
29677,0.0,0.09395700693130493,0.10261034220457077,0.06929190456867218
29678,0.0,0.07346189022064209,0.07630614191293716,0.05556851625442505
29679,0.0,0.061673879623413086,0.09544118493795395,0.06322631239891052
29680,0.0,0.07530605792999268,0.0670420303940773,0.06683869659900665
29681,0.0,0.18870872259140015,0.10279800742864609,0.14981421828269958
29682,0.0,0.0995522141456604,0.12608808279037476,0.09943156689405441
29944,0.0,0.17555207014083862,0.24219685792922974,0.18341277539730072
29945,0.0,0.21232670545578003,0.2874819040298462,0.2347966432571411
29946,0.0,0.239291250705719,0.34147629141807556,0.2913222312927246
29947,0.0,0.24373048543930054,0.25458189845085144,0.29773324728012085
29948,0.0,0.22661137580871582,0.2153237909078598,0.3053280711174011
29949,0.0,0.14452499151229858,0.30603012442588806,0.19191375374794006
29950,0.0,0.19137322902679443,0.2181980162858963,0.22149215638637543
29951,0.0,0.10313773155212402,0.16081418097019196,0.120468869805336
29952,0.0,0.1974436640739441,0.2356082648038864,0.25243502855300903
29953,0.0,0.30682116746902466,0.2949460744857788,0.42514002323150635
29954,0.0,0.4877279996871948,0.6035540699958801,0.6950556039810181
29955,1.0,0.2576642632484436,0.36479970812797546,0.36905473470687866
29956,0.0,0.2756783366203308,0.26825377345085144,0.44995391368865967
29957,0.0,0.18732213973999023,0.19908729195594788,0.24398118257522583
29958,0.0,0.39351481199264526,0.3585142493247986,0.5624096393585205
29959,0.0,0.3259386420249939,0.5552057027816772,0.5485257506370544
29960,1.0,0.47061485052108765,0.6462637782096863,0.8337357640266418
29961,1.0,0.49764907360076904,0.6729098558425903,0.8136088252067566
29962,1.0,0.38455474376678467,0.398532897233963,0.6685246229171753
29963,0.0,0.4523199200630188,0.4980586767196655,0.746577262878418
29964,0.0,0.4286050796508789,0.40268489718437195,0.5565963387489319
29965,0.0,0.27783066034317017,0.2644038498401642,0.30371996760368347
29966,0.0,0.18392008543014526,0.20198793709278107,0.2279566526412964
29967,0.0,0.17120754718780518,0.16068534553050995,0.12417744845151901
29968,0.0,0.1777375340461731,0.1565467268228531,0.17536410689353943
29969,0.0,0.270006000995636,0.2537197470664978,0.3880007863044739
29970,1.0,0.3168274760246277,0.2943840026855469,0.3032229542732239
29971,0.0,0.39219778776168823,0.33093586564064026,0.4690692722797394
29972,0.0,0.32909095287323,0.28287625312805176,0.29526564478874207
29973,0.0,0.3630239963531494,0.2137768268585205,0.27513280510902405
29974,0.0,0.1776212453842163,0.14964081346988678,0.19720888137817383
29975,0.0,0.17446959018707275,0.20410756766796112,0.19578485190868378
29976,0.0,0.18596923351287842,0.1522178202867508,0.15276671946048737
29977,0.0,0.13485264778137207,0.10279805213212967,0.13807258009910583
29978,0.0,0.1196867823600769,0.055242206901311874,0.1160941794514656
29979,0.0,0.08741158246994019,0.06451264768838882,0.09678586572408676
29980,0.0,0.08138668537139893,0.08091176301240921,0.056280773133039474
29981,0.0,0.09142535924911499,0.15752564370632172,0.11886207014322281
29982,1.0,0.1458389163017273,0.22762168943881989,0.1498623788356781
29983,0.0,0.18580639362335205,0.22738218307495117,0.217504620552063
29984,0.0,0.17939502000808716,0.20847414433956146,0.2355712205171585
29985,0.0,0.1731768250465393,0.2010074108839035,0.20400382578372955
29986,0.0,0.12708711624145508,0.15596166253089905,0.15831699967384338
29987,0.0,0.11076092720031738,0.10409927368164062,0.13208116590976715
29988,0.0,0.10703521966934204,0.1292833685874939,0.13095425069332123
29989,0.0,0.15850335359573364,0.2638928294181824,0.2560524046421051
29990,1.0,0.2911931872367859,0.4288698434829712,0.4446438252925873
29991,1.0,0.19057220220565796,0.3587995767593384,0.3094819188117981
29992,0.0,0.25860464572906494,0.3690035939216614,0.395641565322876
29993,1.0,0.20536398887634277,0.32151976227760315,0.3721142113208771
29994,0.0,0.27719515562057495,0.32815492153167725,0.3789794445037842
29995,0.0,0.2624092102050781,0.33925774693489075,0.2575552761554718
30257,0.0,0.058248937129974365,0.04876016452908516,0.04606841132044792
30258,0.0,0.05875271558761597,0.0468263104557991,0.05059302598237991
30259,0.0,0.06433969736099243,0.051317572593688965,0.05718368664383888
30260,0.0,0.06366288661956787,0.04939260706305504,0.055327869951725006
30261,0.0,0.058569133281707764,0.04992867633700371,0.05210478603839874
30262,0.0,0.06333386898040771,0.046180494129657745,0.05473626032471657
30263,0.0,0.05868411064147949,0.09274882078170776,0.05153804272413254
30264,0.0,0.06490522623062134,0.05625356733798981,0.05101610720157623
30265,0.0,0.06384164094924927,0.05284390598535538,0.06031360849738121
30266,0.0,0.059503376483917236,0.06877923011779785,0.05617916211485863
30267,0.0,0.059189438819885254,0.05079716816544533,0.06905607879161835
30268,0.0,0.057923853397369385,0.05221623182296753,0.056114766746759415
30269,0.0,0.06198924779891968,0.07885410636663437,0.05948998034000397
30270,0.0,0.06503456830978394,0.07224887609481812,0.05916362628340721
30271,0.0,0.06176769733428955,0.05734036862850189,0.057751744985580444
30272,0.0,0.06017190217971802,0.055735524743795395,0.06505939364433289
30273,0.0,0.060986876487731934,0.05453035235404968,0.05509660392999649
30274,0.0,0.05781322717666626,0.050436295568943024,0.05203557759523392
30275,0.0,0.05506885051727295,0.048619549721479416,0.05094856768846512
30276,0.0,0.053648173809051514,0.04558645188808441,0.0482817217707634
30277,0.0,0.051871657371520996,0.045184411108493805,0.04613914340734482
30278,0.0,0.05475342273712158,0.03274715319275856,0.04455986246466637
30279,0.0,0.04684048891067505,0.03857845067977905,0.03789098560810089
30280,0.0,0.04398369789123535,0.047067444771528244,0.04686680808663368
30281,0.0,0.03456270694732666,0.06710657477378845,0.029941236600279808
30282,0.0,0.03697282075881958,0.028057759627699852,0.03173420578241348
30283,0.0,0.03168004751205444,0.03040207549929619,0.029787540435791016
30284,0.0,0.06627237796783447,0.08279652893543243,0.06379201263189316
30285,1.0,0.07840782403945923,0.1582915484905243,0.0880589559674263
30286,0.0,0.05707418918609619,0.08775369077920914,0.05029832571744919
30287,0.0,0.04878699779510498,0.055553536862134933,0.04772360622882843
30288,0.0,0.05337166786193848,0.05955691635608673,0.03771163150668144
30289,0.0,0.03190380334854126,0.02895987778902054,0.02443528361618519
30290,0.0,0.03597062826156616,0.0231433417648077,0.027290554717183113
30291,0.0,0.06014716625213623,0.09009185433387756,0.04603508487343788
30292,1.0,0.0615273118019104,0.12490826845169067,0.047001246362924576
30293,0.0,0.05281209945678711,0.04615355655550957,0.035316888242959976
30294,0.0,0.0849764347076416,0.11277630180120468,0.06502699106931686
30295,1.0,0.07516735792160034,0.10885459929704666,0.08463571965694427
30296,0.0,0.11669981479644775,0.19490942358970642,0.12961149215698242
30297,1.0,0.07925903797149658,0.12602655589580536,0.08602919429540634
30298,0.0,0.07927948236465454,0.09477563947439194,0.07809388637542725
30299,0.0,0.04262012243270874,0.05331629514694214,0.03270498663187027
30300,0.0,0.09487473964691162,0.1810559779405594,0.0914955735206604
30301,1.0,0.05687260627746582,0.12214414030313492,0.06182371824979782
30302,0.0,0.05946850776672363,0.05812283232808113,0.046027764678001404
30303,0.0,0.1087157130241394,0.1926923245191574,0.08902532607316971
30304,1.0,0.10619843006134033,0.12068899720907211,0.07725860178470612
30305,0.0,0.0949433445930481,0.07790889590978622,0.06818248331546783
30306,0.0,0.0776563286781311,0.06673307716846466,0.06956569105386734
30307,0.0,0.1597210168838501,0.07484455406665802,0.1449889987707138
30308,0.0,0.08401978015899658,0.05298610404133797,0.08478878438472748
30570,1.0,0.37955182790756226,0.3410071134567261,0.5011747479438782
30571,1.0,0.5955102443695068,0.3541592061519623,0.8366432189941406
30572,1.0,0.3054981827735901,0.34405386447906494,0.3980916440486908
30573,1.0,0.30764520168304443,0.3648627996444702,0.46438777446746826
30574,1.0,0.4359169602394104,0.39282286167144775,0.5797008275985718
30575,1.0,0.5426133871078491,0.48685842752456665,0.744904637336731
30576,1.0,0.46856844425201416,0.5098841786384583,0.6084496974945068
30577,1.0,0.5169903039932251,0.4417904019355774,0.7625461220741272
30578,1.0,0.5032027363777161,0.4544964134693146,0.7741212844848633
30579,1.0,0.5895438194274902,0.558066189289093,0.8617421984672546
30580,1.0,0.6006138324737549,0.6793636679649353,0.9476562738418579
30581,1.0,0.739720344543457,0.8922184109687805,0.9752384424209595
30582,1.0,0.7571417689323425,0.8779882788658142,0.9583306312561035
30583,1.0,0.8400772213935852,0.8604528903961182,0.96934974193573
30584,1.0,0.7466536164283752,0.8708566427230835,0.945641815662384
30585,1.0,0.7918672561645508,0.7752726078033447,0.9524313807487488
30586,1.0,0.7845009565353394,0.8093792200088501,0.9540985226631165
30587,1.0,0.7724349498748779,0.7648914456367493,0.9347527027130127
30588,1.0,0.7645992636680603,0.8121850490570068,0.9371451139450073
30589,1.0,0.6847316026687622,0.7903181910514832,0.8929028511047363
30590,1.0,0.7728739976882935,0.8587636351585388,0.9430419206619263
30591,1.0,0.739250659942627,0.8544774651527405,0.9285155534744263
30592,1.0,0.7668328285217285,0.8907804489135742,0.9225085973739624
30593,1.0,0.7608498930931091,0.868240237236023,0.9520312547683716
30594,1.0,0.772797703742981,0.8785142302513123,0.9483157992362976
30595,1.0,0.761210560798645,0.8629208207130432,0.932013988494873
30596,1.0,0.7595013380050659,0.8977742791175842,0.9386654496192932
30597,1.0,0.6645379066467285,0.8482708930969238,0.8662128448486328
30598,1.0,0.7344465851783752,0.8375867009162903,0.8942926526069641
30599,1.0,0.7428865432739258,0.8290032744407654,0.903227686882019
30600,1.0,0.6456034183502197,0.7565627098083496,0.8363929986953735
30601,1.0,0.5943725109100342,0.6585175395011902,0.7573502659797668
30602,1.0,0.5273653268814087,0.5496175289154053,0.5997811555862427
30603,1.0,0.4680035710334778,0.386506587266922,0.5611201524734497
30604,1.0,0.4190206527709961,0.3533574342727661,0.46071791648864746
30605,1.0,0.41709649562835693,0.42599353194236755,0.4715084135532379
30606,1.0,0.40165865421295166,0.4402758777141571,0.5218576192855835
30607,1.0,0.3532661199569702,0.3043491542339325,0.33830127120018005
30608,1.0,0.36786359548568726,0.3795802891254425,0.492558091878891
30609,1.0,0.45062166452407837,0.44366079568862915,0.5116179585456848
30610,1.0,0.3781641721725464,0.31390106678009033,0.4221855700016022
30611,1.0,0.3789013624191284,0.3738447427749634,0.4572528004646301
30612,1.0,0.37933075428009033,0.37539929151535034,0.4903719127178192
30613,1.0,0.2643740773200989,0.2729431688785553,0.38294655084609985
30614,1.0,0.22207629680633545,0.21693794429302216,0.3959759473800659
30615,1.0,0.22211790084838867,0.23216287791728973,0.32487356662750244
30616,1.0,0.26776832342147827,0.22257141768932343,0.36260589957237244
30617,1.0,0.23221361637115479,0.25455647706985474,0.3398107588291168
30618,1.0,0.23804056644439697,0.2463960200548172,0.337719202041626
30619,1.0,0.2945742607116699,0.24774914979934692,0.4715398848056793
30620,1.0,0.3441345691680908,0.2961786389350891,0.513838529586792
30621,1.0,0.46941977739334106,0.34796270728111267,0.6360193490982056
30883,1.0,0.053582072257995605,0.0604754202067852,0.0494854673743248
30884,1.0,0.05311185121536255,0.07137481123209,0.0459340363740921
30885,1.0,0.05707591772079468,0.08570294827222824,0.05059900879859924
30886,1.0,0.05432337522506714,0.0803636908531189,0.05578932538628578
30887,1.0,0.0537448525428772,0.0767391100525856,0.048127029091119766
30888,1.0,0.0571175217628479,0.08799239993095398,0.05278778821229935
30889,1.0,0.06260740756988525,0.06960498541593552,0.05880169942975044
30890,1.0,0.06368839740753174,0.0657130777835846,0.06499052792787552
30891,1.0,0.06679093837738037,0.05192413553595543,0.0778655856847763
30892,1.0,0.05006152391433716,0.07687737792730331,0.05164630711078644
30893,1.0,0.04806685447692871,0.08058114349842072,0.055612627416849136
30894,1.0,0.15670382976531982,0.16992495954036713,0.20366595685482025
30895,1.0,0.2889995574951172,0.2599583566188812,0.27324607968330383
30896,1.0,0.2441127896308899,0.22003087401390076,0.2857964336872101
30897,1.0,0.28588205575942993,0.24952585995197296,0.395290732383728
30898,1.0,0.34541767835617065,0.297400563955307,0.4175620973110199
30899,1.0,0.30793339014053345,0.34995347261428833,0.3653600811958313
30900,1.0,0.216014564037323,0.2533947825431824,0.2647881507873535
30901,1.0,0.15937042236328125,0.16024364531040192,0.19325989484786987
30902,1.0,0.21771442890167236,0.19211438298225403,0.2110184133052826
30903,1.0,0.17960190773010254,0.17205241322517395,0.22407099604606628
30904,1.0,0.09544557332992554,0.11898481845855713,0.0948391854763031
30905,1.0,0.16407936811447144,0.1396840512752533,0.16966336965560913
30906,1.0,0.08870983123779297,0.10920834541320801,0.07419045269489288
30907,1.0,0.09553813934326172,0.09034876525402069,0.09794402867555618
30908,1.0,0.07250016927719116,0.09932912141084671,0.05992867052555084
30909,1.0,0.06474584341049194,0.08386057615280151,0.05366624891757965
30910,1.0,0.03939545154571533,0.07816949486732483,0.033681850880384445
30911,1.0,0.04180353879928589,0.08408001065254211,0.03541211411356926
30912,1.0,0.04002887010574341,0.08684070408344269,0.03439335152506828
30913,1.0,0.03877079486846924,0.08059411495923996,0.03562381491065025
30914,1.0,0.0390094518661499,0.07328278571367264,0.029759639874100685
30915,1.0,0.03777092695236206,0.08511224389076233,0.03010229766368866
30916,1.0,0.03933894634246826,0.06136413663625717,0.03236514329910278
30917,1.0,0.04179263114929199,0.08952856808900833,0.03696232661604881
30918,1.0,0.032395780086517334,0.07173718512058258,0.03180009871721268
30919,1.0,0.033256590366363525,0.058501243591308594,0.026586394757032394
30920,1.0,0.031605303287506104,0.06410044431686401,0.026974067091941833
30921,1.0,0.0339280366897583,0.06391526013612747,0.027160776779055595
30922,1.0,0.03172934055328369,0.025804659351706505,0.027759790420532227
30923,1.0,0.03172934055328369,0.026701195165514946,0.026829350739717484
30924,1.0,0.03161895275115967,0.04727412387728691,0.026593878865242004
30925,1.0,0.031020164489746094,0.022721577435731888,0.02722286619246006
30926,1.0,0.035320281982421875,0.020940560847520828,0.03227737545967102
30927,1.0,0.03458511829376221,0.023252353072166443,0.03383506089448929
30928,1.0,0.033728957176208496,0.02037908509373665,0.033565785735845566
30929,1.0,0.03346729278564453,0.020165998488664627,0.03155193105340004
30930,1.0,0.040209949016571045,0.02611113153398037,0.03813887760043144
30931,1.0,0.03295379877090454,0.02780769392848015,0.029222624376416206
30932,1.0,0.04605525732040405,0.037128742784261703,0.040911633521318436
30933,1.0,0.07398045063018799,0.09630952030420303,0.0738932341337204
30934,1.0,0.06938052177429199,0.0610683299601078,0.08348497748374939
31196,0.0,0.044497013092041016,0.026836777105927467,0.03917911648750305
31197,0.0,0.05793178081512451,0.07208611816167831,0.043460674583911896
31198,0.0,0.07130110263824463,0.10213083773851395,0.05631604418158531
31199,0.0,0.061249732971191406,0.07454020529985428,0.052271921187639236
31200,0.0,0.06088411808013916,0.07587933540344238,0.05149879306554794
31201,0.0,0.06802970170974731,0.08237243443727493,0.054200753569602966
31202,0.0,0.06711453199386597,0.0854530930519104,0.05618367716670036
31203,0.0,0.07159870862960815,0.08143263310194016,0.05727102980017662
31204,0.0,0.07159870862960815,0.08358654379844666,0.06202513724565506
31205,0.0,0.07140231132507324,0.08777706325054169,0.06737474352121353
31206,0.0,0.07502591609954834,0.0910436362028122,0.06233566999435425
31207,0.0,0.17216229438781738,0.14339317381381989,0.2084663212299347
31208,0.0,0.27959126234054565,0.21324414014816284,0.2593430280685425
31209,0.0,0.2948272228240967,0.2762680947780609,0.33974647521972656
31210,1.0,0.17762386798858643,0.1582256704568863,0.17517688870429993
31211,0.0,0.16673797369003296,0.21237707138061523,0.21510706841945648
31212,0.0,0.11990880966186523,0.13964812457561493,0.1360020786523819
31213,0.0,0.2894333004951477,0.2481103241443634,0.2824082374572754
31214,0.0,0.180530846118927,0.1662106066942215,0.16747061908245087
31215,0.0,0.20509237051010132,0.13847632706165314,0.1745038777589798
31216,0.0,0.10228723287582397,0.12143757194280624,0.09961887449026108
31217,0.0,0.17478126287460327,0.14237962663173676,0.17983074486255646
31218,0.0,0.2395443320274353,0.22569313645362854,0.2548315227031708
31219,0.0,0.09946155548095703,0.07691960781812668,0.0804363265633583
31220,0.0,0.10395997762680054,0.07540804892778397,0.11813809722661972
31221,0.0,0.10761994123458862,0.07400844246149063,0.10821886360645294
31222,0.0,0.0669829249382019,0.04620162397623062,0.0469997301697731
31223,0.0,0.047870516777038574,0.02074268087744713,0.043838970363140106
31224,0.0,0.03606009483337402,0.020972656086087227,0.038092777132987976
31225,0.0,0.04849976301193237,0.04294056445360184,0.051640044897794724
31226,0.0,0.03569388389587402,0.023708699271082878,0.0489831306040287
31227,0.0,0.03672349452972412,0.034068360924720764,0.05042030289769173
31228,0.0,0.14932221174240112,0.22089813649654388,0.24340534210205078
31229,1.0,0.09598362445831299,0.17116747796535492,0.1099633052945137
31230,0.0,0.1172325611114502,0.20994360744953156,0.14177313446998596
31231,0.0,0.0779496431350708,0.12519563734531403,0.09542346745729446
31232,0.0,0.07088476419448853,0.1297050416469574,0.07528398185968399
31233,0.0,0.04637330770492554,0.04356245696544647,0.043710630387067795
31234,0.0,0.04148757457733154,0.041763756424188614,0.0381653718650341
31235,0.0,0.051419615745544434,0.09227709472179413,0.0731806606054306
31236,0.0,0.042975425720214844,0.07703699916601181,0.0372639000415802
31237,0.0,0.040695786476135254,0.040278270840644836,0.03678080812096596
31238,0.0,0.03850787878036499,0.034390971064567566,0.030619895085692406
31239,0.0,0.09904801845550537,0.13285398483276367,0.16938260197639465
31240,0.0,0.03990650177001953,0.08675369620323181,0.036779776215553284
31241,0.0,0.042655229568481445,0.04650241136550903,0.04293765872716904
31242,0.0,0.04032415151596069,0.03620418161153793,0.034275151789188385
31243,0.0,0.04182446002960205,0.04590754583477974,0.03453589975833893
31244,0.0,0.03444838523864746,0.042672302573919296,0.034065067768096924
31245,0.0,0.03417569398880005,0.03517184406518936,0.04248357564210892
31246,0.0,0.049902915954589844,0.048673223704099655,0.055705539882183075
31247,0.0,0.04884207248687744,0.06191780045628548,0.06552629172801971
31509,0.0,0.049141764640808105,0.12426255643367767,0.048403944820165634
31510,0.0,0.07359546422958374,0.06976224482059479,0.05903944745659828
31511,0.0,0.07802879810333252,0.0824950784444809,0.07888689637184143
31512,0.0,0.07635194063186646,0.06089060381054878,0.05710533261299133
31513,0.0,0.05473357439041138,0.049965132027864456,0.057811520993709564
31514,0.0,0.06077843904495239,0.07847294956445694,0.05278628319501877
31515,0.0,0.05506414175033569,0.07122624665498734,0.04461181163787842
31516,0.0,0.1777358055114746,0.11011863499879837,0.17891639471054077
31517,1.0,0.12478333711624146,0.12991271913051605,0.1161046102643013
31518,0.0,0.27455294132232666,0.19274117052555084,0.3262295126914978
31519,1.0,0.24739700555801392,0.19271156191825867,0.26646870374679565
31520,1.0,0.44362783432006836,0.4004533290863037,0.5634972453117371
31521,1.0,0.44384652376174927,0.5263431072235107,0.5801758170127869
31522,1.0,0.504308819770813,0.6275404095649719,0.7914249300956726
31523,1.0,0.35021936893463135,0.5098318457603455,0.5984026193618774
31524,1.0,0.5834046006202698,0.6630918383598328,0.8874542713165283
31525,1.0,0.5724718570709229,0.8381292819976807,0.9289259314537048
31526,1.0,0.608240008354187,0.8401647806167603,0.950718343257904
31527,1.0,0.6382035613059998,0.8316064476966858,0.9315680265426636
31528,1.0,0.5988921523094177,0.7973009347915649,0.9111054539680481
31529,1.0,0.6197757720947266,0.7595744729042053,0.9296356439590454
31530,1.0,0.5461342334747314,0.735945999622345,0.8741595149040222
31531,1.0,0.5976711511611938,0.7051534652709961,0.9185034036636353
31532,1.0,0.530666708946228,0.6544704437255859,0.9337965250015259
31533,1.0,0.6145046353340149,0.7902339100837708,0.8784379363059998
31534,1.0,0.6757481098175049,0.799705982208252,0.938940167427063
31535,1.0,0.48279231786727905,0.8013799786567688,0.8374137282371521
31536,1.0,0.4260143041610718,0.6325619220733643,0.6643822193145752
31537,0.0,0.24045950174331665,0.41496917605400085,0.34319329261779785
31538,0.0,0.16857296228408813,0.29463016986846924,0.21578150987625122
31539,0.0,0.087371826171875,0.11068527400493622,0.07511181384325027
31540,0.0,0.03592944145202637,0.034868888556957245,0.04011274874210358
31541,0.0,0.033608198165893555,0.038564153015613556,0.0356692411005497
31542,0.0,0.0376705527305603,0.04174359515309334,0.034723106771707535
31543,0.0,0.06244015693664551,0.11372864991426468,0.06880760192871094
31544,0.0,0.04105567932128906,0.14850768446922302,0.04110956937074661
31545,0.0,0.04252046346664429,0.056647732853889465,0.042619068175554276
31546,0.0,0.07541632652282715,0.08781992644071579,0.0841405987739563
31547,0.0,0.04527848958969116,0.07711810618638992,0.04965709522366524
31548,0.0,0.04204434156417847,0.04015020281076431,0.04806333780288696
31549,0.0,0.042961299419403076,0.044689711183309555,0.036266639828681946
31550,0.0,0.03262472152709961,0.031642068177461624,0.02934705838561058
31551,0.0,0.02309715747833252,0.017735088244080544,0.019161025062203407
31552,0.0,0.031308770179748535,0.021481670439243317,0.038436733186244965
31553,0.0,0.02700406312942505,0.020901542156934738,0.03252531215548515
31554,0.0,0.0283510684967041,0.02212783321738243,0.032851461321115494
31555,0.0,0.02647864818572998,0.02168096788227558,0.030686834827065468
31556,0.0,0.028562486171722412,0.035029392689466476,0.028412126004695892
31557,0.0,0.02888810634613037,0.029498081654310226,0.029220620170235634
31558,0.0,0.0372471809387207,0.03911324962973595,0.03915587067604065
31559,0.0,0.03947758674621582,0.052102454006671906,0.04302104562520981
31560,0.0,0.03974437713623047,0.04717188701033592,0.050780076533555984
31822,0.0,0.29306715726852417,0.309804230928421,0.18427878618240356
31823,0.0,0.22666841745376587,0.17164655029773712,0.10577966272830963
31824,0.0,0.18052351474761963,0.14123153686523438,0.13398034870624542
31825,0.0,0.17260020971298218,0.1578531563282013,0.1395726203918457
31826,0.0,0.3383594751358032,0.5419122576713562,0.4389705955982208
31827,0.0,0.3697100281715393,0.6566483378410339,0.5336287617683411
31828,0.0,0.3416503071784973,0.5542170405387878,0.5012977719306946
31829,0.0,0.32105231285095215,0.22680234909057617,0.35073280334472656
31830,0.0,0.3008573055267334,0.28147634863853455,0.3474535346031189
31831,0.0,0.36025506258010864,0.46538427472114563,0.4129047691822052
31832,0.0,0.3334779143333435,0.2781059741973877,0.3901040554046631
31833,0.0,0.33447253704071045,0.2770267128944397,0.39398637413978577
31834,0.0,0.27870744466781616,0.2547869086265564,0.2592165470123291
31835,0.0,0.36122316122055054,0.2940756678581238,0.34557217359542847
31836,0.0,0.3971034288406372,0.3516651391983032,0.513123095035553
31837,0.0,0.5145907402038574,0.4402076303958893,0.7237070798873901
31838,0.0,0.43164539337158203,0.5359446406364441,0.6292232275009155
31839,0.0,0.39995259046554565,0.3082444369792938,0.6200145483016968
31840,0.0,0.4370298981666565,0.1718115657567978,0.5690789222717285
31841,0.0,0.499660849571228,0.32051247358322144,0.7382082939147949
31842,0.0,0.4096367359161377,0.23145107924938202,0.4846278131008148
31843,0.0,0.4708845615386963,0.3617148697376251,0.5939226746559143
31844,0.0,0.5540487766265869,0.44668853282928467,0.6836881637573242
31845,0.0,0.25428950786590576,0.1942891925573349,0.17605887353420258
31846,0.0,0.4913199543952942,0.24382713437080383,0.5467438697814941
31847,0.0,0.50046706199646,0.34754976630210876,0.6202840805053711
31848,0.0,0.5204013586044312,0.4767664670944214,0.6353108882904053
31849,0.0,0.5544900298118591,0.34150925278663635,0.665477454662323
31850,0.0,0.5357135534286499,0.3680828809738159,0.6554158329963684
31851,0.0,0.5227839946746826,0.4486027956008911,0.6260216236114502
31852,0.0,0.5349794626235962,0.3720566928386688,0.6257808804512024
31853,0.0,0.4464523196220398,0.42280933260917664,0.5587207078933716
31854,1.0,0.5248029232025146,0.47524353861808777,0.598188579082489
31855,1.0,0.45837175846099854,0.5231949687004089,0.6596803665161133
31856,1.0,0.43840062618255615,0.5609926581382751,0.5998203158378601
31857,1.0,0.4006989598274231,0.5223060250282288,0.5032340288162231
31858,1.0,0.34810692071914673,0.513496994972229,0.4636790156364441
31859,1.0,0.2783960700035095,0.4751855432987213,0.3126813471317291
31860,0.0,0.45981091260910034,0.5262807011604309,0.5884582996368408
31861,1.0,0.3558235168457031,0.5551599264144897,0.4119654893875122
31862,1.0,0.34033411741256714,0.5125446319580078,0.42603376507759094
31863,1.0,0.32916831970214844,0.5038992166519165,0.36146432161331177
31864,0.0,0.3918914794921875,0.47610950469970703,0.47346240282058716
31865,0.0,0.39007729291915894,0.37657344341278076,0.4425053596496582
31866,0.0,0.3309590220451355,0.32488250732421875,0.39007464051246643
31867,0.0,0.35412079095840454,0.29863426089286804,0.3957529664039612
31868,0.0,0.3707590699195862,0.2992234230041504,0.3334619998931885
31869,0.0,0.37974828481674194,0.3972818851470947,0.3778560757637024
31870,0.0,0.29000532627105713,0.3234633803367615,0.24577786028385162
31871,0.0,0.2821395993232727,0.21369613707065582,0.21515102684497833
31872,0.0,0.22681283950805664,0.20123876631259918,0.2096627801656723
31873,0.0,0.2665814757347107,0.22052517533302307,0.25334230065345764
32135,0.0,0.048570871353149414,0.0418657511472702,0.0450679175555706
32136,0.0,0.057794034481048584,0.06833560764789581,0.044092047959566116
32137,0.0,0.0639655590057373,0.0826517641544342,0.05786365643143654
32138,0.0,0.0663493275642395,0.05513701215386391,0.056804753839969635
32139,0.0,0.07294660806655884,0.07353397458791733,0.06388471275568008
32140,0.0,0.06839179992675781,0.08403608947992325,0.05872326344251633
32141,0.0,0.06743288040161133,0.07741836458444595,0.052456337958574295
32142,0.0,0.07034742832183838,0.07928330451250076,0.05606099218130112
32143,0.0,0.059636592864990234,0.0833602249622345,0.06068450212478638
32144,0.0,0.0764622688293457,0.09180381894111633,0.06737474352121353
32145,0.0,0.06844019889831543,0.10765594244003296,0.06698764860630035
32146,0.0,0.06680428981781006,0.08568700402975082,0.060569554567337036
32147,0.0,0.06150364875793457,0.09122403711080551,0.0629836693406105
32148,0.0,0.0663788914680481,0.10953059792518616,0.06332291662693024
32149,0.0,0.055114805698394775,0.06719785183668137,0.048633310943841934
32150,0.0,0.15004122257232666,0.11159990727901459,0.17145365476608276
32151,1.0,0.14251381158828735,0.1690593957901001,0.14779435098171234
32152,0.0,0.20833230018615723,0.13169310986995697,0.21384403109550476
32153,1.0,0.2244005799293518,0.17861615121364594,0.20947618782520294
32154,1.0,0.12063050270080566,0.09723325073719025,0.09377206861972809
32155,0.0,0.10743403434753418,0.08653069287538528,0.10947555303573608
32156,0.0,0.1866968274116516,0.10916130244731903,0.185847207903862
32157,1.0,0.13364094495773315,0.09520740807056427,0.08983853459358215
32158,0.0,0.17122626304626465,0.1284213811159134,0.1614982634782791
32159,1.0,0.125454843044281,0.1131773367524147,0.11674630641937256
32160,0.0,0.10871177911758423,0.09739476442337036,0.08410429954528809
32161,0.0,0.06758326292037964,0.047340814024209976,0.062440190464258194
32162,0.0,0.08223003149032593,0.04792383685708046,0.060751162469387054
32163,0.0,0.05629289150238037,0.020836424082517624,0.04365959018468857
32164,0.0,0.04941791296005249,0.021056391298770905,0.05798225477337837
32165,0.0,0.03958839178085327,0.018614118918776512,0.04587854444980621
32166,0.0,0.033410847187042236,0.021719355136156082,0.03613026812672615
32167,0.0,0.038052916526794434,0.021982882171869278,0.041125744581222534
32168,0.0,0.04357272386550903,0.022290663793683052,0.04409459978342056
32169,0.0,0.042592406272888184,0.02497040294110775,0.042648445814847946
32170,0.0,0.037033259868621826,0.014585310593247414,0.03802736476063728
32171,0.0,0.02950078248977661,0.018474075943231583,0.032442737370729446
32172,0.0,0.026258349418640137,0.022886550053954124,0.024185309186577797
32173,0.0,0.026893675327301025,0.016779083758592606,0.03410546854138374
32174,0.0,0.030118227005004883,0.01434410735964775,0.031176486983895302
32175,0.0,0.05369389057159424,0.10221585631370544,0.060415320098400116
32176,1.0,0.0829886794090271,0.13533984124660492,0.08003313094377518
32177,1.0,0.05806940793991089,0.08735454082489014,0.049529653042554855
32178,0.0,0.07691913843154907,0.0753486305475235,0.08782859891653061
32179,0.0,0.06338220834732056,0.062030691653490067,0.06255363672971725
32180,0.0,0.046734511852264404,0.044505469501018524,0.040532488375902176
32181,0.0,0.07135939598083496,0.10118097811937332,0.08985643833875656
32182,1.0,0.05563771724700928,0.0968618094921112,0.04394843429327011
32183,0.0,0.06726980209350586,0.055367596447467804,0.052136894315481186
32184,0.0,0.0647936463356018,0.04923264682292938,0.053831569850444794
32185,0.0,0.07485544681549072,0.05113598331809044,0.06876771152019501
32186,0.0,0.05962949991226196,0.05383637920022011,0.056594859808683395
32448,1.0,0.19787120819091797,0.26356586813926697,0.2611393928527832
32449,1.0,0.23974275588989258,0.25488948822021484,0.24781517684459686
32450,1.0,0.16484594345092773,0.10129053890705109,0.15177591145038605
32451,1.0,0.12992608547210693,0.09942761808633804,0.12813125550746918
32452,1.0,0.16397333145141602,0.10161667317152023,0.16917502880096436
32453,1.0,0.09390491247177124,0.06724246591329575,0.09114498645067215
32454,1.0,0.11461085081100464,0.0660816878080368,0.142743781208992
32455,1.0,0.10689842700958252,0.11293604224920273,0.13968151807785034
32456,1.0,0.10325270891189575,0.08913712948560715,0.1851760745048523
32457,1.0,0.09465217590332031,0.07118532806634903,0.11493276804685593
32458,1.0,0.10513091087341309,0.09220539033412933,0.14146950840950012
32459,1.0,0.0908007025718689,0.06377863883972168,0.09922138601541519
32460,1.0,0.17382586002349854,0.19780059158802032,0.2459428310394287
32461,1.0,0.2345350980758667,0.2090306580066681,0.24481533467769623
32462,1.0,0.31158584356307983,0.19756536185741425,0.29822656512260437
32463,1.0,0.20714378356933594,0.18052858114242554,0.22365622222423553
32464,1.0,0.3657115697860718,0.2357621192932129,0.4514278769493103
32465,1.0,0.31689000129699707,0.19814500212669373,0.35720738768577576
32466,1.0,0.16822952032089233,0.1485310196876526,0.19430899620056152
32467,1.0,0.2005191445350647,0.17545443773269653,0.28456491231918335
32468,1.0,0.17376387119293213,0.16519895195960999,0.15897203981876373
32469,1.0,0.21848392486572266,0.20758865773677826,0.27005183696746826
32470,1.0,0.2040300965309143,0.19424092769622803,0.22220496833324432
32471,1.0,0.15843790769577026,0.1493140608072281,0.19709466397762299
32472,1.0,0.10571950674057007,0.09833580255508423,0.15888690948486328
32473,1.0,0.10629355907440186,0.1169685646891594,0.15494820475578308
32474,1.0,0.064808189868927,0.07454336434602737,0.06711442023515701
32475,1.0,0.07076138257980347,0.10845443606376648,0.07906052470207214
32476,1.0,0.08338791131973267,0.1221289411187172,0.08544769883155823
32477,1.0,0.08332681655883789,0.08571111410856247,0.08448010683059692
32478,1.0,0.07161211967468262,0.08242828398942947,0.08060876280069351
32479,1.0,0.06190943717956543,0.07449010014533997,0.05932542681694031
32480,1.0,0.04312843084335327,0.048124901950359344,0.043365851044654846
32481,1.0,0.06344020366668701,0.08232930302619934,0.05824221670627594
32482,1.0,0.07873809337615967,0.11797557771205902,0.081436388194561
32483,1.0,0.06741243600845337,0.06582923978567123,0.05639725923538208
32484,1.0,0.06273984909057617,0.06545896828174591,0.057785384356975555
32485,1.0,0.06672030687332153,0.07180508971214294,0.061549052596092224
32486,1.0,0.04040902853012085,0.03854837268590927,0.04012298211455345
32487,1.0,0.043231070041656494,0.02726666070520878,0.03812740370631218
32488,1.0,0.07450848817825317,0.11880560219287872,0.07498413324356079
32489,1.0,0.1334223747253418,0.20823949575424194,0.1542378067970276
32490,1.0,0.09381484985351562,0.12516072392463684,0.09116663038730621
32491,1.0,0.12796753644943237,0.0729510486125946,0.15410977602005005
32492,1.0,0.11333948373794556,0.08294357359409332,0.13641461730003357
32493,1.0,0.10179001092910767,0.062089238315820694,0.08114674687385559
32494,1.0,0.05849933624267578,0.06733856350183487,0.06796746701002121
32495,1.0,0.058303117752075195,0.07036040723323822,0.05510254576802254
32496,1.0,0.09377986192703247,0.09217330813407898,0.09206994622945786
32497,1.0,0.0984984040260315,0.06746935099363327,0.10916537791490555
32498,1.0,0.1465129256248474,0.12768256664276123,0.19759725034236908
32499,1.0,0.15322011709213257,0.1384548544883728,0.20184080302715302
32761,0.0,0.04135632514953613,0.0445023737847805,0.04488368332386017
32762,0.0,0.051858723163604736,0.03956201672554016,0.05544409900903702
32763,0.0,0.041320979595184326,0.04135559871792793,0.05986747890710831
32764,0.0,0.03918313980102539,0.04247208312153816,0.04528369382023811
32765,0.0,0.04623305797576904,0.04084957018494606,0.05139883980154991
32766,0.0,0.03248131275177002,0.04443037137389183,0.037643469870090485
32767,0.0,0.03176701068878174,0.0457041934132576,0.04139406606554985
32768,0.0,0.050486743450164795,0.05508829280734062,0.05153306946158409
32769,0.0,0.03067082166671753,0.0470249317586422,0.03820126876235008
32770,0.0,0.047239840030670166,0.044695895165205,0.069542795419693
32771,0.0,0.04169660806655884,0.0498141348361969,0.05420449748635292
32772,0.0,0.10055184364318848,0.2184148132801056,0.1577329784631729
32773,0.0,0.23115825653076172,0.2062210887670517,0.21069522202014923
32774,0.0,0.12427186965942383,0.11657465249300003,0.08704081922769547
32775,0.0,0.10012423992156982,0.0765596553683281,0.1025930866599083
32776,0.0,0.09287261962890625,0.08903888612985611,0.09626588970422745
32777,0.0,0.09722572565078735,0.06655482947826385,0.06721750646829605
32778,0.0,0.17833739519119263,0.20251289010047913,0.2018144428730011
32779,0.0,0.08394253253936768,0.11870429664850235,0.05971674621105194
32780,0.0,0.15535742044448853,0.122909314930439,0.13939596712589264
32781,0.0,0.20036566257476807,0.1770261824131012,0.18534226715564728
32782,0.0,0.3915941119194031,0.2185293287038803,0.322815477848053
32783,1.0,0.33875221014022827,0.2643623948097229,0.2508409917354584
32784,0.0,0.31289345026016235,0.29500678181648254,0.3519156277179718
32785,1.0,0.3618645668029785,0.40710803866386414,0.35667699575424194
32786,1.0,0.3385646939277649,0.277117520570755,0.2953082323074341
32787,0.0,0.2840171456336975,0.3078495264053345,0.29804205894470215
32788,1.0,0.32271647453308105,0.3040277063846588,0.3116794526576996
32789,1.0,0.2830643653869629,0.22907739877700806,0.2260851263999939
32790,1.0,0.26375436782836914,0.23277164995670319,0.25134262442588806
32791,0.0,0.20270514488220215,0.17929707467556,0.16775475442409515
32792,1.0,0.17185354232788086,0.16946440935134888,0.12743723392486572
32793,0.0,0.15387558937072754,0.19897741079330444,0.14374347031116486
32794,1.0,0.2690117359161377,0.32594722509384155,0.19261302053928375
32795,1.0,0.21521931886672974,0.21651047468185425,0.13472162187099457
32796,1.0,0.23532342910766602,0.2615973949432373,0.19214843213558197
32797,1.0,0.2611817717552185,0.27684661746025085,0.25192296504974365
32798,1.0,0.327775239944458,0.4791654348373413,0.3383654057979584
32799,1.0,0.3281545639038086,0.4813666343688965,0.33669495582580566
32800,1.0,0.3799394369125366,0.3435134291648865,0.5230029821395874
32801,1.0,0.3485293984413147,0.3321292996406555,0.40443384647369385
32802,1.0,0.3254135251045227,0.33885306119918823,0.32536590099334717
32803,1.0,0.22917687892913818,0.21831995248794556,0.2546983063220978
32804,1.0,0.3999248147010803,0.36050862073898315,0.5531682372093201
32805,1.0,0.301211953163147,0.28300654888153076,0.3230317234992981
32806,1.0,0.2658917307853699,0.266358345746994,0.24618349969387054
32807,1.0,0.18388742208480835,0.2365342527627945,0.202765554189682
32808,0.0,0.1492745280265808,0.14829686284065247,0.16741175949573517
32809,0.0,0.21031731367111206,0.2659098207950592,0.20166225731372833
32810,0.0,0.2735224962234497,0.30611759424209595,0.2934430241584778
32811,1.0,0.30799537897109985,0.22710257768630981,0.2503308057785034
32812,0.0,0.2774043083190918,0.3057487905025482,0.28613463044166565
33074,0.0,0.16085267066955566,0.18602439761161804,0.12810808420181274
33075,0.0,0.12696629762649536,0.11101149022579193,0.12172424793243408
33076,0.0,0.1031222939491272,0.10162471234798431,0.08847115933895111
33077,0.0,0.09792017936706543,0.10153317451477051,0.08279449492692947
33078,0.0,0.07124364376068115,0.04252734035253525,0.06557384133338928
33079,0.0,0.048476994037628174,0.044521283358335495,0.055031776428222656
33080,0.0,0.047139525413513184,0.046079348772764206,0.055836889892816544
33081,0.0,0.04934662580490112,0.06739386171102524,0.046947579830884933
33082,0.0,0.04744124412536621,0.0560787208378315,0.05974576994776726
33083,0.0,0.0635485053062439,0.0460016168653965,0.06824183464050293
33084,0.0,0.15660321712493896,0.200503408908844,0.20563802123069763
33085,0.0,0.07718414068222046,0.14469623565673828,0.05031117424368858
33086,0.0,0.11025232076644897,0.10120026767253876,0.08471763134002686
33087,0.0,0.08900970220565796,0.08514177054166794,0.06429558247327805
33088,0.0,0.10080194473266602,0.07764377444982529,0.07117050141096115
33089,0.0,0.1678004264831543,0.17909842729568481,0.19289177656173706
33090,0.0,0.1452106237411499,0.13170281052589417,0.11525297164916992
33091,0.0,0.11616438627243042,0.10809158533811569,0.10538678616285324
33092,0.0,0.09650152921676636,0.1286470592021942,0.0840059295296669
33093,0.0,0.10407060384750366,0.08863718807697296,0.08493409305810928
33094,0.0,0.06315183639526367,0.046261463314294815,0.051354192197322845
33095,0.0,0.04926908016204834,0.03395438566803932,0.0476020947098732
33096,0.0,0.04125487804412842,0.0505620501935482,0.03444531559944153
33097,0.0,0.039887428283691406,0.0640031099319458,0.032439034432172775
33098,0.0,0.039887428283691406,0.028007598593831062,0.031889788806438446
33099,0.0,0.03985971212387085,0.042021799832582474,0.03442820906639099
33100,0.0,0.06963354349136353,0.10697406530380249,0.053271178156137466
33101,0.0,0.10641622543334961,0.18265968561172485,0.11090081930160522
33102,1.0,0.15704643726348877,0.1867440789937973,0.14029431343078613
33103,0.0,0.11928975582122803,0.10583817958831787,0.10403620451688766
33104,0.0,0.09539365768432617,0.09578654915094376,0.08465110510587692
33105,0.0,0.14553982019424438,0.17693577706813812,0.08391770720481873
33106,0.0,0.06837433576583862,0.12554484605789185,0.0512162446975708
33107,0.0,0.1019359827041626,0.1644207239151001,0.07984790205955505
33108,1.0,0.115500807762146,0.1835946887731552,0.06951028108596802
33109,0.0,0.09629058837890625,0.0938534215092659,0.07184897363185883
33110,0.0,0.08186745643615723,0.08423309028148651,0.0604967437684536
33111,0.0,0.07716351747512817,0.08497656136751175,0.05426429957151413
33112,0.0,0.047598421573638916,0.08663006126880646,0.031873542815446854
33113,0.0,0.07061749696731567,0.10036985576152802,0.05601982772350311
33114,0.0,0.08107417821884155,0.10196319222450256,0.06993808597326279
33115,0.0,0.06450003385543823,0.08432694524526596,0.05743587017059326
33116,0.0,0.1779424548149109,0.2220280021429062,0.16502448916435242
33117,0.0,0.18828457593917847,0.15546759963035583,0.1393985152244568
33118,0.0,0.09859007596969604,0.12154116481542587,0.0719369575381279
33119,0.0,0.19941121339797974,0.23924092948436737,0.18629291653633118
33120,0.0,0.1263841986656189,0.16087104380130768,0.09927461296319962
33121,0.0,0.1312428116798401,0.10317514836788177,0.11024804413318634
33122,0.0,0.285347044467926,0.2628912925720215,0.4035453200340271
33123,0.0,0.2384827733039856,0.21411344408988953,0.21256406605243683
33124,0.0,0.19955092668533325,0.22397750616073608,0.20511974394321442
33125,0.0,0.3025442957878113,0.2777322232723236,0.2599717378616333
33387,1.0,0.6090017557144165,0.6260862946510315,0.7589854598045349
33388,1.0,0.6518731117248535,0.564574658870697,0.8582175374031067
33389,1.0,0.6954903602600098,0.6440698504447937,0.8773676753044128
33390,1.0,0.5705186128616333,0.4878457188606262,0.7302138209342957
33391,1.0,0.5627825260162354,0.4853997826576233,0.7225058674812317
33392,1.0,0.5133262872695923,0.4586538076400757,0.6821882724761963
33393,1.0,0.4615896940231323,0.41918522119522095,0.6208359003067017
33394,0.0,0.37407565116882324,0.34075433015823364,0.5038210153579712
33395,0.0,0.401742160320282,0.3290868103504181,0.5615602731704712
33396,1.0,0.4389721751213074,0.31204473972320557,0.5557361841201782
33397,1.0,0.44297873973846436,0.3556743860244751,0.6036038398742676
33398,1.0,0.4008170962333679,0.3865761458873749,0.5472347736358643
33399,0.0,0.4126201272010803,0.401968389749527,0.4392406940460205
33400,0.0,0.26640182733535767,0.23212742805480957,0.3344790041446686
33401,0.0,0.3554651737213135,0.2994890511035919,0.4359147846698761
33402,0.0,0.3083189129829407,0.23757348954677582,0.3595559298992157
33403,0.0,0.2969387173652649,0.2499750554561615,0.36601078510284424
33404,0.0,0.25624680519104004,0.21557042002677917,0.32757237553596497
33405,0.0,0.2936304211616516,0.2383769154548645,0.36173710227012634
33406,0.0,0.1798270344734192,0.1981474757194519,0.20869460701942444
33407,0.0,0.2210870385169983,0.189874067902565,0.27845296263694763
33408,0.0,0.23224663734436035,0.21259765326976776,0.21711014211177826
33409,0.0,0.24685174226760864,0.21480095386505127,0.26048991084098816
33410,0.0,0.21441179513931274,0.20256350934505463,0.21467232704162598
33411,0.0,0.19019079208374023,0.17791463434696198,0.20607402920722961
33412,0.0,0.17669475078582764,0.13712246716022491,0.20666711032390594
33413,0.0,0.12043142318725586,0.13227595388889313,0.16517668962478638
33414,0.0,0.09738332033157349,0.1701631098985672,0.12378917634487152
33415,0.0,0.07592940330505371,0.10383456945419312,0.06993185728788376
33416,0.0,0.058657824993133545,0.09381905943155289,0.07359249889850616
33417,0.0,0.06107926368713379,0.1068657711148262,0.060224466025829315
33418,0.0,0.05277049541473389,0.09676671773195267,0.05267445743083954
33419,0.0,0.08268469572067261,0.13229815661907196,0.0707845464348793
33420,0.0,0.11907923221588135,0.12616968154907227,0.12292147427797318
33421,0.0,0.1327974796295166,0.1466764658689499,0.17047971487045288
33422,0.0,0.15475207567214966,0.1785409301519394,0.1884760707616806
33423,0.0,0.23594778776168823,0.23557917773723602,0.3535049259662628
33424,0.0,0.21815752983093262,0.26706239581108093,0.2963082492351532
33425,0.0,0.1478709578514099,0.15917715430259705,0.2410963475704193
33426,0.0,0.17547225952148438,0.17963609099388123,0.22555133700370789
33427,0.0,0.12008672952651978,0.12745031714439392,0.17436853051185608
33428,0.0,0.16202068328857422,0.15668347477912903,0.2967430651187897
33429,0.0,0.12161219120025635,0.12106147408485413,0.1435057669878006
33430,0.0,0.18922144174575806,0.16126173734664917,0.25637704133987427
33431,0.0,0.1294531226158142,0.1081419512629509,0.18979744613170624
33432,0.0,0.18345052003860474,0.16046877205371857,0.22682958841323853
33433,0.0,0.1131395697593689,0.10604904592037201,0.13794484734535217
33434,0.0,0.1742534637451172,0.21827450394630432,0.27626314759254456
33435,0.0,0.19655263423919678,0.18672002851963043,0.25564637780189514
33436,0.0,0.2342471480369568,0.18703585863113403,0.35616809129714966
33437,0.0,0.3973149061203003,0.28866299986839294,0.5067092776298523
33438,0.0,0.2810204029083252,0.24500113725662231,0.3903622031211853
33700,1.0,0.133447527885437,0.26672104001045227,0.13471609354019165
33701,0.0,0.22026336193084717,0.29937732219696045,0.3215145766735077
33702,1.0,0.3488086462020874,0.3908446729183197,0.42200976610183716
33703,1.0,0.41058349609375,0.41668471693992615,0.5027607083320618
33704,1.0,0.41926664113998413,0.40987277030944824,0.48319992423057556
33705,1.0,0.338623583316803,0.3346034288406372,0.4866645634174347
33706,1.0,0.32526344060897827,0.31636014580726624,0.40155524015426636
33707,1.0,0.3098940849304199,0.353890597820282,0.3538658022880554
33708,1.0,0.15309101343154907,0.1521299034357071,0.18071144819259644
33709,0.0,0.13333386182785034,0.17354314029216766,0.1504880040884018
33710,0.0,0.2698580026626587,0.26687049865722656,0.28650569915771484
33711,1.0,0.23462361097335815,0.22851257026195526,0.31340354681015015
33712,1.0,0.15620768070220947,0.20281684398651123,0.25566333532333374
33713,0.0,0.1367766261100769,0.14861443638801575,0.18502791225910187
33714,0.0,0.23298776149749756,0.2198595106601715,0.2670501470565796
33715,1.0,0.2376115918159485,0.19951702654361725,0.24430058896541595
33716,1.0,0.2588759660720825,0.24088579416275024,0.3521740734577179
33717,1.0,0.2554083466529846,0.19210223853588104,0.30945876240730286
33718,1.0,0.2674752473831177,0.19435685873031616,0.2857967019081116
33719,1.0,0.2465178370475769,0.21452464163303375,0.2647875249385834
33720,1.0,0.1857251524925232,0.1763467937707901,0.17440223693847656
33721,0.0,0.13761144876480103,0.13957256078720093,0.172527015209198
33722,0.0,0.09774339199066162,0.1290440857410431,0.12466898560523987
33723,0.0,0.09686124324798584,0.1239253506064415,0.1481490135192871
33724,0.0,0.05881011486053467,0.07007311284542084,0.06001661717891693
33725,0.0,0.08572852611541748,0.11829831451177597,0.09529678523540497
33726,1.0,0.07829809188842773,0.1469980627298355,0.08672519028186798
33727,0.0,0.06840658187866211,0.13059958815574646,0.07267289608716965
33728,0.0,0.10965687036514282,0.1289685070514679,0.11821310222148895
33729,1.0,0.11379772424697876,0.17502428591251373,0.14494797587394714
33730,0.0,0.10621827840805054,0.15049950778484344,0.1670282483100891
33731,0.0,0.09602445363998413,0.1586257666349411,0.11959874629974365
33732,1.0,0.10084199905395508,0.14600853621959686,0.09685160964727402
33733,0.0,0.07047605514526367,0.0796305313706398,0.07122382521629333
33734,0.0,0.0687417984008789,0.08649419248104095,0.06154083088040352
33735,0.0,0.0687299370765686,0.07459737360477448,0.07379220426082611
33736,0.0,0.051857829093933105,0.06768237799406052,0.07360716164112091
33737,0.0,0.045521438121795654,0.05279140546917915,0.04202223941683769
33738,0.0,0.06518590450286865,0.11540857702493668,0.05669841915369034
33739,1.0,0.08455371856689453,0.1523984968662262,0.09698054939508438
33740,0.0,0.07005417346954346,0.07219143211841583,0.0645214319229126
33741,0.0,0.0825318694114685,0.10377920418977737,0.09044712781906128
33742,0.0,0.0592193603515625,0.07415361702442169,0.05571035295724869
33743,0.0,0.043761253356933594,0.041525084525346756,0.044362738728523254
33744,0.0,0.04099851846694946,0.034964922815561295,0.04914071783423424
33745,0.0,0.050179243087768555,0.042120274156332016,0.048788201063871384
33746,0.0,0.07750415802001953,0.09881598502397537,0.07837182283401489
33747,1.0,0.11666572093963623,0.21935363113880157,0.13169805705547333
33748,0.0,0.0920303463935852,0.12098850309848785,0.1025753989815712
33749,0.0,0.0919073224067688,0.09150893241167068,0.08799578994512558
33750,0.0,0.14976030588150024,0.10737273842096329,0.16755090653896332
33751,0.0,0.17924320697784424,0.19985158741474152,0.2242969274520874
34013,1.0,0.6842132210731506,0.5969017148017883,0.8907710313796997
34014,1.0,0.7144548296928406,0.5713208913803101,0.8912879824638367
34015,1.0,0.6013360619544983,0.4694342613220215,0.8096161484718323
34016,1.0,0.5437676906585693,0.3861350119113922,0.7949626445770264
34017,1.0,0.5848966836929321,0.4617769420146942,0.6990340948104858
34018,0.0,0.6539995670318604,0.7056002020835876,0.8927987217903137
34019,1.0,0.7010525465011597,0.7070525884628296,0.8590589761734009
34020,1.0,0.6313828229904175,0.6006278395652771,0.8480257391929626
34021,1.0,0.6290467977523804,0.6032313108444214,0.8902230262756348
34022,1.0,0.6780042052268982,0.7120946049690247,0.9405990839004517
34023,1.0,0.5931026935577393,0.7613992691040039,0.9556126594543457
34024,1.0,0.6576516032218933,0.8344530463218689,0.9406956434249878
34025,1.0,0.7492265701293945,0.8216060400009155,0.9702602028846741
34026,1.0,0.7738639712333679,0.7420006394386292,0.9554489850997925
34027,1.0,0.6804311275482178,0.8223558664321899,0.9619876146316528
34028,1.0,0.7265176773071289,0.8055997490882874,0.9632640480995178
34029,1.0,0.8077289462089539,0.632969081401825,0.9409964680671692
34030,1.0,0.7840794920921326,0.72568279504776,0.9512704014778137
34031,1.0,0.7781569957733154,0.7715868353843689,0.958219051361084
34032,1.0,0.6642230749130249,0.769497275352478,0.9453537464141846
34033,1.0,0.7131001949310303,0.8040621280670166,0.9383605122566223
34034,1.0,0.7258778810501099,0.8106335997581482,0.9345160722732544
34035,1.0,0.7186501026153564,0.8171371221542358,0.9447360634803772
34036,1.0,0.7258778810501099,0.8276277780532837,0.9328678250312805
34037,1.0,0.719207227230072,0.8530603051185608,0.9448394775390625
34038,1.0,0.7225635647773743,0.8233230113983154,0.9337388277053833
34039,1.0,0.6952686309814453,0.7961846590042114,0.9386025071144104
34040,1.0,0.6722497940063477,0.8206716179847717,0.9226676225662231
34041,1.0,0.7102723121643066,0.8356454968452454,0.943522572517395
34042,1.0,0.713890552520752,0.7607525587081909,0.9069663286209106
34043,1.0,0.6295405626296997,0.5555047392845154,0.8671652674674988
34044,1.0,0.5639036297798157,0.5231573581695557,0.82930988073349
34045,1.0,0.5289919376373291,0.4916878342628479,0.6783382296562195
34046,0.0,0.48939061164855957,0.42368295788764954,0.6494318246841431
34047,0.0,0.5174353718757629,0.3933192491531372,0.484822154045105
34048,0.0,0.4609225392341614,0.349118709564209,0.5568869709968567
34049,0.0,0.4634243845939636,0.36409932374954224,0.46208322048187256
34050,0.0,0.4486263394355774,0.34494560956954956,0.43728122115135193
34051,0.0,0.46404796838760376,0.41277655959129333,0.36001214385032654
34052,0.0,0.5713653564453125,0.47154662013053894,0.5807778835296631
34053,0.0,0.49079960584640503,0.3873555064201355,0.4988284111022949
34054,0.0,0.5212002992630005,0.3798350393772125,0.4888153374195099
34055,0.0,0.4186033606529236,0.3905530273914337,0.40273618698120117
34056,0.0,0.5224669575691223,0.4330214560031891,0.5359913110733032
34057,0.0,0.5173361897468567,0.4851442575454712,0.5390779972076416
34058,0.0,0.4569960832595825,0.521562397480011,0.41611558198928833
34059,0.0,0.5483397245407104,0.5280083417892456,0.5493690967559814
34060,0.0,0.5081651210784912,0.547907292842865,0.4887393116950989
34061,0.0,0.5240168571472168,0.5830925703048706,0.48945319652557373
34062,0.0,0.5365622043609619,0.5411378145217896,0.554957389831543
34063,0.0,0.6020098924636841,0.4474196434020996,0.612253725528717
34064,0.0,0.6099776029586792,0.5353086590766907,0.6020738482475281
34326,0.0,0.14241516590118408,0.18870392441749573,0.1496962159872055
34327,0.0,0.16038691997528076,0.1763067990541458,0.13549937307834625
34328,0.0,0.23340201377868652,0.21711283922195435,0.3117903769016266
34329,0.0,0.32639455795288086,0.27277567982673645,0.3555275499820709
34330,1.0,0.196854829788208,0.16843684017658234,0.199422225356102
34331,0.0,0.3302791118621826,0.43083998560905457,0.5513368248939514
34332,1.0,0.2378920316696167,0.42880091071128845,0.3544597923755646
34333,1.0,0.1714058518409729,0.32623112201690674,0.21585528552532196
34334,0.0,0.16870760917663574,0.2348402440547943,0.30572590231895447
34335,0.0,0.24347662925720215,0.2689502239227295,0.3836897015571594
34336,0.0,0.34477823972702026,0.42011314630508423,0.4733046889305115
34337,1.0,0.37869757413864136,0.5512748956680298,0.5078190565109253
34338,1.0,0.26627814769744873,0.36418816447257996,0.3976803123950958
34339,0.0,0.2476186752319336,0.21691866219043732,0.3607710897922516
34340,0.0,0.23144418001174927,0.19359168410301208,0.3286197781562805
34341,0.0,0.23693585395812988,0.21515467762947083,0.30233415961265564
34342,0.0,0.18153458833694458,0.16150543093681335,0.20122814178466797
34343,0.0,0.20007652044296265,0.1967417448759079,0.24639707803726196
34344,0.0,0.17305535078048706,0.16090965270996094,0.22461070120334625
34345,0.0,0.22101324796676636,0.1726594865322113,0.26879969239234924
34346,0.0,0.17642933130264282,0.13259969651699066,0.1419943869113922
34347,0.0,0.17000138759613037,0.1458192765712738,0.17093221843242645
34348,0.0,0.282884418964386,0.22663207352161407,0.37528952956199646
34349,1.0,0.1352655291557312,0.18758665025234222,0.10897673666477203
34350,0.0,0.13680720329284668,0.11773393303155899,0.16941946744918823
34351,0.0,0.12395703792572021,0.12534739077091217,0.18312528729438782
34352,0.0,0.08852678537368774,0.0857425332069397,0.08225131779909134
34353,0.0,0.05671513080596924,0.03681404888629913,0.054617442190647125
34354,0.0,0.03509223461151123,0.023539233952760696,0.04673483222723007
34355,0.0,0.036793410778045654,0.025786923244595528,0.049396488815546036
34356,0.0,0.032131314277648926,0.018829505890607834,0.04658812656998634
34357,0.0,0.03647583723068237,0.023498211055994034,0.0491749607026577
34358,0.0,0.032681941986083984,0.019831620156764984,0.04391997307538986
34359,0.0,0.06604593992233276,0.0998319610953331,0.08500969409942627
34360,0.0,0.04264432191848755,0.1259034276008606,0.047272492200136185
34361,0.0,0.045487284660339355,0.04431825876235962,0.040017854422330856
34362,0.0,0.04265350103378296,0.039375241845846176,0.0413372628390789
34363,0.0,0.04193347692489624,0.03797817975282669,0.04095704108476639
34364,0.0,0.0259091854095459,0.017422903329133987,0.02440362423658371
34365,0.0,0.026224911212921143,0.01562696136534214,0.024385744705796242
34366,0.0,0.02706456184387207,0.02095549926161766,0.030075937509536743
34367,0.0,0.02420330047607422,0.02262065000832081,0.028283026069402695
34368,0.0,0.026016712188720703,0.01991933584213257,0.02196221426129341
34369,0.0,0.030816376209259033,0.01872616820037365,0.036491669714450836
34370,0.0,0.026674747467041016,0.017791343852877617,0.02909538336098194
34371,0.0,0.02657848596572876,0.019093671813607216,0.029266929253935814
34372,0.0,0.021708309650421143,0.025949403643608093,0.02175019681453705
34373,0.0,0.030242204666137695,0.034756068140268326,0.026904737576842308
34374,0.0,0.029312193393707275,0.039023786783218384,0.025246093049645424
34375,0.0,0.036716997623443604,0.034851863980293274,0.035203274339437485
34376,0.0,0.040906310081481934,0.05070768669247627,0.04584966599941254
34377,0.0,0.04328882694244385,0.05075700581073761,0.0523206852376461
34639,1.0,0.25798994302749634,0.3600109815597534,0.2566811442375183
34640,1.0,0.2803193926811218,0.2973308265209198,0.3380599319934845
34641,1.0,0.5920946002006531,0.607072114944458,0.8781450390815735
34642,1.0,0.5277904272079468,0.5336808562278748,0.8099312782287598
34643,1.0,0.670493483543396,0.5944181084632874,0.914583683013916
34644,1.0,0.5276343822479248,0.6004322171211243,0.7865609526634216
34645,1.0,0.46458977460861206,0.43466871976852417,0.6600270867347717
34646,1.0,0.42511123418807983,0.3570568263530731,0.597764790058136
34647,1.0,0.5140177011489868,0.3884153664112091,0.657583475112915
34648,1.0,0.34518665075302124,0.25151291489601135,0.4123057425022125
34649,1.0,0.27087199687957764,0.20887677371501923,0.3329920768737793
34650,0.0,0.24161863327026367,0.21630772948265076,0.2988385260105133
34651,1.0,0.4464247226715088,0.30902454257011414,0.5444859266281128
34652,1.0,0.3426247239112854,0.33172714710235596,0.3852318227291107
34653,1.0,0.3054847717285156,0.26088574528694153,0.3904331922531128
34654,1.0,0.32731515169143677,0.21083064377307892,0.40677905082702637
34655,0.0,0.3231891989707947,0.26923805475234985,0.38135257363319397
34656,1.0,0.2860349416732788,0.2934170961380005,0.33182618021965027
34657,1.0,0.45239025354385376,0.48328888416290283,0.5462710857391357
34658,1.0,0.41259461641311646,0.4088177978992462,0.4857500493526459
34659,1.0,0.4064786434173584,0.3382894992828369,0.5143519639968872
34660,1.0,0.2727060914039612,0.31785669922828674,0.426730215549469
34661,0.0,0.3758602738380432,0.32243770360946655,0.44300416111946106
34662,1.0,0.27312666177749634,0.2530403733253479,0.2573641240596771
34663,0.0,0.22572970390319824,0.18118272721767426,0.2812288701534271
34664,1.0,0.15462064743041992,0.1569814831018448,0.16527947783470154
34665,0.0,0.2529526352882385,0.20316749811172485,0.30485430359840393
34666,1.0,0.1715332269668579,0.20245331525802612,0.1676739901304245
34667,0.0,0.14862769842147827,0.12144342064857483,0.15967296063899994
34668,0.0,0.18127626180648804,0.16191689670085907,0.17785638570785522
34669,0.0,0.11714738607406616,0.13007532060146332,0.12183979898691177
34670,0.0,0.055181801319122314,0.05258745700120926,0.05812230333685875
34671,0.0,0.08260685205459595,0.09000927954912186,0.06847163289785385
34672,0.0,0.08016163110733032,0.10708004236221313,0.058214880526065826
34673,0.0,0.09391719102859497,0.09352343529462814,0.08772031962871552
34674,0.0,0.07305002212524414,0.1069379672408104,0.06359975785017014
34675,0.0,0.07056772708892822,0.07278222590684891,0.06507465243339539
34676,0.0,0.05057883262634277,0.06181081011891365,0.044041067361831665
34677,0.0,0.06527751684188843,0.0738755539059639,0.06465504318475723
34678,0.0,0.04648387432098389,0.030099257826805115,0.07136432081460953
34679,0.0,0.09648191928863525,0.09983398765325546,0.12357614934444427
34680,0.0,0.0709337592124939,0.13560666143894196,0.08119021356105804
34681,0.0,0.12269920110702515,0.1258625090122223,0.07846933603286743
34682,0.0,0.09939730167388916,0.13336528837680817,0.11245527863502502
34683,0.0,0.1581559181213379,0.15270496904850006,0.18355782330036163
34684,0.0,0.08028632402420044,0.17075468599796295,0.07596638798713684
34685,0.0,0.08016234636306763,0.0901213139295578,0.10350021719932556
34686,0.0,0.0619966983795166,0.08413786441087723,0.0524032860994339
34687,0.0,0.0654032826423645,0.09733550995588303,0.07258950173854828
34688,0.0,0.05766397714614868,0.0877532958984375,0.07006698101758957
34689,0.0,0.07739067077636719,0.06482849270105362,0.10874898731708527
34690,0.0,0.07388758659362793,0.08600186556577682,0.10203023999929428
34952,1.0,0.359722375869751,0.461818128824234,0.6459903120994568
34953,0.0,0.32865071296691895,0.3311161696910858,0.41512152552604675
34954,0.0,0.38585299253463745,0.3400779664516449,0.4993312954902649
34955,0.0,0.3039429187774658,0.31430327892303467,0.3413587212562561
34956,0.0,0.16149044036865234,0.16201144456863403,0.142785906791687
34957,0.0,0.28595948219299316,0.3897428810596466,0.5129782557487488
34958,1.0,0.3364042639732361,0.42773956060409546,0.35385000705718994
34959,0.0,0.27439260482788086,0.2121194452047348,0.28432697057724
34960,0.0,0.26161646842956543,0.3372597098350525,0.27344611287117004
34961,0.0,0.22476905584335327,0.3190480172634125,0.24848578870296478
34962,0.0,0.16986572742462158,0.18444299697875977,0.11164265125989914
34963,0.0,0.14735686779022217,0.23196375370025635,0.11933781206607819
34964,0.0,0.19164884090423584,0.30402663350105286,0.17714478075504303
34965,0.0,0.16609913110733032,0.2448776811361313,0.09394374489784241
34966,0.0,0.16082686185836792,0.22908900678157806,0.11095993220806122
34967,0.0,0.16984373331069946,0.2301298975944519,0.12838082015514374
34968,0.0,0.2073555588722229,0.2622157633304596,0.2040662318468094
34969,1.0,0.2599061131477356,0.388710081577301,0.32186540961265564
34970,1.0,0.32121503353118896,0.5584302544593811,0.38321787118911743
34971,1.0,0.37377601861953735,0.6246143579483032,0.4275655150413513
34972,1.0,0.3844820261001587,0.6191452145576477,0.666398823261261
34973,1.0,0.4635787010192871,0.6248295307159424,0.7580254077911377
34974,1.0,0.45321124792099,0.7212822437286377,0.8307040333747864
34975,1.0,0.5342090725898743,0.8044031262397766,0.8860037326812744
34976,1.0,0.5241408348083496,0.8229414820671082,0.8729737997055054
34977,1.0,0.5499894022941589,0.815329909324646,0.9136472344398499
34978,1.0,0.5738301277160645,0.8624830842018127,0.9295401573181152
34979,1.0,0.5391590595245361,0.8451720476150513,0.9098133444786072
34980,1.0,0.5243110656738281,0.8492832183837891,0.9193167090415955
34981,1.0,0.5059932470321655,0.827770471572876,0.9113184809684753
34982,1.0,0.47769618034362793,0.8171541690826416,0.7947206497192383
34983,1.0,0.4270673394203186,0.8378626108169556,0.7491934299468994
34984,1.0,0.39092034101486206,0.7416366934776306,0.6099827885627747
34985,1.0,0.4127355217933655,0.8028862476348877,0.5923359394073486
34986,1.0,0.3415401577949524,0.7373124957084656,0.5126039385795593
34987,1.0,0.32939523458480835,0.7917473316192627,0.49336689710617065
34988,1.0,0.3448501229286194,0.7327570915222168,0.46770328283309937
34989,1.0,0.30197644233703613,0.7636951208114624,0.4918130934238434
34990,1.0,0.3601129651069641,0.7834357619285583,0.5793138146400452
34991,1.0,0.3593648672103882,0.6919613480567932,0.5222914218902588
34992,1.0,0.32003074884414673,0.6467409133911133,0.41372618079185486
34993,1.0,0.37119126319885254,0.6917144656181335,0.5375791788101196
34994,1.0,0.3257821798324585,0.6057007312774658,0.5369596481323242
34995,1.0,0.3289068341255188,0.6106130480766296,0.5235723257064819
34996,1.0,0.3145795464515686,0.5425313115119934,0.406924307346344
34997,1.0,0.3289569020271301,0.5299434661865234,0.48788824677467346
34998,1.0,0.3278830647468567,0.5333490967750549,0.430861234664917
34999,1.0,0.32297295331954956,0.5972869992256165,0.4817105531692505
35000,1.0,0.36078107357025146,0.5223562717437744,0.47344475984573364
35001,1.0,0.31912100315093994,0.494919091463089,0.3285277187824249
35002,1.0,0.3048328757286072,0.6204587817192078,0.4167253375053406
35003,1.0,0.32324862480163574,0.5572678446769714,0.3749891519546509
35265,1.0,0.28454214334487915,0.3075959384441376,0.328265517950058
35266,1.0,0.29114431142807007,0.2100147157907486,0.35232794284820557
35267,0.0,0.24140232801437378,0.18725326657295227,0.2772979438304901
35268,0.0,0.1612769365310669,0.1547204554080963,0.1756252646446228
35269,0.0,0.12656038999557495,0.11051951348781586,0.144643172621727
35270,0.0,0.1878684163093567,0.16386161744594574,0.19596321880817413
35271,0.0,0.2228066325187683,0.15051785111427307,0.18291808664798737
35272,1.0,0.12329059839248657,0.12502418458461761,0.10986755788326263
35273,0.0,0.12170803546905518,0.1307651549577713,0.19709981977939606
35274,0.0,0.21414577960968018,0.16276386380195618,0.2571250796318054
35275,1.0,0.13977545499801636,0.115369513630867,0.12135696411132812
35276,0.0,0.2044886350631714,0.14763662219047546,0.24598678946495056
35277,0.0,0.2064603567123413,0.1531323790550232,0.24614864587783813
35278,1.0,0.23457282781600952,0.1884746551513672,0.2542199194431305
35279,1.0,0.23746824264526367,0.1813487708568573,0.2520425319671631
35280,0.0,0.24426406621932983,0.1804497092962265,0.30481699109077454
35281,0.0,0.24615055322647095,0.16596673429012299,0.2544529438018799
35282,0.0,0.2624713182449341,0.2541792690753937,0.31218957901000977
35283,1.0,0.23691725730895996,0.1803552508354187,0.2113339751958847
35284,1.0,0.36518198251724243,0.29146307706832886,0.43169599771499634
35285,1.0,0.2329367995262146,0.220107302069664,0.2534154951572418
35286,0.0,0.3033449053764343,0.2870081663131714,0.3645439147949219
35287,1.0,0.28265243768692017,0.3200543224811554,0.31994161009788513
35288,1.0,0.23590797185897827,0.22287465631961823,0.26960301399230957
35289,1.0,0.31138211488723755,0.2941605746746063,0.3164430260658264
35290,0.0,0.27952414751052856,0.2805705666542053,0.27309730648994446
35291,1.0,0.25043171644210815,0.22909265756607056,0.2382136583328247
35292,1.0,0.25988781452178955,0.2639167904853821,0.2635284960269928
35293,1.0,0.2739450931549072,0.27102023363113403,0.3277132213115692
35294,1.0,0.21867072582244873,0.21513041853904724,0.28748470544815063
35295,1.0,0.18362581729888916,0.22507506608963013,0.2497960776090622
35296,1.0,0.13647526502609253,0.18633823096752167,0.143808513879776
35297,0.0,0.11569052934646606,0.10968246310949326,0.11192403733730316
35298,0.0,0.14472639560699463,0.1689220368862152,0.1414467692375183
35299,1.0,0.22942936420440674,0.23051869869232178,0.2751440703868866
35300,1.0,0.3287461996078491,0.46533316373825073,0.38950109481811523
35301,1.0,0.24966925382614136,0.32258838415145874,0.2650453448295593
35302,0.0,0.16519707441329956,0.20677360892295837,0.19915875792503357
35303,0.0,0.15457546710968018,0.22038449347019196,0.17332616448402405
35304,1.0,0.11500000953674316,0.15212447941303253,0.11929559707641602
35305,0.0,0.13684618473052979,0.17153224349021912,0.13332444429397583
35306,0.0,0.1381567120552063,0.15991677343845367,0.14551641047000885
35307,0.0,0.15531229972839355,0.1629001349210739,0.14240603148937225
35308,0.0,0.1461086869239807,0.16191382706165314,0.15121673047542572
35309,1.0,0.12043589353561401,0.1206844300031662,0.09720869362354279
35310,0.0,0.16378813982009888,0.18728025257587433,0.16475442051887512
35311,0.0,0.15889602899551392,0.16314056515693665,0.16788971424102783
35312,0.0,0.17561054229736328,0.20012156665325165,0.184613436460495
35313,0.0,0.1029660701751709,0.12260262668132782,0.11227384954690933
35314,0.0,0.10963743925094604,0.09015826135873795,0.109878771007061
35315,0.0,0.2863556146621704,0.1846633404493332,0.32380980253219604
35316,1.0,0.551888108253479,0.38589686155319214,0.5631095170974731
35578,1.0,0.30082666873931885,0.21711155772209167,0.284766286611557
35579,1.0,0.3107255697250366,0.22478006780147552,0.3508313298225403
35580,1.0,0.3584747910499573,0.2067619264125824,0.4181859493255615
35581,1.0,0.24882161617279053,0.14187316596508026,0.3031615912914276
35582,0.0,0.35713958740234375,0.2262771874666214,0.4825400710105896
35583,1.0,0.2086430788040161,0.17648015916347504,0.2416096329689026
35584,0.0,0.3402939438819885,0.2827666699886322,0.37240850925445557
35585,1.0,0.33803534507751465,0.24899378418922424,0.37697333097457886
35586,1.0,0.4352033734321594,0.28074464201927185,0.5364844799041748
35587,1.0,0.35831981897354126,0.2834874391555786,0.41874536871910095
35588,1.0,0.2982499599456787,0.25728166103363037,0.4314904808998108
35589,1.0,0.2664066553115845,0.2208048552274704,0.3850019872188568
35590,1.0,0.4705355167388916,0.40919774770736694,0.6067981123924255
35591,1.0,0.37503790855407715,0.37151849269866943,0.46139228343963623
35592,1.0,0.3677326440811157,0.27661487460136414,0.46400678157806396
35593,1.0,0.30314069986343384,0.28960490226745605,0.40955960750579834
35594,1.0,0.46995532512664795,0.37806636095046997,0.5676611661911011
35595,1.0,0.3471125364303589,0.2795611619949341,0.33467864990234375
35596,1.0,0.41289687156677246,0.3814079761505127,0.5449942946434021
35597,1.0,0.5892047882080078,0.5918126702308655,0.7585566639900208
35598,1.0,0.4397643208503723,0.4404309093952179,0.46771642565727234
35599,1.0,0.29684650897979736,0.41820913553237915,0.5027582049369812
35600,1.0,0.2821965217590332,0.34218740463256836,0.3721538186073303
35601,1.0,0.38293540477752686,0.3614475727081299,0.43773776292800903
35602,1.0,0.3142334222793579,0.31704869866371155,0.3775414228439331
35603,1.0,0.32488518953323364,0.3046618103981018,0.351923406124115
35604,1.0,0.30381423234939575,0.3078141510486603,0.38823202252388
35605,1.0,0.5046428442001343,0.5355998873710632,0.7966845631599426
35606,1.0,0.6271504163742065,0.6667569279670715,0.7667886018753052
35607,1.0,0.5398428440093994,0.5913588404655457,0.7167730927467346
35608,1.0,0.6129144430160522,0.6375231146812439,0.8072232007980347
35609,1.0,0.48157835006713867,0.5964705348014832,0.6759185791015625
35610,1.0,0.4453797936439514,0.5346511006355286,0.6335182785987854
35611,1.0,0.5816947817802429,0.562571108341217,0.7445464134216309
35612,1.0,0.4798823595046997,0.49554434418678284,0.6503404974937439
35613,1.0,0.40780186653137207,0.47822973132133484,0.5852833986282349
35614,1.0,0.3885226845741272,0.44202911853790283,0.5273734927177429
35615,1.0,0.36883270740509033,0.4157579839229584,0.520011305809021
35616,1.0,0.25073254108428955,0.30436819791793823,0.2435578554868698
35617,1.0,0.25690746307373047,0.29880478978157043,0.26279616355895996
35618,1.0,0.1955546736717224,0.2136332243680954,0.16037383675575256
35619,1.0,0.18926304578781128,0.23863327503204346,0.1989085078239441
35620,1.0,0.2182246446609497,0.26568129658699036,0.18193338811397552
35621,1.0,0.34328943490982056,0.36410757899284363,0.3531382381916046
35622,1.0,0.2243901491165161,0.2521688640117645,0.1609514057636261
35623,0.0,0.2772812843322754,0.23644256591796875,0.22880305349826813
35624,1.0,0.4453669786453247,0.4997689425945282,0.48071983456611633
35625,1.0,0.3704100251197815,0.3546401560306549,0.40918150544166565
35626,1.0,0.349665105342865,0.3625243008136749,0.4480534493923187
35627,1.0,0.29721683263778687,0.28418099880218506,0.456473708152771
35628,1.0,0.37015295028686523,0.31364890933036804,0.5545892119407654
35629,1.0,0.30582529306411743,0.27273544669151306,0.39021942019462585
35891,1.0,0.1596866250038147,0.20471742749214172,0.16289108991622925
35892,0.0,0.23076754808425903,0.3449673056602478,0.446733295917511
35893,1.0,0.20639187097549438,0.33880364894866943,0.342133104801178
35894,1.0,0.18499904870986938,0.30456534028053284,0.3431234359741211
35895,0.0,0.1427936553955078,0.11951883882284164,0.2069438099861145
35896,0.0,0.14587581157684326,0.14748412370681763,0.22368964552879333
35897,1.0,0.13474440574645996,0.11406584084033966,0.17686544358730316
35898,0.0,0.14689648151397705,0.10358034819364548,0.19372403621673584
35899,1.0,0.18152129650115967,0.13484448194503784,0.23904556035995483
35900,1.0,0.09897297620773315,0.08108249306678772,0.11941416561603546
35901,0.0,0.10002517700195312,0.15927086770534515,0.15127496421337128
35902,0.0,0.12983983755111694,0.13696978986263275,0.13677658140659332
35903,0.0,0.17863774299621582,0.1878925859928131,0.22967883944511414
35904,1.0,0.1844872236251831,0.19368526339530945,0.1531238555908203
35905,1.0,0.17280876636505127,0.23269423842430115,0.35045579075813293
35906,1.0,0.15603941679000854,0.15041446685791016,0.27397215366363525
35907,1.0,0.16193848848342896,0.15338483452796936,0.27643170952796936
35908,1.0,0.14708924293518066,0.123933345079422,0.17502178251743317
35909,1.0,0.10375320911407471,0.10646533966064453,0.2547991871833801
35910,1.0,0.14752483367919922,0.1766926497220993,0.2561209797859192
35911,1.0,0.12080138921737671,0.1324828565120697,0.13443858921527863
35912,0.0,0.1099858283996582,0.21399790048599243,0.15692166984081268
35913,0.0,0.09826761484146118,0.0891604870557785,0.09985484182834625
35914,0.0,0.08060652017593384,0.08452127128839493,0.0905260220170021
35915,0.0,0.09429764747619629,0.10787983983755112,0.08351340889930725
35916,0.0,0.053479671478271484,0.05929261073470116,0.044922683387994766
35917,0.0,0.055512070655822754,0.06641710549592972,0.0530155673623085
35918,0.0,0.07562512159347534,0.09128230065107346,0.06879202276468277
35919,1.0,0.07244539260864258,0.08346815407276154,0.05432999134063721
35920,0.0,0.194177508354187,0.18661482632160187,0.19789282977581024
35921,1.0,0.12785059213638306,0.19406944513320923,0.13032090663909912
35922,1.0,0.10463184118270874,0.10905858129262924,0.145936980843544
35923,0.0,0.07577365636825562,0.1437920331954956,0.10478024184703827
35924,1.0,0.07389235496520996,0.09041622281074524,0.09998919814825058
35925,0.0,0.08483290672302246,0.13488739728927612,0.09096037596464157
35926,1.0,0.0785449743270874,0.08187738806009293,0.04937661811709404
35927,1.0,0.06820142269134521,0.08957769721746445,0.08752551674842834
35928,1.0,0.07089799642562866,0.08513394743204117,0.06316825747489929
35929,0.0,0.06487816572189331,0.09423624724149704,0.05584539845585823
35930,1.0,0.07277792692184448,0.08972042053937912,0.06290247291326523
35931,0.0,0.07150620222091675,0.10195931792259216,0.09642908722162247
35932,1.0,0.07463765144348145,0.12811297178268433,0.06657398492097855
35933,1.0,0.07218813896179199,0.09007620811462402,0.09936077147722244
35934,1.0,0.08604979515075684,0.08423212915658951,0.10399933159351349
35935,1.0,0.12511330842971802,0.12461590766906738,0.19566796720027924
35936,1.0,0.08646595478057861,0.121341772377491,0.10096912086009979
35937,0.0,0.11499512195587158,0.16874238848686218,0.20533686876296997
35938,1.0,0.14375299215316772,0.14710012078285217,0.1532844454050064
35939,1.0,0.12923204898834229,0.16197465360164642,0.11805281043052673
35940,1.0,0.11116284132003784,0.1331004649400711,0.1218603327870369
35941,1.0,0.14289838075637817,0.14560288190841675,0.2123129814863205
35942,1.0,0.19040906429290771,0.27127403020858765,0.31360864639282227
36204,0.0,0.06695342063903809,0.05538758635520935,0.05844578891992569
36205,0.0,0.05341440439224243,0.06014389172196388,0.052089761942625046
36206,0.0,0.05674999952316284,0.059257201850414276,0.05351719632744789
36207,0.0,0.05621558427810669,0.042230747640132904,0.04902881756424904
36208,0.0,0.05785781145095825,0.061362169682979584,0.04743099585175514
36209,0.0,0.04864799976348877,0.046369291841983795,0.05337120592594147
36210,0.0,0.05647987127304077,0.06020577251911163,0.06048314645886421
36211,0.0,0.11146390438079834,0.18479511141777039,0.11331247538328171
36212,1.0,0.08083462715148926,0.14094166457653046,0.0917661041021347
36213,0.0,0.10747528076171875,0.06702419370412827,0.07407432794570923
36214,0.0,0.071200430393219,0.07538598775863647,0.06760347634553909
36215,0.0,0.08009541034698486,0.0724513977766037,0.05800889432430267
36216,0.0,0.06405609846115112,0.09366046637296677,0.0541810467839241
36217,0.0,0.06030207872390747,0.09214851260185242,0.04924177750945091
36218,0.0,0.06247168779373169,0.09263070672750473,0.04582837224006653
36219,0.0,0.06327682733535767,0.0769343376159668,0.05580291152000427
36220,0.0,0.05749243497848511,0.08111374825239182,0.04729726165533066
36221,0.0,0.06540769338607788,0.06448421627283096,0.06081222742795944
36222,0.0,0.0569576621055603,0.08253317326307297,0.04458959400653839
36223,0.0,0.05134803056716919,0.0857369601726532,0.03927243873476982
36224,0.0,0.04418867826461792,0.07354234158992767,0.04332040250301361
36225,0.0,0.04567563533782959,0.0543186329305172,0.04931310564279556
36226,0.0,0.03135949373245239,0.033623963594436646,0.026229463517665863
36227,0.0,0.030030429363250732,0.07004614919424057,0.022458795458078384
36228,0.0,0.028865396976470947,0.06654983758926392,0.022800825536251068
36229,0.0,0.030743002891540527,0.06224121153354645,0.024305853992700577
36230,0.0,0.02951788902282715,0.04064595699310303,0.02670680172741413
36231,0.0,0.04785066843032837,0.08580509573221207,0.03777220845222473
36232,1.0,0.07151615619659424,0.13412943482398987,0.06568153202533722
36233,0.0,0.06161779165267944,0.07954684644937515,0.0430915467441082
36234,0.0,0.04773521423339844,0.07780207693576813,0.03229470178484917
36235,0.0,0.042227208614349365,0.06427722424268723,0.02771836146712303
36236,0.0,0.029230892658233643,0.06693007051944733,0.02079600654542446
36237,0.0,0.03037482500076294,0.06790594756603241,0.025561638176441193
36238,0.0,0.027263939380645752,0.06474927812814713,0.019045794382691383
36239,0.0,0.029911577701568604,0.065749891102314,0.02347465045750141
36240,0.0,0.03291362524032593,0.07361703366041183,0.02501511014997959
36241,0.0,0.029779553413391113,0.056993842124938965,0.02284078672528267
36242,0.0,0.05476248264312744,0.09105943888425827,0.03730275481939316
36243,1.0,0.0583990216255188,0.1268438994884491,0.0591815710067749
36244,0.0,0.05011022090911865,0.06179552897810936,0.03313092514872551
36245,0.0,0.0439910888671875,0.052891332656145096,0.03030158020555973
36246,0.0,0.06200200319290161,0.055186811834573746,0.043724145740270615
36247,0.0,0.0939893126487732,0.11226703971624374,0.09194832295179367
36248,1.0,0.08524942398071289,0.13199354708194733,0.07056547701358795
36249,0.0,0.08156996965408325,0.04870876297354698,0.05585220083594322
36250,0.0,0.06172621250152588,0.046284593641757965,0.05119761452078819
36251,0.0,0.15370917320251465,0.12037460505962372,0.11713007837533951
36252,1.0,0.09054005146026611,0.13563692569732666,0.07231193780899048
36253,0.0,0.10156148672103882,0.05325477570295334,0.0637761726975441
36254,0.0,0.13323485851287842,0.09810922294855118,0.1141798347234726
36255,0.0,0.14826560020446777,0.07791638374328613,0.12850473821163177
36517,1.0,0.49797701835632324,0.3595244288444519,0.6490488052368164
36518,1.0,0.44808369874954224,0.33270707726478577,0.6571620106697083
36519,1.0,0.2259160280227661,0.2574305832386017,0.45760783553123474
36520,1.0,0.4164482355117798,0.3749842047691345,0.6473795175552368
36521,1.0,0.2601107358932495,0.32504400610923767,0.4051334857940674
36522,1.0,0.23229634761810303,0.2053159475326538,0.4907251000404358
36523,1.0,0.18816065788269043,0.16112355887889862,0.37538325786590576
36524,1.0,0.15277445316314697,0.1533362716436386,0.32720375061035156
36525,1.0,0.11214423179626465,0.09620290249586105,0.24844761192798615
36526,1.0,0.10543757677078247,0.1059928759932518,0.22575636208057404
36527,1.0,0.08818197250366211,0.09363017976284027,0.1793999969959259
36528,1.0,0.10858863592147827,0.09359756112098694,0.17068472504615784
36529,1.0,0.38717716932296753,0.35011252760887146,0.6582543849945068
36530,1.0,0.455136775970459,0.3215622901916504,0.6268412470817566
36531,1.0,0.5392758846282959,0.3676614463329315,0.7525454163551331
36532,1.0,0.7441408634185791,0.602640688419342,0.9050434827804565
36533,1.0,0.8008186221122742,0.788855254650116,0.918940007686615
36534,1.0,0.8105639815330505,0.8028628826141357,0.9434468746185303
36535,1.0,0.7114037275314331,0.7390245199203491,0.8929538726806641
36536,1.0,0.5483062863349915,0.5848701596260071,0.7474052906036377
36537,1.0,0.5615257620811462,0.6253770589828491,0.7362293004989624
36538,1.0,0.49879854917526245,0.5644251704216003,0.7148467302322388
36539,1.0,0.4770548939704895,0.46956679224967957,0.6036990880966187
36540,1.0,0.49025094509124756,0.4601636826992035,0.6168308258056641
36541,1.0,0.39455342292785645,0.3003429174423218,0.4621790051460266
36542,1.0,0.3744681477546692,0.2864491641521454,0.46380889415740967
36543,1.0,0.3036946654319763,0.3235855996608734,0.4119972288608551
36544,1.0,0.29275214672088623,0.28865498304367065,0.4071803689002991
36545,1.0,0.2796834707260132,0.2821420431137085,0.3769724369049072
36546,1.0,0.2687000632286072,0.23873081803321838,0.36877885460853577
36547,1.0,0.208717942237854,0.1963452249765396,0.27330896258354187
36548,1.0,0.3412976861000061,0.3390567898750305,0.5042692422866821
36549,1.0,0.329695463180542,0.3233003318309784,0.41753214597702026
36550,1.0,0.28902626037597656,0.2759145200252533,0.39626699686050415
36551,1.0,0.18854546546936035,0.21377411484718323,0.2671281099319458
36552,1.0,0.3525632619857788,0.3770692050457001,0.5070621371269226
36553,1.0,0.3101378083229065,0.29359298944473267,0.3907201290130615
36554,1.0,0.2113623023033142,0.24533984065055847,0.37584996223449707
36555,1.0,0.2257581353187561,0.1981002241373062,0.3871881663799286
36556,1.0,0.2796838879585266,0.2480461448431015,0.39363163709640503
36557,1.0,0.18225854635238647,0.1863185167312622,0.32527709007263184
36558,1.0,0.19728392362594604,0.19877733290195465,0.34375932812690735
36559,1.0,0.13913565874099731,0.14589133858680725,0.23543722927570343
36560,1.0,0.12124067544937134,0.12083710730075836,0.2456376999616623
36561,1.0,0.2431943416595459,0.2818843126296997,0.4048008322715759
36562,1.0,0.2996060252189636,0.16683708131313324,0.45340973138809204
36563,1.0,0.27434366941452026,0.40421319007873535,0.5288965702056885
36564,1.0,0.2977159023284912,0.27259454131126404,0.46696293354034424
36565,1.0,0.20837390422821045,0.2312171459197998,0.40245145559310913
36566,1.0,0.4525721073150635,0.40405502915382385,0.6531761288642883
36567,1.0,0.6921690702438354,0.5865586400032043,0.8546352982521057
36568,1.0,0.5139189958572388,0.5034341216087341,0.7376158833503723
36830,0.0,0.22970598936080933,0.26036006212234497,0.34451228380203247
36831,1.0,0.14093559980392456,0.18442600965499878,0.197894886136055
36832,0.0,0.21641206741333008,0.2673000693321228,0.29538628458976746
36833,0.0,0.2528807520866394,0.2518443167209625,0.2854863703250885
36834,0.0,0.33441126346588135,0.26828792691230774,0.5122637152671814
36835,0.0,0.25061941146850586,0.28459349274635315,0.39114806056022644
36836,0.0,0.3994253873825073,0.41890910267829895,0.5962029099464417
36837,1.0,0.415816068649292,0.409585177898407,0.5995115041732788
36838,1.0,0.33133161067962646,0.34645289182662964,0.5047966837882996
36839,0.0,0.39691585302352905,0.320735365152359,0.578462541103363
36840,1.0,0.2686309218406677,0.2859971225261688,0.386528342962265
36841,0.0,0.3519941568374634,0.32619667053222656,0.39512205123901367
36842,1.0,0.5319247245788574,0.5024787187576294,0.6653023362159729
36843,1.0,0.4426540732383728,0.47362980246543884,0.5795938372612
36844,1.0,0.389804482460022,0.4010723829269409,0.5327886939048767
36845,1.0,0.339128315448761,0.28950637578964233,0.48992615938186646
36846,0.0,0.35055798292160034,0.3513193130493164,0.4595928490161896
36847,1.0,0.3650744557380676,0.29717159271240234,0.42354950308799744
36848,1.0,0.2993055582046509,0.27350184321403503,0.33038079738616943
36849,1.0,0.29117918014526367,0.3330264389514923,0.3298884630203247
36850,0.0,0.41655266284942627,0.3470296859741211,0.4730224311351776
36851,1.0,0.40247291326522827,0.4064862132072449,0.4347778260707855
36852,1.0,0.26064592599868774,0.2779381275177002,0.2925626039505005
36853,0.0,0.264404296875,0.2764579653739929,0.24787572026252747
36854,0.0,0.3097086548805237,0.2829664945602417,0.29668471217155457
36855,1.0,0.21669894456863403,0.19648079574108124,0.17575401067733765
36856,0.0,0.13691622018814087,0.18409954011440277,0.13603997230529785
36857,0.0,0.14163392782211304,0.20373739302158356,0.10761823505163193
36858,1.0,0.17986267805099487,0.25151386857032776,0.18981996178627014
36859,1.0,0.16178709268569946,0.16799814999103546,0.18921604752540588
36860,0.0,0.11834418773651123,0.16218875348567963,0.11517778038978577
36861,0.0,0.18691962957382202,0.20893408358097076,0.1495104730129242
36862,1.0,0.13716930150985718,0.21703022718429565,0.12899257242679596
36863,0.0,0.11936908960342407,0.15782500803470612,0.13382457196712494
36864,0.0,0.18061304092407227,0.22316789627075195,0.15393328666687012
36865,1.0,0.17210602760314941,0.24952633678913116,0.13613735139369965
36866,0.0,0.23125708103179932,0.1981230080127716,0.24984583258628845
36867,1.0,0.23621803522109985,0.2553806006908417,0.23776426911354065
36868,0.0,0.1308133602142334,0.18695424497127533,0.13482721149921417
36869,0.0,0.16971313953399658,0.1950896829366684,0.17900773882865906
36870,0.0,0.24396485090255737,0.2847025692462921,0.2606033384799957
36871,1.0,0.20787638425827026,0.2515144944190979,0.28127917647361755
36872,0.0,0.1962936520576477,0.2493830919265747,0.20633015036582947
36873,0.0,0.24258840084075928,0.22780954837799072,0.31272873282432556
36874,0.0,0.16387301683425903,0.1664944291114807,0.22420594096183777
36875,0.0,0.1170157790184021,0.13869497179985046,0.09601039439439774
36876,0.0,0.12546437978744507,0.17458020150661469,0.10001956671476364
36877,0.0,0.10815536975860596,0.15520645678043365,0.11334904283285141
36878,0.0,0.09460777044296265,0.12449933588504791,0.07884449511766434
36879,0.0,0.10110640525817871,0.10437040030956268,0.08342757821083069
36880,0.0,0.23769694566726685,0.23328939080238342,0.269538015127182
36881,0.0,0.2323581576347351,0.2132270783185959,0.26914653182029724
37143,1.0,0.32501256465911865,0.3589012920856476,0.47463318705558777
37144,1.0,0.3421401381492615,0.3556313216686249,0.47787901759147644
37145,1.0,0.4985188841819763,0.3470425009727478,0.7253775000572205
37146,1.0,0.2403475046157837,0.3850189745426178,0.3592309057712555
37147,1.0,0.3152537941932678,0.3970930278301239,0.5143147110939026
37148,0.0,0.33372020721435547,0.3568529784679413,0.5442382097244263
37149,1.0,0.30300700664520264,0.30640873312950134,0.46351656317710876
37150,0.0,0.23559051752090454,0.3454277515411377,0.4742034673690796
37151,1.0,0.33769291639328003,0.3226009011268616,0.6671733260154724
37152,1.0,0.43933987617492676,0.36603668332099915,0.6082035899162292
37153,1.0,0.3162453770637512,0.46566104888916016,0.5421332716941833
37154,1.0,0.29285407066345215,0.37564224004745483,0.41531914472579956
37155,1.0,0.3882606029510498,0.45802393555641174,0.6660272479057312
37156,1.0,0.44929563999176025,0.4739511013031006,0.721196711063385
37157,1.0,0.5380581617355347,0.521969735622406,0.7830179929733276
37158,1.0,0.4923859238624573,0.5593513250350952,0.6934085488319397
37159,1.0,0.7018250823020935,0.6843935251235962,0.8910398483276367
37160,1.0,0.6741598844528198,0.6760756373405457,0.8598222136497498
37161,1.0,0.7619416117668152,0.6008541584014893,0.9018523097038269
37162,1.0,0.6939449906349182,0.7205005884170532,0.7870667576789856
37163,1.0,0.6865968108177185,0.7030534148216248,0.8726595044136047
37164,1.0,0.7155750393867493,0.714238166809082,0.8504529595375061
37165,1.0,0.5838287472724915,0.6639604568481445,0.7568915486335754
37166,1.0,0.6941158771514893,0.7161567807197571,0.8326902389526367
37167,1.0,0.659316897392273,0.6361370086669922,0.8047403693199158
37168,1.0,0.5819912552833557,0.5447167754173279,0.7100708484649658
37169,1.0,0.5120161771774292,0.5446212291717529,0.6170306205749512
37170,1.0,0.5628774166107178,0.42987218499183655,0.636670708656311
37171,1.0,0.5510529279708862,0.48589834570884705,0.6434085965156555
37172,1.0,0.45702195167541504,0.40224024653434753,0.5383829474449158
37173,1.0,0.27822619676589966,0.3130897581577301,0.40699440240859985
37174,0.0,0.249073326587677,0.2545470595359802,0.314282089471817
37175,1.0,0.30091243982315063,0.24907195568084717,0.3956000804901123
37176,1.0,0.25269782543182373,0.24050402641296387,0.36161521077156067
37177,1.0,0.2252855896949768,0.2149236500263214,0.34676507115364075
37178,1.0,0.227897047996521,0.24310098588466644,0.3228241801261902
37179,1.0,0.24087977409362793,0.22427724301815033,0.3478507101535797
37180,1.0,0.23061615228652954,0.2281501740217209,0.4136120080947876
37181,1.0,0.26415449380874634,0.27223801612854004,0.3111744225025177
37182,1.0,0.288332462310791,0.26515862345695496,0.4161999821662903
37183,1.0,0.23624593019485474,0.25175154209136963,0.35072076320648193
37184,1.0,0.2755205035209656,0.2260640263557434,0.5114433765411377
37185,0.0,0.274758517742157,0.29328247904777527,0.372943639755249
37186,1.0,0.27580511569976807,0.22709691524505615,0.34973201155662537
37187,1.0,0.26300686597824097,0.22745168209075928,0.3509145975112915
37188,0.0,0.2753208875656128,0.24782399833202362,0.3512802720069885
37189,1.0,0.3746982216835022,0.2786993980407715,0.4857217073440552
37190,1.0,0.37724483013153076,0.34940242767333984,0.5254917144775391
37191,1.0,0.4462447762489319,0.4132397472858429,0.6232007741928101
37192,1.0,0.2960779070854187,0.3154747784137726,0.47921648621559143
37193,0.0,0.3849800229072571,0.37859827280044556,0.6144827604293823
37194,1.0,0.3784663677215576,0.3288411796092987,0.5950040817260742
37456,1.0,0.04179292917251587,0.05418670177459717,0.034846752882003784
37457,1.0,0.042918384075164795,0.05657714977860451,0.03633750602602959
37458,1.0,0.04273778200149536,0.05992761626839638,0.02742108888924122
37459,1.0,0.042801618576049805,0.07425523549318314,0.03368334099650383
37460,1.0,0.04064154624938965,0.06115557998418808,0.026812465861439705
37461,1.0,0.039470672607421875,0.04895949736237526,0.03494620695710182
37462,1.0,0.04263120889663696,0.04849354922771454,0.03310071676969528
37463,1.0,0.038848936557769775,0.05222216993570328,0.029276084154844284
37464,1.0,0.037278950214385986,0.03900578245520592,0.03662584722042084
37465,1.0,0.04232686758041382,0.05275383219122887,0.039434030652046204
37466,1.0,0.04027295112609863,0.04213865473866463,0.033835530281066895
37467,1.0,0.03744328022003174,0.0392872616648674,0.03460891917347908
37468,1.0,0.042271971702575684,0.09230516850948334,0.03279556334018707
37469,1.0,0.042565345764160156,0.06608486920595169,0.03775569051504135
37470,1.0,0.04214197397232056,0.06461309641599655,0.0372733473777771
37471,1.0,0.04119992256164551,0.05132244527339935,0.03434624522924423
37472,1.0,0.043173372745513916,0.07391443848609924,0.03606465831398964
37473,1.0,0.03698986768722534,0.048580706119537354,0.0316508524119854
37474,1.0,0.037907540798187256,0.04524364322423935,0.031339265406131744
37475,1.0,0.03368663787841797,0.04283139109611511,0.026669463142752647
37476,1.0,0.036489129066467285,0.04300559312105179,0.031030869111418724
37477,1.0,0.03294438123703003,0.041287612169981,0.028865670785307884
37478,1.0,0.030416011810302734,0.04200452193617821,0.026030752807855606
37479,1.0,0.031054198741912842,0.033929791301488876,0.022191176190972328
37480,1.0,0.032439470291137695,0.0322185717523098,0.021255409345030785
37481,1.0,0.032843172550201416,0.03659826144576073,0.02543962374329567
37482,1.0,0.028595685958862305,0.0322437509894371,0.02267470955848694
37483,1.0,0.02894371747970581,0.042768824845552444,0.019167788326740265
37484,1.0,0.02609330415725708,0.041578758507966995,0.019413987174630165
37485,1.0,0.02695763111114502,0.050127964466810226,0.018396561965346336
37486,1.0,0.02645254135131836,0.03688778728246689,0.018633326515555382
37487,1.0,0.026457667350769043,0.04690651595592499,0.016376588493585587
37488,1.0,0.024351000785827637,0.03279624506831169,0.014095359481871128
37489,1.0,0.02550637722015381,0.03610582277178764,0.016905274242162704
37490,1.0,0.026037275791168213,0.04203727841377258,0.013216246850788593
37491,1.0,0.02595740556716919,0.03755274415016174,0.01505779754370451
37492,1.0,0.024108171463012695,0.042063940316438675,0.014318592846393585
37493,1.0,0.023535549640655518,0.042569465935230255,0.013751617632806301
37494,1.0,0.023002147674560547,0.03182975947856903,0.014775395393371582
37495,1.0,0.02409309148788452,0.03257530927658081,0.01698809675872326
37496,1.0,0.02223116159439087,0.03909493610262871,0.015111172571778297
37497,1.0,0.02463078498840332,0.04193103685975075,0.016896115615963936
37498,1.0,0.024045228958129883,0.04300800710916519,0.016823099926114082
37499,1.0,0.025523841381072998,0.04736769571900368,0.017090098932385445
37500,1.0,0.025409221649169922,0.056156933307647705,0.01977185159921646
37501,1.0,0.025203943252563477,0.05049850419163704,0.022214923053979874
37502,1.0,0.025748133659362793,0.05159662291407585,0.019110511988401413
37503,1.0,0.028798341751098633,0.0366937480866909,0.02309919334948063
37504,1.0,0.030431509017944336,0.06422789394855499,0.03127565607428551
37505,1.0,0.03794240951538086,0.09775067865848541,0.0322393961250782
37506,1.0,0.04573976993560791,0.11216738075017929,0.04498108848929405
37507,1.0,0.04649960994720459,0.0824354961514473,0.04452039301395416
37769,0.0,0.05461776256561279,0.03484479710459709,0.06485956162214279
37770,0.0,0.06210637092590332,0.03637038543820381,0.06253673881292343
37771,0.0,0.06452643871307373,0.03730328008532524,0.06377162039279938
37772,0.0,0.05735725164413452,0.03891560062766075,0.06383317708969116
37773,0.0,0.06025415658950806,0.04117999225854874,0.05972398817539215
37774,0.0,0.049580931663513184,0.03677336871623993,0.05589320510625839
37775,0.0,0.057541608810424805,0.049458008259534836,0.07489383965730667
37776,0.0,0.05767303705215454,0.05037187039852142,0.08652890473604202
37777,0.0,0.044917404651641846,0.04209481552243233,0.0752430260181427
37778,0.0,0.14540863037109375,0.18092714250087738,0.21085168421268463
37779,0.0,0.13833719491958618,0.1714990735054016,0.1495382934808731
37780,0.0,0.07248562574386597,0.07681381702423096,0.06432527303695679
37781,0.0,0.2024669647216797,0.12430541962385178,0.18370561301708221
37782,0.0,0.12160444259643555,0.12232349067926407,0.10720889270305634
37783,0.0,0.12116867303848267,0.08527935296297073,0.09454332292079926
37784,0.0,0.08348822593688965,0.0646943673491478,0.07851073890924454
37785,0.0,0.23636960983276367,0.1429460197687149,0.218572735786438
37786,1.0,0.5458338260650635,0.5024081468582153,0.6793638467788696
37787,1.0,0.4950488805770874,0.48913514614105225,0.6605145335197449
37788,1.0,0.4023438096046448,0.3767123520374298,0.5281551480293274
37789,1.0,0.46290677785873413,0.38521748781204224,0.6261113286018372
37790,1.0,0.5080106854438782,0.42871710658073425,0.6375449895858765
37791,1.0,0.3048226833343506,0.2185705006122589,0.37243324518203735
37792,1.0,0.4421995282173157,0.4669140577316284,0.6527231931686401
37793,1.0,0.6115767955780029,0.7084761261940002,0.7774962782859802
37794,1.0,0.5011378526687622,0.597890317440033,0.6767123341560364
37795,1.0,0.5531587600708008,0.6662658452987671,0.7964571118354797
37796,1.0,0.28367775678634644,0.36685284972190857,0.406930148601532
37797,1.0,0.33998018503189087,0.4531298875808716,0.5850870013237
37798,0.0,0.2252124547958374,0.30573922395706177,0.3424675762653351
37799,0.0,0.2068943977355957,0.20691874623298645,0.30424681305885315
37800,0.0,0.10384005308151245,0.0978814959526062,0.09440458565950394
37801,0.0,0.05912750959396362,0.05188174545764923,0.04395349323749542
37802,0.0,0.061166584491729736,0.08438737690448761,0.048547934740781784
37803,0.0,0.05938458442687988,0.10804550349712372,0.05466165766119957
37804,0.0,0.09430694580078125,0.10673455893993378,0.07209928333759308
37805,1.0,0.13003557920455933,0.11782845854759216,0.13339243829250336
37806,0.0,0.10374611616134644,0.11545088142156601,0.12910525500774384
37807,0.0,0.08225846290588379,0.0864567682147026,0.09916331619024277
37808,0.0,0.07393687963485718,0.07307302951812744,0.08931700885295868
37809,0.0,0.05202138423919678,0.04454294964671135,0.04048600420355797
37810,0.0,0.0346219539642334,0.018688201904296875,0.02960094064474106
37811,0.0,0.08732002973556519,0.0953490138053894,0.08464211225509644
37812,0.0,0.29339367151260376,0.3061876893043518,0.40944617986679077
37813,1.0,0.1694401502609253,0.20564638078212738,0.21832872927188873
37814,0.0,0.1293746829032898,0.10106662660837173,0.13247132301330566
37815,0.0,0.1107749342918396,0.10129481554031372,0.15211212635040283
37816,0.0,0.12976932525634766,0.10225346684455872,0.11945220082998276
37817,0.0,0.05160808563232422,0.04897148907184601,0.04188954830169678
37818,0.0,0.14387911558151245,0.11999155580997467,0.1582326740026474
37819,0.0,0.15793591737747192,0.15164490044116974,0.18040932714939117
37820,0.0,0.16614311933517456,0.08342528343200684,0.15027552843093872
38082,0.0,0.032463133335113525,0.047704149037599564,0.03463827818632126
38083,0.0,0.030591130256652832,0.06393774598836899,0.027212917804718018
38084,0.0,0.031845808029174805,0.045045457780361176,0.03167803958058357
38085,0.0,0.031437575817108154,0.05237367004156113,0.02973448671400547
38086,0.0,0.032666146755218506,0.06885901093482971,0.02400096133351326
38087,0.0,0.02805119752883911,0.06703245639801025,0.025050237774848938
38088,0.0,0.028700292110443115,0.061365094035863876,0.028073962777853012
38089,0.0,0.03089606761932373,0.09676827490329742,0.026987167075276375
38090,0.0,0.03157609701156616,0.0777125284075737,0.03716786578297615
38091,0.0,0.03211057186126709,0.09186872839927673,0.026250967755913734
38092,0.0,0.02811145782470703,0.07434830069541931,0.03059520572423935
38093,0.0,0.03277873992919922,0.09427714347839355,0.0382617749273777
38094,0.0,0.03015798330307007,0.09831316024065018,0.02098589576780796
38095,0.0,0.03301393985748291,0.07942941784858704,0.017876897007226944
38096,0.0,0.027737677097320557,0.08569493889808655,0.014190617948770523
38097,0.0,0.03213125467300415,0.0816618874669075,0.022301698103547096
38098,0.0,0.02711731195449829,0.07269149273633957,0.013462208211421967
38099,0.0,0.034976959228515625,0.06442418694496155,0.03308675438165665
38100,0.0,0.033408284187316895,0.0776815190911293,0.016402631998062134
38101,0.0,0.02772378921508789,0.08589594066143036,0.013974265195429325
38102,0.0,0.027012109756469727,0.07186367362737656,0.01430890429764986
38103,0.0,0.07807791233062744,0.09810201823711395,0.05838403478264809
38104,0.0,0.050232112407684326,0.11879020929336548,0.03903192654252052
38105,0.0,0.0510440468788147,0.09402630478143692,0.02829631231725216
38106,0.0,0.09556728601455688,0.16105197370052338,0.06599223613739014
38107,0.0,0.0753825306892395,0.12733401358127594,0.04961857199668884
38108,0.0,0.1572580337524414,0.1849498301744461,0.1390209197998047
38109,0.0,0.20777744054794312,0.27676692605018616,0.18526121973991394
38110,0.0,0.1939021348953247,0.19100350141525269,0.10679107159376144
38111,0.0,0.1546400785446167,0.16693755984306335,0.10214309394359589
38112,0.0,0.22399157285690308,0.30399763584136963,0.1523185670375824
38113,1.0,0.14262908697128296,0.21195954084396362,0.07443206757307053
38114,0.0,0.162295401096344,0.18972676992416382,0.1254601925611496
38115,0.0,0.16906940937042236,0.18109412491321564,0.10337120294570923
38116,0.0,0.15738999843597412,0.1583229899406433,0.09780721366405487
38117,0.0,0.11402279138565063,0.17158986628055573,0.07738450169563293
38118,0.0,0.12978273630142212,0.1641857922077179,0.05739646404981613
38119,0.0,0.13986557722091675,0.1398012787103653,0.13692203164100647
38120,0.0,0.13927173614501953,0.1454358696937561,0.14102035760879517
38121,0.0,0.11073780059814453,0.13387718796730042,0.06643778085708618
38122,0.0,0.1253046989440918,0.12051821500062943,0.12383496016263962
38123,0.0,0.1071772575378418,0.12684378027915955,0.09826306998729706
38124,0.0,0.09355765581130981,0.1261768490076065,0.08259353786706924
38125,0.0,0.09218740463256836,0.11706320196390152,0.07928676158189774
38126,0.0,0.06651449203491211,0.07670969516038895,0.05881141498684883
38127,0.0,0.09455478191375732,0.12254197150468826,0.08330332487821579
38128,0.0,0.0537334680557251,0.05162652209401131,0.053980618715286255
38129,0.0,0.055799901485443115,0.08175623416900635,0.0370248444378376
38130,0.0,0.07698047161102295,0.12558741867542267,0.05933179333806038
38131,0.0,0.08645635843276978,0.11994227021932602,0.054183393716812134
38132,0.0,0.07773703336715698,0.0807022824883461,0.05985096096992493
38133,0.0,0.07717716693878174,0.10231292992830276,0.08648837357759476
38395,0.0,0.0989987850189209,0.12386354058980942,0.10849159210920334
38396,0.0,0.22412574291229248,0.18094515800476074,0.26325711607933044
38397,0.0,0.22695469856262207,0.1542331874370575,0.2484789937734604
38398,0.0,0.2577971816062927,0.20623278617858887,0.3259637951850891
38399,0.0,0.24314051866531372,0.18285642564296722,0.3415032625198364
38400,0.0,0.25048887729644775,0.22408510744571686,0.2782074809074402
38401,0.0,0.25393784046173096,0.20171523094177246,0.28284862637519836
38402,0.0,0.23679161071777344,0.18885192275047302,0.3013361692428589
38403,0.0,0.2853054404258728,0.2205125242471695,0.36680537462234497
38404,0.0,0.2610827684402466,0.20342101156711578,0.3043527901172638
38405,0.0,0.2781611680984497,0.20595182478427887,0.4098060131072998
38406,0.0,0.28365129232406616,0.1974128931760788,0.36169397830963135
38407,0.0,0.2803767919540405,0.2272712141275406,0.356124609708786
38408,0.0,0.3520348072052002,0.3133861720561981,0.5002051591873169
38409,1.0,0.30245304107666016,0.3665269911289215,0.40093398094177246
38410,0.0,0.2880478501319885,0.22495143115520477,0.3791281580924988
38411,0.0,0.28102660179138184,0.2312634289264679,0.44292211532592773
38412,0.0,0.2408885955810547,0.24770723283290863,0.365862101316452
38413,0.0,0.18954020738601685,0.20061495900154114,0.28526848554611206
38414,0.0,0.2163977026939392,0.1883000135421753,0.29165300726890564
38415,0.0,0.2174174189567566,0.18337427079677582,0.255982905626297
38416,0.0,0.15909487009048462,0.1285003274679184,0.18492981791496277
38417,0.0,0.2396845817565918,0.17888838052749634,0.28356632590293884
38418,0.0,0.2147102952003479,0.18044467270374298,0.245711088180542
38419,0.0,0.27009838819503784,0.17277087271213531,0.24801161885261536
38420,0.0,0.2836366891860962,0.2722512185573578,0.29255983233451843
38421,0.0,0.18788033723831177,0.15777774155139923,0.17577239871025085
38422,0.0,0.11901789903640747,0.10068878531455994,0.15695956349372864
38423,0.0,0.19350546598434448,0.15855060517787933,0.22365045547485352
38424,0.0,0.13296985626220703,0.12943606078624725,0.13739816844463348
38425,0.0,0.09286308288574219,0.0946120172739029,0.10865672677755356
38426,0.0,0.05875629186630249,0.05835237354040146,0.061719730496406555
38427,0.0,0.05393725633621216,0.06926703453063965,0.06015484780073166
38428,0.0,0.05842030048370361,0.08713402599096298,0.0726197212934494
38429,0.0,0.0631834864616394,0.11447449028491974,0.07435610145330429
38430,0.0,0.04521214962005615,0.07015817612409592,0.04525668919086456
38431,0.0,0.102719247341156,0.10827154666185379,0.09169135242700577
38432,0.0,0.05565190315246582,0.07641439884901047,0.04877961799502373
38433,0.0,0.09012627601623535,0.1007145345211029,0.09061698615550995
38434,0.0,0.1402674913406372,0.14898046851158142,0.13216370344161987
38435,0.0,0.11860370635986328,0.17090880870819092,0.11669445782899857
38436,0.0,0.10001641511917114,0.1266072392463684,0.09789476543664932
38437,0.0,0.06204026937484741,0.09480220824480057,0.06285661458969116
38438,0.0,0.07935214042663574,0.10135992616415024,0.0982510894536972
38439,0.0,0.04520058631896973,0.052582260221242905,0.04349351301789284
38440,0.0,0.03584170341491699,0.03367457911372185,0.02977607771754265
38441,0.0,0.02763187885284424,0.020560169592499733,0.026384448632597923
38442,0.0,0.03367644548416138,0.024504944682121277,0.027830813080072403
38443,0.0,0.08673620223999023,0.17291724681854248,0.0920819640159607
38444,0.0,0.059374094009399414,0.06820115447044373,0.049488797783851624
38445,0.0,0.06819558143615723,0.11839557439088821,0.08580449968576431
38446,0.0,0.13574111461639404,0.2433992475271225,0.1284523755311966
38708,1.0,0.7085732221603394,0.6919670701026917,0.8939701914787292
38709,1.0,0.6629670858383179,0.6865860819816589,0.8805989027023315
38710,1.0,0.6315862536430359,0.7371846437454224,0.8923116326332092
38711,1.0,0.6359058022499084,0.639011025428772,0.8788736462593079
38712,1.0,0.5937817096710205,0.6089328527450562,0.8129776120185852
38713,1.0,0.7173577547073364,0.6170914173126221,0.872022807598114
38714,1.0,0.6440517902374268,0.6751315593719482,0.8695091605186462
38715,1.0,0.6495892405509949,0.6698209643363953,0.8322572708129883
38716,1.0,0.6964240670204163,0.6693439483642578,0.8434173464775085
38717,1.0,0.6806187629699707,0.7182022929191589,0.8587478399276733
38718,1.0,0.67542564868927,0.6526833176612854,0.8244888186454773
38719,1.0,0.5998528003692627,0.6142012476921082,0.6745821237564087
38720,0.0,0.6133937835693359,0.5710973143577576,0.6208924651145935
38721,1.0,0.5821570754051208,0.4953867495059967,0.5734597444534302
38722,1.0,0.3935278058052063,0.35578128695487976,0.4017641842365265
38723,1.0,0.4048967957496643,0.3770005404949188,0.507513165473938
38724,1.0,0.3978010416030884,0.3575369119644165,0.4480825364589691
38725,0.0,0.3816834092140198,0.3322666883468628,0.3495578467845917
38726,1.0,0.40402352809906006,0.3615574538707733,0.3642668128013611
38727,0.0,0.3318015933036804,0.25800514221191406,0.30181387066841125
38728,1.0,0.31525254249572754,0.29043540358543396,0.34953466057777405
38729,1.0,0.2976728081703186,0.25532266497612,0.2818005084991455
38730,0.0,0.185191810131073,0.23327580094337463,0.2167348563671112
38731,0.0,0.22472494840621948,0.25671160221099854,0.25933870673179626
38732,0.0,0.24515146017074585,0.20859389007091522,0.2516113519668579
38733,0.0,0.16843605041503906,0.2008494883775711,0.15782010555267334
38734,0.0,0.17915797233581543,0.20623821020126343,0.2233823984861374
38735,1.0,0.20381206274032593,0.20289383828639984,0.171266570687294
38736,0.0,0.18575674295425415,0.22710540890693665,0.16497312486171722
38737,1.0,0.27452850341796875,0.25621509552001953,0.2524873614311218
38738,0.0,0.17309439182281494,0.22736120223999023,0.20246106386184692
38739,0.0,0.1960490345954895,0.18123263120651245,0.17917943000793457
38740,0.0,0.13561731576919556,0.15392768383026123,0.13732978701591492
38741,0.0,0.11223798990249634,0.17353007197380066,0.10647089779376984
38742,0.0,0.1271427869796753,0.2022925615310669,0.1359046995639801
38743,0.0,0.13284236192703247,0.19035634398460388,0.14455999433994293
38744,0.0,0.309593141078949,0.25240328907966614,0.3289256989955902
38745,1.0,0.2230011224746704,0.24540512263774872,0.26969826221466064
38746,0.0,0.165799081325531,0.15890999138355255,0.15604451298713684
38747,0.0,0.24289023876190186,0.2554625868797302,0.26653528213500977
38748,0.0,0.24843817949295044,0.22586700320243835,0.26242777705192566
38749,0.0,0.1707436442375183,0.18436719477176666,0.23282188177108765
38750,0.0,0.18816536664962769,0.18483595550060272,0.21986182034015656
38751,0.0,0.303571879863739,0.29047107696533203,0.4183940291404724
38752,0.0,0.185249924659729,0.17045751214027405,0.23755352199077606
38753,0.0,0.1509265899658203,0.11227433383464813,0.15299361944198608
38754,0.0,0.12624073028564453,0.10374994575977325,0.11104507744312286
38755,0.0,0.10643082857131958,0.13049133121967316,0.1032479852437973
38756,0.0,0.06215089559555054,0.10042498260736465,0.042167361825704575
38757,0.0,0.08006656169891357,0.13125839829444885,0.054598819464445114
38758,0.0,0.23545712232589722,0.20532351732254028,0.248686283826828
38759,0.0,0.24549490213394165,0.2693222165107727,0.3750201463699341
39021,0.0,0.2576010227203369,0.2206781953573227,0.31595784425735474
39022,1.0,0.37295001745224,0.35616397857666016,0.5477936863899231
39023,1.0,0.5395877361297607,0.49752727150917053,0.7288265824317932
39024,1.0,0.43000370264053345,0.364953875541687,0.6305966377258301
39025,1.0,0.46239614486694336,0.4034416377544403,0.6663364171981812
39026,1.0,0.38416433334350586,0.37158137559890747,0.49883756041526794
39027,1.0,0.3490002155303955,0.3651588559150696,0.5141113996505737
39028,0.0,0.27752381563186646,0.26011377573013306,0.35319122672080994
39029,1.0,0.3759920597076416,0.36175796389579773,0.4490996301174164
39030,1.0,0.48652881383895874,0.38426876068115234,0.514636218547821
39031,1.0,0.38911473751068115,0.3619276285171509,0.5171235799789429
39032,1.0,0.27724844217300415,0.2690615653991699,0.3718786835670471
39033,0.0,0.5781370997428894,0.47947928309440613,0.6029062867164612
39034,1.0,0.6187537908554077,0.5274236798286438,0.5731829404830933
39035,1.0,0.5717430114746094,0.5160923600196838,0.6761264204978943
39036,1.0,0.5159425735473633,0.6076855659484863,0.6790162920951843
39037,1.0,0.5077935457229614,0.5690611004829407,0.5844056606292725
39038,1.0,0.46553534269332886,0.5203602910041809,0.5406400561332703
39039,1.0,0.43548697233200073,0.45042484998703003,0.4761359989643097
39040,1.0,0.3478071689605713,0.32935047149658203,0.3811512589454651
39041,1.0,0.31815433502197266,0.2987365126609802,0.3624283969402313
39042,1.0,0.2863425612449646,0.24336008727550507,0.2677614390850067
39043,1.0,0.26293617486953735,0.2547341287136078,0.28041282296180725
39044,0.0,0.23361831903457642,0.2233927696943283,0.2501658797264099
39045,1.0,0.20603978633880615,0.21656127274036407,0.21348069608211517
39046,1.0,0.24604487419128418,0.19795049726963043,0.22615626454353333
39047,0.0,0.1548830270767212,0.1948535144329071,0.17935730516910553
39048,1.0,0.1735687255859375,0.2260323315858841,0.15409311652183533
39049,0.0,0.1671009063720703,0.19729991257190704,0.1820482760667801
39050,0.0,0.18442600965499878,0.17518030107021332,0.1891116350889206
39051,1.0,0.21792298555374146,0.22241613268852234,0.19166065752506256
39052,1.0,0.1352001428604126,0.15556438267230988,0.1334962546825409
39053,0.0,0.20761263370513916,0.2159663885831833,0.2063436657190323
39054,1.0,0.14335423707962036,0.2034149169921875,0.13433103263378143
39055,0.0,0.14251482486724854,0.19991953670978546,0.14751861989498138
39056,0.0,0.08713918924331665,0.10164563357830048,0.0807952955365181
39057,0.0,0.1687515377998352,0.19844260811805725,0.16274826228618622
39058,0.0,0.14015787839889526,0.17502523958683014,0.28650715947151184
39059,0.0,0.0957256555557251,0.1284521520137787,0.10237212479114532
39060,0.0,0.18517976999282837,0.2071860283613205,0.18452775478363037
39061,0.0,0.09314048290252686,0.1121409460902214,0.07815523445606232
39062,0.0,0.12430232763290405,0.09086468070745468,0.11718213558197021
39063,0.0,0.06632894277572632,0.07864547520875931,0.05490010604262352
39064,0.0,0.07116180658340454,0.07532958686351776,0.06143129989504814
39065,0.0,0.12256109714508057,0.24335113167762756,0.12451764196157455
39066,1.0,0.1581631898880005,0.18936528265476227,0.22094707190990448
39067,0.0,0.12567925453186035,0.16286513209342957,0.15916065871715546
39068,0.0,0.18662291765213013,0.21769332885742188,0.20372618734836578
39069,0.0,0.1157689094543457,0.1706281304359436,0.1440923810005188
39070,0.0,0.11718529462814331,0.12260070443153381,0.11167530715465546
39071,0.0,0.248246431350708,0.20292606949806213,0.26023241877555847
39072,1.0,0.22643005847930908,0.25089630484580994,0.34320229291915894
39334,1.0,0.0381130576133728,0.054220784455537796,0.04216217249631882
39335,1.0,0.03342825174331665,0.05263110622763634,0.03951801359653473
39336,1.0,0.03506284952163696,0.05675216764211655,0.036284562200307846
39337,1.0,0.03401970863342285,0.07027097046375275,0.03619418665766716
39338,1.0,0.03478056192398071,0.053991157561540604,0.031950075179338455
39339,1.0,0.032971739768981934,0.0713106095790863,0.026580821722745895
39340,1.0,0.03340846300125122,0.08197521418333054,0.03352853283286095
39341,1.0,0.035251617431640625,0.07095180451869965,0.04427371546626091
39342,1.0,0.03234744071960449,0.08551226556301117,0.04115533456206322
39343,1.0,0.03404718637466431,0.06991102546453476,0.036501090973615646
39344,1.0,0.03221094608306885,0.07010039687156677,0.03183228522539139
39345,1.0,0.03567630052566528,0.0800180658698082,0.0495024137198925
39346,1.0,0.03522258996963501,0.07902519404888153,0.03312661498785019
39347,1.0,0.03678011894226074,0.060660552233457565,0.03632321581244469
39348,1.0,0.033541738986968994,0.08284514397382736,0.034291863441467285
39349,1.0,0.03365910053253174,0.06535861641168594,0.03172551095485687
39350,1.0,0.0356714129447937,0.07387728244066238,0.03159170225262642
39351,1.0,0.03423064947128296,0.07048632204532623,0.03396289795637131
39352,1.0,0.03540658950805664,0.03976858779788017,0.046852100640535355
39353,1.0,0.038135528564453125,0.052630096673965454,0.029720844700932503
39354,1.0,0.03357928991317749,0.05518033355474472,0.033922433853149414
39355,1.0,0.0354686975479126,0.05227479338645935,0.02927384525537491
39356,1.0,0.037111878395080566,0.05702322721481323,0.03879540041089058
39357,1.0,0.03029608726501465,0.05730152875185013,0.01867079548537731
39358,1.0,0.028477132320404053,0.05870969220995903,0.01755453273653984
39359,1.0,0.029141545295715332,0.05976901948451996,0.017985234037041664
39360,1.0,0.03063821792602539,0.031400274485349655,0.03625771030783653
39361,1.0,0.024920284748077393,0.06156852841377258,0.01970181055366993
39362,1.0,0.032884418964385986,0.04964252561330795,0.03359224647283554
39363,1.0,0.024528205394744873,0.052968114614486694,0.01590690016746521
39364,1.0,0.02815347909927368,0.053976524621248245,0.029725907370448112
39365,1.0,0.02500295639038086,0.0486425906419754,0.024169180542230606
39366,1.0,0.020481407642364502,0.051795125007629395,0.013074813410639763
39367,1.0,0.024638473987579346,0.04080590978264809,0.02741314470767975
39368,1.0,0.024996578693389893,0.049251195043325424,0.022168830037117004
39369,1.0,0.025282680988311768,0.04796041175723076,0.02315542660653591
39370,1.0,0.04580873250961304,0.06648939847946167,0.042201656848192215
39371,1.0,0.08570623397827148,0.0849759429693222,0.07328399270772934
39372,1.0,0.06412768363952637,0.08850405365228653,0.06734871119260788
39373,1.0,0.05777162313461304,0.06492719799280167,0.05219390615820885
39374,1.0,0.05301225185394287,0.0496644452214241,0.05433443933725357
39375,1.0,0.046424269676208496,0.0492718331515789,0.0371023565530777
39376,1.0,0.03012526035308838,0.039958056062459946,0.026690950617194176
39377,1.0,0.03538334369659424,0.045247238129377365,0.034403227269649506
39378,1.0,0.035527825355529785,0.042179983109235764,0.03379356861114502
39379,1.0,0.034108102321624756,0.025483788922429085,0.037772536277770996
39380,1.0,0.03545546531677246,0.02540482021868229,0.03815310448408127
39381,1.0,0.04142582416534424,0.03782164305448532,0.04700130969285965
39382,1.0,0.03863668441772461,0.04667586088180542,0.040250927209854126
39383,1.0,0.048068106174468994,0.07245451956987381,0.05784124135971069
39384,1.0,0.06098824739456177,0.10300016403198242,0.058776188641786575
39385,1.0,0.052771568298339844,0.11186826974153519,0.0639914944767952
39647,1.0,0.14412468671798706,0.16304412484169006,0.15563680231571198
39648,1.0,0.10423308610916138,0.12474162131547928,0.13318336009979248
39649,1.0,0.088711678981781,0.10539793968200684,0.08889690786600113
39650,1.0,0.08796197175979614,0.13033540546894073,0.11606597155332565
39651,1.0,0.05444592237472534,0.07363039255142212,0.0852404311299324
39652,1.0,0.05974137783050537,0.06950336694717407,0.044134777039289474
39653,1.0,0.128556489944458,0.1661372184753418,0.10145016014575958
39654,1.0,0.0972784161567688,0.15582454204559326,0.08417611569166183
39655,1.0,0.08973067998886108,0.09059301018714905,0.07726475596427917
39656,1.0,0.15064889192581177,0.1641397923231125,0.12548424303531647
39657,1.0,0.19220280647277832,0.17124800384044647,0.18126565217971802
39658,1.0,0.4354485869407654,0.35683751106262207,0.5850293040275574
39659,1.0,0.6219565868377686,0.7165442109107971,0.8420383930206299
39660,1.0,0.4590746760368347,0.5649953484535217,0.5248001217842102
39661,1.0,0.45301932096481323,0.521912157535553,0.505103588104248
39662,1.0,0.39931589365005493,0.5101659297943115,0.5212575793266296
39663,1.0,0.4231805205345154,0.557172417640686,0.5126882195472717
39664,1.0,0.3350054621696472,0.4504748582839966,0.4054996371269226
39665,1.0,0.3591431975364685,0.41058599948883057,0.37414148449897766
39666,1.0,0.29414236545562744,0.35793131589889526,0.3011132776737213
39667,1.0,0.34635210037231445,0.37593814730644226,0.37385329604148865
39668,1.0,0.32594573497772217,0.3342129588127136,0.3500239849090576
39669,1.0,0.2767293453216553,0.2734622061252594,0.2958988547325134
39670,1.0,0.20130836963653564,0.27339035272598267,0.1798515021800995
39671,1.0,0.29149389266967773,0.2558431625366211,0.23096957802772522
39672,1.0,0.1359776258468628,0.1696462482213974,0.11479473859071732
39673,1.0,0.13736552000045776,0.19072137773036957,0.13915042579174042
39674,1.0,0.14418232440948486,0.16617973148822784,0.11226034164428711
39675,1.0,0.12164825201034546,0.19697488844394684,0.09891746938228607
39676,1.0,0.13089674711227417,0.17465293407440186,0.14412979781627655
39677,1.0,0.10017770528793335,0.1321137696504593,0.08316552639007568
39678,1.0,0.08105063438415527,0.1241048201918602,0.08635740727186203
39679,1.0,0.0903468132019043,0.10340320318937302,0.062046319246292114
39680,1.0,0.14287179708480835,0.25064000487327576,0.1324058175086975
39681,1.0,0.16795963048934937,0.20946167409420013,0.18545611202716827
39682,1.0,0.2230914831161499,0.21080848574638367,0.22738763689994812
39683,1.0,0.13598781824111938,0.1725528985261917,0.14885678887367249
39684,1.0,0.24969053268432617,0.22525568306446075,0.3054034411907196
39685,1.0,0.17379474639892578,0.23309628665447235,0.16250121593475342
39686,1.0,0.16619646549224854,0.1665623039007187,0.22517238557338715
39687,1.0,0.22160440683364868,0.22777405381202698,0.30713555216789246
39688,1.0,0.21520543098449707,0.22496536374092102,0.29191136360168457
39689,1.0,0.09633296728134155,0.11125843226909637,0.08715777099132538
39690,1.0,0.1055569052696228,0.12057337164878845,0.11411990225315094
39691,1.0,0.14213919639587402,0.12893937528133392,0.1476021111011505
39692,1.0,0.07269763946533203,0.10806821286678314,0.07628461718559265
39693,1.0,0.06945174932479858,0.06811486929655075,0.0473039485514164
39694,1.0,0.12107068300247192,0.1602962166070938,0.11334826052188873
39695,1.0,0.180497407913208,0.18360400199890137,0.16013817489147186
39696,1.0,0.1097145676612854,0.15916560590267181,0.12618759274482727
39697,1.0,0.22711181640625,0.21560567617416382,0.28255799412727356
39698,1.0,0.17497509717941284,0.19275955855846405,0.22837631404399872
39960,0.0,0.06771403551101685,0.12328112125396729,0.05550232529640198
39961,0.0,0.17577213048934937,0.151188462972641,0.13709868490695953
39962,0.0,0.16960132122039795,0.17314450442790985,0.1493653506040573
39963,0.0,0.0777512788772583,0.077455535531044,0.07086141407489777
39964,0.0,0.06666916608810425,0.07178214937448502,0.06382477283477783
39965,0.0,0.053086161613464355,0.07017423212528229,0.0638095811009407
39966,0.0,0.049591243267059326,0.06593002378940582,0.049717504531145096
39967,0.0,0.038126468658447266,0.09464248269796371,0.044664423912763596
39968,0.0,0.11949777603149414,0.19559110701084137,0.20114627480506897
39969,0.0,0.16550546884536743,0.17048871517181396,0.136301651597023
39970,0.0,0.08698433637619019,0.11909262090921402,0.10080503672361374
39971,0.0,0.05846250057220459,0.1379297971725464,0.10709132254123688
39972,0.0,0.06425255537033081,0.11835180968046188,0.0682157650589943
39973,0.0,0.07944613695144653,0.06424277275800705,0.053121838718652725
39974,0.0,0.14185696840286255,0.1755007803440094,0.14090918004512787
39975,0.0,0.2804107666015625,0.27060145139694214,0.28821834921836853
39976,0.0,0.2279421091079712,0.22009342908859253,0.1911904662847519
39977,0.0,0.23883724212646484,0.21126142144203186,0.273074209690094
39978,0.0,0.13761615753173828,0.16892054677009583,0.12667766213417053
39979,0.0,0.1795216202735901,0.1786281317472458,0.15247096121311188
39980,0.0,0.36586445569992065,0.3029825985431671,0.42566585540771484
39981,0.0,0.5243439078330994,0.5993468761444092,0.7004903554916382
39982,1.0,0.5611481070518494,0.6925382614135742,0.7871758341789246
39983,1.0,0.609411358833313,0.7833576202392578,0.8493102788925171
39984,1.0,0.5832711458206177,0.6584013104438782,0.80373215675354
39985,1.0,0.5786055326461792,0.6751668453216553,0.8229239583015442
39986,1.0,0.5999590158462524,0.6379215717315674,0.7787179350852966
39987,1.0,0.4654949903488159,0.42939361929893494,0.49324002861976624
39988,1.0,0.42554861307144165,0.506758987903595,0.556857168674469
39989,1.0,0.5408697128295898,0.49558091163635254,0.6473860740661621
39990,1.0,0.4228237271308899,0.4233148396015167,0.4239761531352997
39991,0.0,0.44614237546920776,0.5250644087791443,0.4711134731769562
39992,1.0,0.36622732877731323,0.44825735688209534,0.35017186403274536
39993,0.0,0.35618722438812256,0.44035542011260986,0.3458493649959564
39994,1.0,0.3051910996437073,0.33372974395751953,0.2726239860057831
39995,0.0,0.3141102194786072,0.3580264747142792,0.28919780254364014
39996,0.0,0.3534221053123474,0.4355933666229248,0.3613123595714569
39997,1.0,0.4170868992805481,0.43570420145988464,0.41944533586502075
39998,0.0,0.342771053314209,0.3582001328468323,0.27982065081596375
39999,0.0,0.4406934976577759,0.5470569133758545,0.4908097982406616
40000,1.0,0.38218533992767334,0.41214361786842346,0.4363131523132324
40001,0.0,0.37021517753601074,0.38077235221862793,0.43236014246940613
40002,0.0,0.3077450394630432,0.36165711283683777,0.32373470067977905
40003,1.0,0.42105424404144287,0.39715802669525146,0.46549978852272034
40004,0.0,0.32428622245788574,0.3019936680793762,0.3672672510147095
40005,0.0,0.3245500922203064,0.3204401135444641,0.4066891670227051
40006,0.0,0.23708957433700562,0.2350204437971115,0.28109508752822876
40007,0.0,0.24471426010131836,0.24161742627620697,0.20336447656154633
40008,0.0,0.247209370136261,0.2230403572320938,0.1685163676738739
40009,0.0,0.20732128620147705,0.22399239242076874,0.18622365593910217
40010,0.0,0.30065280199050903,0.2464340180158615,0.35786619782447815
40011,0.0,0.20604664087295532,0.21319295465946198,0.204689159989357
40273,1.0,0.6363431215286255,0.6376864910125732,0.8182942271232605
40274,1.0,0.6652052998542786,0.5752399563789368,0.8499937653541565
40275,0.0,0.6951844692230225,0.5892470479011536,0.8528855443000793
40276,1.0,0.5663213729858398,0.5337486863136292,0.792991042137146
40277,0.0,0.5144695043563843,0.5399556756019592,0.701470136642456
40278,0.0,0.6521461009979248,0.4676659107208252,0.8254141211509705
40279,1.0,0.7364294528961182,0.6171829104423523,0.8617995977401733
40280,1.0,0.6331566572189331,0.6638309955596924,0.8902677893638611
40281,1.0,0.5263909101486206,0.5073128342628479,0.8023799657821655
40282,0.0,0.5850772261619568,0.5519872307777405,0.794540524482727
40283,0.0,0.5693333148956299,0.5950903296470642,0.7498986721038818
40284,1.0,0.6699111461639404,0.5954527258872986,0.8755648136138916
40285,1.0,0.6840155124664307,0.7295451760292053,0.8572131991386414
40286,1.0,0.7677555084228516,0.6844868063926697,0.8922818303108215
40287,1.0,0.6401011943817139,0.5658390522003174,0.8688789010047913
40288,1.0,0.7280100584030151,0.803657054901123,0.9220864772796631
40289,1.0,0.7998968362808228,0.8479762673377991,0.9664452075958252
40290,1.0,0.7555464506149292,0.8849246501922607,0.9505102038383484
40291,1.0,0.8091386556625366,0.841597318649292,0.9566048979759216
40292,1.0,0.6804161667823792,0.7894393801689148,0.9201598763465881
40293,1.0,0.7516061067581177,0.8303943276405334,0.9265717267990112
40294,1.0,0.7370935678482056,0.839040219783783,0.9250978827476501
40295,1.0,0.7377094030380249,0.8454501628875732,0.9260869026184082
40296,1.0,0.788093090057373,0.8015244603157043,0.8848477602005005
40297,1.0,0.7429960370063782,0.8236380219459534,0.9257580041885376
40298,1.0,0.7474678754806519,0.8585828542709351,0.9329438209533691
40299,1.0,0.7370508313179016,0.8406888842582703,0.9333801865577698
40300,0.0,0.6924547553062439,0.7852118015289307,0.9105790257453918
40301,0.0,0.7058545351028442,0.7011997699737549,0.8343461751937866
40302,1.0,0.70506751537323,0.6306383609771729,0.8084302544593811
40303,0.0,0.5734459161758423,0.4717105031013489,0.6369611620903015
40304,1.0,0.4994218945503235,0.4226040244102478,0.5935280919075012
40305,1.0,0.4534727931022644,0.3391813635826111,0.5354765057563782
40306,0.0,0.3906101584434509,0.4019371569156647,0.5187677145004272
40307,0.0,0.4462418556213379,0.42764154076576233,0.45140406489372253
40308,0.0,0.4048351049423218,0.4279162585735321,0.5074686408042908
40309,0.0,0.5157526731491089,0.4695322811603546,0.6310134530067444
40310,0.0,0.5290440320968628,0.5362066626548767,0.6246792674064636
40311,0.0,0.35957902669906616,0.34108829498291016,0.44633084535598755
40312,0.0,0.4363939166069031,0.4293903112411499,0.5692837238311768
40313,0.0,0.5151001811027527,0.5073557496070862,0.6860161423683167
40314,1.0,0.570756196975708,0.5311095714569092,0.684230387210846
40315,1.0,0.4391976594924927,0.5013835430145264,0.5169901251792908
40316,0.0,0.5198675394058228,0.42994704842567444,0.6428036093711853
40317,1.0,0.47962743043899536,0.4470791518688202,0.6487818360328674
40318,0.0,0.438548743724823,0.3874037265777588,0.5388782024383545
40319,0.0,0.4888594150543213,0.38672077655792236,0.6482745409011841
40320,0.0,0.4832439422607422,0.4393309950828552,0.5640608668327332
40321,0.0,0.5190175771713257,0.5171207189559937,0.6208622455596924
40322,1.0,0.5896172523498535,0.6378647089004517,0.7222106456756592
40323,1.0,0.5471092462539673,0.5025938153266907,0.6990564465522766
40324,0.0,0.5597062110900879,0.43585318326950073,0.6921144723892212
40586,1.0,0.4758574962615967,0.4489595592021942,0.6345045566558838
40587,1.0,0.614435613155365,0.5845211744308472,0.7842742800712585
40588,1.0,0.2745160460472107,0.34568533301353455,0.46058353781700134
40589,0.0,0.40181297063827515,0.3941713869571686,0.5604448914527893
40590,1.0,0.46550363302230835,0.4034480154514313,0.612358808517456
40591,1.0,0.4321000576019287,0.3795468211174011,0.6078014373779297
40592,1.0,0.4180169701576233,0.44663727283477783,0.5844537019729614
40593,1.0,0.35321664810180664,0.37373825907707214,0.5761817097663879
40594,0.0,0.3338524103164673,0.34165552258491516,0.39844608306884766
40595,1.0,0.411406934261322,0.3292118310928345,0.5466649532318115
40596,1.0,0.3374415636062622,0.28448426723480225,0.4618711769580841
40597,1.0,0.406535267829895,0.33499741554260254,0.6038455367088318
40598,1.0,0.6045417189598083,0.47019729018211365,0.803100049495697
40599,1.0,0.589367151260376,0.5412260293960571,0.7238961458206177
40600,1.0,0.5383012294769287,0.6275448203086853,0.7011439204216003
40601,1.0,0.5193248987197876,0.6212915778160095,0.651638925075531
40602,1.0,0.5234020352363586,0.5675977468490601,0.6913073062896729
40603,1.0,0.43773341178894043,0.504375159740448,0.5963866114616394
40604,1.0,0.5219722986221313,0.4785635471343994,0.5967270731925964
40605,1.0,0.4590579867362976,0.43182840943336487,0.4495997428894043
40606,1.0,0.4486601948738098,0.33106496930122375,0.3827226161956787
40607,1.0,0.3328491449356079,0.3027084767818451,0.38286706805229187
40608,1.0,0.30572509765625,0.313118040561676,0.29840055108070374
40609,1.0,0.3319466710090637,0.30288469791412354,0.33293187618255615
40610,0.0,0.36505407094955444,0.26363831758499146,0.3292488157749176
40611,1.0,0.358933687210083,0.2727111279964447,0.32064053416252136
40612,0.0,0.2668120861053467,0.23693257570266724,0.24574404954910278
40613,0.0,0.21736007928848267,0.24077515304088593,0.18954713642597198
40614,0.0,0.3115972876548767,0.22432935237884521,0.235563725233078
40615,1.0,0.28877002000808716,0.24637319147586823,0.33136454224586487
40616,1.0,0.23104310035705566,0.18908874690532684,0.20696958899497986
40617,0.0,0.19754242897033691,0.19328343868255615,0.15887019038200378
40618,0.0,0.19994133710861206,0.22033774852752686,0.2094821333885193
40619,0.0,0.15327829122543335,0.15815269947052002,0.1487376093864441
40620,0.0,0.153253972530365,0.1502070128917694,0.16345763206481934
40621,1.0,0.1912604570388794,0.21058835089206696,0.2632184326648712
40622,0.0,0.33045458793640137,0.34246331453323364,0.46739619970321655
40623,1.0,0.36521536111831665,0.3571440875530243,0.5170891880989075
40624,1.0,0.3537903428077698,0.3291909992694855,0.31783923506736755
40625,1.0,0.3752923607826233,0.334933340549469,0.5633049011230469
40626,1.0,0.2146826982498169,0.2279641181230545,0.3770635426044464
40627,0.0,0.2292153239250183,0.24441705644130707,0.2974061965942383
40628,0.0,0.1328442096710205,0.1571321040391922,0.16758988797664642
40629,0.0,0.2130964994430542,0.18345367908477783,0.2109864503145218
40630,0.0,0.14785712957382202,0.21287190914154053,0.21695800125598907
40631,0.0,0.1364917755126953,0.1167616918683052,0.1410798877477646
40632,0.0,0.16491574048995972,0.24938777089118958,0.16621412336826324
40633,0.0,0.21254581212997437,0.19674921035766602,0.2646635174751282
40634,0.0,0.2129584550857544,0.19622954726219177,0.2988891303539276
40635,0.0,0.2797882556915283,0.22123418748378754,0.30948522686958313
40636,0.0,0.25040125846862793,0.18837402760982513,0.30938878655433655
40637,0.0,0.33623969554901123,0.2809503674507141,0.4326338768005371
40899,1.0,0.45199906826019287,0.42912527918815613,0.5412734150886536
40900,1.0,0.4207919239997864,0.34843331575393677,0.5188238024711609
40901,1.0,0.5086032152175903,0.4368170201778412,0.7403463125228882
40902,1.0,0.6132901906967163,0.6689925789833069,0.7849791049957275
40903,1.0,0.5029873251914978,0.4941955506801605,0.5620218515396118
40904,1.0,0.6108014583587646,0.6094872951507568,0.7817440032958984
40905,1.0,0.5084549188613892,0.5593101978302002,0.6547123789787292
40906,1.0,0.5125936269760132,0.6120625138282776,0.6477763056755066
40907,1.0,0.47418487071990967,0.5209402441978455,0.6674737334251404
40908,1.0,0.4647443890571594,0.5441248416900635,0.5737299919128418
40909,1.0,0.44051915407180786,0.3901270925998688,0.5122951865196228
40910,1.0,0.5319268703460693,0.4015921652317047,0.5732495784759521
40911,1.0,0.46754443645477295,0.49608114361763,0.5370107889175415
40912,1.0,0.44572776556015015,0.4761733114719391,0.5322142243385315
40913,1.0,0.3720827102661133,0.3458594083786011,0.4300335645675659
40914,1.0,0.3684194087982178,0.3408341109752655,0.4502210021018982
40915,1.0,0.42058253288269043,0.36960485577583313,0.4791470766067505
40916,1.0,0.37515759468078613,0.33970528841018677,0.44090336561203003
40917,1.0,0.38233643770217896,0.35666483640670776,0.3956027626991272
40918,1.0,0.3087350130081177,0.29388856887817383,0.32371610403060913
40919,1.0,0.29972875118255615,0.3504382073879242,0.3447781503200531
40920,1.0,0.33847302198410034,0.2575611174106598,0.32582828402519226
40921,1.0,0.21486687660217285,0.26215559244155884,0.20717404782772064
40922,1.0,0.27061212062835693,0.23245829343795776,0.2799256145954132
40923,1.0,0.24855613708496094,0.2804684340953827,0.2406638264656067
40924,1.0,0.2679012417793274,0.2310805320739746,0.2761802077293396
40925,0.0,0.19721275568008423,0.22814244031906128,0.22022463381290436
40926,0.0,0.1595848798751831,0.22839879989624023,0.12452763319015503
40927,1.0,0.17253410816192627,0.22842414677143097,0.15732894837856293
40928,1.0,0.21753233671188354,0.21931219100952148,0.20040114223957062
40929,1.0,0.1310402750968933,0.2176968902349472,0.16090668737888336
40930,0.0,0.16352927684783936,0.21899226307868958,0.14397211372852325
40931,1.0,0.19791805744171143,0.25421637296676636,0.17599116265773773
40932,1.0,0.15403425693511963,0.18895205855369568,0.14741382002830505
40933,0.0,0.16832149028778076,0.17389275133609772,0.15713314712047577
40934,0.0,0.1707974076271057,0.21201954782009125,0.1433081179857254
40935,1.0,0.21017378568649292,0.21466384828090668,0.18143661320209503
40936,1.0,0.2278156876564026,0.20053423941135406,0.24037690460681915
40937,0.0,0.11799907684326172,0.22128306329250336,0.12974336743354797
40938,1.0,0.1917353868484497,0.24275639653205872,0.22914427518844604
40939,0.0,0.16681170463562012,0.22449904680252075,0.20725350081920624
40940,1.0,0.24333781003952026,0.21571673452854156,0.2665064036846161
40941,1.0,0.22628653049468994,0.24246054887771606,0.2389833778142929
40942,1.0,0.2866135239601135,0.21826539933681488,0.29065731167793274
40943,1.0,0.2866824269294739,0.23006780445575714,0.31095099449157715
40944,1.0,0.26114416122436523,0.2747531533241272,0.27180424332618713
40945,0.0,0.2038513422012329,0.24126805365085602,0.21092934906482697
40946,1.0,0.22953546047210693,0.29919183254241943,0.2726650834083557
40947,1.0,0.3302309513092041,0.3447818458080292,0.32378238439559937
40948,1.0,0.34151655435562134,0.3290107250213623,0.37480446696281433
40949,1.0,0.433801531791687,0.366154283285141,0.5467416644096375
40950,0.0,0.4118257164955139,0.3827976584434509,0.4888130724430084
41212,0.0,0.310091495513916,0.31730717420578003,0.5695846676826477
41213,1.0,0.6505816578865051,0.451989084482193,0.9013048410415649
41214,1.0,0.6298542618751526,0.654168963432312,0.8720002770423889
41215,1.0,0.5283328294754028,0.6464799046516418,0.8450865745544434
41216,1.0,0.5535672903060913,0.5461789965629578,0.7804608941078186
41217,1.0,0.4937031865119934,0.43131470680236816,0.7234847545623779
41218,1.0,0.6995469331741333,0.6118015050888062,0.8819436430931091
41219,1.0,0.6982828378677368,0.6809656023979187,0.9310049414634705
41220,1.0,0.6091469526290894,0.7034205198287964,0.8606414198875427
41221,1.0,0.7121583819389343,0.8176416158676147,0.9381998181343079
41222,1.0,0.6443624496459961,0.7703976631164551,0.9492490887641907
41223,1.0,0.7123678922653198,0.8505718111991882,0.9650459885597229
41224,1.0,0.7641854882240295,0.8480309844017029,0.9718285202980042
41225,1.0,0.8168986439704895,0.8020069599151611,0.9633941650390625
41226,1.0,0.7392393946647644,0.8578623533248901,0.9725223183631897
41227,1.0,0.7665563821792603,0.865095317363739,0.9644590020179749
41228,1.0,0.8202736377716064,0.746027410030365,0.9473595023155212
41229,1.0,0.774232029914856,0.7688722014427185,0.9606949687004089
41230,1.0,0.7575826644897461,0.7872141599655151,0.9413440823554993
41231,1.0,0.693713903427124,0.7979840636253357,0.9361648559570312
41232,1.0,0.7504674196243286,0.8451237082481384,0.9535804390907288
41233,1.0,0.7553547620773315,0.8568714261054993,0.9518375396728516
41234,1.0,0.7547541856765747,0.8578340411186218,0.9379068613052368
41235,1.0,0.7548259496688843,0.8824658393859863,0.9450538754463196
41236,1.0,0.7450298070907593,0.8244332075119019,0.927201509475708
41237,1.0,0.7541393637657166,0.8171173930168152,0.908520519733429
41238,1.0,0.7220191955566406,0.8109394311904907,0.9189872145652771
41239,1.0,0.6653574109077454,0.8291856646537781,0.8823369145393372
41240,1.0,0.7428034543991089,0.8147300481796265,0.9044269323348999
41241,1.0,0.7047526836395264,0.8156421780586243,0.9136770367622375
41242,1.0,0.6389725208282471,0.6129131317138672,0.8194797039031982
41243,1.0,0.5221882462501526,0.5689423680305481,0.6466068625450134
41244,1.0,0.4879570007324219,0.36732980608940125,0.49387168884277344
41245,1.0,0.491807222366333,0.4110165536403656,0.55645751953125
41246,1.0,0.39787817001342773,0.2577086091041565,0.4237384498119354
41247,1.0,0.37715840339660645,0.36490321159362793,0.42689594626426697
41248,1.0,0.4311061501502991,0.36022403836250305,0.4749903082847595
41249,1.0,0.31440794467926025,0.33272436261177063,0.44139036536216736
41250,1.0,0.306207537651062,0.26928383111953735,0.35656243562698364
41251,1.0,0.32153064012527466,0.25872480869293213,0.3960103392601013
41252,1.0,0.3019622564315796,0.2666012644767761,0.37750399112701416
41253,1.0,0.33084720373153687,0.24636706709861755,0.49140334129333496
41254,1.0,0.2381192445755005,0.21826262772083282,0.29898032546043396
41255,1.0,0.23579084873199463,0.19924263656139374,0.28207460045814514
41256,1.0,0.2605655789375305,0.22969619929790497,0.3683895766735077
41257,1.0,0.3671780228614807,0.3167455792427063,0.5168582797050476
41258,1.0,0.2990719676017761,0.27961623668670654,0.3957430422306061
41259,1.0,0.29075002670288086,0.2436911016702652,0.37101495265960693
41260,1.0,0.29175442457199097,0.2530485987663269,0.4297504127025604
41261,1.0,0.31725436449050903,0.2973925769329071,0.5088507533073425
41262,1.0,0.2477925419807434,0.2159174531698227,0.5167669057846069
41263,0.0,0.41882991790771484,0.3037976622581482,0.6371211409568787
41525,0.0,0.09648329019546509,0.14349426329135895,0.09264062345027924
41526,0.0,0.14944988489151,0.198727548122406,0.1637558788061142
41527,0.0,0.13684064149856567,0.16770876944065094,0.13144400715827942
41528,0.0,0.09869217872619629,0.16042470932006836,0.10389001667499542
41529,0.0,0.10329633951187134,0.15041562914848328,0.11065787822008133
41530,0.0,0.1532679796218872,0.17988748848438263,0.1162450835108757
41531,0.0,0.12099570035934448,0.17748026549816132,0.11364984512329102
41532,0.0,0.14990723133087158,0.20081692934036255,0.17612528800964355
41533,0.0,0.14740735292434692,0.17615409195423126,0.17555281519889832
41534,0.0,0.18305760622024536,0.20806670188903809,0.19507387280464172
41535,0.0,0.2556067109107971,0.3766670227050781,0.2605477571487427
41536,0.0,0.23910707235336304,0.4717426002025604,0.21727325022220612
41537,0.0,0.1968134641647339,0.4071956276893616,0.1354970633983612
41538,0.0,0.17310285568237305,0.31305089592933655,0.14225277304649353
41539,0.0,0.17632180452346802,0.2255120575428009,0.18671105802059174
41540,0.0,0.2648391127586365,0.33270660042762756,0.26974359154701233
41541,0.0,0.291034996509552,0.41639265418052673,0.2808995842933655
41542,0.0,0.16476792097091675,0.30889859795570374,0.143575057387352
41543,0.0,0.1494985818862915,0.20104187726974487,0.18990275263786316
41544,0.0,0.26302826404571533,0.31326115131378174,0.2857278883457184
41545,1.0,0.2454168200492859,0.3464139401912689,0.3278186023235321
41546,0.0,0.1953614354133606,0.2377983033657074,0.22328171133995056
41547,0.0,0.17054247856140137,0.1976565271615982,0.17272189259529114
41548,0.0,0.15316343307495117,0.16535037755966187,0.192557230591774
41549,0.0,0.1436360478401184,0.1702909916639328,0.1249663457274437
41550,0.0,0.13392919301986694,0.1558915227651596,0.15379810333251953
41551,0.0,0.11925536394119263,0.14870387315750122,0.1412687748670578
41552,0.0,0.1564984917640686,0.1458739936351776,0.11598178744316101
41553,0.0,0.09469521045684814,0.1359611302614212,0.08155936002731323
41554,0.0,0.08907991647720337,0.0874379500746727,0.10477089136838913
41555,0.0,0.060090065002441406,0.07449459284543991,0.06120428070425987
41556,0.0,0.08092832565307617,0.06682293117046356,0.07740014791488647
41557,0.0,0.1056167483329773,0.18997256457805634,0.09553683549165726
41558,0.0,0.108742356300354,0.1590869128704071,0.064191535115242
41559,0.0,0.07622194290161133,0.1091848760843277,0.04199814796447754
41560,0.0,0.07978653907775879,0.15933552384376526,0.05437815189361572
41561,0.0,0.09312689304351807,0.11072156578302383,0.048692937940359116
41562,0.0,0.0464131236076355,0.099166639149189,0.025184553116559982
41563,0.0,0.07897782325744629,0.20815229415893555,0.07096463441848755
41564,0.0,0.0733136534690857,0.10951130837202072,0.04563704878091812
41565,0.0,0.08174270391464233,0.10375858843326569,0.049253031611442566
41566,0.0,0.08959400653839111,0.11354336142539978,0.05262243375182152
41567,0.0,0.06112062931060791,0.06927326321601868,0.0374898687005043
41568,0.0,0.07300114631652832,0.08990736305713654,0.057389892637729645
41569,0.0,0.04792207479476929,0.1126197800040245,0.041431911289691925
41570,0.0,0.07186424732208252,0.12240608036518097,0.05732734873890877
41571,0.0,0.06488299369812012,0.0939246118068695,0.04030404984951019
41572,0.0,0.08781236410140991,0.1444903016090393,0.05001123622059822
41573,0.0,0.07982605695724487,0.10680028051137924,0.059225894510746
41574,0.0,0.0776740312576294,0.11618184298276901,0.05668501555919647
41575,0.0,0.09441173076629639,0.0961824432015419,0.06748998165130615
41576,0.0,0.09429818391799927,0.14828498661518097,0.07395380735397339
41838,0.0,0.7044719457626343,0.7619117498397827,0.8817319273948669
41839,1.0,0.6532187461853027,0.7037733197212219,0.8239184617996216
41840,0.0,0.6522359848022461,0.6750646233558655,0.832258403301239
41841,0.0,0.5889054536819458,0.5015233755111694,0.7513342499732971
41842,1.0,0.5816810131072998,0.5070574879646301,0.6353867053985596
41843,0.0,0.5407945513725281,0.3449611961841583,0.5739997029304504
41844,0.0,0.5068875551223755,0.33931678533554077,0.5299305319786072
41845,0.0,0.5235266089439392,0.38228780031204224,0.5445170998573303
41846,0.0,0.6393172740936279,0.5477169752120972,0.807645320892334
41847,1.0,0.6722697019577026,0.7176022529602051,0.8234238028526306
41848,1.0,0.6271388530731201,0.5720078349113464,0.7404465079307556
41849,1.0,0.6553230285644531,0.568506121635437,0.7669845223426819
41850,1.0,0.6035703420639038,0.537653386592865,0.6584922671318054
41851,0.0,0.5711070895195007,0.432956337928772,0.5566069483757019
41852,0.0,0.46155059337615967,0.30873534083366394,0.44754624366760254
41853,0.0,0.6404024362564087,0.4600582420825958,0.7068697810173035
41854,1.0,0.7031729221343994,0.7006309032440186,0.8078147768974304
41855,0.0,0.7205899953842163,0.6628002524375916,0.7668185830116272
41856,1.0,0.6959309577941895,0.6544565558433533,0.8098952770233154
41857,1.0,0.576824426651001,0.5882444381713867,0.57749342918396
41858,1.0,0.5653165578842163,0.699154257774353,0.6745407581329346
41859,0.0,0.6256759762763977,0.7256841659545898,0.5380241274833679
41860,0.0,0.48719680309295654,0.5784502029418945,0.49515265226364136
41861,0.0,0.494962215423584,0.6438418626785278,0.5285279154777527
41862,0.0,0.33941811323165894,0.28187814354896545,0.20775890350341797
41863,0.0,0.5192774534225464,0.30833110213279724,0.39213821291923523
41864,0.0,0.33293747901916504,0.25961920619010925,0.3037874400615692
41865,0.0,0.3480004072189331,0.26994454860687256,0.3466898798942566
41866,0.0,0.31327009201049805,0.19125352799892426,0.2809237837791443
41867,0.0,0.3445836305618286,0.23488153517246246,0.24829314649105072
41868,0.0,0.2658618688583374,0.2165057361125946,0.19603511691093445
41869,0.0,0.2759518623352051,0.18323633074760437,0.18481551110744476
41870,0.0,0.2482088804244995,0.17403393983840942,0.14101088047027588
41871,0.0,0.2412945032119751,0.335121750831604,0.24958030879497528
41872,0.0,0.3383452892303467,0.26835301518440247,0.36238372325897217
41873,0.0,0.2854769825935364,0.28058692812919617,0.18601800501346588
41874,0.0,0.3994753360748291,0.401776522397995,0.387111634016037
41875,0.0,0.3881266117095947,0.36364662647247314,0.44709542393684387
41876,0.0,0.20271122455596924,0.18886256217956543,0.19652287662029266
41877,0.0,0.42833638191223145,0.3728906214237213,0.4935123324394226
41878,0.0,0.35849082469940186,0.36103352904319763,0.43175920844078064
41879,0.0,0.4033517837524414,0.40661561489105225,0.4846915900707245
41880,0.0,0.32896560430526733,0.2850557267665863,0.3831518888473511
41881,0.0,0.4710054397583008,0.49579116702079773,0.5584797859191895
41882,0.0,0.4248785972595215,0.3320949375629425,0.5111598372459412
41883,0.0,0.3656310439109802,0.2765805125236511,0.40906238555908203
41884,0.0,0.40655428171157837,0.26556479930877686,0.43914327025413513
41885,0.0,0.3290977478027344,0.21736522018909454,0.31523627042770386
41886,0.0,0.5036510229110718,0.40487563610076904,0.5763224959373474
41887,0.0,0.5023358464241028,0.5091261267662048,0.6214166879653931
41888,0.0,0.5637868642807007,0.4652571678161621,0.6544618606567383
41889,0.0,0.55040442943573,0.41937583684921265,0.5976759791374207
42151,0.0,0.4182173013687134,0.4545036256313324,0.39575350284576416
42152,0.0,0.4987281560897827,0.48245951533317566,0.559255838394165
42153,0.0,0.38918614387512207,0.39175742864608765,0.3794636130332947
42154,0.0,0.4302212595939636,0.32425612211227417,0.41027921438217163
42155,0.0,0.3291011452674866,0.28780558705329895,0.33655476570129395
42156,0.0,0.24365872144699097,0.2757326364517212,0.19858379662036896
42157,0.0,0.23080605268478394,0.28734004497528076,0.2723007798194885
42158,0.0,0.14739447832107544,0.24781407415866852,0.14517509937286377
42159,0.0,0.16255658864974976,0.3145734667778015,0.18331298232078552
42160,0.0,0.2552604675292969,0.26070067286491394,0.3618471622467041
42161,0.0,0.13694268465042114,0.22554264962673187,0.19832025468349457
42162,0.0,0.2404220700263977,0.274294376373291,0.28668805956840515
42163,0.0,0.4023537039756775,0.3533247709274292,0.3477563261985779
42164,0.0,0.31458818912506104,0.24946191906929016,0.2754044830799103
42165,0.0,0.416431725025177,0.3971536159515381,0.5247790813446045
42166,0.0,0.29547542333602905,0.319999098777771,0.26315197348594666
42167,0.0,0.29477161169052124,0.27227914333343506,0.3185538053512573
42168,0.0,0.26667511463165283,0.22255487740039825,0.23977985978126526
42169,0.0,0.4556220769882202,0.43970775604248047,0.5300328135490417
42170,0.0,0.4289294481277466,0.5484245419502258,0.5201410055160522
42171,0.0,0.3581050634384155,0.3930037319660187,0.36808013916015625
42172,0.0,0.31510305404663086,0.2824768126010895,0.3878422677516937
42173,0.0,0.263830304145813,0.2692927122116089,0.2476769983768463
42174,0.0,0.20578765869140625,0.2372644990682602,0.18699200451374054
42175,0.0,0.16101431846618652,0.17855891585350037,0.1321830302476883
42176,0.0,0.13104408979415894,0.14665859937667847,0.11349575221538544
42177,0.0,0.08568423986434937,0.10267891734838486,0.05127784237265587
42178,0.0,0.07273250818252563,0.07563555240631104,0.056246623396873474
42179,0.0,0.09226596355438232,0.11297144740819931,0.07200876623392105
42180,0.0,0.13493067026138306,0.14981985092163086,0.11312871426343918
42181,0.0,0.08369427919387817,0.13742563128471375,0.07173433154821396
42182,0.0,0.0830618143081665,0.15095491707324982,0.07706417888402939
42183,0.0,0.1033475399017334,0.13988420367240906,0.07652696222066879
42184,0.0,0.07022362947463989,0.08825073391199112,0.04713822156190872
42185,0.0,0.08928358554840088,0.10913364589214325,0.06276179850101471
42186,0.0,0.11806374788284302,0.14473320543766022,0.0854140967130661
42187,0.0,0.148429274559021,0.17410968244075775,0.12020636349916458
42188,0.0,0.10626906156539917,0.1440431773662567,0.07646756619215012
42189,0.0,0.12498754262924194,0.1307348906993866,0.11016086488962173
42190,0.0,0.12083905935287476,0.14457282423973083,0.10040132701396942
42191,0.0,0.0974036455154419,0.10098082572221756,0.09594357013702393
42192,0.0,0.12348282337188721,0.17861369252204895,0.10273699462413788
42193,0.0,0.10669106245040894,0.10141124576330185,0.061138350516557693
42194,0.0,0.10421478748321533,0.10119691491127014,0.1155916228890419
42195,0.0,0.07022994756698608,0.06295552849769592,0.05369574949145317
42196,0.0,0.08652389049530029,0.06238922104239464,0.06869403272867203
42197,0.0,0.04202538728713989,0.04629889875650406,0.02743520960211754
42198,0.0,0.10713332891464233,0.15150967240333557,0.09353543817996979
42199,0.0,0.07141631841659546,0.0844518393278122,0.05426934361457825
42200,0.0,0.10175895690917969,0.05529804900288582,0.06846314668655396
42201,0.0,0.23317086696624756,0.2061118632555008,0.2108323574066162
42202,0.0,0.17081332206726074,0.15647640824317932,0.1967661827802658
42464,0.0,0.20145976543426514,0.24548767507076263,0.13948731124401093
42465,0.0,0.37426310777664185,0.3590644299983978,0.34406524896621704
42466,0.0,0.46175575256347656,0.6278636455535889,0.6494439840316772
42467,0.0,0.3834612965583801,0.44051092863082886,0.465522438287735
42468,0.0,0.37983381748199463,0.3918326199054718,0.4680020809173584
42469,0.0,0.336261510848999,0.3545593321323395,0.36571988463401794
42470,0.0,0.45567941665649414,0.42733094096183777,0.5809335708618164
42471,0.0,0.42126721143722534,0.5301796197891235,0.562658429145813
42472,0.0,0.442096471786499,0.3547188341617584,0.5750666856765747
42473,0.0,0.5529086589813232,0.46810445189476013,0.7694045305252075
42474,0.0,0.5681501030921936,0.6875361800193787,0.853267252445221
42475,1.0,0.6100428104400635,0.8001706600189209,0.9047197699546814
42476,1.0,0.553626537322998,0.8051744699478149,0.8472293019294739
42477,1.0,0.5881866812705994,0.790423572063446,0.8921388983726501
42478,1.0,0.5193849802017212,0.7030515670776367,0.7643303871154785
42479,1.0,0.6011291742324829,0.7232276797294617,0.922771155834198
42480,1.0,0.5664029717445374,0.8096696734428406,0.9067841172218323
42481,1.0,0.6057165861129761,0.7310242652893066,0.9032453894615173
42482,1.0,0.6299909353256226,0.7593094110488892,0.902642011642456
42483,1.0,0.5927132964134216,0.6263405680656433,0.8723447322845459
42484,1.0,0.5900439620018005,0.645140528678894,0.8426910638809204
42485,0.0,0.5643653869628906,0.7401578426361084,0.7196159362792969
42486,0.0,0.5927316546440125,0.7163397073745728,0.7672766447067261
42487,0.0,0.38467204570770264,0.356047123670578,0.34722399711608887
42488,0.0,0.3784205913543701,0.26145604252815247,0.33521777391433716
42489,0.0,0.4584006071090698,0.33388593792915344,0.48967787623405457
42490,0.0,0.35735541582107544,0.26023924350738525,0.3339393138885498
42491,0.0,0.33957934379577637,0.3245072066783905,0.2747664153575897
42492,0.0,0.33812445402145386,0.19818881154060364,0.2785094678401947
42493,0.0,0.2390284538269043,0.11863178014755249,0.133245050907135
42494,0.0,0.11849623918533325,0.0966888815164566,0.0704774558544159
42495,0.0,0.11157476902008057,0.08437550812959671,0.057850584387779236
42496,0.0,0.10009348392486572,0.12016019225120544,0.052983008325099945
42497,0.0,0.10590100288391113,0.08309492468833923,0.07481671124696732
42498,0.0,0.09033381938934326,0.08400485664606094,0.060059428215026855
42499,0.0,0.06848078966140747,0.1455799788236618,0.05217980220913887
42500,0.0,0.09455281496047974,0.2768676280975342,0.07327505946159363
42501,0.0,0.09243196249008179,0.17581294476985931,0.07092278450727463
42502,0.0,0.09492534399032593,0.1813707947731018,0.06003579869866371
42503,0.0,0.07432883977890015,0.1366400271654129,0.039010874927043915
42504,0.0,0.1121637225151062,0.15561352670192719,0.09496404975652695
42505,0.0,0.06524378061294556,0.12142802029848099,0.04272736608982086
42506,0.0,0.060831308364868164,0.08652212470769882,0.04110565036535263
42507,0.0,0.08867096900939941,0.15076075494289398,0.051726147532463074
42508,0.0,0.109488844871521,0.17638126015663147,0.06824000924825668
42509,0.0,0.0824517011642456,0.17769882082939148,0.043603263795375824
42510,0.0,0.12014198303222656,0.10116113722324371,0.10780760645866394
42511,0.0,0.06576979160308838,0.09310267865657806,0.034349650144577026
42512,0.0,0.0734410285949707,0.10329613089561462,0.06118651106953621
42513,0.0,0.13321161270141602,0.10296459496021271,0.10629703104496002
42514,0.0,0.08758735656738281,0.1169959008693695,0.055993396788835526
42515,0.0,0.10054981708526611,0.20469331741333008,0.08571940660476685
42777,0.0,0.1508745551109314,0.2163606733083725,0.12424328178167343
42778,0.0,0.12298911809921265,0.12571924924850464,0.12615443766117096
42779,0.0,0.13649684190750122,0.0906105786561966,0.11435721069574356
42780,0.0,0.10578411817550659,0.09840679168701172,0.09769408404827118
42781,0.0,0.08568483591079712,0.06993408501148224,0.08635939657688141
42782,0.0,0.08969175815582275,0.06999426335096359,0.09142950177192688
42783,0.0,0.08392155170440674,0.06017076596617699,0.10955356806516647
42784,0.0,0.10383641719818115,0.07076787203550339,0.10727452486753464
42785,0.0,0.06799042224884033,0.07252795994281769,0.10030584037303925
42786,0.0,0.08077865839004517,0.06284832954406738,0.11238337308168411
42787,0.0,0.0650414228439331,0.07602193206548691,0.0930086001753807
42788,0.0,0.08863872289657593,0.06690046936273575,0.09544923901557922
42789,0.0,0.1545107364654541,0.17804013192653656,0.2004818171262741
42790,0.0,0.19543427228927612,0.22779321670532227,0.19838717579841614
42791,0.0,0.17557740211486816,0.11370279639959335,0.13757705688476562
42792,0.0,0.14687329530715942,0.11908610165119171,0.13627977669239044
42793,0.0,0.1504482626914978,0.10646137595176697,0.1291378289461136
42794,0.0,0.08968228101730347,0.043201953172683716,0.09662503749132156
42795,0.0,0.11156749725341797,0.13370271027088165,0.13473264873027802
42796,0.0,0.18492138385772705,0.21571767330169678,0.2102373242378235
42797,0.0,0.1970130205154419,0.16820701956748962,0.17181754112243652
42798,0.0,0.11952584981918335,0.1441657841205597,0.12481055408716202
42799,0.0,0.11363601684570312,0.0974799320101738,0.11981216818094254
42800,0.0,0.09130346775054932,0.10633674263954163,0.10835312306880951
42801,0.0,0.08302032947540283,0.06989259272813797,0.08023349940776825
42802,0.0,0.056208670139312744,0.05147755891084671,0.061225008219480515
42803,0.0,0.04989969730377197,0.0361347459256649,0.046725958585739136
42804,0.0,0.049981653690338135,0.056989505887031555,0.055130306631326675
42805,0.0,0.055357933044433594,0.05253031477332115,0.053731769323349
42806,0.0,0.07026201486587524,0.1175045520067215,0.06961125880479813
42807,0.0,0.08374935388565063,0.14372889697551727,0.0895889475941658
42808,0.0,0.06947165727615356,0.09940513968467712,0.06492935866117477
42809,0.0,0.059008657932281494,0.071047343313694,0.05674204230308533
42810,0.0,0.0624886155128479,0.07204166054725647,0.058244772255420685
42811,0.0,0.03799480199813843,0.043362364172935486,0.030291898176074028
42812,0.0,0.06513762474060059,0.09380598366260529,0.04769369959831238
42813,0.0,0.06611979007720947,0.1259640008211136,0.06970800459384918
42814,0.0,0.06706202030181885,0.06468571722507477,0.06258143484592438
42815,0.0,0.05573481321334839,0.06742072105407715,0.05128698796033859
42816,0.0,0.06345593929290771,0.09280255436897278,0.057020172476768494
42817,0.0,0.03844982385635376,0.029863227158784866,0.03872160241007805
42818,0.0,0.03721421957015991,0.04589942470192909,0.03536900877952576
42819,0.0,0.03947925567626953,0.060801729559898376,0.03504269942641258
42820,0.0,0.041587114334106445,0.028014784678816795,0.04210290685296059
42821,0.0,0.0597495436668396,0.03977672755718231,0.08591584116220474
42822,0.0,0.060789525508880615,0.030219968408346176,0.06507562845945358
42823,0.0,0.07824701070785522,0.1014704778790474,0.07963365316390991
42824,0.0,0.11161565780639648,0.21158722043037415,0.12108194082975388
42825,0.0,0.13592106103897095,0.10908996313810349,0.11861199885606766
42826,0.0,0.09839606285095215,0.099392369389534,0.08803819864988327
42827,0.0,0.30684739351272583,0.21634940803050995,0.3087146282196045
42828,0.0,0.2189732789993286,0.24348406493663788,0.2620498836040497
43090,1.0,0.1610587239265442,0.25775763392448425,0.36341023445129395
43091,0.0,0.3134947419166565,0.29323604702949524,0.4379269480705261
43092,1.0,0.1616150140762329,0.18239881098270416,0.33574220538139343
43093,0.0,0.12056344747543335,0.12629099190235138,0.19664332270622253
43094,0.0,0.20888274908065796,0.19294606149196625,0.2313963621854782
43095,1.0,0.11139625310897827,0.11632100492715836,0.21810905635356903
43096,0.0,0.1097102165222168,0.12637923657894135,0.14544741809368134
43097,0.0,0.10339456796646118,0.09874459356069565,0.11735685914754868
43098,0.0,0.13188159465789795,0.12421298027038574,0.10985960811376572
43099,0.0,0.07930046319961548,0.09645339101552963,0.10327524691820145
43100,0.0,0.08059108257293701,0.11280237883329391,0.08969328552484512
43101,0.0,0.08564490079879761,0.10507489740848541,0.08716532588005066
43102,0.0,0.07194364070892334,0.09914249181747437,0.09448835253715515
43103,0.0,0.07222145795822144,0.09370622038841248,0.11302769184112549
43104,0.0,0.07262569665908813,0.09746681898832321,0.0678197368979454
43105,0.0,0.0810384750366211,0.09907443076372147,0.10771162062883377
43106,0.0,0.08372533321380615,0.10224797576665878,0.1008753702044487
43107,0.0,0.07304668426513672,0.10501086711883545,0.07139589637517929
43108,0.0,0.06757915019989014,0.10011129081249237,0.08309720456600189
43109,0.0,0.05311042070388794,0.1018463522195816,0.04288407787680626
43110,0.0,0.05034744739532471,0.1126812994480133,0.04121151939034462
43111,0.0,0.05248755216598511,0.12127021700143814,0.054579611867666245
43112,0.0,0.05293828248977661,0.09728071838617325,0.05030032619833946
43113,0.0,0.048808515071868896,0.10600981116294861,0.04524645954370499
43114,0.0,0.05377131700515747,0.12070269137620926,0.06260529905557632
43115,0.0,0.0552753210067749,0.0894431620836258,0.04528617113828659
43116,0.0,0.047669291496276855,0.08232546597719193,0.04324546828866005
43117,0.0,0.05600661039352417,0.13986341655254364,0.056445974856615067
43118,0.0,0.04602402448654175,0.1003781259059906,0.04302774742245674
43119,0.0,0.04578453302383423,0.09441312402486801,0.0529322475194931
43120,0.0,0.049983322620391846,0.09781194478273392,0.045187439769506454
43121,0.0,0.04533916711807251,0.0938764363527298,0.038897015154361725
43122,0.0,0.0446324348449707,0.09074721485376358,0.0406893789768219
43123,0.0,0.039578914642333984,0.0910777822136879,0.042019132524728775
43124,0.0,0.047471582889556885,0.08339352160692215,0.0522235669195652
43125,0.0,0.05158454179763794,0.08476667106151581,0.07598322629928589
43126,0.0,0.04404604434967041,0.1230684444308281,0.062022604048252106
43127,0.0,0.04719221591949463,0.11423960328102112,0.07120263576507568
43128,0.0,0.07588815689086914,0.16890950500965118,0.07027246803045273
43129,1.0,0.09694135189056396,0.1392870396375656,0.16600124537944794
43130,0.0,0.0873943567276001,0.06902489066123962,0.10958819091320038
43131,0.0,0.0679551362991333,0.07691596448421478,0.09083893150091171
43132,0.0,0.13983219861984253,0.13596795499324799,0.13996338844299316
43133,1.0,0.1135716438293457,0.1457805335521698,0.2326211929321289
43134,1.0,0.09164929389953613,0.14038626849651337,0.1923598349094391
43135,0.0,0.1041075587272644,0.0862489864230156,0.17040851712226868
43136,0.0,0.09586083889007568,0.12505368888378143,0.12905743718147278
43137,0.0,0.09412837028503418,0.08079264312982559,0.09378363192081451
43138,0.0,0.0734100341796875,0.09409592300653458,0.07414720207452774
43139,0.0,0.09998297691345215,0.10461009293794632,0.09596424549818039
43140,0.0,0.14332550764083862,0.1402115672826767,0.1716170310974121
43141,0.0,0.2446802258491516,0.2750120759010315,0.3311529755592346
43403,1.0,0.1671493649482727,0.21830691397190094,0.22527208924293518
43404,0.0,0.1779891848564148,0.17078162729740143,0.27494582533836365
43405,0.0,0.2910640239715576,0.29979559779167175,0.33223652839660645
43406,1.0,0.3458629250526428,0.27802616357803345,0.39222094416618347
43407,1.0,0.36030298471450806,0.33071058988571167,0.5221555829048157
43408,1.0,0.49202585220336914,0.5132046341896057,0.6218713521957397
43409,1.0,0.3717315196990967,0.455666184425354,0.5212329626083374
43410,1.0,0.3483908176422119,0.3746512234210968,0.45639124512672424
43411,1.0,0.3416823744773865,0.3594062924385071,0.40864527225494385
43412,1.0,0.5291056632995605,0.45470184087753296,0.60602205991745
43413,1.0,0.4972236752510071,0.47481319308280945,0.6239993572235107
43414,1.0,0.3959072232246399,0.38611650466918945,0.5458541512489319
43415,1.0,0.58281409740448,0.4514343738555908,0.7843930125236511
43416,1.0,0.44294750690460205,0.4769264757633209,0.595305860042572
43417,1.0,0.3627842664718628,0.36172908544540405,0.489350289106369
43418,1.0,0.3660074472427368,0.3728788197040558,0.486606240272522
43419,1.0,0.41351646184921265,0.4013292193412781,0.4859568178653717
43420,1.0,0.43642115592956543,0.37322965264320374,0.4892074167728424
43421,1.0,0.5678839683532715,0.5448541045188904,0.6802588105201721
43422,1.0,0.38977378606796265,0.4369198679924011,0.42005595564842224
43423,1.0,0.30204999446868896,0.2913115322589874,0.36380112171173096
43424,1.0,0.3613731861114502,0.3805839419364929,0.3451698124408722
43425,1.0,0.3220142722129822,0.30181387066841125,0.324478417634964
43426,1.0,0.3224843144416809,0.2678578197956085,0.397394061088562
43427,1.0,0.30578744411468506,0.24814285337924957,0.37628456950187683
43428,1.0,0.24921733140945435,0.20771612226963043,0.33469530940055847
43429,1.0,0.16302132606506348,0.18118850886821747,0.1946782022714615
43430,0.0,0.1666765809059143,0.2017039805650711,0.20115844905376434
43431,1.0,0.11853808164596558,0.12168525904417038,0.11282418668270111
43432,0.0,0.09637045860290527,0.11750442534685135,0.12778176367282867
43433,0.0,0.08358496427536011,0.09899884462356567,0.0856851115822792
43434,0.0,0.07623535394668579,0.08063139766454697,0.07349074631929398
43435,0.0,0.048601627349853516,0.0666048526763916,0.05245797708630562
43436,0.0,0.05132472515106201,0.09453699737787247,0.06406771391630173
43437,0.0,0.08125865459442139,0.09325125813484192,0.06940926611423492
43438,1.0,0.0843430757522583,0.12545494735240936,0.10668395459651947
43439,0.0,0.09456562995910645,0.08455856144428253,0.14103974401950836
43440,0.0,0.16398078203201294,0.22637324035167694,0.22234384715557098
43441,1.0,0.12744826078414917,0.1439063549041748,0.0949343591928482
43442,1.0,0.0907391905784607,0.09516411274671555,0.11251839250326157
43443,0.0,0.07799416780471802,0.08428443968296051,0.08182007074356079
43444,0.0,0.21747326850891113,0.25783848762512207,0.3444378674030304
43445,1.0,0.07691633701324463,0.09729847311973572,0.07977493852376938
43446,0.0,0.1295459270477295,0.19053994119167328,0.1571413278579712
43447,1.0,0.09666496515274048,0.13836483657360077,0.11836576461791992
43448,0.0,0.09687304496765137,0.07859444618225098,0.12886229157447815
43449,0.0,0.06227600574493408,0.07984670996665955,0.06961183995008469
43450,0.0,0.13302361965179443,0.16591891646385193,0.14781297743320465
43451,1.0,0.14798378944396973,0.19565449655056,0.1772715300321579
43452,1.0,0.1191442608833313,0.18543386459350586,0.1510152816772461
43453,0.0,0.3058837056159973,0.23949022591114044,0.35884612798690796
43454,1.0,0.30163776874542236,0.28977957367897034,0.3716641366481781
43716,1.0,0.21416932344436646,0.24451828002929688,0.256310373544693
43717,1.0,0.3473530411720276,0.29431384801864624,0.3652823865413666
43718,1.0,0.23756206035614014,0.22562581300735474,0.3199639916419983
43719,0.0,0.3894772529602051,0.34570634365081787,0.5319607257843018
43720,1.0,0.341178297996521,0.34357574582099915,0.4026600420475006
43721,1.0,0.3051758408546448,0.2973582148551941,0.43482837080955505
43722,1.0,0.34438586235046387,0.3983207643032074,0.5552098751068115
43723,1.0,0.3854305148124695,0.4131341576576233,0.4587770998477936
43724,1.0,0.36457622051239014,0.3847236633300781,0.4911084771156311
43725,1.0,0.4893966317176819,0.4446817934513092,0.6797350645065308
43726,1.0,0.44035929441452026,0.46407949924468994,0.5539092421531677
43727,1.0,0.37689292430877686,0.3608800768852234,0.49993979930877686
43728,1.0,0.4307282567024231,0.3980488181114197,0.5486449003219604
43729,1.0,0.40414249897003174,0.40536996722221375,0.4885695278644562
43730,1.0,0.3320239782333374,0.2997235357761383,0.3593125343322754
43731,1.0,0.2882959246635437,0.2421306073665619,0.3918250799179077
43732,1.0,0.31203407049179077,0.2614094316959381,0.3977804183959961
43733,1.0,0.2774931788444519,0.24630971252918243,0.3788292706012726
43734,1.0,0.23067504167556763,0.2260909080505371,0.33437874913215637
43735,1.0,0.14322137832641602,0.16269125044345856,0.1823241412639618
43736,0.0,0.12588214874267578,0.11979658901691437,0.15358303487300873
43737,0.0,0.17892378568649292,0.2036876231431961,0.2001321166753769
43738,1.0,0.26448023319244385,0.1902838498353958,0.2721990644931793
43739,1.0,0.1968700885772705,0.19465096294879913,0.25070685148239136
43740,0.0,0.16774976253509521,0.1417224407196045,0.2574208974838257
43741,0.0,0.1493183970451355,0.13730882108211517,0.20635777711868286
43742,0.0,0.18303018808364868,0.19184769690036774,0.21495939791202545
43743,1.0,0.10348141193389893,0.15199057757854462,0.10502678900957108
43744,1.0,0.10217958688735962,0.11487226188182831,0.12136245518922806
43745,0.0,0.10527169704437256,0.10726496577262878,0.13835349678993225
43746,0.0,0.09108561277389526,0.10901787132024765,0.1171582043170929
43747,0.0,0.07389378547668457,0.08377404510974884,0.07444746792316437
43748,0.0,0.04776322841644287,0.08238477259874344,0.06508523225784302
43749,0.0,0.050428807735443115,0.08153733611106873,0.05986101180315018
43750,0.0,0.0492861270904541,0.057126663625240326,0.045398712158203125
43751,0.0,0.051785945892333984,0.06216038390994072,0.07622445374727249
43752,0.0,0.04452955722808838,0.07810603082180023,0.05403497442603111
43753,0.0,0.049501121044158936,0.1008831262588501,0.07351842522621155
43754,0.0,0.0801592469215393,0.09215228259563446,0.06421514600515366
43755,1.0,0.14255952835083008,0.20875796675682068,0.1902853548526764
43756,1.0,0.13260340690612793,0.14122548699378967,0.11144369840621948
43757,1.0,0.14194363355636597,0.12392532080411911,0.21488234400749207
43758,0.0,0.09206432104110718,0.07801114022731781,0.08988084644079208
43759,0.0,0.14973759651184082,0.19623377919197083,0.17003005743026733
43760,1.0,0.10703396797180176,0.10986243933439255,0.09864380210638046
43761,0.0,0.10890114307403564,0.08218680322170258,0.10151655972003937
43762,0.0,0.062080979347229004,0.08157391846179962,0.06998106837272644
43763,0.0,0.13394135236740112,0.18146733939647675,0.16292013227939606
43764,1.0,0.09678202867507935,0.19213637709617615,0.11242897063493729
43765,0.0,0.10895872116088867,0.11878765374422073,0.11513473093509674
43766,0.0,0.15121042728424072,0.11202064156532288,0.1723838448524475
43767,0.0,0.15048474073410034,0.10926438868045807,0.1973700076341629
44029,0.0,0.18101650476455688,0.16868872940540314,0.2525271773338318
44030,1.0,0.45990967750549316,0.3932751417160034,0.5816558599472046
44031,1.0,0.4827009439468384,0.37048670649528503,0.5600011348724365
44032,1.0,0.4253960847854614,0.3328695297241211,0.5269268155097961
44033,1.0,0.24737828969955444,0.2624705135822296,0.3745659291744232
44034,0.0,0.3485736846923828,0.3664874732494354,0.3443376421928406
44035,1.0,0.23671889305114746,0.2344951182603836,0.26984328031539917
44036,1.0,0.28299081325531006,0.23950998485088348,0.30629703402519226
44037,1.0,0.18425285816192627,0.19644813239574432,0.2689398229122162
44038,0.0,0.27986252307891846,0.22308573126792908,0.30012571811676025
44039,1.0,0.15128201246261597,0.175594300031662,0.22053757309913635
44040,0.0,0.13751107454299927,0.1374923139810562,0.18308988213539124
44041,0.0,0.10220080614089966,0.12051782011985779,0.11994730681180954
44042,0.0,0.17932963371276855,0.1892358362674713,0.20663663744926453
44043,1.0,0.1948564648628235,0.2012815773487091,0.2647493779659271
44044,1.0,0.22830677032470703,0.2579876184463501,0.30976051092147827
44045,1.0,0.30878007411956787,0.3062449097633362,0.40069571137428284
44046,1.0,0.3018273711204529,0.30083760619163513,0.3976987898349762
44047,1.0,0.314422070980072,0.3160537779331207,0.3900541365146637
44048,1.0,0.34138137102127075,0.34195372462272644,0.39106401801109314
44049,1.0,0.5408667325973511,0.4174354672431946,0.7238958477973938
44050,1.0,0.5594799518585205,0.6098635792732239,0.6829668283462524
44051,1.0,0.46238774061203003,0.43513062596321106,0.5278003215789795
44052,1.0,0.4022452235221863,0.4625938832759857,0.5103466510772705
44053,1.0,0.3847760558128357,0.4280121922492981,0.4227219223976135
44054,1.0,0.3674204349517822,0.328156977891922,0.40351206064224243
44055,1.0,0.26444870233535767,0.2479633092880249,0.27972936630249023
44056,1.0,0.14729714393615723,0.19994640350341797,0.20200462639331818
44057,0.0,0.20480448007583618,0.21977706253528595,0.22135679423809052
44058,1.0,0.1416109800338745,0.16932769119739532,0.1603470742702484
44059,0.0,0.08052021265029907,0.09536759555339813,0.07882189005613327
44060,0.0,0.06094259023666382,0.08740807324647903,0.06372000277042389
44061,0.0,0.07944583892822266,0.13448944687843323,0.05308671295642853
44062,1.0,0.0795670747756958,0.12056253850460052,0.0678214356303215
44063,1.0,0.14255833625793457,0.17634837329387665,0.1584642380475998
44064,1.0,0.1245923638343811,0.12844714522361755,0.1457308679819107
44065,0.0,0.1794477105140686,0.1996331810951233,0.17188489437103271
44066,1.0,0.17764627933502197,0.16573980450630188,0.17675550282001495
44067,1.0,0.087810218334198,0.11163444817066193,0.08494441211223602
44068,0.0,0.07534009218215942,0.09688208997249603,0.08564338833093643
44069,0.0,0.06904637813568115,0.08476971834897995,0.07765548676252365
44070,0.0,0.05813753604888916,0.06487198919057846,0.04562556371092796
44071,0.0,0.03720223903656006,0.056182391941547394,0.03230689838528633
44072,0.0,0.08267104625701904,0.19804604351520538,0.0834307074546814
44073,1.0,0.13367146253585815,0.1804226189851761,0.13627344369888306
44074,1.0,0.12703782320022583,0.1316557377576828,0.13537082076072693
44075,1.0,0.10592782497406006,0.13777485489845276,0.11698204278945923
44076,0.0,0.19765114784240723,0.26153963804244995,0.1907494217157364
44077,1.0,0.1733412742614746,0.21034854650497437,0.17747578024864197
44078,1.0,0.22641223669052124,0.26161327958106995,0.27564379572868347
44079,1.0,0.23488861322402954,0.20487995445728302,0.31759241223335266
44080,0.0,0.3158242106437683,0.29603880643844604,0.3898659348487854
44342,1.0,0.037446677684783936,0.03527473658323288,0.03678659349679947
44343,1.0,0.046992599964141846,0.03590501472353935,0.04422266408801079
44344,1.0,0.042542219161987305,0.03947259113192558,0.04926763474941254
44345,1.0,0.04520231485366821,0.04367576539516449,0.059389371424913406
44346,1.0,0.04301184415817261,0.03539784252643585,0.05235109105706215
44347,1.0,0.04998749494552612,0.0411497987806797,0.05204970762133598
44348,1.0,0.04258394241333008,0.03850280120968819,0.03963130712509155
44349,1.0,0.0493624210357666,0.03963899612426758,0.040272679179906845
44350,1.0,0.044139564037323,0.042182330042123795,0.04431569203734398
44351,1.0,0.04485034942626953,0.031632907688617706,0.04361281171441078
44352,1.0,0.0472722053527832,0.038969289511442184,0.07523447275161743
44353,1.0,0.04687297344207764,0.04198579862713814,0.055687930434942245
44354,1.0,0.035276055335998535,0.06434620916843414,0.029806701466441154
44355,1.0,0.042212069034576416,0.03693331032991409,0.035867009311914444
44356,1.0,0.042874276638031006,0.04276331886649132,0.0304744690656662
44357,1.0,0.04329627752304077,0.04064512252807617,0.04330997169017792
44358,1.0,0.04370337724685669,0.028385747224092484,0.041646163910627365
44359,1.0,0.03209739923477173,0.034192539751529694,0.028351711109280586
44360,1.0,0.11894547939300537,0.16343501210212708,0.102422334253788
44361,1.0,0.22349530458450317,0.1698196977376938,0.1925443410873413
44362,1.0,0.20480352640151978,0.1779022365808487,0.16773094236850739
44363,1.0,0.10392075777053833,0.10870648920536041,0.0746680274605751
44364,1.0,0.10270345211029053,0.09687168896198273,0.06783068925142288
44365,1.0,0.08231115341186523,0.0758977010846138,0.06716375797986984
44366,1.0,0.06364232301712036,0.06330157816410065,0.05102912709116936
44367,1.0,0.041646361351013184,0.039529573172330856,0.0365285724401474
44368,1.0,0.03446882963180542,0.02963077835738659,0.028443820774555206
44369,1.0,0.038768768310546875,0.03840011730790138,0.0323537141084671
44370,1.0,0.03567707538604736,0.04181278869509697,0.02990129590034485
44371,1.0,0.038241803646087646,0.03921080753207207,0.031542859971523285
44372,1.0,0.03025996685028076,0.03353757783770561,0.02451871521770954
44373,1.0,0.03578728437423706,0.032919179648160934,0.025580154731869698
44374,1.0,0.03285336494445801,0.03139752149581909,0.023285318166017532
44375,1.0,0.025825321674346924,0.03596925735473633,0.02023914083838463
44376,1.0,0.024112582206726074,0.03454933315515518,0.018947923555970192
44377,1.0,0.024927735328674316,0.0337429977953434,0.018307780846953392
44378,1.0,0.02423262596130371,0.023942729458212852,0.01632542721927166
44379,1.0,0.026128768920898438,0.04717753082513809,0.019757641479372978
44380,1.0,0.025716066360473633,0.046380363404750824,0.02154550701379776
44381,1.0,0.021535873413085938,0.03101704828441143,0.018189189955592155
44382,1.0,0.026539504528045654,0.04076770693063736,0.025568600744009018
44383,1.0,0.024968445301055908,0.03360602632164955,0.02272794209420681
44384,1.0,0.0247839093208313,0.034859515726566315,0.020707694813609123
44385,1.0,0.029798269271850586,0.03522618114948273,0.02517317235469818
44386,1.0,0.03557664155960083,0.04931614547967911,0.04782169684767723
44387,1.0,0.03158092498779297,0.09413926303386688,0.03682222217321396
44388,1.0,0.035317838191986084,0.03610917925834656,0.04991278052330017
44389,1.0,0.04281508922576904,0.06533334404230118,0.050694748759269714
44390,1.0,0.04516959190368652,0.11366798728704453,0.06466219574213028
44391,1.0,0.059991419315338135,0.08813344687223434,0.08781665563583374
44392,1.0,0.06352508068084717,0.07392845302820206,0.11306922137737274
44393,1.0,0.07106143236160278,0.06833385676145554,0.1300082504749298
44655,0.0,0.058610737323760986,0.04505855590105057,0.05565967783331871
44656,0.0,0.06330108642578125,0.037205860018730164,0.06277944147586823
44657,0.0,0.05041801929473877,0.040063418447971344,0.06549857556819916
44658,0.0,0.05215716361999512,0.044290561228990555,0.04947657883167267
44659,0.0,0.15222036838531494,0.1919776201248169,0.22628389298915863
44660,0.0,0.06973278522491455,0.13145457208156586,0.07133983075618744
44661,0.0,0.06981664896011353,0.07991428673267365,0.06696699559688568
44662,0.0,0.07926404476165771,0.08611149340867996,0.0672520250082016
44663,0.0,0.052029192447662354,0.07840532809495926,0.05565907433629036
44664,0.0,0.06429874897003174,0.045042525976896286,0.06809084117412567
44665,0.0,0.05662316083908081,0.05786985903978348,0.057968560606241226
44666,0.0,0.05093050003051758,0.05786328762769699,0.054646797478199005
44667,0.0,0.06876981258392334,0.07663676887750626,0.05330561846494675
44668,0.0,0.0669029951095581,0.07777862250804901,0.053080204874277115
44669,0.0,0.15604263544082642,0.14461687207221985,0.12334582209587097
44670,0.0,0.12205201387405396,0.13169585168361664,0.08565440773963928
44671,0.0,0.11030244827270508,0.06756757199764252,0.07652174681425095
44672,0.0,0.07896286249160767,0.06548517942428589,0.05935720354318619
44673,0.0,0.09854042530059814,0.05130507051944733,0.06860143691301346
44674,0.0,0.05406075716018677,0.03600664809346199,0.04359843581914902
44675,0.0,0.06174337863922119,0.03792385756969452,0.051874905824661255
44676,0.0,0.0512046217918396,0.029193243011832237,0.04675194248557091
44677,0.0,0.04894137382507324,0.023735057562589645,0.0459367111325264
44678,0.0,0.040032148361206055,0.05146625638008118,0.031953901052474976
44679,0.0,0.039224445819854736,0.026752814650535583,0.028583500534296036
44680,0.0,0.04000437259674072,0.02696010284125805,0.033039603382349014
44681,0.0,0.03621798753738403,0.025111090391874313,0.029482191428542137
44682,0.0,0.023732542991638184,0.05868591368198395,0.019528290256857872
44683,0.0,0.027860701084136963,0.024094101041555405,0.022766485810279846
44684,0.0,0.027865111827850342,0.023534435778856277,0.020552607253193855
44685,0.0,0.027389347553253174,0.0232168510556221,0.02080795355141163
44686,0.0,0.02388143539428711,0.0205664224922657,0.015667928382754326
44687,0.0,0.024767696857452393,0.020323649048805237,0.01592687889933586
44688,0.0,0.026440918445587158,0.02045554295182228,0.018422748893499374
44689,0.0,0.023559927940368652,0.03232695907354355,0.01419971976429224
44690,0.0,0.023519396781921387,0.019628368318080902,0.014626936055719852
44691,0.0,0.044323742389678955,0.09530177712440491,0.02519277296960354
44692,0.0,0.060794830322265625,0.13612376153469086,0.04644715413451195
44693,0.0,0.049753546714782715,0.04894760623574257,0.0323665477335453
44694,0.0,0.059668123722076416,0.0449601486325264,0.04036685824394226
44695,0.0,0.04862678050994873,0.04513121768832207,0.03151150047779083
44696,0.0,0.02540808916091919,0.02342689223587513,0.020344210788607597
44697,0.0,0.03818929195404053,0.026532888412475586,0.035766445100307465
44698,0.0,0.038047969341278076,0.021894341334700584,0.04526783525943756
44699,0.0,0.043618977069854736,0.044556114822626114,0.042633056640625
44700,0.0,0.0402410626411438,0.036673035472631454,0.04101359844207764
44701,0.0,0.03749251365661621,0.03223872557282448,0.04489468038082123
44702,0.0,0.05679631233215332,0.055665574967861176,0.03920188546180725
44703,0.0,0.048097193241119385,0.04918548837304115,0.047077275812625885
44704,0.0,0.0447726845741272,0.04624849557876587,0.050878264009952545
44705,0.0,0.060672640800476074,0.04575555771589279,0.08746285736560822
44706,0.0,0.05722314119338989,0.05084092170000076,0.08687936514616013
44968,1.0,0.22566092014312744,0.2765631079673767,0.3025680482387543
44969,1.0,0.2602856159210205,0.27167052030563354,0.34358975291252136
44970,1.0,0.3076270818710327,0.2953501343727112,0.407850056886673
44971,1.0,0.29474765062332153,0.22990432381629944,0.39562076330184937
44972,1.0,0.2457280158996582,0.23591797053813934,0.3794693946838379
44973,1.0,0.25411051511764526,0.2075081616640091,0.3424137532711029
44974,1.0,0.17808747291564941,0.16468538343906403,0.1861082762479782
44975,0.0,0.13310891389846802,0.16519607603549957,0.1979091912508011
44976,0.0,0.12606287002563477,0.15707071125507355,0.20196445286273956
44977,0.0,0.13842105865478516,0.12681666016578674,0.17871414124965668
44978,0.0,0.1752510666847229,0.16859863698482513,0.23046299815177917
44979,1.0,0.28257322311401367,0.25584161281585693,0.3362756073474884
44980,1.0,0.19759196043014526,0.2403785139322281,0.25179368257522583
44981,0.0,0.2662850022315979,0.2002936601638794,0.32253849506378174
44982,1.0,0.21593362092971802,0.16515249013900757,0.2977236807346344
44983,1.0,0.23774969577789307,0.1637033075094223,0.3036096692085266
44984,1.0,0.23728281259536743,0.15258733928203583,0.23501931130886078
44985,1.0,0.21475976705551147,0.15979090332984924,0.23187389969825745
44986,1.0,0.12834817171096802,0.1366863250732422,0.15057067573070526
44987,0.0,0.08410704135894775,0.1186111718416214,0.08940470963716507
44988,0.0,0.18712782859802246,0.2284281849861145,0.19979368150234222
44989,1.0,0.24704748392105103,0.1808406263589859,0.21281316876411438
44990,1.0,0.18258100748062134,0.1774863302707672,0.22285757958889008
44991,1.0,0.1111907958984375,0.12316764891147614,0.11576981842517853
44992,0.0,0.10641282796859741,0.16438396275043488,0.1271466165781021
44993,0.0,0.08033668994903564,0.16259817779064178,0.0980696901679039
44994,0.0,0.10265123844146729,0.1401768922805786,0.09669746458530426
44995,1.0,0.14250409603118896,0.2053920179605484,0.13995274901390076
44996,1.0,0.15081137418746948,0.1967640370130539,0.13690440356731415
44997,1.0,0.18176424503326416,0.18944276869297028,0.24968545138835907
44998,1.0,0.19620764255523682,0.28277403116226196,0.19224552810192108
44999,1.0,0.1738411784172058,0.23363718390464783,0.17951247096061707
45000,1.0,0.16275423765182495,0.18220362067222595,0.15006448328495026
45001,1.0,0.1381533145904541,0.1200907751917839,0.1075146421790123
45002,1.0,0.09513890743255615,0.10931452363729477,0.0743672102689743
45003,0.0,0.09017294645309448,0.12995047867298126,0.08386832475662231
45004,0.0,0.08674407005310059,0.12408411502838135,0.08989626914262772
45005,0.0,0.07367545366287231,0.17032288014888763,0.04370792210102081
45006,1.0,0.0642440915107727,0.09554882347583771,0.03549519181251526
45007,0.0,0.0894516110420227,0.1327892392873764,0.08634284138679504
45008,1.0,0.07261407375335693,0.10425452142953873,0.07316704094409943
45009,0.0,0.16248691082000732,0.22244445979595184,0.24355439841747284
45010,1.0,0.18128293752670288,0.21391421556472778,0.22154487669467926
45011,0.0,0.1810360550880432,0.23056752979755402,0.2382679134607315
45012,1.0,0.13825446367263794,0.1730344593524933,0.2639884352684021
45013,0.0,0.16358166933059692,0.23246128857135773,0.23028145730495453
45014,0.0,0.09281611442565918,0.16011038422584534,0.10788468271493912
45015,0.0,0.17727696895599365,0.15490074455738068,0.2121124565601349
45016,1.0,0.13439327478408813,0.1602005958557129,0.12182039767503738
45017,1.0,0.1282423734664917,0.13362601399421692,0.13935156166553497
45018,0.0,0.21135187149047852,0.17217251658439636,0.27667510509490967
45019,0.0,0.26338720321655273,0.18841999769210815,0.36191901564598083
45281,1.0,0.5477049350738525,0.6661126017570496,0.8543879985809326
45282,0.0,0.521532416343689,0.48787587881088257,0.6148090362548828
45283,1.0,0.4895867705345154,0.4417515993118286,0.6532909274101257
45284,1.0,0.5464887619018555,0.48756781220436096,0.740019679069519
45285,1.0,0.2896846532821655,0.3466465175151825,0.3745061755180359
45286,0.0,0.25339990854263306,0.28798291087150574,0.3391379415988922
45287,0.0,0.3222299814224243,0.33177947998046875,0.4035772681236267
45288,0.0,0.18662238121032715,0.31633251905441284,0.2532578408718109
45289,0.0,0.24891114234924316,0.35452190041542053,0.3363924026489258
45290,0.0,0.3465672731399536,0.30894339084625244,0.41368743777275085
45291,1.0,0.2721772789955139,0.30810442566871643,0.30422601103782654
45292,1.0,0.317717969417572,0.2962226867675781,0.29996976256370544
45293,1.0,0.3726205825805664,0.425925076007843,0.46581292152404785
45294,1.0,0.4394257664680481,0.5410881638526917,0.6270706653594971
45295,1.0,0.28363388776779175,0.4329114854335785,0.4516380727291107
45296,0.0,0.4722633957862854,0.4583590626716614,0.6486320495605469
45297,1.0,0.5777515172958374,0.5981426239013672,0.7771878242492676
45298,1.0,0.4786866307258606,0.5129449367523193,0.583281397819519
45299,1.0,0.5361154079437256,0.5856607556343079,0.6989479660987854
45300,1.0,0.420528769493103,0.4112638533115387,0.5543944239616394
45301,1.0,0.5302339792251587,0.5126400589942932,0.7515484690666199
45302,1.0,0.5158827304840088,0.5500624775886536,0.6875467896461487
45303,1.0,0.43899762630462646,0.5291317701339722,0.5534519553184509
45304,1.0,0.4259159564971924,0.5360917448997498,0.5068560242652893
45305,1.0,0.47558194398880005,0.5771520733833313,0.5816835761070251
45306,1.0,0.5348100662231445,0.5788341164588928,0.7029457092285156
45307,1.0,0.4975603222846985,0.5375950932502747,0.6226488351821899
45308,1.0,0.5003412961959839,0.427970290184021,0.5603410601615906
45309,1.0,0.5160812139511108,0.503588080406189,0.6079038977622986
45310,0.0,0.4570695757865906,0.4399348497390747,0.5450477600097656
45311,1.0,0.47765713930130005,0.5136356949806213,0.5288719534873962
45312,1.0,0.4803779125213623,0.4943392872810364,0.48392564058303833
45313,1.0,0.38799136877059937,0.513562023639679,0.3872184753417969
45314,1.0,0.354240357875824,0.39152365922927856,0.4305743873119354
45315,1.0,0.3237212896347046,0.3876688778400421,0.34005099534988403
45316,1.0,0.3194485902786255,0.38324233889579773,0.4014517068862915
45317,0.0,0.3210400342941284,0.3215661942958832,0.40120187401771545
45318,1.0,0.37244558334350586,0.3237190544605255,0.4657110869884491
45319,0.0,0.36380499601364136,0.37793436646461487,0.44537198543548584
45320,1.0,0.502306342124939,0.6115198731422424,0.5640586614608765
45321,1.0,0.5206730365753174,0.5905563235282898,0.6547858119010925
45322,1.0,0.5961965322494507,0.5998381972312927,0.7194640040397644
45323,1.0,0.3833090662956238,0.4109970033168793,0.4261653423309326
45324,1.0,0.5918768644332886,0.5040712356567383,0.7111483812332153
45325,1.0,0.52411288022995,0.6020779013633728,0.6850192546844482
45326,1.0,0.4432786703109741,0.4397844970226288,0.5062505006790161
45327,1.0,0.46171659231185913,0.536344587802887,0.5016847252845764
45328,1.0,0.5399289727210999,0.5829793810844421,0.7718561291694641
45329,1.0,0.560334324836731,0.6049362421035767,0.7793264985084534
45330,1.0,0.6299415230751038,0.7234829664230347,0.9199312925338745
45331,1.0,0.7121124267578125,0.7005366086959839,0.933405339717865
45332,1.0,0.6153950691223145,0.708624541759491,0.9118415713310242
45594,0.0,0.1292121410369873,0.2572670876979828,0.09913817048072815
45595,1.0,0.2196301817893982,0.23421528935432434,0.16775286197662354
45596,1.0,0.12190091609954834,0.16236811876296997,0.0983424261212349
45597,0.0,0.23484760522842407,0.27375295758247375,0.1967976689338684
45598,1.0,0.13231927156448364,0.14616195857524872,0.11364381015300751
45599,0.0,0.24790501594543457,0.2887890636920929,0.24939629435539246
45600,1.0,0.24510502815246582,0.27158570289611816,0.1970357745885849
45601,1.0,0.20725411176681519,0.15649154782295227,0.20475317537784576
45602,0.0,0.18126320838928223,0.21385963261127472,0.18276607990264893
45603,1.0,0.13961708545684814,0.13614137470722198,0.14140404760837555
45604,0.0,0.10511457920074463,0.1556181013584137,0.10479481518268585
45605,0.0,0.17626678943634033,0.20664513111114502,0.1963651329278946
45606,1.0,0.16508972644805908,0.21882130205631256,0.12667915225028992
45607,1.0,0.206262469291687,0.19561710953712463,0.1604822278022766
45608,1.0,0.09735620021820068,0.1400286704301834,0.0936335027217865
45609,0.0,0.23271775245666504,0.23345163464546204,0.22170495986938477
45610,1.0,0.24455958604812622,0.2577537000179291,0.20666812360286713
45611,1.0,0.15580564737319946,0.1625407338142395,0.14494052529335022
45612,0.0,0.1200793981552124,0.11268169432878494,0.11744750291109085
45613,0.0,0.2601972222328186,0.2693594992160797,0.29038572311401367
45614,1.0,0.4184151887893677,0.4248800277709961,0.45329341292381287
45615,1.0,0.3677957057952881,0.41772985458374023,0.39132943749427795
45616,1.0,0.3304147720336914,0.34533512592315674,0.32955852150917053
45617,1.0,0.22126132249832153,0.24191218614578247,0.21404218673706055
45618,0.0,0.2570433020591736,0.2410925030708313,0.2038348913192749
45619,1.0,0.22318506240844727,0.22922198474407196,0.1689808964729309
45620,1.0,0.1473817229270935,0.1720253825187683,0.11135128140449524
45621,0.0,0.0762324333190918,0.12123095244169235,0.07708340883255005
45622,0.0,0.11590880155563354,0.2041076123714447,0.10650068521499634
45623,1.0,0.08164417743682861,0.13705390691757202,0.04518459737300873
45624,1.0,0.09862041473388672,0.19178138673305511,0.07542788982391357
45625,1.0,0.16566473245620728,0.20794524252414703,0.15341928601264954
45626,1.0,0.1089012622833252,0.1634959876537323,0.09675716608762741
45627,0.0,0.1475517749786377,0.17109224200248718,0.1203497126698494
45628,1.0,0.15942144393920898,0.19821801781654358,0.08780098706483841
45629,1.0,0.0847771167755127,0.1145281195640564,0.06492848694324493
45630,0.0,0.10086196660995483,0.1501024067401886,0.08717826008796692
45631,1.0,0.09380173683166504,0.10858339816331863,0.05605044960975647
45632,0.0,0.10380810499191284,0.15203267335891724,0.10416706651449203
45633,1.0,0.06617188453674316,0.13041725754737854,0.06569772958755493
45634,0.0,0.06774365901947021,0.09866105765104294,0.06856290996074677
45635,0.0,0.04677152633666992,0.0725727304816246,0.029347669333219528
45636,0.0,0.045526862144470215,0.05085950717329979,0.030597612261772156
45637,0.0,0.029098212718963623,0.03699910640716553,0.023788105696439743
45638,0.0,0.03249102830886841,0.04896097257733345,0.026401877403259277
45639,0.0,0.0366058349609375,0.05311641842126846,0.03235834091901779
45640,0.0,0.03206896781921387,0.028818463906645775,0.024192048236727715
45641,0.0,0.04059785604476929,0.037666916847229004,0.03336910158395767
45642,0.0,0.03853452205657959,0.033942949026823044,0.03059413470327854
45643,0.0,0.04453325271606445,0.05347766727209091,0.03630037233233452
45644,0.0,0.1313457489013672,0.14432042837142944,0.11852195113897324
45645,1.0,0.17896145582199097,0.3181334137916565,0.21361878514289856
45907,1.0,0.18436199426651,0.2628755569458008,0.33924782276153564
45908,1.0,0.14426922798156738,0.14234529435634613,0.24725592136383057
45909,1.0,0.14176809787750244,0.14575611054897308,0.26408469676971436
45910,1.0,0.31171852350234985,0.204478457570076,0.474761962890625
45911,1.0,0.16295075416564941,0.23720036447048187,0.21700897812843323
45912,1.0,0.3021748661994934,0.2549080550670624,0.4883316457271576
45913,1.0,0.6851469278335571,0.7241731882095337,0.9232671856880188
45914,1.0,0.7622762322425842,0.761035144329071,0.9334962368011475
45915,1.0,0.7378949522972107,0.808615505695343,0.9454086422920227
45916,1.0,0.727567195892334,0.8434228301048279,0.9540875554084778
45917,1.0,0.7830990552902222,0.8498744964599609,0.9727460741996765
45918,1.0,0.7552507519721985,0.8597305417060852,0.9581437706947327
45919,1.0,0.7644578218460083,0.8158785104751587,0.9645016193389893
45920,1.0,0.7708526253700256,0.8243205547332764,0.9454225897789001
45921,1.0,0.7400474548339844,0.8582038283348083,0.9265461564064026
45922,1.0,0.7414811253547668,0.825566828250885,0.9110720157623291
45923,1.0,0.8086398243904114,0.821148157119751,0.9260803461074829
45924,1.0,0.8094744086265564,0.8192452788352966,0.9468148350715637
45925,1.0,0.7717054486274719,0.8644348978996277,0.9480929374694824
45926,1.0,0.6902618408203125,0.8555316925048828,0.9289990663528442
45927,1.0,0.7689419984817505,0.8158257007598877,0.9319882392883301
45928,1.0,0.7417983412742615,0.8092336058616638,0.9312973618507385
45929,1.0,0.7117702960968018,0.8227866291999817,0.9383016228675842
45930,1.0,0.7214372158050537,0.8135967254638672,0.9300026297569275
45931,1.0,0.7393935918807983,0.7652102708816528,0.9339596629142761
45932,1.0,0.7097658514976501,0.832192063331604,0.8296315670013428
45933,1.0,0.6625256538391113,0.7944685816764832,0.8638426065444946
45934,1.0,0.5378843545913696,0.7195186614990234,0.7230375409126282
45935,1.0,0.40258514881134033,0.5655165314674377,0.6358746886253357
45936,1.0,0.5372927784919739,0.5627081990242004,0.5549500584602356
45937,1.0,0.28153103590011597,0.3478134572505951,0.43953412771224976
45938,1.0,0.2181074619293213,0.2855339050292969,0.33250850439071655
45939,1.0,0.2162609100341797,0.282338410615921,0.33423805236816406
45940,1.0,0.15170586109161377,0.20829223096370697,0.23633423447608948
45941,1.0,0.21554476022720337,0.2653520107269287,0.3661254048347473
45942,1.0,0.19719719886779785,0.25268957018852234,0.33931687474250793
45943,1.0,0.22229844331741333,0.2505427300930023,0.3159288763999939
45944,1.0,0.18728697299957275,0.22018314898014069,0.3186510503292084
45945,1.0,0.15712982416152954,0.1785360872745514,0.359781950712204
45946,1.0,0.13482725620269775,0.17336168885231018,0.2594514787197113
45947,1.0,0.10814529657363892,0.14309531450271606,0.2340208888053894
45948,1.0,0.21839147806167603,0.2197524458169937,0.33929815888404846
45949,1.0,0.3470665216445923,0.393999844789505,0.5044487118721008
45950,1.0,0.2988134026527405,0.29360517859458923,0.5309768915176392
45951,1.0,0.2706868052482605,0.24610641598701477,0.5019279718399048
45952,1.0,0.30438125133514404,0.2631453573703766,0.4667823016643524
45953,1.0,0.24689102172851562,0.20239196717739105,0.4032847285270691
45954,1.0,0.2742716670036316,0.23292846977710724,0.45231351256370544
45955,1.0,0.2598007321357727,0.23022069036960602,0.4849223792552948
45956,1.0,0.293651282787323,0.2513850927352905,0.5219929814338684
45957,1.0,0.36316871643066406,0.2612679600715637,0.6757960915565491
45958,1.0,0.35444772243499756,0.3158682882785797,0.5576769113540649
