parameter,r_hat,ess_bulk
alpha_district|Aimorés,1.0324831410684798,147.21425426066062
alpha_district|Alagoa Grande,1.00936909850947,507.56617932144314
alpha_district|Alagoinhas,1.0038366539436934,143.63843004778425
alpha_district|Amambai,1.003057006396737,519.9440551764059
alpha_district|Ananindeua,0.9974792463885369,359.1432003798746
alpha_district|Aracaju,1.0031225067892489,250.05924916399076
alpha_district|Aracati,1.0261037641350181,155.2504369679669
alpha_district|Araguaína,1.0035527332460967,405.61828077355455
alpha_district|Araripina,1.0123953384262323,192.576850737145
alpha_district|Açu,1.0199569368595158,221.26072049611503
alpha_district|Balneário Camboriú,0.9989930324317496,689.3376602744654
alpha_district|Balsas,0.9980594530441548,662.9443323614319
alpha_district|Barbalha,1.0215590531779009,179.12373580452606
alpha_district|Barreiras,0.9978211075905608,181.5922520128134
alpha_district|Belford Roxo,1.0130578466321616,143.10830003339046
alpha_district|Belo Horizonte,1.0245025315890468,139.59521313917693
alpha_district|Boa Vista,0.9987380602559843,1014.9057554928507
alpha_district|Brasília,1.00915431536241,876.9004362799985
alpha_district|Brejo Santo,1.0189369311155498,134.70103601261053
alpha_district|Cabo Frio,1.0329264101461284,125.34092507245039
alpha_district|Cabo de Santo Agostinho,1.0029545448591146,179.94423111187848
alpha_district|Caicó,1.008696891657418,202.29858036089186
alpha_district|Camaragibe,1.0022504341308542,195.80715545252065
alpha_district|Camaçari,1.0043009389506055,124.4727789473498
alpha_district|Campina Grande,1.0098632998571277,599.6998226595847
alpha_district|Campinas,1.0228025606628686,143.82958471652285
alpha_district|Campo Grande,1.010420385812619,485.032807886955
alpha_district|Campo Novo do Parecis,1.0145293960029094,826.5511958946859
alpha_district|Campos Sales,1.0092825213610943,183.28807555563472
alpha_district|Campos dos Goytacazes,1.0238218966843757,118.93178235190605
alpha_district|Caruaru,1.0065704759252672,181.13097389030952
alpha_district|Cascavel,1.0005872177478263,880.036957385087
alpha_district|Castanhal,1.0098484294474208,308.545992212843
alpha_district|Caucaia,1.0303049087019518,138.21330589533648
alpha_district|Cerejeiras,1.004344929845137,378.4534291038276
alpha_district|Conceição do Coité,1.0078251234109143,125.49637680416767
alpha_district|Conselheiro Pena,1.0272636655719753,140.98185681458315
alpha_district|Coronel Fabriciano,1.020176434310247,153.02448678987093
alpha_district|Corumbá,1.002445437281679,490.75386807021164
alpha_district|Cuiabá,1.0004977741057823,755.751269173722
alpha_district|Estância,1.0022809253902445,237.6511511244189
alpha_district|Feira de Santana,1.0037903537888966,137.311873216222
alpha_district|Florianópolis,0.9992055915507871,761.1971856666675
alpha_district|Fortaleza,1.0278762301227917,144.8181756700148
alpha_district|Foz do Iguaçu,1.0009390014461597,840.4936822836003
alpha_district|Garanhuns,1.0028647344669368,199.85694700587595
alpha_district|Goiânia,1.0060712575782886,820.7914542022586
alpha_district|Governador Valadares,1.0368668173815638,114.24842114781731
alpha_district|Gravatá,1.0117532761285926,180.64526756362412
alpha_district|Guanambi,1.0027892833150749,153.605872357546
alpha_district|Guarujá,1.013416354872669,198.8157264771911
alpha_district|Icapuí,1.0192670640540704,151.18682331453041
alpha_district|Icó,1.0133515154428752,163.61877124113414
alpha_district|Igarassu,1.005301937767627,168.3908238624118
alpha_district|Ipatinga,1.0325396868404346,69.7642756154115
alpha_district|Ipojuca,1.001239405473561,154.14742497713905
alpha_district|Irauçuba,1.0162731828627753,173.08399756899078
alpha_district|Itaberaba,1.00152048800779,175.7243097290882
alpha_district|Itaboraí,1.0266681646879499,125.57697008561182
alpha_district|Itabuna,1.003601468322876,147.00695815117777
alpha_district|Itaperuna,1.0212714082774008,139.49227756207682
alpha_district|Jaboatão dos Guararapes,1.0037852587398364,187.26880462841143
alpha_district|Ji-Paraná,1.0018554801424588,411.2511220420206
alpha_district|João Pessoa,1.0167390782144954,528.6436765445682
alpha_district|Juazeiro,1.01087345658314,172.59647246868312
alpha_district|Lauro de Freitas,1.0029386816466934,127.56003724021896
alpha_district|Macaíba,1.0059259190250462,254.16116700700806
alpha_district|Macaúbas,1.0011096369300514,168.2479313656972
alpha_district|Maceió,1.0000723715189608,1040.823996531185
alpha_district|Manaus,1.0025750260441577,1032.5122321375707
alpha_district|Mangaratiba,1.0272514263875514,129.4012920650674
alpha_district|Maranguape,1.0157149387179665,141.7392140084594
alpha_district|Maricá,1.0201201259000077,144.88907813595108
alpha_district|Marituba,0.9997649854711327,330.1598874671301
alpha_district|Massapê,1.0237399598498964,138.58083763513378
alpha_district|Milagres,1.0218996522720378,153.21562164822458
alpha_district|Montes Claros,1.0216132623536227,121.75891967193063
alpha_district|Mossoró,1.0146889867621491,238.77377377482557
alpha_district|Natal,1.0089176529026362,257.06419663389573
alpha_district|Niterói,1.0230811195254705,114.49375117330783
alpha_district|Nossa Senhora do Socorro,1.0000528038533556,255.50867550372686
alpha_district|Nova Iguaçu,1.0220017507770833,126.290735353409
alpha_district|Ocara,1.0176818099398495,167.3513999846281
alpha_district|Olinda,1.0016337037167293,170.39371437242008
alpha_district|Palmares,1.006564854184604,178.24998688449088
alpha_district|Palmas,1.0061829235361228,414.82188732829746
alpha_district|Parauapebas,0.9999144338821739,355.11638260453935
alpha_district|Parnamirim,1.0100785216284591,227.8193329284675
alpha_district|Paulista,1.0007707041590201,186.21450837502948
alpha_district|Paulo Afonso,1.0071448065689106,125.25289480709027
alpha_district|Petrolina,1.010771039213439,175.64752588159587
alpha_district|Picos,1.0073627330859716,482.26967937079684
alpha_district|Porciúncula,1.0148366817250583,142.28937585805681
alpha_district|Porto Nacional,1.0029851657158826,357.31236091408067
alpha_district|Porto Seguro,1.0024195770912887,143.10797419912495
alpha_district|Porto Velho,1.0013741366323774,383.22294281379436
alpha_district|Queimadas,1.0069455850830178,544.9422611185614
alpha_district|Queimados,1.018446733271062,157.2356998492601
alpha_district|Quipapá,1.0010274030090829,217.3135727901516
alpha_district|Quixeramobim,1.0216104801841244,135.4158741969281
alpha_district|Quixeré,1.016907451179855,174.01128615945038
alpha_district|Recife,0.9980043525818911,191.22441926436875
alpha_district|Reriutaba,1.014763431216708,173.59860550129204
alpha_district|Resplendor,1.0188472931103754,163.73649952964516
alpha_district|Riachão do Jacuípe,1.013207831872031,144.57540993063392
alpha_district|Ribeira do Pombal,1.006803997136617,136.89668582621957
alpha_district|Ribeirão Preto,1.011492627055304,202.29823704690656
alpha_district|Ribeirão das Neves,1.015901399416166,145.55612930170804
alpha_district|Rio de Janeiro,1.034617800517036,93.81465622446406
alpha_district|Russas,1.0173553243763593,169.87977985098075
alpha_district|Salgueiro,1.0098637920934623,189.98254780641082
alpha_district|Salvador,1.0092489089377252,117.16842371118916
alpha_district|Santa Cruz,1.0103865753929175,289.1237587657021
alpha_district|Santa Cruz do Capibaribe,1.0090514339840821,177.5285379088889
alpha_district|Santarém,1.0065814577114993,318.6507067932363
alpha_district|Santo Antônio de Jesus,1.0086996044173233,132.49398567510164
alpha_district|Santo Antônio de Pádua,1.0218343756413601,98.99188615110769
alpha_district|Santos,1.0191376254723632,164.35386190212893
alpha_district|Saquarema,1.020898532046583,114.89220145162537
alpha_district|Seabra,1.0017691223379062,142.79130904317026
alpha_district|Simão Dias,0.9986959630879235,247.11897444757054
alpha_district|Simões Filho,1.0048804068898733,135.0352777024515
alpha_district|Sobral,1.016490639245315,167.69467845548613
alpha_district|Sorocaba,1.0212531584197384,199.93113619463816
alpha_district|São Carlos,1.0155178743092805,183.16117914213208
alpha_district|São Cristóvão,0.999431377308029,272.54491602331996
alpha_district|São Desidério,1.0046618559222844,157.797850729102
alpha_district|São Francisco do Conde,0.9981107528350395,132.42670207232172
alpha_district|São Gonçalo,1.0268316522678167,116.63715147308646
alpha_district|São José do Rio Preto,1.0212886781754291,194.74688840960354
alpha_district|São José dos Campos,1.0234850232162915,197.0317989503587
alpha_district|São João de Meriti,1.0280702171016876,129.211955352378
alpha_district|São Luís,1.0005946323615007,757.4862625857501
alpha_district|São Paulo,1.016854342477871,186.65702056115708
alpha_district|Teixeira de Freitas,1.0062445282084103,117.29699925997026
alpha_district|Teresina,1.001305274032758,681.4185786972479
alpha_district|Teófilo Otoni,1.0162152156227284,174.6597092557564
alpha_district|Três Lagoas,1.0004075275056719,475.0673604636202
alpha_district|Uberaba,1.025236481665343,138.08710087170377
alpha_district|Uberlândia,1.0315678206884595,124.35531444683942
alpha_district|Ubá,1.029427574504234,153.53036372974304
alpha_district|Uibaí,1.0027462352662382,148.07125566095445
alpha_district|Valente,1.0093424718760513,114.48849340191758
alpha_district|Vilhena,1.0029392221483495,399.22022422066266
alpha_district|Vitória,1.012172269083912,911.557728002868
alpha_district|Vitória da Conquista,1.0062324092176345,137.44894633148704
alpha_district|Volta Redonda,1.0260198231036368,134.04762380913795
alpha_nb,1.0043356067326676,566.5595315147954
alpha_raw|Aimorés,1.0616481959433774,70.71412168473007
alpha_raw|Alagoa Grande,1.0049687168434016,570.7810226561479
alpha_raw|Alagoinhas,1.0166489490400474,69.16902084854858
alpha_raw|Amambai,1.0125388658355285,431.4894237651164
alpha_raw|Ananindeua,1.0025148500469119,301.6339849489098
alpha_raw|Aracaju,1.0088482114921054,203.05880754376014
alpha_raw|Aracati,1.0060500119983302,143.3299895366146
alpha_raw|Araguaína,1.0003679057149262,292.3977150924391
alpha_raw|Araripina,1.0038105260099102,171.75963776109728
alpha_raw|Açu,1.0075685572478517,215.6372605049179
alpha_raw|Balneário Camboriú,1.001914397682847,582.7562757212927
alpha_raw|Balsas,1.0031985178509537,494.10017055553624
alpha_raw|Barbalha,1.004189807479146,169.33535782543544
alpha_raw|Barreiras,1.004884902765439,82.13336214762927
alpha_raw|Belford Roxo,1.0414049793142273,51.24009351038676
alpha_raw|Belo Horizonte,1.0505523551235978,75.70416674701696
alpha_raw|Boa Vista,1.0019293757711125,920.649290642495
alpha_raw|Brasília,1.0162786228458744,889.7984637852721
alpha_raw|Brejo Santo,1.0013761962977503,128.1207873523563
alpha_raw|Cabo Frio,1.048409567449089,94.62636919386657
alpha_raw|Cabo de Santo Agostinho,1.0037143211631514,141.2490899550407
alpha_raw|Caicó,1.002549272406422,196.90391300269573
alpha_raw|Camaragibe,1.0035723601038302,159.26557211791186
alpha_raw|Camaçari,1.0165413150175828,94.60351101322327
alpha_raw|Campina Grande,1.0192239700928287,667.8225334151666
alpha_raw|Campinas,1.0289347925671672,116.23855089928108
alpha_raw|Campo Grande,1.000639860606935,346.3636946488887
alpha_raw|Campo Novo do Parecis,1.0032599356265135,651.3799751467483
alpha_raw|Campos Sales,0.9986669568813198,167.13181348296771
alpha_raw|Campos dos Goytacazes,1.0279815879293375,122.29420635223639
alpha_raw|Caruaru,1.018463649069772,150.9755157764325
alpha_raw|Cascavel,1.0050768759888489,644.1263627314131
alpha_raw|Castanhal,1.0083938822868632,269.098208214063
alpha_raw|Caucaia,1.0106189843955684,133.46570903164763
alpha_raw|Cerejeiras,1.0098420691260546,331.25850848011646
alpha_raw|Conceição do Coité,1.0082720208329565,74.14988768117816
alpha_raw|Conselheiro Pena,1.0563886562988742,33.51297853020549
alpha_raw|Coronel Fabriciano,1.048533901383864,85.67890064839156
alpha_raw|Corumbá,1.0018272734474796,406.8576776254567
alpha_raw|Cuiabá,0.9986377535242276,598.9978401527106
alpha_raw|Estância,1.0178425877022488,184.17061038739075
alpha_raw|Feira de Santana,1.018895355575645,106.92321162798319
alpha_raw|Florianópolis,0.9983142264953038,632.0230192553366
alpha_raw|Fortaleza,1.0218327943663041,99.58675114322433
alpha_raw|Foz do Iguaçu,1.0055496164814188,497.92885772166863
alpha_raw|Garanhuns,1.003566620056779,170.761960470752
alpha_raw|Goiânia,1.005120671373826,673.4794778983546
alpha_raw|Governador Valadares,1.0706836753432563,34.27419649678688
alpha_raw|Gravatá,1.0035873637407295,177.6681175991679
alpha_raw|Guanambi,1.0141078088024404,74.99342215757909
alpha_raw|Guarujá,1.029033330827856,110.66386713112298
alpha_raw|Icapuí,1.00074738363074,140.47885783275717
alpha_raw|Icó,1.0042949111781057,157.9725628577744
alpha_raw|Igarassu,1.0144458140246464,142.47280912204116
alpha_raw|Ipatinga,1.0660019128281872,32.096475816558794
alpha_raw|Ipojuca,1.0082060483935447,110.58691167163087
alpha_raw|Irauçuba,0.9974982462053474,159.56976760253357
alpha_raw|Itaberaba,1.0109615087056585,86.32472732563821
alpha_raw|Itaboraí,1.0495184561224749,48.43431596091494
alpha_raw|Itabuna,1.0259540056356242,71.72343471552749
alpha_raw|Itaperuna,1.0390698230085715,81.46351765100042
alpha_raw|Jaboatão dos Guararapes,0.9981370093132508,147.21498649600466
alpha_raw|Ji-Paraná,1.0010771907893063,318.42816046230325
alpha_raw|João Pessoa,1.012497584635392,486.2533572605112
alpha_raw|Juazeiro,1.0056226754551767,100.58076026530478
alpha_raw|Lauro de Freitas,1.0153618536783309,66.65728303148592
alpha_raw|Macaíba,1.0059628499555786,214.61467929446664
alpha_raw|Macaúbas,1.0175724631924725,102.2643639310467
alpha_raw|Maceió,1.00061285281785,1040.823996531185
alpha_raw|Manaus,1.0029507316131632,873.8416625462739
alpha_raw|Mangaratiba,1.054363278080662,34.06507464107081
alpha_raw|Maranguape,1.0013861680265643,131.05126482897933
alpha_raw|Maricá,1.0456808412459955,107.42628830077585
alpha_raw|Marituba,1.0084960622127543,282.64501292072345
alpha_raw|Massapê,1.0042663997177237,162.01486748562255
alpha_raw|Milagres,1.0073082358478493,149.4596263446762
alpha_raw|Montes Claros,1.0471660363086852,66.59832695506093
alpha_raw|Mossoró,1.0125709965948295,200.18970188898524
alpha_raw|Natal,1.0089459886899685,220.53598733188397
alpha_raw|Niterói,1.045129952833408,63.08342826447797
alpha_raw|Nossa Senhora do Socorro,1.0143560164424845,190.73747346911003
alpha_raw|Nova Iguaçu,1.0297158033426306,119.34129668701284
alpha_raw|Ocara,1.0179881961368935,152.4737356927956
alpha_raw|Olinda,1.0034264137820355,137.36251061527275
alpha_raw|Palmares,1.004518019948555,135.83701578188771
alpha_raw|Palmas,1.0006651454687734,321.73477010793033
alpha_raw|Parauapebas,1.0060439729259685,307.2127764481462
alpha_raw|Parnamirim,1.0006913532173003,225.9913922517674
alpha_raw|Paulista,1.0074265169986496,148.72030718797555
alpha_raw|Paulo Afonso,1.0099657535410962,81.74664086724698
alpha_raw|Petrolina,1.0026120243421734,137.8384500185434
alpha_raw|Picos,0.9997575970333863,367.3536468727474
alpha_raw|Porciúncula,1.0405167460675386,94.16006585328194
alpha_raw|Porto Nacional,1.0033891123188963,299.42986130472974
alpha_raw|Porto Seguro,1.0105034394031056,80.83743667852437
alpha_raw|Porto Velho,1.0004217194671203,360.8544959987874
alpha_raw|Queimadas,1.0149761390426033,570.1417968091239
alpha_raw|Queimados,1.043994808223047,87.86847736902278
alpha_raw|Quipapá,1.0004187909594389,164.77800006710808
alpha_raw|Quixeramobim,1.0050102713818292,124.77402837855469
alpha_raw|Quixeré,1.0079322453341124,131.01708259293068
alpha_raw|Recife,1.0029612139197144,125.09899996350919
alpha_raw|Reriutaba,1.0059444389285768,159.38061928211175
alpha_raw|Resplendor,1.0438191825702499,102.30832540439518
alpha_raw|Riachão do Jacuípe,1.0049368849055154,90.48061673686864
alpha_raw|Ribeira do Pombal,1.0082024174360404,80.24048314066947
alpha_raw|Ribeirão Preto,1.0268935519068179,133.25311292887443
alpha_raw|Ribeirão das Neves,1.0403573743418704,98.53549184234278
alpha_raw|Rio de Janeiro,1.0227552846691752,133.92348680005838
alpha_raw|Russas,0.999906491949313,160.12510987848634
alpha_raw|Salgueiro,1.0007703149489446,156.10968673700842
alpha_raw|Salvador,1.0238659117956477,105.7976768776552
alpha_raw|Santa Cruz,1.0029434267760953,223.3030139880593
alpha_raw|Santa Cruz do Capibaribe,0.9993588021905633,147.67353232951206
alpha_raw|Santarém,1.0082252941449719,284.25216545053587
alpha_raw|Santo Antônio de Jesus,1.0144662760075471,64.46922108041771
alpha_raw|Santo Antônio de Pádua,1.053612578653258,40.62664904907673
alpha_raw|Santos,1.0277802591910836,122.82658052729963
alpha_raw|Saquarema,1.0471752123872926,46.006997546762605
alpha_raw|Seabra,1.0100805980749343,84.55665046702268
alpha_raw|Simão Dias,1.0114214186997799,186.76321822870858
alpha_raw|Simões Filho,1.0118012888012953,74.36532553164551
alpha_raw|Sobral,0.9995468038385769,155.8326738903745
alpha_raw|Sorocaba,1.0275149772738688,126.76602038418574
alpha_raw|São Carlos,1.0353637217681888,110.60477913986368
alpha_raw|São Cristóvão,1.0206292403843193,201.9783122117919
alpha_raw|São Desidério,1.009880195198832,87.05203102540956
alpha_raw|São Francisco do Conde,1.0038709168371882,87.64642438926339
alpha_raw|São Gonçalo,1.046391060730613,81.71855093194549
alpha_raw|São José do Rio Preto,1.033277423048782,110.90585527109661
alpha_raw|São José dos Campos,1.0333576004597218,130.0463599499782
alpha_raw|São João de Meriti,1.05405128309161,45.813373020182404
alpha_raw|São Luís,1.001691559515116,647.7256092824908
alpha_raw|São Paulo,1.0094743448021564,139.75492253120092
alpha_raw|Teixeira de Freitas,1.012703343156642,74.54917673756485
alpha_raw|Teresina,0.997048084049596,544.9174340547028
alpha_raw|Teófilo Otoni,1.0429490450919963,125.74679680982422
alpha_raw|Três Lagoas,1.0011398322318497,397.55363124983637
alpha_raw|Uberaba,1.0540136977233174,63.18873633459139
alpha_raw|Uberlândia,1.057369899171304,44.08765442253756
alpha_raw|Ubá,1.05920125764837,65.81519600683141
alpha_raw|Uibaí,1.013189040934009,66.62369739903914
alpha_raw|Valente,1.010851952937568,70.68921133618643
alpha_raw|Vilhena,1.0017635150543678,381.7405046698314
alpha_raw|Vitória,1.010557601148608,760.6832344862723
alpha_raw|Vitória da Conquista,1.0149907865652161,79.85048132510258
alpha_raw|Volta Redonda,1.0608762418767985,31.558506317987145
beta|humidity,0.9982474193663199,635.5704246547133
beta|month_cos,1.001908241089062,659.3992780490192
beta|month_sin,0.9993317164246601,951.342625855065
beta|rainfall,0.9961418391186646,811.8164047457786
beta|temperature,1.002718561950638,596.0138969347744
mu_alpha,1.025001565851864,122.75666508941973
rho,1.003951055778437,214.744218703295
sigma_alpha,1.0242185435678959,75.57367272232693
sigma_z_state,1.0019333313529375,242.5591870884238
u_init_s|AL,1.0071007095169764,759.1188904548669
u_init_s|AM,1.0008164995899538,526.1102650053832
u_init_s|BA,1.005719597335438,200.09404192961765
u_init_s|CE,1.0221270516225773,127.14754481622417
u_init_s|DF,0.9990070100243245,1040.823996531185
u_init_s|ES,1.0031030359593438,1040.823996531185
u_init_s|GO,1.0040239780241533,656.7654353691855
u_init_s|MA,1.0046539901268812,840.0458305153761
u_init_s|MG,1.0068065471505792,334.2598685101389
u_init_s|MS,1.0055152225099948,534.0510909717507
u_init_s|MT,0.9988992564372142,796.4746430895877
u_init_s|PA,1.002316207109407,498.4473926532704
u_init_s|PB,0.9981023072379513,725.4372375868421
u_init_s|PE,1.0048589281757228,326.87420827743745
u_init_s|PI,0.9976056230182152,839.4665230886856
u_init_s|PR,1.0049095701788027,999.1635036720293
u_init_s|RJ,1.0160709585808996,199.80073776302572
u_init_s|RN,1.0018199452736707,582.7543629876351
u_init_s|RO,1.0028526443286787,672.7539895452821
u_init_s|RR,1.0072240053413495,1040.823996531185
u_init_s|SC,1.0016324396876481,1040.823996531185
u_init_s|SE,0.9964190109886072,662.1186121564955
u_init_s|SP,1.0097080443985096,330.5295411686288
u_init_s|TO,1.0004958005601878,365.9763084852485
z_innov_s|AL|2019-01-13 00:00:00,1.0032892085690288,1040.823996531185
z_innov_s|AL|2019-01-20 00:00:00,1.013837298727694,1040.823996531185
z_innov_s|AL|2019-01-27 00:00:00,1.0057926214028516,796.7246006187177
z_innov_s|AL|2019-02-03 00:00:00,1.0057718494075387,1040.823996531185
z_innov_s|AL|2019-02-10 00:00:00,1.027123985311207,690.8194713864281
z_innov_s|AL|2019-02-17 00:00:00,1.0114011512612586,863.3551274322349
z_innov_s|AL|2019-02-24 00:00:00,1.0030804522094006,507.3065841120511
z_innov_s|AL|2019-03-03 00:00:00,1.0090344463995695,530.5888606202119
z_innov_s|AL|2019-03-10 00:00:00,1.000720360051708,1040.823996531185
z_innov_s|AL|2019-03-17 00:00:00,1.0041542129075132,1014.3148293124824
z_innov_s|AL|2019-03-24 00:00:00,1.0029562611908591,1040.823996531185
z_innov_s|AL|2019-03-31 00:00:00,1.0136952093630849,773.987346915695
z_innov_s|AL|2019-04-07 00:00:00,1.0088972524726443,1011.2013778493726
z_innov_s|AL|2019-04-14 00:00:00,1.0003955643481661,944.1644639781305
z_innov_s|AL|2019-04-21 00:00:00,1.0008570184951675,695.3534204887403
z_innov_s|AL|2019-04-28 00:00:00,1.000192057343468,968.6940467667844
z_innov_s|AL|2019-05-05 00:00:00,1.012938610139868,1040.823996531185
z_innov_s|AL|2019-05-12 00:00:00,1.0011978723208828,973.171283527654
z_innov_s|AL|2019-05-19 00:00:00,1.019637112980836,941.9979449274191
z_innov_s|AL|2019-05-26 00:00:00,1.010648339247202,1040.823996531185
z_innov_s|AL|2019-06-02 00:00:00,1.0073606292897141,1038.3044327602663
z_innov_s|AL|2019-06-09 00:00:00,1.0364302232981817,523.5056350362236
z_innov_s|AL|2019-06-16 00:00:00,1.0113333749958413,859.9389858103314
z_innov_s|AL|2019-06-23 00:00:00,1.0034682553431251,732.0609578694144
z_innov_s|AL|2019-06-30 00:00:00,0.996101214298121,1040.823996531185
z_innov_s|AL|2019-07-07 00:00:00,1.01907305137443,1040.823996531185
z_innov_s|AL|2019-07-14 00:00:00,1.000642958977721,1040.823996531185
z_innov_s|AL|2019-07-21 00:00:00,1.008241920633094,1040.823996531185
z_innov_s|AL|2019-07-28 00:00:00,1.0157571709416058,1040.823996531185
z_innov_s|AL|2019-08-04 00:00:00,0.9993906329048889,1040.823996531185
z_innov_s|AL|2019-08-11 00:00:00,0.9993908530732878,697.0970332999839
z_innov_s|AL|2019-08-18 00:00:00,1.0027117637836618,1040.823996531185
z_innov_s|AL|2019-08-25 00:00:00,0.9984575981765915,1040.823996531185
z_innov_s|AL|2019-09-01 00:00:00,1.004953479661362,1040.823996531185
z_innov_s|AL|2019-09-08 00:00:00,1.0056090300678562,952.2053079098755
z_innov_s|AL|2019-09-15 00:00:00,1.028946381082293,717.5548257210123
z_innov_s|AL|2019-09-22 00:00:00,0.99760262850001,1040.823996531185
z_innov_s|AL|2019-09-29 00:00:00,1.0020287260301937,599.693913132314
z_innov_s|AL|2019-10-06 00:00:00,0.9974803788206134,964.3688449294575
z_innov_s|AL|2019-10-13 00:00:00,1.005865910067681,1040.823996531185
z_innov_s|AL|2019-10-20 00:00:00,1.0028866256190345,878.9322210481067
z_innov_s|AL|2019-10-27 00:00:00,1.015211518792862,883.8217116472272
z_innov_s|AL|2019-11-03 00:00:00,1.0078987229518697,1040.823996531185
z_innov_s|AL|2019-11-10 00:00:00,0.999577480398874,849.933083673835
z_innov_s|AL|2019-11-17 00:00:00,1.0026016813504575,1040.823996531185
z_innov_s|AL|2019-11-24 00:00:00,1.0036316466621686,1040.823996531185
z_innov_s|AL|2019-12-01 00:00:00,1.011366848288854,1040.823996531185
z_innov_s|AL|2019-12-08 00:00:00,1.012548130321494,1040.823996531185
z_innov_s|AL|2019-12-15 00:00:00,0.9958534892872578,609.7346639731597
z_innov_s|AL|2019-12-22 00:00:00,0.9998220025389107,737.5352109840748
z_innov_s|AL|2019-12-29 00:00:00,0.9993054277444631,1040.823996531185
z_innov_s|AL|2020-01-05 00:00:00,0.9966977715144819,784.0558344132387
z_innov_s|AL|2020-01-12 00:00:00,1.0076269304036878,433.27351009111084
z_innov_s|AL|2020-01-19 00:00:00,1.0099554902597931,1040.823996531185
z_innov_s|AL|2020-01-26 00:00:00,1.0145890715481152,1040.823996531185
z_innov_s|AL|2020-02-02 00:00:00,1.0015715291480214,911.7322265999899
z_innov_s|AL|2020-02-09 00:00:00,1.0082002871786635,890.0715197553092
z_innov_s|AL|2020-02-16 00:00:00,0.9994373059557882,794.0801882106686
z_innov_s|AL|2020-02-23 00:00:00,1.0116395422079385,879.5872689533834
z_innov_s|AL|2020-03-01 00:00:00,1.012325857857992,927.7170743602053
z_innov_s|AL|2020-03-08 00:00:00,0.997839529551369,859.646507359594
z_innov_s|AL|2020-03-15 00:00:00,1.0032534145300651,1040.823996531185
z_innov_s|AL|2020-03-22 00:00:00,1.0189896118900044,800.4210463802743
z_innov_s|AL|2020-03-29 00:00:00,1.0097394227705523,924.1724065246133
z_innov_s|AL|2020-04-05 00:00:00,1.0151906211851598,545.3321665662116
z_innov_s|AL|2020-04-12 00:00:00,1.0315902987926018,1040.823996531185
z_innov_s|AL|2020-04-19 00:00:00,1.015126270373168,1024.2944723170133
z_innov_s|AL|2020-04-26 00:00:00,1.008545635111889,1040.823996531185
z_innov_s|AL|2020-05-03 00:00:00,1.0028263784965803,578.5164471298392
z_innov_s|AL|2020-05-10 00:00:00,0.9975311876028125,638.1883222330687
z_innov_s|AL|2020-05-17 00:00:00,0.9981871050666754,1040.823996531185
z_innov_s|AL|2020-05-24 00:00:00,1.014831384887447,1040.823996531185
z_innov_s|AL|2020-05-31 00:00:00,0.9992277250850118,1040.823996531185
z_innov_s|AL|2020-06-07 00:00:00,1.019018974429693,1040.823996531185
z_innov_s|AL|2020-06-14 00:00:00,1.011509515940369,1040.823996531185
z_innov_s|AL|2020-06-21 00:00:00,1.0045337817884439,1040.823996531185
z_innov_s|AL|2020-06-28 00:00:00,0.999555099781659,625.5557871104927
z_innov_s|AL|2020-07-05 00:00:00,1.0160903040041416,1040.823996531185
z_innov_s|AL|2020-07-12 00:00:00,1.0006667646271998,1040.823996531185
z_innov_s|AL|2020-07-19 00:00:00,0.9982096916889074,882.4261676243219
z_innov_s|AL|2020-07-26 00:00:00,1.0167236382896703,953.8976177102072
z_innov_s|AL|2020-08-02 00:00:00,1.006062715033633,1040.823996531185
z_innov_s|AL|2020-08-09 00:00:00,1.0000851429214654,1040.823996531185
z_innov_s|AL|2020-08-16 00:00:00,1.0167646786889144,849.0021994670418
z_innov_s|AL|2020-08-23 00:00:00,1.0075234097110626,1040.823996531185
z_innov_s|AL|2020-08-30 00:00:00,1.028827263042967,860.3526946691248
z_innov_s|AL|2020-09-06 00:00:00,1.0009993023535337,864.670647591184
z_innov_s|AL|2020-09-13 00:00:00,1.00188918437958,1040.823996531185
z_innov_s|AL|2020-09-20 00:00:00,1.0314296224843251,968.4050451874274
z_innov_s|AL|2020-09-27 00:00:00,0.996597395558249,978.6323943101361
z_innov_s|AL|2020-10-04 00:00:00,1.0175326701926106,869.3320503222911
z_innov_s|AL|2020-10-11 00:00:00,1.0131660215851515,947.8075385763466
z_innov_s|AL|2020-10-18 00:00:00,0.9957157403328339,1040.823996531185
z_innov_s|AL|2020-10-25 00:00:00,0.9987746465608474,627.2227785822977
z_innov_s|AL|2020-11-01 00:00:00,1.0294617942023507,1013.2675323176445
z_innov_s|AL|2020-11-08 00:00:00,1.0051343655683502,947.4583571585403
z_innov_s|AL|2020-11-15 00:00:00,1.0156594722477865,1040.823996531185
z_innov_s|AL|2020-11-22 00:00:00,1.0013639566662882,640.8251599829583
z_innov_s|AL|2020-11-29 00:00:00,1.004686244471884,636.2606875392329
z_innov_s|AL|2020-12-06 00:00:00,0.9996700709970077,1040.823996531185
z_innov_s|AL|2020-12-13 00:00:00,1.0039268571510795,946.5196333616017
z_innov_s|AL|2020-12-20 00:00:00,0.9987407101807434,999.7909041166027
z_innov_s|AL|2020-12-27 00:00:00,1.003197918609581,963.6596662900145
z_innov_s|AM|2019-01-13 00:00:00,1.0165673311166006,1040.823996531185
z_innov_s|AM|2019-01-20 00:00:00,1.0184737921161142,1040.823996531185
z_innov_s|AM|2019-01-27 00:00:00,1.0183180995590373,776.5338902664673
z_innov_s|AM|2019-02-03 00:00:00,1.011677285376033,713.9734198006327
z_innov_s|AM|2019-02-10 00:00:00,0.9987756237285264,939.3321232377614
z_innov_s|AM|2019-02-17 00:00:00,0.9968825348262668,984.2403840757089
z_innov_s|AM|2019-02-24 00:00:00,1.0250593039598304,1040.823996531185
z_innov_s|AM|2019-03-03 00:00:00,1.0124281213451554,1040.823996531185
z_innov_s|AM|2019-03-10 00:00:00,1.0058344623523516,1040.823996531185
z_innov_s|AM|2019-03-17 00:00:00,0.9999569495854209,727.2367094570852
z_innov_s|AM|2019-03-24 00:00:00,1.0014826502730803,1040.823996531185
z_innov_s|AM|2019-03-31 00:00:00,1.0022762967703809,738.5316273093555
z_innov_s|AM|2019-04-07 00:00:00,1.0170600069470561,1040.823996531185
z_innov_s|AM|2019-04-14 00:00:00,1.0200525083300227,1040.823996531185
z_innov_s|AM|2019-04-21 00:00:00,1.005322132796011,1040.823996531185
z_innov_s|AM|2019-04-28 00:00:00,1.0069271728963365,947.3135770387096
z_innov_s|AM|2019-05-05 00:00:00,0.9986851732985307,881.1558318248607
z_innov_s|AM|2019-05-12 00:00:00,1.0229550203228122,1040.823996531185
z_innov_s|AM|2019-05-19 00:00:00,0.9972061186377056,906.201815679372
z_innov_s|AM|2019-05-26 00:00:00,1.0028905912682937,942.2840099544019
z_innov_s|AM|2019-06-02 00:00:00,1.0033982385485622,911.3902456114613
z_innov_s|AM|2019-06-09 00:00:00,1.0194303837711485,1040.823996531185
z_innov_s|AM|2019-06-16 00:00:00,1.0075992272917702,1040.823996531185
z_innov_s|AM|2019-06-23 00:00:00,0.9982327326179905,1040.823996531185
z_innov_s|AM|2019-06-30 00:00:00,1.0221133377208806,804.1777591123114
z_innov_s|AM|2019-07-07 00:00:00,1.0030277652095043,616.2965203748628
z_innov_s|AM|2019-07-14 00:00:00,1.0171665746049159,590.6924930773455
z_innov_s|AM|2019-07-21 00:00:00,1.0009211479484375,1040.823996531185
z_innov_s|AM|2019-07-28 00:00:00,1.0101989810541698,497.10359279264037
z_innov_s|AM|2019-08-04 00:00:00,1.0009011355878805,1040.823996531185
z_innov_s|AM|2019-08-11 00:00:00,1.0087600681910642,797.8343705137704
z_innov_s|AM|2019-08-18 00:00:00,1.009767262535319,840.3080268437194
z_innov_s|AM|2019-08-25 00:00:00,0.9992044141723324,1040.823996531185
z_innov_s|AM|2019-09-01 00:00:00,1.0109941740641122,599.5625267453664
z_innov_s|AM|2019-09-08 00:00:00,1.0042937210617962,1040.823996531185
z_innov_s|AM|2019-09-15 00:00:00,1.0000537977479835,894.2518448948191
z_innov_s|AM|2019-09-22 00:00:00,1.0080867602697552,1040.823996531185
z_innov_s|AM|2019-09-29 00:00:00,1.0021664104661587,584.3659811392471
z_innov_s|AM|2019-10-06 00:00:00,1.004991715076469,540.8153277269762
z_innov_s|AM|2019-10-13 00:00:00,1.011545057905444,921.7667128098399
z_innov_s|AM|2019-10-20 00:00:00,1.0018509696276898,1040.823996531185
z_innov_s|AM|2019-10-27 00:00:00,1.0083267817660257,1040.823996531185
z_innov_s|AM|2019-11-03 00:00:00,1.015161231550619,1040.823996531185
z_innov_s|AM|2019-11-10 00:00:00,1.0046776950790615,864.9818421643893
z_innov_s|AM|2019-11-17 00:00:00,1.001077433443914,732.924768623456
z_innov_s|AM|2019-11-24 00:00:00,1.0156191703885653,868.9886727257772
z_innov_s|AM|2019-12-01 00:00:00,1.0239432646751703,1040.823996531185
z_innov_s|AM|2019-12-08 00:00:00,1.0198545330072823,1040.823996531185
z_innov_s|AM|2019-12-15 00:00:00,1.0055559927011228,797.8881884647212
z_innov_s|AM|2019-12-22 00:00:00,1.031019737243904,763.5149988106341
z_innov_s|AM|2019-12-29 00:00:00,1.0000146786047588,1040.823996531185
z_innov_s|AM|2020-01-05 00:00:00,1.012154450720114,1040.823996531185
z_innov_s|AM|2020-01-12 00:00:00,1.0096693623115127,1040.823996531185
z_innov_s|AM|2020-01-19 00:00:00,1.0292768001087467,795.8025842398135
z_innov_s|AM|2020-01-26 00:00:00,1.0160719768592634,609.0355042728412
z_innov_s|AM|2020-02-02 00:00:00,1.0204924900241754,923.4646919285143
z_innov_s|AM|2020-02-09 00:00:00,1.0148403559321473,1031.8324272921661
z_innov_s|AM|2020-02-16 00:00:00,1.0121433643721576,1040.823996531185
z_innov_s|AM|2020-02-23 00:00:00,1.0056725056842148,899.4787157093198
z_innov_s|AM|2020-03-01 00:00:00,1.0010310824416213,1040.823996531185
z_innov_s|AM|2020-03-08 00:00:00,1.0400298750179944,1040.823996531185
z_innov_s|AM|2020-03-15 00:00:00,1.025477779476379,1040.823996531185
z_innov_s|AM|2020-03-22 00:00:00,1.0316830872190867,1040.823996531185
z_innov_s|AM|2020-03-29 00:00:00,0.9971430845253983,1040.823996531185
z_innov_s|AM|2020-04-05 00:00:00,1.016634700735394,1018.5877169470532
z_innov_s|AM|2020-04-12 00:00:00,1.0040284618612634,1040.823996531185
z_innov_s|AM|2020-04-19 00:00:00,1.0065989913669544,734.0245104745949
z_innov_s|AM|2020-04-26 00:00:00,1.0077971573099713,754.8346768221812
z_innov_s|AM|2020-05-03 00:00:00,0.9984352496653479,896.4699694161541
z_innov_s|AM|2020-05-10 00:00:00,0.9969570005732717,959.5266824624335
z_innov_s|AM|2020-05-17 00:00:00,1.000932344404403,1040.823996531185
z_innov_s|AM|2020-05-24 00:00:00,1.005945868988766,1040.823996531185
z_innov_s|AM|2020-05-31 00:00:00,1.0308576012499062,980.0994344455287
z_innov_s|AM|2020-06-07 00:00:00,1.0092669979742825,1040.823996531185
z_innov_s|AM|2020-06-14 00:00:00,1.0117345600909793,1040.823996531185
z_innov_s|AM|2020-06-21 00:00:00,1.0131711603558198,1040.823996531185
z_innov_s|AM|2020-06-28 00:00:00,1.0047589187243757,1040.823996531185
z_innov_s|AM|2020-07-05 00:00:00,1.0035759661895516,935.0576038546492
z_innov_s|AM|2020-07-12 00:00:00,0.9992670351619889,1040.823996531185
z_innov_s|AM|2020-07-19 00:00:00,1.0035549629659124,663.4009181973846
z_innov_s|AM|2020-07-26 00:00:00,1.0034572290489616,729.0602591160796
z_innov_s|AM|2020-08-02 00:00:00,1.02223070523472,1040.823996531185
z_innov_s|AM|2020-08-09 00:00:00,1.0083989284823722,947.540409948238
z_innov_s|AM|2020-08-16 00:00:00,1.0009802228937457,1040.823996531185
z_innov_s|AM|2020-08-23 00:00:00,1.0077491502465088,1040.823996531185
z_innov_s|AM|2020-08-30 00:00:00,1.0089874693687264,812.0662434718654
z_innov_s|AM|2020-09-06 00:00:00,1.0086705299138816,1040.823996531185
z_innov_s|AM|2020-09-13 00:00:00,0.9989932899900434,1040.823996531185
z_innov_s|AM|2020-09-20 00:00:00,0.997130026773071,1040.823996531185
z_innov_s|AM|2020-09-27 00:00:00,1.0046701423215187,708.0722926436356
z_innov_s|AM|2020-10-04 00:00:00,1.0002539129658734,1040.823996531185
z_innov_s|AM|2020-10-11 00:00:00,1.0041955800181983,732.0650162990345
z_innov_s|AM|2020-10-18 00:00:00,1.0112756561553096,1040.823996531185
z_innov_s|AM|2020-10-25 00:00:00,0.9970936557718201,856.6995176297679
z_innov_s|AM|2020-11-01 00:00:00,0.9980389765806084,896.799292554594
z_innov_s|AM|2020-11-08 00:00:00,0.9982811629644907,973.058782640641
z_innov_s|AM|2020-11-15 00:00:00,0.9968328052728542,719.0191504725173
z_innov_s|AM|2020-11-22 00:00:00,1.0122419667418865,1040.823996531185
z_innov_s|AM|2020-11-29 00:00:00,1.0055335421892355,767.1828831644899
z_innov_s|AM|2020-12-06 00:00:00,1.0022609361440202,1040.823996531185
z_innov_s|AM|2020-12-13 00:00:00,1.0045355975377133,661.8878416576163
z_innov_s|AM|2020-12-20 00:00:00,1.080330704684938,1040.823996531185
z_innov_s|AM|2020-12-27 00:00:00,1.0083382360817998,667.9121266395471
z_innov_s|BA|2019-01-13 00:00:00,1.0007685212150774,555.1855872245314
z_innov_s|BA|2019-01-20 00:00:00,1.005976846095486,625.489665883718
z_innov_s|BA|2019-01-27 00:00:00,0.9986434339231175,1040.823996531185
z_innov_s|BA|2019-02-03 00:00:00,1.014289477718934,511.189116456941
z_innov_s|BA|2019-02-10 00:00:00,1.0142928936574656,833.8981066457492
z_innov_s|BA|2019-02-17 00:00:00,1.0069465071852959,1036.8631798235385
z_innov_s|BA|2019-02-24 00:00:00,0.9975946418989062,772.298054638863
z_innov_s|BA|2019-03-03 00:00:00,1.0030156690816034,993.8850262225814
z_innov_s|BA|2019-03-10 00:00:00,1.0298523045485644,920.1402262355186
z_innov_s|BA|2019-03-17 00:00:00,1.0284609814562058,1040.823996531185
z_innov_s|BA|2019-03-24 00:00:00,1.0079861855698584,1040.823996531185
z_innov_s|BA|2019-03-31 00:00:00,1.0069743920144811,1040.823996531185
z_innov_s|BA|2019-04-07 00:00:00,1.0022535491133464,876.1266396176167
z_innov_s|BA|2019-04-14 00:00:00,0.9957307382326763,728.5837764554308
z_innov_s|BA|2019-04-21 00:00:00,0.9956702283729139,927.783692158214
z_innov_s|BA|2019-04-28 00:00:00,1.004525848342211,1033.5999189577071
z_innov_s|BA|2019-05-05 00:00:00,0.9975693284673174,880.9822128335984
z_innov_s|BA|2019-05-12 00:00:00,1.0125856355078329,1040.823996531185
z_innov_s|BA|2019-05-19 00:00:00,1.0084412674357863,1040.823996531185
z_innov_s|BA|2019-05-26 00:00:00,1.0057308679540107,1040.823996531185
z_innov_s|BA|2019-06-02 00:00:00,1.0008537207315762,963.9560041179544
z_innov_s|BA|2019-06-09 00:00:00,0.9981804465708364,702.2326053803075
z_innov_s|BA|2019-06-16 00:00:00,1.0045911772203953,1040.823996531185
z_innov_s|BA|2019-06-23 00:00:00,0.996730365364005,1040.823996531185
z_innov_s|BA|2019-06-30 00:00:00,0.9996475392638199,1035.1365396679018
z_innov_s|BA|2019-07-07 00:00:00,0.9976545216600399,1040.823996531185
z_innov_s|BA|2019-07-14 00:00:00,0.9981222193528773,874.1630798386075
z_innov_s|BA|2019-07-21 00:00:00,1.001564903567986,1015.7413022096055
z_innov_s|BA|2019-07-28 00:00:00,1.0205132767521998,866.0996564332772
z_innov_s|BA|2019-08-04 00:00:00,1.014799994140199,809.6209643918593
z_innov_s|BA|2019-08-11 00:00:00,1.0032242543990078,1040.823996531185
z_innov_s|BA|2019-08-18 00:00:00,1.0100762150260674,847.9219341171644
z_innov_s|BA|2019-08-25 00:00:00,0.9990596274320621,1040.823996531185
z_innov_s|BA|2019-09-01 00:00:00,1.00627041883743,1040.823996531185
z_innov_s|BA|2019-09-08 00:00:00,1.0138024673080117,1040.823996531185
z_innov_s|BA|2019-09-15 00:00:00,1.0042406244762099,776.5160846188132
z_innov_s|BA|2019-09-22 00:00:00,1.0029304622158073,958.0324523125397
z_innov_s|BA|2019-09-29 00:00:00,0.9988291169737814,854.8492279064677
z_innov_s|BA|2019-10-06 00:00:00,0.9993358402150565,1040.823996531185
z_innov_s|BA|2019-10-13 00:00:00,1.0197328169020135,1040.823996531185
z_innov_s|BA|2019-10-20 00:00:00,0.9971713452539849,796.8799358606202
z_innov_s|BA|2019-10-27 00:00:00,0.9973077077629979,1040.823996531185
z_innov_s|BA|2019-11-03 00:00:00,1.0102690169380906,1040.823996531185
z_innov_s|BA|2019-11-10 00:00:00,1.0058007950123495,813.5402085505056
z_innov_s|BA|2019-11-17 00:00:00,1.0123783762605807,980.4605783880301
z_innov_s|BA|2019-11-24 00:00:00,1.015899039932629,1040.823996531185
z_innov_s|BA|2019-12-01 00:00:00,0.996997918051259,1040.823996531185
z_innov_s|BA|2019-12-08 00:00:00,1.0100053644156304,1002.6996436384734
z_innov_s|BA|2019-12-15 00:00:00,1.0060668179647767,634.5590662612183
z_innov_s|BA|2019-12-22 00:00:00,0.9971356371266292,696.3963137690395
z_innov_s|BA|2019-12-29 00:00:00,1.0054765388777382,1040.823996531185
z_innov_s|BA|2020-01-05 00:00:00,1.006094410159542,840.1618459840553
z_innov_s|BA|2020-01-12 00:00:00,1.0051059119195325,1040.823996531185
z_innov_s|BA|2020-01-19 00:00:00,1.0089888963229645,995.8074855921026
z_innov_s|BA|2020-01-26 00:00:00,1.0051348736956531,1040.823996531185
z_innov_s|BA|2020-02-02 00:00:00,1.0292942021588503,859.432806727745
z_innov_s|BA|2020-02-09 00:00:00,0.9984149886089791,876.7823742408565
z_innov_s|BA|2020-02-16 00:00:00,1.0160707924982002,1040.823996531185
z_innov_s|BA|2020-02-23 00:00:00,1.0039936741385385,954.5307853045093
z_innov_s|BA|2020-03-01 00:00:00,0.9992440060541588,1040.823996531185
z_innov_s|BA|2020-03-08 00:00:00,1.0016697135526789,1040.823996531185
z_innov_s|BA|2020-03-15 00:00:00,1.004328686126184,1040.823996531185
z_innov_s|BA|2020-03-22 00:00:00,1.0041584708941185,893.143842712619
z_innov_s|BA|2020-03-29 00:00:00,1.031963397681195,1008.4302072509768
z_innov_s|BA|2020-04-05 00:00:00,0.9974634579457504,936.5399961381372
z_innov_s|BA|2020-04-12 00:00:00,1.0071498672236172,1040.823996531185
z_innov_s|BA|2020-04-19 00:00:00,0.9989038110564338,736.9182111954802
z_innov_s|BA|2020-04-26 00:00:00,1.033616999035,823.1352080027453
z_innov_s|BA|2020-05-03 00:00:00,1.0174178949578643,1010.4428016626878
z_innov_s|BA|2020-05-10 00:00:00,1.0017434678296244,832.1031855450765
z_innov_s|BA|2020-05-17 00:00:00,1.0049853429250004,1040.823996531185
z_innov_s|BA|2020-05-24 00:00:00,1.0043829248486114,789.2473163455862
z_innov_s|BA|2020-05-31 00:00:00,0.9977235442113522,742.7744828273438
z_innov_s|BA|2020-06-07 00:00:00,1.004903257341754,980.4319298441263
z_innov_s|BA|2020-06-14 00:00:00,0.9969779388337603,1040.823996531185
z_innov_s|BA|2020-06-21 00:00:00,1.0021792134703067,1040.823996531185
z_innov_s|BA|2020-06-28 00:00:00,0.9995872662661568,1040.823996531185
z_innov_s|BA|2020-07-05 00:00:00,1.0173543277373653,712.2996495209449
z_innov_s|BA|2020-07-12 00:00:00,1.009357224496086,1040.823996531185
z_innov_s|BA|2020-07-19 00:00:00,1.0041576270362034,645.9061058503246
z_innov_s|BA|2020-07-26 00:00:00,1.0047909682620744,1040.823996531185
z_innov_s|BA|2020-08-02 00:00:00,1.0104933629917232,699.7510453120723
z_innov_s|BA|2020-08-09 00:00:00,1.0003962389072143,1040.823996531185
z_innov_s|BA|2020-08-16 00:00:00,0.9966043346903867,1040.823996531185
z_innov_s|BA|2020-08-23 00:00:00,1.0144031722180347,1040.823996531185
z_innov_s|BA|2020-08-30 00:00:00,0.9976925536003101,1040.823996531185
z_innov_s|BA|2020-09-06 00:00:00,1.00169813720982,991.8442496552071
z_innov_s|BA|2020-09-13 00:00:00,0.9962770850742804,1040.823996531185
z_innov_s|BA|2020-09-20 00:00:00,1.001775869863471,886.985740646695
z_innov_s|BA|2020-09-27 00:00:00,0.995838589541514,1040.823996531185
z_innov_s|BA|2020-10-04 00:00:00,1.0126232135015256,806.2820807762197
z_innov_s|BA|2020-10-11 00:00:00,0.9974113710946236,1040.823996531185
z_innov_s|BA|2020-10-18 00:00:00,1.0038253365380077,1040.823996531185
z_innov_s|BA|2020-10-25 00:00:00,1.0028542141931416,1040.823996531185
z_innov_s|BA|2020-11-01 00:00:00,0.9984236286493504,1040.823996531185
z_innov_s|BA|2020-11-08 00:00:00,1.00272206049303,745.821935049328
z_innov_s|BA|2020-11-15 00:00:00,1.0148338919534072,1040.823996531185
z_innov_s|BA|2020-11-22 00:00:00,1.0080587324663053,885.5287066271778
z_innov_s|BA|2020-11-29 00:00:00,1.0220744528483037,860.2619153455095
z_innov_s|BA|2020-12-06 00:00:00,1.000621833029749,491.82441059101336
z_innov_s|BA|2020-12-13 00:00:00,1.017633674612415,892.8900895439812
z_innov_s|BA|2020-12-20 00:00:00,1.004049883336354,696.3158747518937
z_innov_s|BA|2020-12-27 00:00:00,1.0016364190784444,1040.823996531185
z_innov_s|CE|2019-01-13 00:00:00,1.0051085060138307,528.868910340698
z_innov_s|CE|2019-01-20 00:00:00,1.0063858701901376,1040.823996531185
z_innov_s|CE|2019-01-27 00:00:00,1.0069598222920377,990.3952776523691
z_innov_s|CE|2019-02-03 00:00:00,1.0029327667571621,652.0215084715721
z_innov_s|CE|2019-02-10 00:00:00,1.0186852749800244,723.5219290054641
z_innov_s|CE|2019-02-17 00:00:00,1.00217945849189,654.0254546625991
z_innov_s|CE|2019-02-24 00:00:00,0.9965023280671588,1040.823996531185
z_innov_s|CE|2019-03-03 00:00:00,1.0036009695947379,1040.823996531185
z_innov_s|CE|2019-03-10 00:00:00,1.0027647688284174,1014.0755060545373
z_innov_s|CE|2019-03-17 00:00:00,0.998470073989395,1040.823996531185
z_innov_s|CE|2019-03-24 00:00:00,0.9970523931476653,916.1326723725429
z_innov_s|CE|2019-03-31 00:00:00,1.021219564619735,1040.823996531185
z_innov_s|CE|2019-04-07 00:00:00,1.000944852936036,920.6896906501356
z_innov_s|CE|2019-04-14 00:00:00,0.9966814990289228,976.7362830269002
z_innov_s|CE|2019-04-21 00:00:00,0.9991161970642944,728.6806717571826
z_innov_s|CE|2019-04-28 00:00:00,0.9998128824520021,563.9414635991609
z_innov_s|CE|2019-05-05 00:00:00,1.0159148899600725,1040.823996531185
z_innov_s|CE|2019-05-12 00:00:00,1.0012545109205127,1040.823996531185
z_innov_s|CE|2019-05-19 00:00:00,1.0036869580175527,776.835632818212
z_innov_s|CE|2019-05-26 00:00:00,1.0118140660317385,767.1598184254201
z_innov_s|CE|2019-06-02 00:00:00,1.0051491012914093,777.2956154696102
z_innov_s|CE|2019-06-09 00:00:00,1.0073911673815057,983.6009815735633
z_innov_s|CE|2019-06-16 00:00:00,1.0033480309976255,661.503707572226
z_innov_s|CE|2019-06-23 00:00:00,1.0074464505355982,1040.823996531185
z_innov_s|CE|2019-06-30 00:00:00,1.000215004264126,1040.823996531185
z_innov_s|CE|2019-07-07 00:00:00,1.00177539103792,857.4423088055564
z_innov_s|CE|2019-07-14 00:00:00,0.998162149266135,1040.823996531185
z_innov_s|CE|2019-07-21 00:00:00,0.997988363072181,1040.823996531185
z_innov_s|CE|2019-07-28 00:00:00,1.001888821576961,774.9784268574829
z_innov_s|CE|2019-08-04 00:00:00,0.9997778523965698,801.3365966845859
z_innov_s|CE|2019-08-11 00:00:00,1.0048858359871582,871.9166764823252
z_innov_s|CE|2019-08-18 00:00:00,1.0069851686259432,851.0626225305375
z_innov_s|CE|2019-08-25 00:00:00,1.0278551149366717,926.7262494527439
z_innov_s|CE|2019-09-01 00:00:00,1.0034579899152751,1040.823996531185
z_innov_s|CE|2019-09-08 00:00:00,0.998775302811446,937.45433418177
z_innov_s|CE|2019-09-15 00:00:00,1.0038006855806172,1010.6417961282472
z_innov_s|CE|2019-09-22 00:00:00,1.0002299663538459,779.5681863479095
z_innov_s|CE|2019-09-29 00:00:00,0.9980267713146357,1040.823996531185
z_innov_s|CE|2019-10-06 00:00:00,1.001701817001428,1040.823996531185
z_innov_s|CE|2019-10-13 00:00:00,1.0018418964717573,898.0810837867666
z_innov_s|CE|2019-10-20 00:00:00,1.0039587901613833,1040.823996531185
z_innov_s|CE|2019-10-27 00:00:00,0.998496557532165,1040.823996531185
z_innov_s|CE|2019-11-03 00:00:00,1.0013493084668736,1040.823996531185
z_innov_s|CE|2019-11-10 00:00:00,1.0076486488582987,1040.823996531185
z_innov_s|CE|2019-11-17 00:00:00,1.0070138681045404,584.4538490488047
z_innov_s|CE|2019-11-24 00:00:00,1.015167442986129,974.7418858352064
z_innov_s|CE|2019-12-01 00:00:00,1.0121008782155692,1040.823996531185
z_innov_s|CE|2019-12-08 00:00:00,1.0239375304708729,668.2531043497579
z_innov_s|CE|2019-12-15 00:00:00,1.0069179912746515,885.5921977556752
z_innov_s|CE|2019-12-22 00:00:00,0.9997097424671234,742.4102107007913
z_innov_s|CE|2019-12-29 00:00:00,1.0096320608510572,1040.823996531185
z_innov_s|CE|2020-01-05 00:00:00,1.0058914967787795,1040.823996531185
z_innov_s|CE|2020-01-12 00:00:00,0.9998838133873283,1040.823996531185
z_innov_s|CE|2020-01-19 00:00:00,1.0269523090112502,1040.823996531185
z_innov_s|CE|2020-01-26 00:00:00,1.0061976292557648,733.8265059332003
z_innov_s|CE|2020-02-02 00:00:00,1.0014812197588194,1040.823996531185
z_innov_s|CE|2020-02-09 00:00:00,1.0027071722794367,1040.823996531185
z_innov_s|CE|2020-02-16 00:00:00,1.00465942988987,977.42338159722
z_innov_s|CE|2020-02-23 00:00:00,0.999774734334266,733.6426271011436
z_innov_s|CE|2020-03-01 00:00:00,1.0042672467051454,1040.823996531185
z_innov_s|CE|2020-03-08 00:00:00,1.0388895098696826,1040.823996531185
z_innov_s|CE|2020-03-15 00:00:00,1.0034154891770561,1040.823996531185
z_innov_s|CE|2020-03-22 00:00:00,1.0091547424830876,1040.823996531185
z_innov_s|CE|2020-03-29 00:00:00,1.02935816571194,1040.823996531185
z_innov_s|CE|2020-04-05 00:00:00,1.005333553732072,1040.823996531185
z_innov_s|CE|2020-04-12 00:00:00,1.0082490640867412,1040.823996531185
z_innov_s|CE|2020-04-19 00:00:00,1.008637805980705,679.6718262324928
z_innov_s|CE|2020-04-26 00:00:00,1.0054686544113522,1002.3589184358111
z_innov_s|CE|2020-05-03 00:00:00,1.0042003236068973,1040.823996531185
z_innov_s|CE|2020-05-10 00:00:00,1.0091546551199246,1040.823996531185
z_innov_s|CE|2020-05-17 00:00:00,1.0203419235770999,936.987251803344
z_innov_s|CE|2020-05-24 00:00:00,1.033624813854943,617.5878079333307
z_innov_s|CE|2020-05-31 00:00:00,1.0086799329377005,1040.823996531185
z_innov_s|CE|2020-06-07 00:00:00,0.9987853314396185,1040.823996531185
z_innov_s|CE|2020-06-14 00:00:00,1.0247579589429172,1040.823996531185
z_innov_s|CE|2020-06-21 00:00:00,1.0093886124396245,991.5495842224504
z_innov_s|CE|2020-06-28 00:00:00,1.002410682920651,1040.823996531185
z_innov_s|CE|2020-07-05 00:00:00,1.0215061394831415,1039.9926419111698
z_innov_s|CE|2020-07-12 00:00:00,0.9966786850764449,1040.823996531185
z_innov_s|CE|2020-07-19 00:00:00,1.0273109276926615,940.1405727857817
z_innov_s|CE|2020-07-26 00:00:00,0.996999921411491,608.0095931866493
z_innov_s|CE|2020-08-02 00:00:00,1.002164205497021,919.3594807477266
z_innov_s|CE|2020-08-09 00:00:00,1.0002846510915402,1040.823996531185
z_innov_s|CE|2020-08-16 00:00:00,0.9984423050489891,1040.823996531185
z_innov_s|CE|2020-08-23 00:00:00,0.999343333614863,1032.3359732286076
z_innov_s|CE|2020-08-30 00:00:00,1.0070167272075017,981.272216152793
z_innov_s|CE|2020-09-06 00:00:00,1.0047126463248521,909.9479481614177
z_innov_s|CE|2020-09-13 00:00:00,0.9998725342394533,1040.823996531185
z_innov_s|CE|2020-09-20 00:00:00,1.0152058179444006,960.8935980375177
z_innov_s|CE|2020-09-27 00:00:00,1.004757500555348,689.1644470065331
z_innov_s|CE|2020-10-04 00:00:00,1.0081299948380475,883.8664231976677
z_innov_s|CE|2020-10-11 00:00:00,0.9973235419959463,1040.823996531185
z_innov_s|CE|2020-10-18 00:00:00,1.0132058795882068,1014.293873232859
z_innov_s|CE|2020-10-25 00:00:00,1.0041769392650806,1040.823996531185
z_innov_s|CE|2020-11-01 00:00:00,1.0030441724489474,1040.823996531185
z_innov_s|CE|2020-11-08 00:00:00,1.0142319579067465,919.5203829485395
z_innov_s|CE|2020-11-15 00:00:00,0.9994512488524824,923.2998358183843
z_innov_s|CE|2020-11-22 00:00:00,0.9982958325524371,560.8484845857063
z_innov_s|CE|2020-11-29 00:00:00,1.0185098423693968,1040.823996531185
z_innov_s|CE|2020-12-06 00:00:00,1.0045386348729817,954.5383448636269
z_innov_s|CE|2020-12-13 00:00:00,1.00896435278369,776.8830669741604
z_innov_s|CE|2020-12-20 00:00:00,1.0128158827625322,949.3504514103489
z_innov_s|CE|2020-12-27 00:00:00,1.0162993228126935,1040.823996531185
z_innov_s|DF|2019-01-13 00:00:00,1.0069682839935392,1005.6862225625301
z_innov_s|DF|2019-01-20 00:00:00,1.0006932648503495,788.8023105189588
z_innov_s|DF|2019-01-27 00:00:00,1.0053699952019486,642.8709303293343
z_innov_s|DF|2019-02-03 00:00:00,1.0055206072860865,638.2871675384821
z_innov_s|DF|2019-02-10 00:00:00,1.0111344178288468,774.5378863472317
z_innov_s|DF|2019-02-17 00:00:00,1.0265547517708882,1040.823996531185
z_innov_s|DF|2019-02-24 00:00:00,0.9968188310131728,1040.823996531185
z_innov_s|DF|2019-03-03 00:00:00,1.0049666910688173,1040.823996531185
z_innov_s|DF|2019-03-10 00:00:00,1.0154173590331743,1040.823996531185
z_innov_s|DF|2019-03-17 00:00:00,1.0091743170538763,890.5852421869624
z_innov_s|DF|2019-03-24 00:00:00,1.0031002606405928,744.940030779234
z_innov_s|DF|2019-03-31 00:00:00,1.016171115469399,1040.823996531185
z_innov_s|DF|2019-04-07 00:00:00,0.9973680504131127,776.466451420426
z_innov_s|DF|2019-04-14 00:00:00,1.0014233452612773,986.5200783898304
z_innov_s|DF|2019-04-21 00:00:00,1.0184809878057641,1007.2855768806571
z_innov_s|DF|2019-04-28 00:00:00,1.0226542611866651,749.7728691160665
z_innov_s|DF|2019-05-05 00:00:00,1.021899893774993,1040.823996531185
z_innov_s|DF|2019-05-12 00:00:00,1.0084008360909458,756.2943657036567
z_innov_s|DF|2019-05-19 00:00:00,0.999584052953391,754.194289927507
z_innov_s|DF|2019-05-26 00:00:00,1.0047131570391303,498.3869021040792
z_innov_s|DF|2019-06-02 00:00:00,1.0062617216406657,926.0359373078904
z_innov_s|DF|2019-06-09 00:00:00,1.0278974006027108,897.9711110376585
z_innov_s|DF|2019-06-16 00:00:00,1.0033728548201393,496.1224647359463
z_innov_s|DF|2019-06-23 00:00:00,1.0001021524444,1040.823996531185
z_innov_s|DF|2019-06-30 00:00:00,0.9986925083158588,930.4988232550743
z_innov_s|DF|2019-07-07 00:00:00,1.0003955121387784,464.2928314596708
z_innov_s|DF|2019-07-14 00:00:00,1.0117906812508017,746.2824413038832
z_innov_s|DF|2019-07-21 00:00:00,1.0020535472416292,718.4718347105842
z_innov_s|DF|2019-07-28 00:00:00,1.0160892129084584,662.4492879686654
z_innov_s|DF|2019-08-04 00:00:00,1.0693063940984486,813.5075738777633
z_innov_s|DF|2019-08-11 00:00:00,0.999164961852096,1018.5540539805545
z_innov_s|DF|2019-08-18 00:00:00,1.0045709996793608,1040.823996531185
z_innov_s|DF|2019-08-25 00:00:00,1.0118346436753511,887.923005433952
z_innov_s|DF|2019-09-01 00:00:00,1.001957391451305,1040.823996531185
z_innov_s|DF|2019-09-08 00:00:00,1.003363909383735,684.358197837075
z_innov_s|DF|2019-09-15 00:00:00,1.0119762911518626,1040.823996531185
z_innov_s|DF|2019-09-22 00:00:00,0.9985408097795617,837.4308673772703
z_innov_s|DF|2019-09-29 00:00:00,1.0023839889422668,946.6399784427946
z_innov_s|DF|2019-10-06 00:00:00,1.0119076720932199,1040.823996531185
z_innov_s|DF|2019-10-13 00:00:00,1.0024295626383695,1040.823996531185
z_innov_s|DF|2019-10-20 00:00:00,0.999141161666236,699.22276005775
z_innov_s|DF|2019-10-27 00:00:00,1.0056042904095082,1040.823996531185
z_innov_s|DF|2019-11-03 00:00:00,1.0191557916955205,881.5265088686398
z_innov_s|DF|2019-11-10 00:00:00,1.020712937946602,827.4391612504389
z_innov_s|DF|2019-11-17 00:00:00,0.9997270590578481,910.1518551700594
z_innov_s|DF|2019-11-24 00:00:00,1.0027265881841854,748.9719251041236
z_innov_s|DF|2019-12-01 00:00:00,1.0167197077091148,1006.6913560359945
z_innov_s|DF|2019-12-08 00:00:00,1.0087868252821581,807.1246319777845
z_innov_s|DF|2019-12-15 00:00:00,1.0280363817532132,1022.411785060521
z_innov_s|DF|2019-12-22 00:00:00,1.004286356892759,1040.823996531185
z_innov_s|DF|2019-12-29 00:00:00,1.0050609601271263,1040.823996531185
z_innov_s|DF|2020-01-05 00:00:00,1.0147643932535217,964.985585178487
z_innov_s|DF|2020-01-12 00:00:00,1.011290725684766,940.5456199500852
z_innov_s|DF|2020-01-19 00:00:00,1.0072154564339184,1040.823996531185
z_innov_s|DF|2020-01-26 00:00:00,1.0018800259036222,695.4042797088254
z_innov_s|DF|2020-02-02 00:00:00,1.0046364877612473,871.8158308057349
z_innov_s|DF|2020-02-09 00:00:00,1.005010906831424,1040.823996531185
z_innov_s|DF|2020-02-16 00:00:00,1.0029047193211655,771.8550323800187
z_innov_s|DF|2020-02-23 00:00:00,1.0078076912699812,664.5178258740405
z_innov_s|DF|2020-03-01 00:00:00,0.9974701868916324,818.0536003459483
z_innov_s|DF|2020-03-08 00:00:00,1.0085176886256677,1040.823996531185
z_innov_s|DF|2020-03-15 00:00:00,1.0001973964955038,764.8034208405421
z_innov_s|DF|2020-03-22 00:00:00,1.0168505918986168,786.0922754794251
z_innov_s|DF|2020-03-29 00:00:00,0.9989763139083607,830.917667378279
z_innov_s|DF|2020-04-05 00:00:00,1.024613009032533,882.8812310980276
z_innov_s|DF|2020-04-12 00:00:00,1.0111568671975946,764.3192213738083
z_innov_s|DF|2020-04-19 00:00:00,1.003951462796693,926.8170176482032
z_innov_s|DF|2020-04-26 00:00:00,1.00776463199409,1040.823996531185
z_innov_s|DF|2020-05-03 00:00:00,1.00469243657339,1040.823996531185
z_innov_s|DF|2020-05-10 00:00:00,0.9993283250934013,951.877287756799
z_innov_s|DF|2020-05-17 00:00:00,1.017148467720952,1040.823996531185
z_innov_s|DF|2020-05-24 00:00:00,1.003569189395892,931.7490505033255
z_innov_s|DF|2020-05-31 00:00:00,1.0029211975957972,1040.823996531185
z_innov_s|DF|2020-06-07 00:00:00,1.0084000978086363,1040.823996531185
z_innov_s|DF|2020-06-14 00:00:00,1.0003776788451846,815.9277561374868
z_innov_s|DF|2020-06-21 00:00:00,1.0111027007317064,991.8140598510948
z_innov_s|DF|2020-06-28 00:00:00,1.006890535296066,947.9677572161855
z_innov_s|DF|2020-07-05 00:00:00,0.9997965283906128,1040.823996531185
z_innov_s|DF|2020-07-12 00:00:00,1.0020997588450575,1040.823996531185
z_innov_s|DF|2020-07-19 00:00:00,1.0052400746258727,797.8136042725455
z_innov_s|DF|2020-07-26 00:00:00,1.0002238809908215,929.5977733522544
z_innov_s|DF|2020-08-02 00:00:00,0.9972312402049538,1040.823996531185
z_innov_s|DF|2020-08-09 00:00:00,1.0186223288219134,861.7439814765645
z_innov_s|DF|2020-08-16 00:00:00,1.0108927517912538,483.6816183179729
z_innov_s|DF|2020-08-23 00:00:00,1.0088066395333846,1040.823996531185
z_innov_s|DF|2020-08-30 00:00:00,1.0266032582234665,670.7282855278626
z_innov_s|DF|2020-09-06 00:00:00,1.0154880326304596,764.6457126050205
z_innov_s|DF|2020-09-13 00:00:00,1.0009507120643715,993.5176179378195
z_innov_s|DF|2020-09-20 00:00:00,1.016760681550087,1040.823996531185
z_innov_s|DF|2020-09-27 00:00:00,0.9963226266018728,1040.823996531185
z_innov_s|DF|2020-10-04 00:00:00,0.9960746756394575,1040.823996531185
z_innov_s|DF|2020-10-11 00:00:00,1.0049438586525392,862.1978777223194
z_innov_s|DF|2020-10-18 00:00:00,1.0073611006050407,1040.823996531185
z_innov_s|DF|2020-10-25 00:00:00,0.9986559901788709,1006.6100562809272
z_innov_s|DF|2020-11-01 00:00:00,1.005833614356926,1040.823996531185
z_innov_s|DF|2020-11-08 00:00:00,1.026237531054176,1040.823996531185
z_innov_s|DF|2020-11-15 00:00:00,0.9966380236683114,1040.823996531185
z_innov_s|DF|2020-11-22 00:00:00,1.001055006676826,1005.7078833691137
z_innov_s|DF|2020-11-29 00:00:00,1.001272132907262,698.7381541312678
z_innov_s|DF|2020-12-06 00:00:00,1.0118988843694332,655.2478979626585
z_innov_s|DF|2020-12-13 00:00:00,1.0019608043559325,908.3264663913986
z_innov_s|DF|2020-12-20 00:00:00,1.0007775312250842,726.3884201786075
z_innov_s|DF|2020-12-27 00:00:00,0.9978355560394804,824.4742110312611
z_innov_s|ES|2019-01-13 00:00:00,1.0044071991223842,565.4532358914623
z_innov_s|ES|2019-01-20 00:00:00,1.0053870632698543,822.582127476113
z_innov_s|ES|2019-01-27 00:00:00,0.998502896688652,842.6243268209295
z_innov_s|ES|2019-02-03 00:00:00,1.0087393700135463,1040.823996531185
z_innov_s|ES|2019-02-10 00:00:00,1.0031766551704515,1040.823996531185
z_innov_s|ES|2019-02-17 00:00:00,1.0054989225571458,832.3006285838529
z_innov_s|ES|2019-02-24 00:00:00,0.9957117560724629,1040.823996531185
z_innov_s|ES|2019-03-03 00:00:00,1.0009451672971574,1040.823996531185
z_innov_s|ES|2019-03-10 00:00:00,1.0046799917635227,685.5005272718469
z_innov_s|ES|2019-03-17 00:00:00,1.0104090133551897,988.4528687198031
z_innov_s|ES|2019-03-24 00:00:00,0.9968921790555139,767.0254270816456
z_innov_s|ES|2019-03-31 00:00:00,0.9993825248973214,883.8583940523658
z_innov_s|ES|2019-04-07 00:00:00,1.0163472916052192,1040.823996531185
z_innov_s|ES|2019-04-14 00:00:00,1.006276198309382,1040.823996531185
z_innov_s|ES|2019-04-21 00:00:00,1.003604708735958,499.6292523128628
z_innov_s|ES|2019-04-28 00:00:00,1.0042405387133302,1040.823996531185
z_innov_s|ES|2019-05-05 00:00:00,0.9972507467729529,1040.823996531185
z_innov_s|ES|2019-05-12 00:00:00,1.0029070053372977,761.4623064947612
z_innov_s|ES|2019-05-19 00:00:00,1.013816401362344,1040.823996531185
z_innov_s|ES|2019-05-26 00:00:00,0.999213501553881,1040.823996531185
z_innov_s|ES|2019-06-02 00:00:00,1.0076260721462849,1040.823996531185
z_innov_s|ES|2019-06-09 00:00:00,1.0144226801492102,1040.823996531185
z_innov_s|ES|2019-06-16 00:00:00,1.0047361773277255,595.6898211724443
z_innov_s|ES|2019-06-23 00:00:00,1.003875184533861,606.219795419598
z_innov_s|ES|2019-06-30 00:00:00,1.0078316118514776,1040.823996531185
z_innov_s|ES|2019-07-07 00:00:00,1.0071986590968753,1040.823996531185
z_innov_s|ES|2019-07-14 00:00:00,1.011338138655968,1040.823996531185
z_innov_s|ES|2019-07-21 00:00:00,1.019011583773765,788.4960771631955
z_innov_s|ES|2019-07-28 00:00:00,0.9988006139256355,761.9156610550707
z_innov_s|ES|2019-08-04 00:00:00,1.0023280277407904,1040.823996531185
z_innov_s|ES|2019-08-11 00:00:00,1.0127865659574473,733.3271203629758
z_innov_s|ES|2019-08-18 00:00:00,1.0071953609063167,668.1952946541063
z_innov_s|ES|2019-08-25 00:00:00,1.0006397724445475,900.0431016742732
z_innov_s|ES|2019-09-01 00:00:00,1.006078847997348,1040.823996531185
z_innov_s|ES|2019-09-08 00:00:00,0.9972409487128059,913.7075821814346
z_innov_s|ES|2019-09-15 00:00:00,1.0195790116255907,1040.823996531185
z_innov_s|ES|2019-09-22 00:00:00,1.001928234759923,1040.823996531185
z_innov_s|ES|2019-09-29 00:00:00,1.0139231703708147,941.5483461151955
z_innov_s|ES|2019-10-06 00:00:00,0.9972349043700153,905.5978741996073
z_innov_s|ES|2019-10-13 00:00:00,1.0060168713108957,1040.823996531185
z_innov_s|ES|2019-10-20 00:00:00,0.9990988492295882,1040.823996531185
z_innov_s|ES|2019-10-27 00:00:00,1.0321557466818647,959.7497206635878
z_innov_s|ES|2019-11-03 00:00:00,1.0042025511500083,1023.2226486485058
z_innov_s|ES|2019-11-10 00:00:00,0.9968143006436397,1040.823996531185
z_innov_s|ES|2019-11-17 00:00:00,1.004568341608079,918.0969810077185
z_innov_s|ES|2019-11-24 00:00:00,1.0374767860516099,997.3064060875082
z_innov_s|ES|2019-12-01 00:00:00,1.0042942018298124,1040.823996531185
z_innov_s|ES|2019-12-08 00:00:00,1.003271071358002,791.938948174641
z_innov_s|ES|2019-12-15 00:00:00,0.9998022606091455,1040.823996531185
z_innov_s|ES|2019-12-22 00:00:00,1.0025179410602418,1040.823996531185
z_innov_s|ES|2019-12-29 00:00:00,1.0083217856247626,745.478526023607
z_innov_s|ES|2020-01-05 00:00:00,0.9971073325971184,933.9749060610917
z_innov_s|ES|2020-01-12 00:00:00,1.001844666708721,1018.5645770901159
z_innov_s|ES|2020-01-19 00:00:00,1.010608647376859,787.8490235144463
z_innov_s|ES|2020-01-26 00:00:00,1.0057479054854963,954.7613561671294
z_innov_s|ES|2020-02-02 00:00:00,0.9971994017114402,1040.823996531185
z_innov_s|ES|2020-02-09 00:00:00,0.9977314061027426,1040.823996531185
z_innov_s|ES|2020-02-16 00:00:00,1.008034102218317,472.3672965364074
z_innov_s|ES|2020-02-23 00:00:00,1.0005746095893784,889.5215168953908
z_innov_s|ES|2020-03-01 00:00:00,0.9985872703320309,1040.823996531185
z_innov_s|ES|2020-03-08 00:00:00,1.006437824389197,872.6685981007672
z_innov_s|ES|2020-03-15 00:00:00,1.0024611204808085,1040.823996531185
z_innov_s|ES|2020-03-22 00:00:00,1.0106084858994635,1040.823996531185
z_innov_s|ES|2020-03-29 00:00:00,1.0459640234735297,696.4595553286707
z_innov_s|ES|2020-04-05 00:00:00,1.0007575167713907,1040.823996531185
z_innov_s|ES|2020-04-12 00:00:00,1.0047910652562686,1040.0894207859174
z_innov_s|ES|2020-04-19 00:00:00,1.0094007282834907,1040.823996531185
z_innov_s|ES|2020-04-26 00:00:00,1.0122034314791546,778.9940368886804
z_innov_s|ES|2020-05-03 00:00:00,0.9960014078606831,638.788294944116
z_innov_s|ES|2020-05-10 00:00:00,1.0006838395966025,956.9636840825054
z_innov_s|ES|2020-05-17 00:00:00,0.9991099501075801,1040.823996531185
z_innov_s|ES|2020-05-24 00:00:00,1.0086188285549267,612.2016646740086
z_innov_s|ES|2020-05-31 00:00:00,1.0032154513524363,702.3713336578005
z_innov_s|ES|2020-06-07 00:00:00,0.9988567384151655,828.7755290824336
z_innov_s|ES|2020-06-14 00:00:00,1.0121176724119456,918.2135288047052
z_innov_s|ES|2020-06-21 00:00:00,1.0005422012365104,1040.823996531185
z_innov_s|ES|2020-06-28 00:00:00,1.0061785744190224,1000.007283560722
z_innov_s|ES|2020-07-05 00:00:00,1.0119124525811494,1040.823996531185
z_innov_s|ES|2020-07-12 00:00:00,1.0037804382875413,748.2579162038498
z_innov_s|ES|2020-07-19 00:00:00,1.0036428214209405,1040.823996531185
z_innov_s|ES|2020-07-26 00:00:00,1.0065785245623284,661.4590517821823
z_innov_s|ES|2020-08-02 00:00:00,1.0054285942219372,926.4066573644146
z_innov_s|ES|2020-08-09 00:00:00,1.0123496300159307,1040.823996531185
z_innov_s|ES|2020-08-16 00:00:00,1.0216565528024584,836.2450306735166
z_innov_s|ES|2020-08-23 00:00:00,1.0118879694384675,918.0892215633774
z_innov_s|ES|2020-08-30 00:00:00,0.9969840710422389,667.2233740196597
z_innov_s|ES|2020-09-06 00:00:00,1.000661905913451,1040.823996531185
z_innov_s|ES|2020-09-13 00:00:00,0.998463746744783,1040.823996531185
z_innov_s|ES|2020-09-20 00:00:00,1.0127148801090997,1040.823996531185
z_innov_s|ES|2020-09-27 00:00:00,1.0039356089281133,1040.823996531185
z_innov_s|ES|2020-10-04 00:00:00,1.0162588004160427,1040.823996531185
z_innov_s|ES|2020-10-11 00:00:00,1.0031054812310904,1040.823996531185
z_innov_s|ES|2020-10-18 00:00:00,1.0045106303358393,567.6965092855252
z_innov_s|ES|2020-10-25 00:00:00,1.0229666351390843,934.6877086730735
z_innov_s|ES|2020-11-01 00:00:00,1.0298523315061978,1040.823996531185
z_innov_s|ES|2020-11-08 00:00:00,1.0037501945674752,907.0551781184895
z_innov_s|ES|2020-11-15 00:00:00,1.000355726142327,1040.823996531185
z_innov_s|ES|2020-11-22 00:00:00,0.9965161814938334,782.073086086726
z_innov_s|ES|2020-11-29 00:00:00,0.9968674083463319,1040.823996531185
z_innov_s|ES|2020-12-06 00:00:00,1.0005360551714002,791.638109370207
z_innov_s|ES|2020-12-13 00:00:00,1.0029852453987078,820.913579318911
z_innov_s|ES|2020-12-20 00:00:00,0.9971974367990257,804.7572427856888
z_innov_s|ES|2020-12-27 00:00:00,1.0108905758683837,726.9900477075661
z_innov_s|GO|2019-01-13 00:00:00,0.9957656601587168,1040.823996531185
z_innov_s|GO|2019-01-20 00:00:00,1.010695000399925,771.0326296506466
z_innov_s|GO|2019-01-27 00:00:00,0.998858859124031,925.7766215916679
z_innov_s|GO|2019-02-03 00:00:00,1.0159149356793846,602.282864568194
z_innov_s|GO|2019-02-10 00:00:00,1.0164941026850791,892.1511864700693
z_innov_s|GO|2019-02-17 00:00:00,1.0233381707905675,742.8260527053474
z_innov_s|GO|2019-02-24 00:00:00,1.0105374852432112,1040.823996531185
z_innov_s|GO|2019-03-03 00:00:00,1.0167373772890222,1040.823996531185
z_innov_s|GO|2019-03-10 00:00:00,0.9972966138463754,696.3056403295445
z_innov_s|GO|2019-03-17 00:00:00,1.0065291823525235,1040.823996531185
z_innov_s|GO|2019-03-24 00:00:00,1.0005029287884322,896.38582334987
z_innov_s|GO|2019-03-31 00:00:00,1.0015077522724842,1040.823996531185
z_innov_s|GO|2019-04-07 00:00:00,1.0089833141011038,711.48833549233
z_innov_s|GO|2019-04-14 00:00:00,1.0055019240073058,646.8553715074305
z_innov_s|GO|2019-04-21 00:00:00,1.0052752122873183,720.3560412278904
z_innov_s|GO|2019-04-28 00:00:00,1.0001142224979527,1040.823996531185
z_innov_s|GO|2019-05-05 00:00:00,0.9983441624779835,523.1700255041969
z_innov_s|GO|2019-05-12 00:00:00,0.9984136377427476,810.9358155231882
z_innov_s|GO|2019-05-19 00:00:00,1.018163956050272,1040.823996531185
z_innov_s|GO|2019-05-26 00:00:00,1.004904932463614,1040.823996531185
z_innov_s|GO|2019-06-02 00:00:00,1.0318332123950615,812.5464658747533
z_innov_s|GO|2019-06-09 00:00:00,1.00233345811945,1040.823996531185
z_innov_s|GO|2019-06-16 00:00:00,0.9982233862363183,1040.823996531185
z_innov_s|GO|2019-06-23 00:00:00,1.0039527813147069,1040.823996531185
z_innov_s|GO|2019-06-30 00:00:00,0.9984894429153683,974.3798952828796
z_innov_s|GO|2019-07-07 00:00:00,1.0172659744440427,578.7266435807974
z_innov_s|GO|2019-07-14 00:00:00,1.0046536545704148,1040.823996531185
z_innov_s|GO|2019-07-21 00:00:00,0.9984446633590661,806.2271411473354
z_innov_s|GO|2019-07-28 00:00:00,1.0289437118207985,1040.823996531185
z_innov_s|GO|2019-08-04 00:00:00,1.0056547807546352,901.0609434579993
z_innov_s|GO|2019-08-11 00:00:00,1.0147527695836127,1040.823996531185
z_innov_s|GO|2019-08-18 00:00:00,1.0115644409887896,793.0356344519889
z_innov_s|GO|2019-08-25 00:00:00,1.0110050731922982,1040.823996531185
z_innov_s|GO|2019-09-01 00:00:00,1.0006293463589837,1040.823996531185
z_innov_s|GO|2019-09-08 00:00:00,1.021814668271384,1023.2615639967836
z_innov_s|GO|2019-09-15 00:00:00,1.0075280474035537,628.1432846032848
z_innov_s|GO|2019-09-22 00:00:00,0.9979522184202502,1040.823996531185
z_innov_s|GO|2019-09-29 00:00:00,1.0228133022414336,576.6575761546511
z_innov_s|GO|2019-10-06 00:00:00,1.03527989064544,962.0454252275746
z_innov_s|GO|2019-10-13 00:00:00,0.9984480160224042,811.6365382331229
z_innov_s|GO|2019-10-20 00:00:00,0.9976389214337007,1040.823996531185
z_innov_s|GO|2019-10-27 00:00:00,0.997598836204244,637.3181517380056
z_innov_s|GO|2019-11-03 00:00:00,0.9992130131579312,820.8345114703515
z_innov_s|GO|2019-11-10 00:00:00,1.0029542106051974,1040.823996531185
z_innov_s|GO|2019-11-17 00:00:00,1.0077398759301934,639.0378738255871
z_innov_s|GO|2019-11-24 00:00:00,1.0162119662074163,799.1841914730599
z_innov_s|GO|2019-12-01 00:00:00,0.9970210756189551,715.1976443161055
z_innov_s|GO|2019-12-08 00:00:00,1.001418144028699,1040.823996531185
z_innov_s|GO|2019-12-15 00:00:00,1.0015078755782254,1040.823996531185
z_innov_s|GO|2019-12-22 00:00:00,1.0135857039257232,536.1917278160907
z_innov_s|GO|2019-12-29 00:00:00,1.030293086987578,1040.823996531185
z_innov_s|GO|2020-01-05 00:00:00,1.0242327547266643,1040.823996531185
z_innov_s|GO|2020-01-12 00:00:00,1.007729900242814,835.1244719061758
z_innov_s|GO|2020-01-19 00:00:00,1.024625658068057,1040.823996531185
z_innov_s|GO|2020-01-26 00:00:00,1.0015968815541731,1040.823996531185
z_innov_s|GO|2020-02-02 00:00:00,1.0236682544425455,944.8934433278891
z_innov_s|GO|2020-02-09 00:00:00,1.001297209490666,1040.823996531185
z_innov_s|GO|2020-02-16 00:00:00,0.9969459593699602,662.8672353884075
z_innov_s|GO|2020-02-23 00:00:00,1.020756066633821,736.7284123349438
z_innov_s|GO|2020-03-01 00:00:00,1.0111682461594738,870.4733644963574
z_innov_s|GO|2020-03-08 00:00:00,0.9978193087523489,1035.1418711618467
z_innov_s|GO|2020-03-15 00:00:00,0.9993455222304272,1040.823996531185
z_innov_s|GO|2020-03-22 00:00:00,1.0223708100470053,966.6955062394361
z_innov_s|GO|2020-03-29 00:00:00,1.0042896072603988,778.1405880350972
z_innov_s|GO|2020-04-05 00:00:00,1.0210812062610373,773.5253833779066
z_innov_s|GO|2020-04-12 00:00:00,1.0252488930040449,1040.823996531185
z_innov_s|GO|2020-04-19 00:00:00,0.99904593928549,1040.823996531185
z_innov_s|GO|2020-04-26 00:00:00,1.0021143743222085,523.778430992605
z_innov_s|GO|2020-05-03 00:00:00,0.9990812872940208,526.8845144593945
z_innov_s|GO|2020-05-10 00:00:00,1.0089291404116545,1040.823996531185
z_innov_s|GO|2020-05-17 00:00:00,1.0144443998429675,600.5583605605176
z_innov_s|GO|2020-05-24 00:00:00,1.0142146986676794,1040.823996531185
z_innov_s|GO|2020-05-31 00:00:00,1.0086756137605801,1040.823996531185
z_innov_s|GO|2020-06-07 00:00:00,1.0236196620706128,1040.823996531185
z_innov_s|GO|2020-06-14 00:00:00,1.0149367355727323,871.7186964750281
z_innov_s|GO|2020-06-21 00:00:00,0.997894800475471,1040.823996531185
z_innov_s|GO|2020-06-28 00:00:00,0.9990150905585995,1040.823996531185
z_innov_s|GO|2020-07-05 00:00:00,0.9974546745000646,1040.823996531185
z_innov_s|GO|2020-07-12 00:00:00,1.016289008960471,603.9638969245952
z_innov_s|GO|2020-07-19 00:00:00,1.0092532313333256,1040.823996531185
z_innov_s|GO|2020-07-26 00:00:00,1.0266660184627934,1040.823996531185
z_innov_s|GO|2020-08-02 00:00:00,1.0126092603660162,1040.823996531185
z_innov_s|GO|2020-08-09 00:00:00,1.0084665530959143,1040.823996531185
z_innov_s|GO|2020-08-16 00:00:00,1.009529957014424,721.7477397128805
z_innov_s|GO|2020-08-23 00:00:00,0.9990509344372245,1040.823996531185
z_innov_s|GO|2020-08-30 00:00:00,1.0396931286794933,912.5932863142262
z_innov_s|GO|2020-09-06 00:00:00,1.0005128314824185,1040.823996531185
z_innov_s|GO|2020-09-13 00:00:00,0.9986416600393411,1024.462448600098
z_innov_s|GO|2020-09-20 00:00:00,1.0015516171057972,703.3738637573787
z_innov_s|GO|2020-09-27 00:00:00,1.0009599976078478,824.196316051795
z_innov_s|GO|2020-10-04 00:00:00,0.9958458194174358,1040.823996531185
z_innov_s|GO|2020-10-11 00:00:00,1.0076144647885452,711.1780823522654
z_innov_s|GO|2020-10-18 00:00:00,1.0034000372371215,1040.823996531185
z_innov_s|GO|2020-10-25 00:00:00,1.0109464303032931,1040.823996531185
z_innov_s|GO|2020-11-01 00:00:00,0.999573799684056,971.396591202088
z_innov_s|GO|2020-11-08 00:00:00,1.0076049858230192,663.1366606831787
z_innov_s|GO|2020-11-15 00:00:00,0.9977917439873333,1040.823996531185
z_innov_s|GO|2020-11-22 00:00:00,0.9993595760279539,1040.823996531185
z_innov_s|GO|2020-11-29 00:00:00,1.0006147379293386,948.2954660888087
z_innov_s|GO|2020-12-06 00:00:00,1.009308864454389,877.5430199716883
z_innov_s|GO|2020-12-13 00:00:00,1.0138980628012202,1040.823996531185
z_innov_s|GO|2020-12-20 00:00:00,1.0007179909687067,537.8669459635385
z_innov_s|GO|2020-12-27 00:00:00,1.0013356854928208,652.4633512877073
z_innov_s|MA|2019-01-13 00:00:00,1.0012922557511696,753.4815019506698
z_innov_s|MA|2019-01-20 00:00:00,1.0069770019565794,799.5827043337212
z_innov_s|MA|2019-01-27 00:00:00,0.9992972697831857,1040.823996531185
z_innov_s|MA|2019-02-03 00:00:00,0.9983911500465688,1040.823996531185
z_innov_s|MA|2019-02-10 00:00:00,1.0069902672485438,834.4571011519607
z_innov_s|MA|2019-02-17 00:00:00,0.9992679669695094,751.3953259160586
z_innov_s|MA|2019-02-24 00:00:00,1.0039454283443756,744.0664061090504
z_innov_s|MA|2019-03-03 00:00:00,1.0064733453706447,969.8636583322716
z_innov_s|MA|2019-03-10 00:00:00,1.0020007522533347,778.5691938404628
z_innov_s|MA|2019-03-17 00:00:00,0.9978198165844968,869.8468746253386
z_innov_s|MA|2019-03-24 00:00:00,1.0010641737599286,1040.823996531185
z_innov_s|MA|2019-03-31 00:00:00,1.0040415307663915,713.9704086899884
z_innov_s|MA|2019-04-07 00:00:00,1.0069750794590984,914.5850904590731
z_innov_s|MA|2019-04-14 00:00:00,1.0130379388725845,802.4183157641232
z_innov_s|MA|2019-04-21 00:00:00,1.0063095960248354,944.1548382179905
z_innov_s|MA|2019-04-28 00:00:00,1.0072579470562202,1040.823996531185
z_innov_s|MA|2019-05-05 00:00:00,1.0253590807957613,712.4604312820006
z_innov_s|MA|2019-05-12 00:00:00,0.9975941404014262,804.0083720613352
z_innov_s|MA|2019-05-19 00:00:00,1.0083139386969837,1040.823996531185
z_innov_s|MA|2019-05-26 00:00:00,0.9990934919202693,721.2935430699464
z_innov_s|MA|2019-06-02 00:00:00,1.014685836023644,864.8806152512135
z_innov_s|MA|2019-06-09 00:00:00,0.9992117402138165,733.0949476427444
z_innov_s|MA|2019-06-16 00:00:00,1.0052659325079727,918.5675341462904
z_innov_s|MA|2019-06-23 00:00:00,1.0172857674011395,1040.823996531185
z_innov_s|MA|2019-06-30 00:00:00,1.0502727582843683,1040.823996531185
z_innov_s|MA|2019-07-07 00:00:00,1.0104400648943452,1000.5098710164425
z_innov_s|MA|2019-07-14 00:00:00,1.0080039638688727,1040.823996531185
z_innov_s|MA|2019-07-21 00:00:00,1.003846559648179,788.291657261347
z_innov_s|MA|2019-07-28 00:00:00,1.0034518160267032,756.9373113176879
z_innov_s|MA|2019-08-04 00:00:00,1.002492792674443,1040.823996531185
z_innov_s|MA|2019-08-11 00:00:00,1.0106556124009423,765.8195081319984
z_innov_s|MA|2019-08-18 00:00:00,1.029927679635358,650.5622828319847
z_innov_s|MA|2019-08-25 00:00:00,1.0001727354912584,730.2857241780648
z_innov_s|MA|2019-09-01 00:00:00,1.0238411099306894,941.4192812263483
z_innov_s|MA|2019-09-08 00:00:00,1.002113866968673,1003.281662336589
z_innov_s|MA|2019-09-15 00:00:00,1.0179688901010284,494.3000555962514
z_innov_s|MA|2019-09-22 00:00:00,1.020304864875472,1040.823996531185
z_innov_s|MA|2019-09-29 00:00:00,1.0157633253312703,1040.823996531185
z_innov_s|MA|2019-10-06 00:00:00,1.0024572750750667,709.5899327475397
z_innov_s|MA|2019-10-13 00:00:00,1.0094416673633184,790.062112046681
z_innov_s|MA|2019-10-20 00:00:00,1.004793717826771,517.8420188545472
z_innov_s|MA|2019-10-27 00:00:00,1.033364395175327,801.3442195099154
z_innov_s|MA|2019-11-03 00:00:00,1.014117592039195,1040.823996531185
z_innov_s|MA|2019-11-10 00:00:00,1.011813130188246,743.6585633628592
z_innov_s|MA|2019-11-17 00:00:00,1.014576351383869,702.9896336337622
z_innov_s|MA|2019-11-24 00:00:00,1.0131986058514433,1040.823996531185
z_innov_s|MA|2019-12-01 00:00:00,0.9985592950100319,1040.823996531185
z_innov_s|MA|2019-12-08 00:00:00,1.005689215638602,1040.823996531185
z_innov_s|MA|2019-12-15 00:00:00,0.9997085910463805,700.6237363446904
z_innov_s|MA|2019-12-22 00:00:00,1.0024927482742236,512.7279914512957
z_innov_s|MA|2019-12-29 00:00:00,1.002468832373049,777.9506575007747
z_innov_s|MA|2020-01-05 00:00:00,1.0209657561210448,888.1644730478665
z_innov_s|MA|2020-01-12 00:00:00,0.9980637222359144,1040.823996531185
z_innov_s|MA|2020-01-19 00:00:00,1.0048083795031117,1040.823996531185
z_innov_s|MA|2020-01-26 00:00:00,1.001739301002367,1040.823996531185
z_innov_s|MA|2020-02-02 00:00:00,1.002392777035791,1040.823996531185
z_innov_s|MA|2020-02-09 00:00:00,0.9996567661190637,1040.823996531185
z_innov_s|MA|2020-02-16 00:00:00,0.9979415460182066,857.4381030932326
z_innov_s|MA|2020-02-23 00:00:00,1.00620392154356,916.0592769610798
z_innov_s|MA|2020-03-01 00:00:00,1.0056033385490868,676.6401858314055
z_innov_s|MA|2020-03-08 00:00:00,0.9993603561828626,616.7904655082456
z_innov_s|MA|2020-03-15 00:00:00,1.0011472314142054,1040.823996531185
z_innov_s|MA|2020-03-22 00:00:00,1.0300516030528297,1040.823996531185
z_innov_s|MA|2020-03-29 00:00:00,1.0104605988085982,1040.823996531185
z_innov_s|MA|2020-04-05 00:00:00,0.9989475050550629,1040.823996531185
z_innov_s|MA|2020-04-12 00:00:00,1.0171265439254082,833.7018428800277
z_innov_s|MA|2020-04-19 00:00:00,1.007578309130465,1040.823996531185
z_innov_s|MA|2020-04-26 00:00:00,1.0038770032123878,1040.823996531185
z_innov_s|MA|2020-05-03 00:00:00,1.0045235357543154,1040.823996531185
z_innov_s|MA|2020-05-10 00:00:00,1.0004617629859038,927.0775739274115
z_innov_s|MA|2020-05-17 00:00:00,1.004569126342919,922.2035742102047
z_innov_s|MA|2020-05-24 00:00:00,1.0078945761115703,1028.6324101200105
z_innov_s|MA|2020-05-31 00:00:00,1.0091616436719495,979.1712315918664
z_innov_s|MA|2020-06-07 00:00:00,1.0027916712927907,1037.9942836828338
z_innov_s|MA|2020-06-14 00:00:00,1.0141829249376373,1040.823996531185
z_innov_s|MA|2020-06-21 00:00:00,1.0001710623507487,754.2599343044981
z_innov_s|MA|2020-06-28 00:00:00,0.9992498149147507,905.6515346105451
z_innov_s|MA|2020-07-05 00:00:00,1.001178024994473,1040.823996531185
z_innov_s|MA|2020-07-12 00:00:00,1.0035207028688664,918.0345715877168
z_innov_s|MA|2020-07-19 00:00:00,0.9979155844564295,802.4595757076211
z_innov_s|MA|2020-07-26 00:00:00,1.0102202283593589,1040.823996531185
z_innov_s|MA|2020-08-02 00:00:00,1.0098564913792245,1040.823996531185
z_innov_s|MA|2020-08-09 00:00:00,0.9972204690777798,1040.823996531185
z_innov_s|MA|2020-08-16 00:00:00,0.9972965163248981,1040.823996531185
z_innov_s|MA|2020-08-23 00:00:00,1.0040220340570947,1040.823996531185
z_innov_s|MA|2020-08-30 00:00:00,1.0030161052807818,1016.0718098602836
z_innov_s|MA|2020-09-06 00:00:00,1.0173105888877993,1032.4784736402282
z_innov_s|MA|2020-09-13 00:00:00,1.0164101780640522,1040.823996531185
z_innov_s|MA|2020-09-20 00:00:00,0.9992338697226106,1040.823996531185
z_innov_s|MA|2020-09-27 00:00:00,1.009029017143823,1040.823996531185
z_innov_s|MA|2020-10-04 00:00:00,1.0013706071388475,722.2343262968574
z_innov_s|MA|2020-10-11 00:00:00,1.0070801009620525,791.267764543746
z_innov_s|MA|2020-10-18 00:00:00,1.000816159573629,756.9803142993178
z_innov_s|MA|2020-10-25 00:00:00,1.019827535309997,956.0199364890728
z_innov_s|MA|2020-11-01 00:00:00,1.0117302220348035,892.2270619282428
z_innov_s|MA|2020-11-08 00:00:00,0.9992466544366965,619.9975777343523
z_innov_s|MA|2020-11-15 00:00:00,1.010506229927429,778.2437874935256
z_innov_s|MA|2020-11-22 00:00:00,1.0351974230491547,674.0480008851141
z_innov_s|MA|2020-11-29 00:00:00,1.0129558591922176,1040.823996531185
z_innov_s|MA|2020-12-06 00:00:00,1.0135686804995137,1040.823996531185
z_innov_s|MA|2020-12-13 00:00:00,1.0173958225700868,1040.823996531185
z_innov_s|MA|2020-12-20 00:00:00,0.9981133599290648,1040.823996531185
z_innov_s|MA|2020-12-27 00:00:00,0.9992835148021106,975.0498905225841
z_innov_s|MG|2019-01-13 00:00:00,1.0093576201997687,693.8419756074386
z_innov_s|MG|2019-01-20 00:00:00,1.000255964746602,927.6003212396064
z_innov_s|MG|2019-01-27 00:00:00,1.0006986329621843,799.9570209168538
z_innov_s|MG|2019-02-03 00:00:00,1.0086341831661958,957.2743755085381
z_innov_s|MG|2019-02-10 00:00:00,1.0144257861795405,978.0747271321185
z_innov_s|MG|2019-02-17 00:00:00,1.0081207167593513,1040.823996531185
z_innov_s|MG|2019-02-24 00:00:00,1.0043636282759714,999.7613580665527
z_innov_s|MG|2019-03-03 00:00:00,0.9974946191229082,853.4188511508798
z_innov_s|MG|2019-03-10 00:00:00,1.0037111957851805,1040.823996531185
z_innov_s|MG|2019-03-17 00:00:00,1.0051790889349126,735.8460933213323
z_innov_s|MG|2019-03-24 00:00:00,1.0061266528377748,819.1005500519407
z_innov_s|MG|2019-03-31 00:00:00,1.009475453567158,921.4888902204458
z_innov_s|MG|2019-04-07 00:00:00,1.0062831475352958,994.3514879076048
z_innov_s|MG|2019-04-14 00:00:00,1.0257046942551558,970.04688286673
z_innov_s|MG|2019-04-21 00:00:00,1.0061005636954679,774.6246184649267
z_innov_s|MG|2019-04-28 00:00:00,0.9995748988612246,1040.823996531185
z_innov_s|MG|2019-05-05 00:00:00,1.0202158987576757,915.5478272634344
z_innov_s|MG|2019-05-12 00:00:00,0.9993895366338796,1040.823996531185
z_innov_s|MG|2019-05-19 00:00:00,1.0164328775584939,1040.823996531185
z_innov_s|MG|2019-05-26 00:00:00,1.0025840558694712,743.9741363355455
z_innov_s|MG|2019-06-02 00:00:00,1.0010348927896089,688.4623768919137
z_innov_s|MG|2019-06-09 00:00:00,1.0038082215988424,1030.5130965169346
z_innov_s|MG|2019-06-16 00:00:00,0.9999713765436238,583.3331790663883
z_innov_s|MG|2019-06-23 00:00:00,0.9992688944155304,487.62100986359343
z_innov_s|MG|2019-06-30 00:00:00,0.9985223394394138,949.8415549278724
z_innov_s|MG|2019-07-07 00:00:00,0.9966194754340107,1040.823996531185
z_innov_s|MG|2019-07-14 00:00:00,0.9997886973823116,594.8285637952644
z_innov_s|MG|2019-07-21 00:00:00,1.010723471099203,725.4100673712809
z_innov_s|MG|2019-07-28 00:00:00,1.0145325205415543,1040.823996531185
z_innov_s|MG|2019-08-04 00:00:00,1.0051903636902877,853.8906102338286
z_innov_s|MG|2019-08-11 00:00:00,1.0005828629678264,1040.823996531185
z_innov_s|MG|2019-08-18 00:00:00,1.0090683138482701,835.8659306279031
z_innov_s|MG|2019-08-25 00:00:00,0.9960814943143388,1040.823996531185
z_innov_s|MG|2019-09-01 00:00:00,1.001630894223672,1040.823996531185
z_innov_s|MG|2019-09-08 00:00:00,1.003258941827509,689.4569171218744
z_innov_s|MG|2019-09-15 00:00:00,1.0235629930232106,1040.823996531185
z_innov_s|MG|2019-09-22 00:00:00,0.9980362548080687,1040.823996531185
z_innov_s|MG|2019-09-29 00:00:00,1.0186979542343026,1040.823996531185
z_innov_s|MG|2019-10-06 00:00:00,0.9995123763713026,1040.823996531185
z_innov_s|MG|2019-10-13 00:00:00,1.013585409395233,928.8107221206112
z_innov_s|MG|2019-10-20 00:00:00,1.0105887343226165,952.6534924473655
z_innov_s|MG|2019-10-27 00:00:00,1.0069616698698596,886.423267066504
z_innov_s|MG|2019-11-03 00:00:00,0.9982364913953328,696.5047886182153
z_innov_s|MG|2019-11-10 00:00:00,0.9995796404369712,1004.4226651116504
z_innov_s|MG|2019-11-17 00:00:00,1.0090212913931542,1040.823996531185
z_innov_s|MG|2019-11-24 00:00:00,1.0074384746688883,1040.823996531185
z_innov_s|MG|2019-12-01 00:00:00,1.0089357219461779,1040.823996531185
z_innov_s|MG|2019-12-08 00:00:00,1.0171172348655038,962.1569675574947
z_innov_s|MG|2019-12-15 00:00:00,1.002259804976075,741.9502481097145
z_innov_s|MG|2019-12-22 00:00:00,0.9968501638169052,1040.823996531185
z_innov_s|MG|2019-12-29 00:00:00,1.0014980511750995,1040.823996531185
z_innov_s|MG|2020-01-05 00:00:00,1.0007979664120437,980.7586336089032
z_innov_s|MG|2020-01-12 00:00:00,1.0046061664750778,1040.823996531185
z_innov_s|MG|2020-01-19 00:00:00,1.0011031318778856,1040.823996531185
z_innov_s|MG|2020-01-26 00:00:00,1.000022615770329,1040.823996531185
z_innov_s|MG|2020-02-02 00:00:00,1.0011553691465718,1028.0361891252242
z_innov_s|MG|2020-02-09 00:00:00,1.0103901693233568,860.1510739940813
z_innov_s|MG|2020-02-16 00:00:00,1.0233860450097785,741.7510330069056
z_innov_s|MG|2020-02-23 00:00:00,1.0292865299154925,1040.823996531185
z_innov_s|MG|2020-03-01 00:00:00,1.011061177540909,885.5844591376052
z_innov_s|MG|2020-03-08 00:00:00,1.00530541789787,668.1022862629698
z_innov_s|MG|2020-03-15 00:00:00,1.007247382440292,984.1853838333802
z_innov_s|MG|2020-03-22 00:00:00,1.0064684337232919,1040.823996531185
z_innov_s|MG|2020-03-29 00:00:00,1.0016965445718613,857.3403896012546
z_innov_s|MG|2020-04-05 00:00:00,1.009858811278096,1040.823996531185
z_innov_s|MG|2020-04-12 00:00:00,0.9994258687587999,837.6462143802366
z_innov_s|MG|2020-04-19 00:00:00,1.0084672630989189,679.1473859627204
z_innov_s|MG|2020-04-26 00:00:00,0.9991471252420911,1040.823996531185
z_innov_s|MG|2020-05-03 00:00:00,1.0011211666439865,1040.823996531185
z_innov_s|MG|2020-05-10 00:00:00,0.9978254485990684,1040.823996531185
z_innov_s|MG|2020-05-17 00:00:00,0.9966215432862815,741.4826948092979
z_innov_s|MG|2020-05-24 00:00:00,1.0018438567120653,656.3915792751895
z_innov_s|MG|2020-05-31 00:00:00,0.9970560005998593,858.2410160277055
z_innov_s|MG|2020-06-07 00:00:00,1.0044935923991676,819.6472706494019
z_innov_s|MG|2020-06-14 00:00:00,0.9994482669685859,769.2390003457365
z_innov_s|MG|2020-06-21 00:00:00,1.010127929833206,1040.823996531185
z_innov_s|MG|2020-06-28 00:00:00,1.0050174125173086,921.783554466074
z_innov_s|MG|2020-07-05 00:00:00,1.0027656355149932,994.6830778610622
z_innov_s|MG|2020-07-12 00:00:00,1.0075216432071579,1040.823996531185
z_innov_s|MG|2020-07-19 00:00:00,1.0056291598494496,759.3388482143596
z_innov_s|MG|2020-07-26 00:00:00,1.0087345239202155,1040.823996531185
z_innov_s|MG|2020-08-02 00:00:00,1.0004333441786366,1040.823996531185
z_innov_s|MG|2020-08-09 00:00:00,1.0133418181538931,1040.823996531185
z_innov_s|MG|2020-08-16 00:00:00,1.0070777735530658,1040.823996531185
z_innov_s|MG|2020-08-23 00:00:00,1.0217840150471231,1040.823996531185
z_innov_s|MG|2020-08-30 00:00:00,0.9993606038009659,594.9279520515419
z_innov_s|MG|2020-09-06 00:00:00,0.9976283830574778,1017.9752981862994
z_innov_s|MG|2020-09-13 00:00:00,1.0027948031165996,1040.823996531185
z_innov_s|MG|2020-09-20 00:00:00,1.0179687439608918,1040.823996531185
z_innov_s|MG|2020-09-27 00:00:00,1.0090044574452017,1040.823996531185
z_innov_s|MG|2020-10-04 00:00:00,1.0044760824872991,1040.823996531185
z_innov_s|MG|2020-10-11 00:00:00,1.0304836578390528,854.615531810472
z_innov_s|MG|2020-10-18 00:00:00,1.0235351698245974,1040.823996531185
z_innov_s|MG|2020-10-25 00:00:00,1.001297982782698,1040.823996531185
z_innov_s|MG|2020-11-01 00:00:00,1.0024209429092064,920.1078513798884
z_innov_s|MG|2020-11-08 00:00:00,0.9989316392574954,1040.823996531185
z_innov_s|MG|2020-11-15 00:00:00,0.9967147339985849,1040.823996531185
z_innov_s|MG|2020-11-22 00:00:00,0.9991225596193201,1040.823996531185
z_innov_s|MG|2020-11-29 00:00:00,0.9980945061820335,660.4918378336284
z_innov_s|MG|2020-12-06 00:00:00,1.000241565596897,765.2125615975696
z_innov_s|MG|2020-12-13 00:00:00,1.0174736694939104,692.9477431375519
z_innov_s|MG|2020-12-20 00:00:00,0.9970950460626531,693.51411768253
z_innov_s|MG|2020-12-27 00:00:00,1.0206582950071537,1040.823996531185
z_innov_s|MS|2019-01-13 00:00:00,1.0220047300713038,831.0187136554424
z_innov_s|MS|2019-01-20 00:00:00,1.0028289804374952,855.8814532159042
z_innov_s|MS|2019-01-27 00:00:00,0.9979762286810625,1040.823996531185
z_innov_s|MS|2019-02-03 00:00:00,0.9977799726334615,778.5025514122503
z_innov_s|MS|2019-02-10 00:00:00,1.0337811167608268,1040.823996531185
z_innov_s|MS|2019-02-17 00:00:00,1.0018666983809363,1040.823996531185
z_innov_s|MS|2019-02-24 00:00:00,0.9966411846623333,1040.823996531185
z_innov_s|MS|2019-03-03 00:00:00,1.0019217946014667,901.1694674580859
z_innov_s|MS|2019-03-10 00:00:00,1.0116737612719784,1040.823996531185
z_innov_s|MS|2019-03-17 00:00:00,1.0111158388772412,1040.823996531185
z_innov_s|MS|2019-03-24 00:00:00,1.0096580021566208,1040.823996531185
z_innov_s|MS|2019-03-31 00:00:00,0.9963854987559694,740.4330308144873
z_innov_s|MS|2019-04-07 00:00:00,1.001685569668505,1040.823996531185
z_innov_s|MS|2019-04-14 00:00:00,0.9989868854807049,722.050630261075
z_innov_s|MS|2019-04-21 00:00:00,0.9992409871806587,832.8135409326509
z_innov_s|MS|2019-04-28 00:00:00,1.0215445526207698,1040.823996531185
z_innov_s|MS|2019-05-05 00:00:00,1.008533063191257,1033.4112339921242
z_innov_s|MS|2019-05-12 00:00:00,1.0178724976056408,1040.823996531185
z_innov_s|MS|2019-05-19 00:00:00,1.0048097772019966,1040.823996531185
z_innov_s|MS|2019-05-26 00:00:00,0.9981680458122675,1040.823996531185
z_innov_s|MS|2019-06-02 00:00:00,1.0087197420879257,708.4479864053677
z_innov_s|MS|2019-06-09 00:00:00,1.001394843927591,853.1040347844643
z_innov_s|MS|2019-06-16 00:00:00,1.009898778002043,1040.823996531185
z_innov_s|MS|2019-06-23 00:00:00,0.9991711912126807,1040.823996531185
z_innov_s|MS|2019-06-30 00:00:00,1.0018335205407842,737.6055162798021
z_innov_s|MS|2019-07-07 00:00:00,0.9978112100374005,1040.823996531185
z_innov_s|MS|2019-07-14 00:00:00,1.004759852249867,1040.823996531185
z_innov_s|MS|2019-07-21 00:00:00,1.0097178269264377,1040.823996531185
z_innov_s|MS|2019-07-28 00:00:00,1.0056903978036331,770.5745174629055
z_innov_s|MS|2019-08-04 00:00:00,1.0093583826762333,1040.823996531185
z_innov_s|MS|2019-08-11 00:00:00,0.996668095764085,1040.823996531185
z_innov_s|MS|2019-08-18 00:00:00,1.0018366307078568,907.6763480438846
z_innov_s|MS|2019-08-25 00:00:00,0.9980634026894493,1013.088607972017
z_innov_s|MS|2019-09-01 00:00:00,1.0127305445339252,891.9386085359683
z_innov_s|MS|2019-09-08 00:00:00,1.0083042403158937,1019.5077749444249
z_innov_s|MS|2019-09-15 00:00:00,0.9985294763271751,571.6049201933047
z_innov_s|MS|2019-09-22 00:00:00,1.013044640642657,1040.823996531185
z_innov_s|MS|2019-09-29 00:00:00,1.0407515637742635,1040.823996531185
z_innov_s|MS|2019-10-06 00:00:00,1.0027490479942895,948.4729605585181
z_innov_s|MS|2019-10-13 00:00:00,1.0058673904216076,1040.823996531185
z_innov_s|MS|2019-10-20 00:00:00,1.0244722194780924,726.1428204250074
z_innov_s|MS|2019-10-27 00:00:00,0.998987853977355,922.4642383764777
z_innov_s|MS|2019-11-03 00:00:00,1.0062116097900093,590.173568993266
z_innov_s|MS|2019-11-10 00:00:00,1.012628914205821,643.264320459268
z_innov_s|MS|2019-11-17 00:00:00,1.0154428948448553,672.2447059863878
z_innov_s|MS|2019-11-24 00:00:00,1.005463202648633,1040.823996531185
z_innov_s|MS|2019-12-01 00:00:00,1.0024898931579782,1040.823996531185
z_innov_s|MS|2019-12-08 00:00:00,1.0255911293182838,740.7569349097816
z_innov_s|MS|2019-12-15 00:00:00,1.006925724887387,1040.823996531185
z_innov_s|MS|2019-12-22 00:00:00,1.0051471978035058,572.3649336129725
z_innov_s|MS|2019-12-29 00:00:00,0.9961777347889857,798.0409865635652
z_innov_s|MS|2020-01-05 00:00:00,1.0145635542614153,1040.823996531185
z_innov_s|MS|2020-01-12 00:00:00,1.0071783930714515,1040.823996531185
z_innov_s|MS|2020-01-19 00:00:00,1.0043606265700011,529.1863770682031
z_innov_s|MS|2020-01-26 00:00:00,1.0188453688087613,756.7814627668462
z_innov_s|MS|2020-02-02 00:00:00,1.0068755495942046,973.5078975121046
z_innov_s|MS|2020-02-09 00:00:00,1.004954681837553,1040.823996531185
z_innov_s|MS|2020-02-16 00:00:00,0.999874738745147,1040.823996531185
z_innov_s|MS|2020-02-23 00:00:00,1.004492424607555,798.5306389656655
z_innov_s|MS|2020-03-01 00:00:00,1.0064771613545673,1040.823996531185
z_innov_s|MS|2020-03-08 00:00:00,1.0044076098525856,1040.823996531185
z_innov_s|MS|2020-03-15 00:00:00,1.0151671134040994,773.7490584984675
z_innov_s|MS|2020-03-22 00:00:00,1.0014058853918115,825.8674252283575
z_innov_s|MS|2020-03-29 00:00:00,0.9992655660467382,994.3701085294186
z_innov_s|MS|2020-04-05 00:00:00,1.009071391591698,1007.3373174330328
z_innov_s|MS|2020-04-12 00:00:00,1.0034576665882906,1040.823996531185
z_innov_s|MS|2020-04-19 00:00:00,1.0112785616281472,1040.823996531185
z_innov_s|MS|2020-04-26 00:00:00,0.9991297142451906,1040.823996531185
z_innov_s|MS|2020-05-03 00:00:00,1.0127497219204729,974.5768570191372
z_innov_s|MS|2020-05-10 00:00:00,0.997549893336867,1040.823996531185
z_innov_s|MS|2020-05-17 00:00:00,1.0100204477122605,967.8941643314309
z_innov_s|MS|2020-05-24 00:00:00,1.0074797457676627,1040.823996531185
z_innov_s|MS|2020-05-31 00:00:00,1.0012552282309508,765.8652032147759
z_innov_s|MS|2020-06-07 00:00:00,1.0036252114421733,603.4239614262862
z_innov_s|MS|2020-06-14 00:00:00,1.0024343390882249,1040.823996531185
z_innov_s|MS|2020-06-21 00:00:00,0.9991687443370837,841.1045359763924
z_innov_s|MS|2020-06-28 00:00:00,1.00304308582764,678.5257672500319
z_innov_s|MS|2020-07-05 00:00:00,1.0058586275725723,555.4172019137685
z_innov_s|MS|2020-07-12 00:00:00,0.9995870067184662,1040.823996531185
z_innov_s|MS|2020-07-19 00:00:00,1.0226448772346346,432.9547496791863
z_innov_s|MS|2020-07-26 00:00:00,1.0042253442328462,1040.823996531185
z_innov_s|MS|2020-08-02 00:00:00,1.0012007178091684,383.45545661165556
z_innov_s|MS|2020-08-09 00:00:00,1.0109835519010109,921.1389062373195
z_innov_s|MS|2020-08-16 00:00:00,0.9999335574373218,1040.823996531185
z_innov_s|MS|2020-08-23 00:00:00,1.0040819299521884,1011.78473437927
z_innov_s|MS|2020-08-30 00:00:00,1.0034404466067732,985.0672467953696
z_innov_s|MS|2020-09-06 00:00:00,1.0071371197627519,1040.823996531185
z_innov_s|MS|2020-09-13 00:00:00,1.009512210182618,1040.823996531185
z_innov_s|MS|2020-09-20 00:00:00,1.0253105214959402,1040.823996531185
z_innov_s|MS|2020-09-27 00:00:00,1.0208000917342412,1040.823996531185
z_innov_s|MS|2020-10-04 00:00:00,1.0117900626094245,1040.823996531185
z_innov_s|MS|2020-10-11 00:00:00,1.0169810362563632,824.3744376566046
z_innov_s|MS|2020-10-18 00:00:00,1.0014957819649444,1040.823996531185
z_innov_s|MS|2020-10-25 00:00:00,1.0175030186800702,1040.823996531185
z_innov_s|MS|2020-11-01 00:00:00,1.0022573065618172,1040.823996531185
z_innov_s|MS|2020-11-08 00:00:00,1.0111457666349781,1040.823996531185
z_innov_s|MS|2020-11-15 00:00:00,1.0050701005403793,783.8955787190287
z_innov_s|MS|2020-11-22 00:00:00,0.9966514154977779,1040.823996531185
z_innov_s|MS|2020-11-29 00:00:00,1.0036219124554182,583.8528564011316
z_innov_s|MS|2020-12-06 00:00:00,0.9994374702999534,790.688450490632
z_innov_s|MS|2020-12-13 00:00:00,1.0091130864441098,1040.823996531185
z_innov_s|MS|2020-12-20 00:00:00,0.9990262282356349,1040.823996531185
z_innov_s|MS|2020-12-27 00:00:00,1.038048945064747,1040.823996531185
z_innov_s|MT|2019-01-13 00:00:00,1.0013255809374586,981.6874358192335
z_innov_s|MT|2019-01-20 00:00:00,1.0042531586628256,1040.823996531185
z_innov_s|MT|2019-01-27 00:00:00,0.9984785123230148,890.3095115231317
z_innov_s|MT|2019-02-03 00:00:00,1.0126902547005625,1040.823996531185
z_innov_s|MT|2019-02-10 00:00:00,1.0008593303150455,1040.823996531185
z_innov_s|MT|2019-02-17 00:00:00,1.012105912272967,1040.823996531185
z_innov_s|MT|2019-02-24 00:00:00,1.0269627246657367,1040.823996531185
z_innov_s|MT|2019-03-03 00:00:00,1.0044283928790685,1040.823996531185
z_innov_s|MT|2019-03-10 00:00:00,1.0064214923985513,1040.823996531185
z_innov_s|MT|2019-03-17 00:00:00,1.0058223877864543,1040.823996531185
z_innov_s|MT|2019-03-24 00:00:00,1.0018393910855552,979.1523028619467
z_innov_s|MT|2019-03-31 00:00:00,1.0036208718389743,1040.823996531185
z_innov_s|MT|2019-04-07 00:00:00,1.0172808233109858,1020.1364815883736
z_innov_s|MT|2019-04-14 00:00:00,1.0082177447578033,781.1686692329123
z_innov_s|MT|2019-04-21 00:00:00,1.0362964312410265,971.1029287846159
z_innov_s|MT|2019-04-28 00:00:00,0.9990815407851331,1040.823996531185
z_innov_s|MT|2019-05-05 00:00:00,1.0018032921441038,726.8107365211946
z_innov_s|MT|2019-05-12 00:00:00,1.0022852232296613,1040.823996531185
z_innov_s|MT|2019-05-19 00:00:00,1.0104628089984014,1040.823996531185
z_innov_s|MT|2019-05-26 00:00:00,1.0040118115730088,763.5715380237781
z_innov_s|MT|2019-06-02 00:00:00,1.0060231492079361,1040.823996531185
z_innov_s|MT|2019-06-09 00:00:00,1.016620927877632,831.6981891199167
z_innov_s|MT|2019-06-16 00:00:00,1.004367460384883,1040.823996531185
z_innov_s|MT|2019-06-23 00:00:00,1.0004360895835547,512.0299438341816
z_innov_s|MT|2019-06-30 00:00:00,1.0003975333120005,824.8547367750315
z_innov_s|MT|2019-07-07 00:00:00,1.0061635489992673,640.9003529366261
z_innov_s|MT|2019-07-14 00:00:00,1.0051038382916795,1040.823996531185
z_innov_s|MT|2019-07-21 00:00:00,0.9983940169878902,470.22008377184585
z_innov_s|MT|2019-07-28 00:00:00,1.0105572767366202,1040.823996531185
z_innov_s|MT|2019-08-04 00:00:00,1.005769301854094,1033.9912390061284
z_innov_s|MT|2019-08-11 00:00:00,1.0072645523979082,1040.823996531185
z_innov_s|MT|2019-08-18 00:00:00,1.0004304566608375,794.9326035988548
z_innov_s|MT|2019-08-25 00:00:00,1.0000691416123462,862.0355890525142
z_innov_s|MT|2019-09-01 00:00:00,0.9992726398175712,909.6729430843876
z_innov_s|MT|2019-09-08 00:00:00,1.0136561794959944,599.7330484030334
z_innov_s|MT|2019-09-15 00:00:00,1.0115703510644352,795.8045261710735
z_innov_s|MT|2019-09-22 00:00:00,1.007820595090326,1040.823996531185
z_innov_s|MT|2019-09-29 00:00:00,1.0031452065054396,930.2999530299159
z_innov_s|MT|2019-10-06 00:00:00,1.0173448830133183,1040.823996531185
z_innov_s|MT|2019-10-13 00:00:00,1.0052355607378198,1040.823996531185
z_innov_s|MT|2019-10-20 00:00:00,1.001408621358907,651.8320208578356
z_innov_s|MT|2019-10-27 00:00:00,1.0002268338333622,1040.823996531185
z_innov_s|MT|2019-11-03 00:00:00,1.0057975292621806,1040.823996531185
z_innov_s|MT|2019-11-10 00:00:00,1.0138427539444117,1040.823996531185
z_innov_s|MT|2019-11-17 00:00:00,1.033247189108472,462.98246275952397
z_innov_s|MT|2019-11-24 00:00:00,1.0014083758044452,712.2392854576258
z_innov_s|MT|2019-12-01 00:00:00,1.0183704599784567,991.7853947386045
z_innov_s|MT|2019-12-08 00:00:00,1.01915469018236,1040.823996531185
z_innov_s|MT|2019-12-15 00:00:00,1.0007319954285607,1040.823996531185
z_innov_s|MT|2019-12-22 00:00:00,1.0024805600887463,944.0413813737288
z_innov_s|MT|2019-12-29 00:00:00,1.0384565832569752,1009.5690895413529
z_innov_s|MT|2020-01-05 00:00:00,1.0101895574009847,699.1561031501491
z_innov_s|MT|2020-01-12 00:00:00,1.0094999170792058,563.2076589468467
z_innov_s|MT|2020-01-19 00:00:00,1.0122477245069346,733.4497826131666
z_innov_s|MT|2020-01-26 00:00:00,1.0094709179732808,751.8470427510615
z_innov_s|MT|2020-02-02 00:00:00,0.9992787863329367,621.6470253376943
z_innov_s|MT|2020-02-09 00:00:00,1.0078212741847314,875.1029169919165
z_innov_s|MT|2020-02-16 00:00:00,1.0220678023083856,1040.823996531185
z_innov_s|MT|2020-02-23 00:00:00,1.0007394470674429,1040.823996531185
z_innov_s|MT|2020-03-01 00:00:00,1.0178099386537538,1040.823996531185
z_innov_s|MT|2020-03-08 00:00:00,1.0036219170700469,1040.823996531185
z_innov_s|MT|2020-03-15 00:00:00,1.0247547863383146,1040.823996531185
z_innov_s|MT|2020-03-22 00:00:00,1.017267203150116,1040.823996531185
z_innov_s|MT|2020-03-29 00:00:00,0.9993564072172517,649.3474224462578
z_innov_s|MT|2020-04-05 00:00:00,1.005282407664785,804.3182237695928
z_innov_s|MT|2020-04-12 00:00:00,1.01615803661787,737.7180404898452
z_innov_s|MT|2020-04-19 00:00:00,0.9991480310142639,876.7399380797885
z_innov_s|MT|2020-04-26 00:00:00,1.0002439353915678,1000.0327047038469
z_innov_s|MT|2020-05-03 00:00:00,1.001032183100405,683.0287827745843
z_innov_s|MT|2020-05-10 00:00:00,0.9997229124634538,636.8903354461803
z_innov_s|MT|2020-05-17 00:00:00,1.0048194973989366,907.6859059901929
z_innov_s|MT|2020-05-24 00:00:00,1.0112115671519906,1040.823996531185
z_innov_s|MT|2020-05-31 00:00:00,1.004609770182344,1040.823996531185
z_innov_s|MT|2020-06-07 00:00:00,0.9979061610017662,1040.823996531185
z_innov_s|MT|2020-06-14 00:00:00,1.0129819319297917,958.7209348134796
z_innov_s|MT|2020-06-21 00:00:00,1.007449675825743,1040.823996531185
z_innov_s|MT|2020-06-28 00:00:00,0.9985558390014213,1040.823996531185
z_innov_s|MT|2020-07-05 00:00:00,1.0051968858489315,551.4159072796089
z_innov_s|MT|2020-07-12 00:00:00,1.0021494869591605,1008.9858262143488
z_innov_s|MT|2020-07-19 00:00:00,1.0161423085786467,1040.823996531185
z_innov_s|MT|2020-07-26 00:00:00,1.007846152932335,1024.6140451974206
z_innov_s|MT|2020-08-02 00:00:00,1.0098916378529827,1040.823996531185
z_innov_s|MT|2020-08-09 00:00:00,1.000013465360306,959.3307479990699
z_innov_s|MT|2020-08-16 00:00:00,1.0106633050305227,476.4677949052646
z_innov_s|MT|2020-08-23 00:00:00,1.0313013587653301,1002.619003531595
z_innov_s|MT|2020-08-30 00:00:00,1.0002022083435322,1040.823996531185
z_innov_s|MT|2020-09-06 00:00:00,1.0017901989727116,1040.823996531185
z_innov_s|MT|2020-09-13 00:00:00,1.0079918888981558,1040.823996531185
z_innov_s|MT|2020-09-20 00:00:00,1.001620515780002,676.364845004079
z_innov_s|MT|2020-09-27 00:00:00,1.0021459869484133,836.1020693346978
z_innov_s|MT|2020-10-04 00:00:00,1.0160224376135756,576.0453303268303
z_innov_s|MT|2020-10-11 00:00:00,1.0070961034728545,934.3189743948174
z_innov_s|MT|2020-10-18 00:00:00,0.9980826886248387,809.9384310469237
z_innov_s|MT|2020-10-25 00:00:00,0.9979207314396211,919.8221880366375
z_innov_s|MT|2020-11-01 00:00:00,1.0007745542381163,794.3323419935545
z_innov_s|MT|2020-11-08 00:00:00,1.0293975042120787,1040.823996531185
z_innov_s|MT|2020-11-15 00:00:00,1.0098856391602122,882.5548165904667
z_innov_s|MT|2020-11-22 00:00:00,1.0049757322903126,876.710566958067
z_innov_s|MT|2020-11-29 00:00:00,0.998560464908249,1040.823996531185
z_innov_s|MT|2020-12-06 00:00:00,0.9984263559197324,934.6564796586503
z_innov_s|MT|2020-12-13 00:00:00,1.00492065916798,987.9904219054839
z_innov_s|MT|2020-12-20 00:00:00,1.0064855302502507,1040.823996531185
z_innov_s|MT|2020-12-27 00:00:00,1.0056957132277369,692.2624844513473
z_innov_s|PA|2019-01-13 00:00:00,1.002016700146461,884.9772623230807
z_innov_s|PA|2019-01-20 00:00:00,1.0099339099192615,1040.823996531185
z_innov_s|PA|2019-01-27 00:00:00,0.9976526680055425,750.5765694278585
z_innov_s|PA|2019-02-03 00:00:00,1.0050510736489524,1040.823996531185
z_innov_s|PA|2019-02-10 00:00:00,1.002595621051404,848.8834835111217
z_innov_s|PA|2019-02-17 00:00:00,1.0068597278200169,1040.823996531185
z_innov_s|PA|2019-02-24 00:00:00,1.0033139329509067,861.4073114194402
z_innov_s|PA|2019-03-03 00:00:00,0.9997559196466775,1040.823996531185
z_innov_s|PA|2019-03-10 00:00:00,1.0053834066954648,1040.823996531185
z_innov_s|PA|2019-03-17 00:00:00,1.0136270256305406,948.5560217060793
z_innov_s|PA|2019-03-24 00:00:00,1.0013109256740895,1040.823996531185
z_innov_s|PA|2019-03-31 00:00:00,1.0079682024990793,759.1275787436165
z_innov_s|PA|2019-04-07 00:00:00,1.005017333267323,1040.823996531185
z_innov_s|PA|2019-04-14 00:00:00,0.9997500110155476,1040.823996531185
z_innov_s|PA|2019-04-21 00:00:00,1.0037086215480437,1040.823996531185
z_innov_s|PA|2019-04-28 00:00:00,1.0009589695175216,769.350045351874
z_innov_s|PA|2019-05-05 00:00:00,1.0021379036060871,1040.823996531185
z_innov_s|PA|2019-05-12 00:00:00,1.0002978114436536,1040.823996531185
z_innov_s|PA|2019-05-19 00:00:00,1.013622459776908,976.7051797750092
z_innov_s|PA|2019-05-26 00:00:00,0.9994969467654536,862.3716276039838
z_innov_s|PA|2019-06-02 00:00:00,0.9986322282308926,908.7299561981868
z_innov_s|PA|2019-06-09 00:00:00,1.003692788259556,919.6881625181297
z_innov_s|PA|2019-06-16 00:00:00,1.005146411022544,1040.823996531185
z_innov_s|PA|2019-06-23 00:00:00,1.0012523522976553,1005.4153509414127
z_innov_s|PA|2019-06-30 00:00:00,1.0054247675509012,1040.823996531185
z_innov_s|PA|2019-07-07 00:00:00,1.0335295855623106,1010.0669035294048
z_innov_s|PA|2019-07-14 00:00:00,1.0335025986753765,1040.823996531185
z_innov_s|PA|2019-07-21 00:00:00,1.0223719225645882,1040.823996531185
z_innov_s|PA|2019-07-28 00:00:00,1.010842106920252,1040.823996531185
z_innov_s|PA|2019-08-04 00:00:00,1.0032039855383226,1040.823996531185
z_innov_s|PA|2019-08-11 00:00:00,0.9988369985867751,1010.2721104410465
z_innov_s|PA|2019-08-18 00:00:00,1.0319684434716434,727.9544398173281
z_innov_s|PA|2019-08-25 00:00:00,1.0218138261614782,789.8037718888313
z_innov_s|PA|2019-09-01 00:00:00,1.0209779179284575,904.6562484437387
z_innov_s|PA|2019-09-08 00:00:00,1.0180074349405364,1040.823996531185
z_innov_s|PA|2019-09-15 00:00:00,1.0166504232206717,1040.823996531185
z_innov_s|PA|2019-09-22 00:00:00,1.0146083585179813,1040.823996531185
z_innov_s|PA|2019-09-29 00:00:00,1.002788265673508,1040.823996531185
z_innov_s|PA|2019-10-06 00:00:00,0.9968361804402932,1040.823996531185
z_innov_s|PA|2019-10-13 00:00:00,0.9963368027725468,771.0787113133912
z_innov_s|PA|2019-10-20 00:00:00,1.0035966217986543,1040.823996531185
z_innov_s|PA|2019-10-27 00:00:00,1.0019759197966625,1040.823996531185
z_innov_s|PA|2019-11-03 00:00:00,1.0084533673929015,1040.823996531185
z_innov_s|PA|2019-11-10 00:00:00,1.0010451556253328,577.2163685878395
z_innov_s|PA|2019-11-17 00:00:00,1.0346193031994624,1040.823996531185
z_innov_s|PA|2019-11-24 00:00:00,1.0345937622440904,1040.823996531185
z_innov_s|PA|2019-12-01 00:00:00,1.0136041412169725,553.828297481283
z_innov_s|PA|2019-12-08 00:00:00,1.013572436906342,1040.823996531185
z_innov_s|PA|2019-12-15 00:00:00,1.0014139750226119,1040.823996531185
z_innov_s|PA|2019-12-22 00:00:00,1.008162147365891,1040.823996531185
z_innov_s|PA|2019-12-29 00:00:00,1.0050141067710117,838.0042168476606
z_innov_s|PA|2020-01-05 00:00:00,1.0006213994260436,1007.1809823634509
z_innov_s|PA|2020-01-12 00:00:00,1.0000375913290755,1040.823996531185
z_innov_s|PA|2020-01-19 00:00:00,1.0014431679752644,1040.823996531185
z_innov_s|PA|2020-01-26 00:00:00,1.002278333728644,1040.823996531185
z_innov_s|PA|2020-02-02 00:00:00,0.997924294988733,1040.823996531185
z_innov_s|PA|2020-02-09 00:00:00,1.0091899542044072,961.3488544400716
z_innov_s|PA|2020-02-16 00:00:00,0.9990546655732399,1040.823996531185
z_innov_s|PA|2020-02-23 00:00:00,1.0164106098015104,1040.823996531185
z_innov_s|PA|2020-03-01 00:00:00,0.999447692937745,1040.823996531185
z_innov_s|PA|2020-03-08 00:00:00,1.0032065545630908,806.7947469779286
z_innov_s|PA|2020-03-15 00:00:00,0.9978069911670715,1040.823996531185
z_innov_s|PA|2020-03-22 00:00:00,1.0077099431843979,887.1003724958674
z_innov_s|PA|2020-03-29 00:00:00,1.0052031833463526,960.1853013371596
z_innov_s|PA|2020-04-05 00:00:00,1.0018641292730317,905.1720919416819
z_innov_s|PA|2020-04-12 00:00:00,1.0114569732887941,488.80654663676904
z_innov_s|PA|2020-04-19 00:00:00,1.0018279393480285,813.2243904868659
z_innov_s|PA|2020-04-26 00:00:00,0.998827734387707,1040.823996531185
z_innov_s|PA|2020-05-03 00:00:00,1.0104113413787614,1038.7493350195032
z_innov_s|PA|2020-05-10 00:00:00,1.0018293511580902,782.6547216378779
z_innov_s|PA|2020-05-17 00:00:00,1.0250690505421374,1040.823996531185
z_innov_s|PA|2020-05-24 00:00:00,1.0153213533558512,691.0519674643349
z_innov_s|PA|2020-05-31 00:00:00,1.0050015458133703,661.4908151063496
z_innov_s|PA|2020-06-07 00:00:00,1.0084904789396925,1040.823996531185
z_innov_s|PA|2020-06-14 00:00:00,1.0081396502745412,1040.823996531185
z_innov_s|PA|2020-06-21 00:00:00,1.0206005189897225,1040.823996531185
z_innov_s|PA|2020-06-28 00:00:00,0.9963158540041617,879.0755998010824
z_innov_s|PA|2020-07-05 00:00:00,1.0083578223644984,591.3962496096124
z_innov_s|PA|2020-07-12 00:00:00,1.005440739598975,983.0150153935182
z_innov_s|PA|2020-07-19 00:00:00,1.00507401868498,503.33044284721655
z_innov_s|PA|2020-07-26 00:00:00,0.9996335946221693,925.2735036715435
z_innov_s|PA|2020-08-02 00:00:00,1.001493893312123,633.4179840990649
z_innov_s|PA|2020-08-09 00:00:00,0.9974063363910959,751.4041559305474
z_innov_s|PA|2020-08-16 00:00:00,1.0001278803590627,618.9287453951787
z_innov_s|PA|2020-08-23 00:00:00,1.0152014921300712,902.3470614395666
z_innov_s|PA|2020-08-30 00:00:00,1.0000355465914326,1040.823996531185
z_innov_s|PA|2020-09-06 00:00:00,1.0119774237827515,990.2981065119008
z_innov_s|PA|2020-09-13 00:00:00,1.0088652000218639,1040.823996531185
z_innov_s|PA|2020-09-20 00:00:00,0.9989197661682336,847.3710412421266
z_innov_s|PA|2020-09-27 00:00:00,1.0205485570636135,892.5946634235522
z_innov_s|PA|2020-10-04 00:00:00,1.010441277535955,1040.823996531185
z_innov_s|PA|2020-10-11 00:00:00,1.00591977293867,1040.823996531185
z_innov_s|PA|2020-10-18 00:00:00,0.9982400903541195,792.8489267621619
z_innov_s|PA|2020-10-25 00:00:00,1.0069927927110864,999.4175808470088
z_innov_s|PA|2020-11-01 00:00:00,1.0038879845480457,675.6198858343321
z_innov_s|PA|2020-11-08 00:00:00,0.9997935648552174,776.7442757439203
z_innov_s|PA|2020-11-15 00:00:00,0.9979510651903212,875.1040443092415
z_innov_s|PA|2020-11-22 00:00:00,1.0242735550565965,1040.823996531185
z_innov_s|PA|2020-11-29 00:00:00,1.0159054350068621,834.8625131319949
z_innov_s|PA|2020-12-06 00:00:00,1.004224817974339,901.155596567319
z_innov_s|PA|2020-12-13 00:00:00,1.000990455299219,884.11774740783
z_innov_s|PA|2020-12-20 00:00:00,1.010572265175781,1040.823996531185
z_innov_s|PA|2020-12-27 00:00:00,1.0080186819707415,1040.823996531185
z_innov_s|PB|2019-01-13 00:00:00,0.998385674239472,547.9585481140045
z_innov_s|PB|2019-01-20 00:00:00,1.0014100754324093,649.5229656563328
z_innov_s|PB|2019-01-27 00:00:00,0.9960041352247239,1040.823996531185
z_innov_s|PB|2019-02-03 00:00:00,1.0096585637708813,1040.823996531185
z_innov_s|PB|2019-02-10 00:00:00,0.9980669760765031,1040.823996531185
z_innov_s|PB|2019-02-17 00:00:00,0.9985246807057846,1040.823996531185
z_innov_s|PB|2019-02-24 00:00:00,1.0349910031393723,1040.823996531185
z_innov_s|PB|2019-03-03 00:00:00,1.002332860256673,1040.823996531185
z_innov_s|PB|2019-03-10 00:00:00,1.007475798529521,745.6904700276308
z_innov_s|PB|2019-03-17 00:00:00,1.0226007246566091,988.7924746657527
z_innov_s|PB|2019-03-24 00:00:00,1.0027562319724626,1040.823996531185
z_innov_s|PB|2019-03-31 00:00:00,1.0027221679274227,1040.823996531185
z_innov_s|PB|2019-04-07 00:00:00,0.9990181679034127,930.7616247638886
z_innov_s|PB|2019-04-14 00:00:00,0.9990809436599302,914.0875873421006
z_innov_s|PB|2019-04-21 00:00:00,1.000428836824983,733.4279111459647
z_innov_s|PB|2019-04-28 00:00:00,1.0029348251247436,1010.8107345955783
z_innov_s|PB|2019-05-05 00:00:00,0.9958890780086955,837.1668243676338
z_innov_s|PB|2019-05-12 00:00:00,1.0113032366722694,1006.3531225955496
z_innov_s|PB|2019-05-19 00:00:00,1.0426156336245802,841.436281487093
z_innov_s|PB|2019-05-26 00:00:00,1.0166412223481927,1040.823996531185
z_innov_s|PB|2019-06-02 00:00:00,0.9957994784716081,998.5113637230945
z_innov_s|PB|2019-06-09 00:00:00,1.0016667513570656,1040.823996531185
z_innov_s|PB|2019-06-16 00:00:00,1.0041659385637458,678.9438646379365
z_innov_s|PB|2019-06-23 00:00:00,1.0072356880047244,1040.823996531185
z_innov_s|PB|2019-06-30 00:00:00,1.0073539431204077,714.6037509097888
z_innov_s|PB|2019-07-07 00:00:00,1.0096884829014312,1040.823996531185
z_innov_s|PB|2019-07-14 00:00:00,1.004595500142242,1040.823996531185
z_innov_s|PB|2019-07-21 00:00:00,1.0011665861771086,830.1611410767474
z_innov_s|PB|2019-07-28 00:00:00,1.000342090092058,986.0194242078705
z_innov_s|PB|2019-08-04 00:00:00,1.0004173173358928,1040.823996531185
z_innov_s|PB|2019-08-11 00:00:00,1.0024605505456616,981.3764163682326
z_innov_s|PB|2019-08-18 00:00:00,1.0258600905979693,726.3592991582233
z_innov_s|PB|2019-08-25 00:00:00,1.0053907038432215,1040.823996531185
z_innov_s|PB|2019-09-01 00:00:00,1.0036840611992386,1040.823996531185
z_innov_s|PB|2019-09-08 00:00:00,1.0260328126781297,617.8126111394613
z_innov_s|PB|2019-09-15 00:00:00,1.0242120399698302,1040.823996531185
z_innov_s|PB|2019-09-22 00:00:00,1.0151533878856303,1040.823996531185
z_innov_s|PB|2019-09-29 00:00:00,0.9978331217149741,1040.823996531185
z_innov_s|PB|2019-10-06 00:00:00,1.0080884611408547,1040.823996531185
z_innov_s|PB|2019-10-13 00:00:00,0.9984194633826831,558.5490723985637
z_innov_s|PB|2019-10-20 00:00:00,1.0226751419218818,443.7106624500035
z_innov_s|PB|2019-10-27 00:00:00,0.9999843226238311,793.2755005650873
z_innov_s|PB|2019-11-03 00:00:00,1.0030956321348499,1040.823996531185
z_innov_s|PB|2019-11-10 00:00:00,1.0049822411744695,1040.823996531185
z_innov_s|PB|2019-11-17 00:00:00,1.0054952072801637,1040.823996531185
z_innov_s|PB|2019-11-24 00:00:00,0.9974512049611437,555.605941638867
z_innov_s|PB|2019-12-01 00:00:00,1.0006905022513102,1002.9424169690035
z_innov_s|PB|2019-12-08 00:00:00,1.0171981869401048,822.339220535836
z_innov_s|PB|2019-12-15 00:00:00,0.9971430690884967,807.0795725794604
z_innov_s|PB|2019-12-22 00:00:00,1.0217036792660528,609.7823294984091
z_innov_s|PB|2019-12-29 00:00:00,1.0128201486635042,1040.823996531185
z_innov_s|PB|2020-01-05 00:00:00,1.0070710017526003,896.0201235988925
z_innov_s|PB|2020-01-12 00:00:00,1.0089967034991592,777.3497388450339
z_innov_s|PB|2020-01-19 00:00:00,1.0034624620780264,955.4076667126078
z_innov_s|PB|2020-01-26 00:00:00,1.0119508330692206,729.8552367571838
z_innov_s|PB|2020-02-02 00:00:00,1.0023198054638511,1040.823996531185
z_innov_s|PB|2020-02-09 00:00:00,1.001871334179751,809.3425889746268
z_innov_s|PB|2020-02-16 00:00:00,0.9996508112072066,871.9029182211254
z_innov_s|PB|2020-02-23 00:00:00,0.9990623455164284,1040.823996531185
z_innov_s|PB|2020-03-01 00:00:00,1.0013117013971593,529.8091884574286
z_innov_s|PB|2020-03-08 00:00:00,1.030856387722952,1040.823996531185
z_innov_s|PB|2020-03-15 00:00:00,1.0064262889843443,732.8420983360048
z_innov_s|PB|2020-03-22 00:00:00,1.0243354163649727,1040.823996531185
z_innov_s|PB|2020-03-29 00:00:00,0.9986171722847188,665.4824141974336
z_innov_s|PB|2020-04-05 00:00:00,1.0271672836681343,965.5950978712236
z_innov_s|PB|2020-04-12 00:00:00,1.0229344079945013,1040.823996531185
z_innov_s|PB|2020-04-19 00:00:00,1.0009960307404075,1040.823996531185
z_innov_s|PB|2020-04-26 00:00:00,1.0043627776160249,875.58013925955
z_innov_s|PB|2020-05-03 00:00:00,1.0417786115882561,1040.823996531185
z_innov_s|PB|2020-05-10 00:00:00,0.9963739912022849,682.1646454575412
z_innov_s|PB|2020-05-17 00:00:00,1.0022112310547882,1040.823996531185
z_innov_s|PB|2020-05-24 00:00:00,1.0033725725010534,700.422808566277
z_innov_s|PB|2020-05-31 00:00:00,1.0078222700086943,1040.823996531185
z_innov_s|PB|2020-06-07 00:00:00,1.0057306316282155,1040.823996531185
z_innov_s|PB|2020-06-14 00:00:00,0.996618355794413,1040.823996531185
z_innov_s|PB|2020-06-21 00:00:00,1.0066541102322077,980.4471016680452
z_innov_s|PB|2020-06-28 00:00:00,1.0019366151349014,863.3538183470839
z_innov_s|PB|2020-07-05 00:00:00,1.0031121744220124,1040.823996531185
z_innov_s|PB|2020-07-12 00:00:00,1.003306530170611,950.8165946997956
z_innov_s|PB|2020-07-19 00:00:00,0.9990540415882095,924.3737690753618
z_innov_s|PB|2020-07-26 00:00:00,0.9980395450066362,829.0150274821799
z_innov_s|PB|2020-08-02 00:00:00,1.0135272698190452,1040.823996531185
z_innov_s|PB|2020-08-09 00:00:00,0.998035834242087,1040.823996531185
z_innov_s|PB|2020-08-16 00:00:00,0.9988688091707453,791.4359848636442
z_innov_s|PB|2020-08-23 00:00:00,1.0173124950272614,774.9856408376925
z_innov_s|PB|2020-08-30 00:00:00,1.0073311428082585,1040.823996531185
z_innov_s|PB|2020-09-06 00:00:00,1.0132509695427523,1040.823996531185
z_innov_s|PB|2020-09-13 00:00:00,1.019113527773294,583.3415396075902
z_innov_s|PB|2020-09-20 00:00:00,1.0196357557493987,730.1017767885038
z_innov_s|PB|2020-09-27 00:00:00,1.0528638941547115,1008.1746562426697
z_innov_s|PB|2020-10-04 00:00:00,1.0016269700524578,930.8571308317823
z_innov_s|PB|2020-10-11 00:00:00,1.0006333799118807,1040.823996531185
z_innov_s|PB|2020-10-18 00:00:00,0.9976689691575279,1037.8800718844316
z_innov_s|PB|2020-10-25 00:00:00,0.9971521066244159,1040.823996531185
z_innov_s|PB|2020-11-01 00:00:00,0.9969838513196536,910.3298451677374
z_innov_s|PB|2020-11-08 00:00:00,0.9975767843093399,1040.823996531185
z_innov_s|PB|2020-11-15 00:00:00,1.0090203665805495,1040.823996531185
z_innov_s|PB|2020-11-22 00:00:00,1.002616740203231,917.6019374505266
z_innov_s|PB|2020-11-29 00:00:00,0.9987975569190058,1040.823996531185
z_innov_s|PB|2020-12-06 00:00:00,0.9973335118213554,994.840466063074
z_innov_s|PB|2020-12-13 00:00:00,1.0085203333397128,1040.823996531185
z_innov_s|PB|2020-12-20 00:00:00,1.000410149414241,1040.823996531185
z_innov_s|PB|2020-12-27 00:00:00,0.9994021649260371,1040.823996531185
z_innov_s|PE|2019-01-13 00:00:00,1.0027883009439094,1040.823996531185
z_innov_s|PE|2019-01-20 00:00:00,1.0168080532211445,1040.823996531185
z_innov_s|PE|2019-01-27 00:00:00,0.9980170750062916,972.2211452399298
z_innov_s|PE|2019-02-03 00:00:00,0.9972339955596665,837.7981645481655
z_innov_s|PE|2019-02-10 00:00:00,1.0007581580859257,1040.823996531185
z_innov_s|PE|2019-02-17 00:00:00,1.0159771647216786,862.0837620258055
z_innov_s|PE|2019-02-24 00:00:00,1.005048015191348,1040.823996531185
z_innov_s|PE|2019-03-03 00:00:00,1.006576867527045,1040.823996531185
z_innov_s|PE|2019-03-10 00:00:00,1.0129530205825044,1040.823996531185
z_innov_s|PE|2019-03-17 00:00:00,0.9978750988318968,1040.823996531185
z_innov_s|PE|2019-03-24 00:00:00,1.001086689873975,1040.823996531185
z_innov_s|PE|2019-03-31 00:00:00,0.9995124307701478,655.7328472809372
z_innov_s|PE|2019-04-07 00:00:00,0.9982087112728525,873.7759844015536
z_innov_s|PE|2019-04-14 00:00:00,1.0078994963084842,744.3145876247406
z_innov_s|PE|2019-04-21 00:00:00,1.0041684099389048,1040.823996531185
z_innov_s|PE|2019-04-28 00:00:00,0.999181268509896,990.9583452659765
z_innov_s|PE|2019-05-05 00:00:00,1.024840008548657,981.506490646928
z_innov_s|PE|2019-05-12 00:00:00,1.003246380960299,1040.823996531185
z_innov_s|PE|2019-05-19 00:00:00,1.0013093452899118,890.0169351910333
z_innov_s|PE|2019-05-26 00:00:00,1.0044619880481485,1040.823996531185
z_innov_s|PE|2019-06-02 00:00:00,1.0048509553794325,1040.823996531185
z_innov_s|PE|2019-06-09 00:00:00,1.0055653500814008,1040.823996531185
z_innov_s|PE|2019-06-16 00:00:00,1.003175232218197,1040.823996531185
z_innov_s|PE|2019-06-23 00:00:00,0.995770683032058,986.4606051990748
z_innov_s|PE|2019-06-30 00:00:00,1.0205561990636485,1040.823996531185
z_innov_s|PE|2019-07-07 00:00:00,1.0040926312698775,1040.823996531185
z_innov_s|PE|2019-07-14 00:00:00,1.0096849752175827,847.2948200431578
z_innov_s|PE|2019-07-21 00:00:00,1.006517769088826,994.4652864149999
z_innov_s|PE|2019-07-28 00:00:00,1.0150681215105852,1040.823996531185
z_innov_s|PE|2019-08-04 00:00:00,0.9974765486298122,1023.3815233646587
z_innov_s|PE|2019-08-11 00:00:00,1.0010573257629267,1040.823996531185
z_innov_s|PE|2019-08-18 00:00:00,0.9998811865848112,884.7822371261362
z_innov_s|PE|2019-08-25 00:00:00,1.0045282782214073,981.2276533038545
z_innov_s|PE|2019-09-01 00:00:00,1.008192087459441,730.3861366028383
z_innov_s|PE|2019-09-08 00:00:00,1.002481912724795,1040.823996531185
z_innov_s|PE|2019-09-15 00:00:00,1.0004367678537724,978.7065661047075
z_innov_s|PE|2019-09-22 00:00:00,1.000537294481133,1040.823996531185
z_innov_s|PE|2019-09-29 00:00:00,0.9968174432245398,1040.823996531185
z_innov_s|PE|2019-10-06 00:00:00,0.9983929748613833,706.3608922211778
z_innov_s|PE|2019-10-13 00:00:00,1.0419112010950489,876.124570813819
z_innov_s|PE|2019-10-20 00:00:00,1.0068083138100428,1040.823996531185
z_innov_s|PE|2019-10-27 00:00:00,1.0046360082346246,817.0056137936413
z_innov_s|PE|2019-11-03 00:00:00,0.9997889701247691,1040.823996531185
z_innov_s|PE|2019-11-10 00:00:00,1.021084756435432,696.7836345311377
z_innov_s|PE|2019-11-17 00:00:00,0.9994287301197454,1040.823996531185
z_innov_s|PE|2019-11-24 00:00:00,1.0055964148739152,912.6812253068748
z_innov_s|PE|2019-12-01 00:00:00,0.9981960264194176,598.6273066784509
z_innov_s|PE|2019-12-08 00:00:00,0.9985934057491326,835.7165848556336
z_innov_s|PE|2019-12-15 00:00:00,0.9971515227540265,997.5856094002585
z_innov_s|PE|2019-12-22 00:00:00,1.005966416255425,1040.823996531185
z_innov_s|PE|2019-12-29 00:00:00,1.0026793434521208,824.5134011157784
z_innov_s|PE|2020-01-05 00:00:00,0.9974385705553771,1040.823996531185
z_innov_s|PE|2020-01-12 00:00:00,1.0015218957698953,951.6153549735957
z_innov_s|PE|2020-01-19 00:00:00,1.0078672465399938,961.3701093002146
z_innov_s|PE|2020-01-26 00:00:00,1.0017652897507365,1040.823996531185
z_innov_s|PE|2020-02-02 00:00:00,1.0038533442159794,706.4287844754167
z_innov_s|PE|2020-02-09 00:00:00,1.0029571898130234,608.3898277513539
z_innov_s|PE|2020-02-16 00:00:00,0.9997514029457027,519.6435847842772
z_innov_s|PE|2020-02-23 00:00:00,1.004217027202221,1001.7855396685256
z_innov_s|PE|2020-03-01 00:00:00,0.9993351386002477,777.2000298778086
z_innov_s|PE|2020-03-08 00:00:00,1.0065248652689336,1040.823996531185
z_innov_s|PE|2020-03-15 00:00:00,0.9972486847908122,1029.2670643188142
z_innov_s|PE|2020-03-22 00:00:00,1.0052058461957403,1040.823996531185
z_innov_s|PE|2020-03-29 00:00:00,1.025272004295772,997.0810816039432
z_innov_s|PE|2020-04-05 00:00:00,1.0182789497565228,437.99507021488927
z_innov_s|PE|2020-04-12 00:00:00,1.0485944836100427,669.5319159295448
z_innov_s|PE|2020-04-19 00:00:00,0.9983461830736604,858.0791627144534
z_innov_s|PE|2020-04-26 00:00:00,1.0113581866387586,659.088522208568
z_innov_s|PE|2020-05-03 00:00:00,1.0068517050428105,849.1104043776834
z_innov_s|PE|2020-05-10 00:00:00,0.9996656617350875,1040.823996531185
z_innov_s|PE|2020-05-17 00:00:00,1.0096350228984377,1040.823996531185
z_innov_s|PE|2020-05-24 00:00:00,1.0145359626333872,1040.823996531185
z_innov_s|PE|2020-05-31 00:00:00,1.0108660847573046,788.4319373123385
z_innov_s|PE|2020-06-07 00:00:00,1.0090590416962268,788.8614776925896
z_innov_s|PE|2020-06-14 00:00:00,1.001877041457868,685.7375132282881
z_innov_s|PE|2020-06-21 00:00:00,1.0100988674283102,904.0995936747561
z_innov_s|PE|2020-06-28 00:00:00,0.9979808455055167,1040.823996531185
z_innov_s|PE|2020-07-05 00:00:00,1.0152909871313311,1040.823996531185
z_innov_s|PE|2020-07-12 00:00:00,1.0017879188036334,873.0194036708989
z_innov_s|PE|2020-07-19 00:00:00,1.0026038542274895,978.4820165035468
z_innov_s|PE|2020-07-26 00:00:00,1.0103867625298493,970.3155582676535
z_innov_s|PE|2020-08-02 00:00:00,1.0035227042046313,971.7839389518181
z_innov_s|PE|2020-08-09 00:00:00,1.0091777749767854,671.0633061292357
z_innov_s|PE|2020-08-16 00:00:00,1.037911500727471,911.3576844571287
z_innov_s|PE|2020-08-23 00:00:00,1.0006666458899092,1040.823996531185
z_innov_s|PE|2020-08-30 00:00:00,1.0024528835507422,618.9530133564068
z_innov_s|PE|2020-09-06 00:00:00,0.9971986228083566,1040.823996531185
z_innov_s|PE|2020-09-13 00:00:00,1.0008376518153572,814.5243992112022
z_innov_s|PE|2020-09-20 00:00:00,1.0159712593731591,832.5781234175587
z_innov_s|PE|2020-09-27 00:00:00,1.0096967137508086,650.3897222705525
z_innov_s|PE|2020-10-04 00:00:00,1.042225727695814,1040.823996531185
z_innov_s|PE|2020-10-11 00:00:00,1.007821799279577,1040.823996531185
z_innov_s|PE|2020-10-18 00:00:00,1.0006829014717877,857.8227615236862
z_innov_s|PE|2020-10-25 00:00:00,0.9969904977713402,658.9050340494192
z_innov_s|PE|2020-11-01 00:00:00,1.0022367617099517,659.7583021073111
z_innov_s|PE|2020-11-08 00:00:00,1.0037716172336444,743.4593071081194
z_innov_s|PE|2020-11-15 00:00:00,1.0193440577971178,946.9489897652229
z_innov_s|PE|2020-11-22 00:00:00,0.9968949705842906,1040.823996531185
z_innov_s|PE|2020-11-29 00:00:00,1.004995946497446,863.1970568181872
z_innov_s|PE|2020-12-06 00:00:00,1.0040828599250995,1040.823996531185
z_innov_s|PE|2020-12-13 00:00:00,1.0080514483194045,1040.823996531185
z_innov_s|PE|2020-12-20 00:00:00,1.0059543830208777,988.447676404639
z_innov_s|PE|2020-12-27 00:00:00,1.034723990887466,1040.823996531185
z_innov_s|PI|2019-01-13 00:00:00,1.0005472742399444,738.1782746382482
z_innov_s|PI|2019-01-20 00:00:00,1.00171924133087,535.9871405725078
z_innov_s|PI|2019-01-27 00:00:00,1.0188924905832977,769.2724345155442
z_innov_s|PI|2019-02-03 00:00:00,1.0274574055031487,1006.2934056752428
z_innov_s|PI|2019-02-10 00:00:00,0.9961137546862143,1040.823996531185
z_innov_s|PI|2019-02-17 00:00:00,1.0015265940673646,1040.823996531185
z_innov_s|PI|2019-02-24 00:00:00,1.0383817894583491,1040.823996531185
z_innov_s|PI|2019-03-03 00:00:00,1.002026075192695,667.1258116398558
z_innov_s|PI|2019-03-10 00:00:00,1.0070916155678729,838.3335285330211
z_innov_s|PI|2019-03-17 00:00:00,1.0078270975420667,1040.823996531185
z_innov_s|PI|2019-03-24 00:00:00,1.004693573312632,1040.823996531185
z_innov_s|PI|2019-03-31 00:00:00,1.0041917471298687,481.47260568384917
z_innov_s|PI|2019-04-07 00:00:00,1.0118692030645562,1035.1941581493177
z_innov_s|PI|2019-04-14 00:00:00,1.010463262276967,1040.823996531185
z_innov_s|PI|2019-04-21 00:00:00,1.0048494136905404,1040.823996531185
z_innov_s|PI|2019-04-28 00:00:00,1.02241418179506,1040.823996531185
z_innov_s|PI|2019-05-05 00:00:00,1.0037511652941218,800.249172798756
z_innov_s|PI|2019-05-12 00:00:00,1.005199602121342,575.7317824403065
z_innov_s|PI|2019-05-19 00:00:00,1.0149174312557885,817.8965720122136
z_innov_s|PI|2019-05-26 00:00:00,1.007275101572908,1040.823996531185
z_innov_s|PI|2019-06-02 00:00:00,1.0255542175638555,805.4022606513637
z_innov_s|PI|2019-06-09 00:00:00,0.998917531465943,975.1767850331926
z_innov_s|PI|2019-06-16 00:00:00,1.0178604849481037,1040.823996531185
z_innov_s|PI|2019-06-23 00:00:00,1.0066462130891178,883.6845709296242
z_innov_s|PI|2019-06-30 00:00:00,1.0098709579985514,1040.823996531185
z_innov_s|PI|2019-07-07 00:00:00,1.0128189860903019,860.3324731167976
z_innov_s|PI|2019-07-14 00:00:00,1.0118024637008525,746.3202847077359
z_innov_s|PI|2019-07-21 00:00:00,1.00321689087461,844.8080761755391
z_innov_s|PI|2019-07-28 00:00:00,1.0002553742841018,1040.823996531185
z_innov_s|PI|2019-08-04 00:00:00,1.0012336175737178,994.2346420542177
z_innov_s|PI|2019-08-11 00:00:00,1.0132840921353823,724.91762888954
z_innov_s|PI|2019-08-18 00:00:00,0.9992727469465278,1040.823996531185
z_innov_s|PI|2019-08-25 00:00:00,1.0090665718445044,1040.823996531185
z_innov_s|PI|2019-09-01 00:00:00,1.0042841623437746,742.1356368019
z_innov_s|PI|2019-09-08 00:00:00,1.0284985669031266,1040.823996531185
z_innov_s|PI|2019-09-15 00:00:00,1.0051768827550158,1040.823996531185
z_innov_s|PI|2019-09-22 00:00:00,1.0010044852115874,1040.823996531185
z_innov_s|PI|2019-09-29 00:00:00,1.011586850045928,996.3098145874632
z_innov_s|PI|2019-10-06 00:00:00,1.0040304654796655,1040.823996531185
z_innov_s|PI|2019-10-13 00:00:00,1.014570236572926,606.3760148932555
z_innov_s|PI|2019-10-20 00:00:00,1.0080882535235982,552.7823155360834
z_innov_s|PI|2019-10-27 00:00:00,1.0347208187817403,1040.823996531185
z_innov_s|PI|2019-11-03 00:00:00,1.0042583213519611,1040.823996531185
z_innov_s|PI|2019-11-10 00:00:00,1.005026262507765,602.1736363407402
z_innov_s|PI|2019-11-17 00:00:00,1.0020298214956904,1040.823996531185
z_innov_s|PI|2019-11-24 00:00:00,1.0140557576597293,1040.823996531185
z_innov_s|PI|2019-12-01 00:00:00,1.0018481442291196,1040.823996531185
z_innov_s|PI|2019-12-08 00:00:00,1.0352636304538765,984.2766541186936
z_innov_s|PI|2019-12-15 00:00:00,1.0000825330629082,873.0052758532722
z_innov_s|PI|2019-12-22 00:00:00,1.0044573158838048,910.9825699353552
z_innov_s|PI|2019-12-29 00:00:00,0.9994990868618369,1021.7913552690659
z_innov_s|PI|2020-01-05 00:00:00,1.0055852129987786,965.9017328390537
z_innov_s|PI|2020-01-12 00:00:00,1.0193126406552016,722.1175450823989
z_innov_s|PI|2020-01-19 00:00:00,1.008211999269123,1040.823996531185
z_innov_s|PI|2020-01-26 00:00:00,0.9972775641978994,1040.823996531185
z_innov_s|PI|2020-02-02 00:00:00,1.011538164498939,1040.823996531185
z_innov_s|PI|2020-02-09 00:00:00,0.9990916294333788,944.6444314911654
z_innov_s|PI|2020-02-16 00:00:00,1.0006769206352857,935.9570765733458
z_innov_s|PI|2020-02-23 00:00:00,1.0017589622272582,622.3773478201632
z_innov_s|PI|2020-03-01 00:00:00,1.0036965073771258,1040.823996531185
z_innov_s|PI|2020-03-08 00:00:00,1.002656050220239,952.1193335940068
z_innov_s|PI|2020-03-15 00:00:00,1.0350238623583294,1040.823996531185
z_innov_s|PI|2020-03-22 00:00:00,0.9960134374287913,1040.823996531185
z_innov_s|PI|2020-03-29 00:00:00,1.0280280066907568,1040.823996531185
z_innov_s|PI|2020-04-05 00:00:00,1.0141135003643196,881.2785096047157
z_innov_s|PI|2020-04-12 00:00:00,1.0063765879140925,558.6641664096553
z_innov_s|PI|2020-04-19 00:00:00,1.0176457908681469,797.1596666189575
z_innov_s|PI|2020-04-26 00:00:00,1.0016856426323795,1040.823996531185
z_innov_s|PI|2020-05-03 00:00:00,1.0055373811887134,1040.823996531185
z_innov_s|PI|2020-05-10 00:00:00,1.0003874509144732,840.0394440636384
z_innov_s|PI|2020-05-17 00:00:00,1.0154897135707872,1040.823996531185
z_innov_s|PI|2020-05-24 00:00:00,0.9980692423352503,1040.823996531185
z_innov_s|PI|2020-05-31 00:00:00,1.0086378659626154,953.32161413425
z_innov_s|PI|2020-06-07 00:00:00,0.9973445275005547,676.3259924611689
z_innov_s|PI|2020-06-14 00:00:00,0.9982744941487072,1040.823996531185
z_innov_s|PI|2020-06-21 00:00:00,1.000049023793698,1040.823996531185
z_innov_s|PI|2020-06-28 00:00:00,1.021622030080805,622.5111609949731
z_innov_s|PI|2020-07-05 00:00:00,0.9990634812567354,867.0702680830416
z_innov_s|PI|2020-07-12 00:00:00,1.0080427912697314,661.2356782843065
z_innov_s|PI|2020-07-19 00:00:00,1.0047151755153214,1040.823996531185
z_innov_s|PI|2020-07-26 00:00:00,1.0031871706431086,929.1007578451621
z_innov_s|PI|2020-08-02 00:00:00,1.0107444617649062,1040.823996531185
z_innov_s|PI|2020-08-09 00:00:00,0.9996636297270817,750.0904554200602
z_innov_s|PI|2020-08-16 00:00:00,1.0019020645693621,703.1730166532287
z_innov_s|PI|2020-08-23 00:00:00,1.0044226146571762,854.3030982281297
z_innov_s|PI|2020-08-30 00:00:00,1.030856652868153,713.1910739802594
z_innov_s|PI|2020-09-06 00:00:00,1.0189515739816586,1040.823996531185
z_innov_s|PI|2020-09-13 00:00:00,1.0082098027094881,1040.823996531185
z_innov_s|PI|2020-09-20 00:00:00,1.0034623389432704,859.1573346480226
z_innov_s|PI|2020-09-27 00:00:00,1.0187786921973994,855.5161791851143
z_innov_s|PI|2020-10-04 00:00:00,0.9970888737005782,818.8985301837785
z_innov_s|PI|2020-10-11 00:00:00,1.0015435206129277,1040.823996531185
z_innov_s|PI|2020-10-18 00:00:00,1.0080895057549124,826.841244716533
z_innov_s|PI|2020-10-25 00:00:00,0.9989822078410389,680.0226801825595
z_innov_s|PI|2020-11-01 00:00:00,0.9999548169945973,704.004393182589
z_innov_s|PI|2020-11-08 00:00:00,0.9985490468884076,1040.823996531185
z_innov_s|PI|2020-11-15 00:00:00,0.9964857562658118,1040.823996531185
z_innov_s|PI|2020-11-22 00:00:00,1.0011382747249575,836.0031395900447
z_innov_s|PI|2020-11-29 00:00:00,1.019158079958164,609.6393439583645
z_innov_s|PI|2020-12-06 00:00:00,1.0043476478156055,1040.823996531185
z_innov_s|PI|2020-12-13 00:00:00,1.00840632471481,967.4859055926532
z_innov_s|PI|2020-12-20 00:00:00,1.014167791791022,752.6882263743124
z_innov_s|PI|2020-12-27 00:00:00,1.013204830525923,844.0084624858932
z_innov_s|PR|2019-01-13 00:00:00,1.009701492660804,812.1884252889703
z_innov_s|PR|2019-01-20 00:00:00,1.0053962647685315,861.3165582470962
z_innov_s|PR|2019-01-27 00:00:00,0.9964025188970016,1040.823996531185
z_innov_s|PR|2019-02-03 00:00:00,1.0008980907961424,904.1645902513272
z_innov_s|PR|2019-02-10 00:00:00,1.0129434997976436,797.7346086032377
z_innov_s|PR|2019-02-17 00:00:00,1.0001125555211083,942.8082443702315
z_innov_s|PR|2019-02-24 00:00:00,1.041333327083672,658.9044385127202
z_innov_s|PR|2019-03-03 00:00:00,1.0124915841917501,722.2935252217707
z_innov_s|PR|2019-03-10 00:00:00,1.0114445027513543,661.3804999408156
z_innov_s|PR|2019-03-17 00:00:00,1.0098100273614328,1040.823996531185
z_innov_s|PR|2019-03-24 00:00:00,1.022928341974283,1040.823996531185
z_innov_s|PR|2019-03-31 00:00:00,1.002200665053427,961.524315563137
z_innov_s|PR|2019-04-07 00:00:00,1.000513359691424,1040.823996531185
z_innov_s|PR|2019-04-14 00:00:00,1.0034922361594165,1040.823996531185
z_innov_s|PR|2019-04-21 00:00:00,0.9978236132993694,603.9368573080366
z_innov_s|PR|2019-04-28 00:00:00,1.0122606418035494,977.6230678981229
z_innov_s|PR|2019-05-05 00:00:00,0.9970336136419417,1040.823996531185
z_innov_s|PR|2019-05-12 00:00:00,1.024638576178578,805.172264514763
z_innov_s|PR|2019-05-19 00:00:00,1.0081444765533925,1040.823996531185
z_innov_s|PR|2019-05-26 00:00:00,1.0067822499710055,769.8106932896878
z_innov_s|PR|2019-06-02 00:00:00,0.998101850625843,1040.823996531185
z_innov_s|PR|2019-06-09 00:00:00,1.0059775092405912,580.3112141029596
z_innov_s|PR|2019-06-16 00:00:00,0.997671187257722,690.6267266554224
z_innov_s|PR|2019-06-23 00:00:00,1.0030748020488822,981.1816515071471
z_innov_s|PR|2019-06-30 00:00:00,1.025861397481075,1014.7149499609312
z_innov_s|PR|2019-07-07 00:00:00,1.0011358268773893,903.3302558423652
z_innov_s|PR|2019-07-14 00:00:00,0.9991280490142876,667.5658731459059
z_innov_s|PR|2019-07-21 00:00:00,0.99732478820621,1040.823996531185
z_innov_s|PR|2019-07-28 00:00:00,0.9995628150767865,1040.823996531185
z_innov_s|PR|2019-08-04 00:00:00,0.9973556335586551,1021.8997566279901
z_innov_s|PR|2019-08-11 00:00:00,1.024170717751978,1040.823996531185
z_innov_s|PR|2019-08-18 00:00:00,1.013531242144166,797.2960465973198
z_innov_s|PR|2019-08-25 00:00:00,0.995506313665641,1040.823996531185
z_innov_s|PR|2019-09-01 00:00:00,0.9986424853949143,802.7485584611962
z_innov_s|PR|2019-09-08 00:00:00,0.9968757542249365,1040.823996531185
z_innov_s|PR|2019-09-15 00:00:00,1.0036608963497642,1040.823996531185
z_innov_s|PR|2019-09-22 00:00:00,1.0027773394750874,871.8580879032191
z_innov_s|PR|2019-09-29 00:00:00,1.0063666128416415,1040.823996531185
z_innov_s|PR|2019-10-06 00:00:00,1.0077836130160462,1040.823996531185
z_innov_s|PR|2019-10-13 00:00:00,1.0001530035123158,715.9421113448224
z_innov_s|PR|2019-10-20 00:00:00,0.9989183079106875,895.1246306273442
z_innov_s|PR|2019-10-27 00:00:00,0.9968950939706256,1010.9004672461325
z_innov_s|PR|2019-11-03 00:00:00,1.0089396031298516,1040.823996531185
z_innov_s|PR|2019-11-10 00:00:00,1.0142201427015174,1040.823996531185
z_innov_s|PR|2019-11-17 00:00:00,1.0111557181646267,873.975992462504
z_innov_s|PR|2019-11-24 00:00:00,1.011965461685221,909.4665754937687
z_innov_s|PR|2019-12-01 00:00:00,0.9980780464350568,1040.823996531185
z_innov_s|PR|2019-12-08 00:00:00,0.9984566117708734,1040.823996531185
z_innov_s|PR|2019-12-15 00:00:00,1.0025782257146716,704.9256827460626
z_innov_s|PR|2019-12-22 00:00:00,1.0055887041368048,1040.823996531185
z_innov_s|PR|2019-12-29 00:00:00,1.0133276420113138,602.716813355866
z_innov_s|PR|2020-01-05 00:00:00,1.0175211640583155,1040.823996531185
z_innov_s|PR|2020-01-12 00:00:00,1.0055384436226185,600.174350200714
z_innov_s|PR|2020-01-19 00:00:00,0.999719656632725,1040.823996531185
z_innov_s|PR|2020-01-26 00:00:00,1.0094757093365048,1021.7515826352084
z_innov_s|PR|2020-02-02 00:00:00,0.9989446542665796,1040.823996531185
z_innov_s|PR|2020-02-09 00:00:00,1.0069086073494429,1040.823996531185
z_innov_s|PR|2020-02-16 00:00:00,1.0201372725451305,1040.823996531185
z_innov_s|PR|2020-02-23 00:00:00,1.0138648454605,1040.823996531185
z_innov_s|PR|2020-03-01 00:00:00,0.9977729963181737,1040.823996531185
z_innov_s|PR|2020-03-08 00:00:00,0.9968574421852747,1040.823996531185
z_innov_s|PR|2020-03-15 00:00:00,0.998103092991421,771.5898678757568
z_innov_s|PR|2020-03-22 00:00:00,1.0101891210771259,596.4381647602237
z_innov_s|PR|2020-03-29 00:00:00,1.0053298462017028,641.0148865924873
z_innov_s|PR|2020-04-05 00:00:00,1.00200666956483,1040.823996531185
z_innov_s|PR|2020-04-12 00:00:00,1.0049820451775942,1040.823996531185
z_innov_s|PR|2020-04-19 00:00:00,1.007768601208284,687.0418182823993
z_innov_s|PR|2020-04-26 00:00:00,1.0042583748542349,1040.823996531185
z_innov_s|PR|2020-05-03 00:00:00,1.0167810064764968,1040.823996531185
z_innov_s|PR|2020-05-10 00:00:00,1.0161035064482942,1040.823996531185
z_innov_s|PR|2020-05-17 00:00:00,1.0036924396032796,725.2926426782522
z_innov_s|PR|2020-05-24 00:00:00,1.0072013939405167,1040.823996531185
z_innov_s|PR|2020-05-31 00:00:00,0.999366531003445,999.3235648340461
z_innov_s|PR|2020-06-07 00:00:00,1.0182554448127963,1040.823996531185
z_innov_s|PR|2020-06-14 00:00:00,1.0043296590584831,921.3868084723346
z_innov_s|PR|2020-06-21 00:00:00,1.0110553241360258,679.6647835240007
z_innov_s|PR|2020-06-28 00:00:00,1.0010901887396355,810.7917103407297
z_innov_s|PR|2020-07-05 00:00:00,1.0014009989954482,1040.823996531185
z_innov_s|PR|2020-07-12 00:00:00,1.0095017382343192,1040.823996531185
z_innov_s|PR|2020-07-19 00:00:00,1.0009542568196481,891.0293976749962
z_innov_s|PR|2020-07-26 00:00:00,0.9971427595224317,1040.823996531185
z_innov_s|PR|2020-08-02 00:00:00,1.0003161602084214,668.7406496793891
z_innov_s|PR|2020-08-09 00:00:00,1.0043484643242477,1040.823996531185
z_innov_s|PR|2020-08-16 00:00:00,1.0048759013901647,1040.823996531185
z_innov_s|PR|2020-08-23 00:00:00,0.9978937719229152,1040.823996531185
z_innov_s|PR|2020-08-30 00:00:00,1.0029966321761232,1040.823996531185
z_innov_s|PR|2020-09-06 00:00:00,1.001369622410383,892.9827482722336
z_innov_s|PR|2020-09-13 00:00:00,1.0002101269101913,1040.823996531185
z_innov_s|PR|2020-09-20 00:00:00,1.0130676555878704,1040.823996531185
z_innov_s|PR|2020-09-27 00:00:00,1.0122755940622725,1040.823996531185
z_innov_s|PR|2020-10-04 00:00:00,1.0097380082764353,982.7523397934856
z_innov_s|PR|2020-10-11 00:00:00,1.0078368688656156,1040.823996531185
z_innov_s|PR|2020-10-18 00:00:00,1.0056488303372138,1040.823996531185
z_innov_s|PR|2020-10-25 00:00:00,1.016315564426982,653.9112333654082
z_innov_s|PR|2020-11-01 00:00:00,1.0310542679034254,967.5654813103289
z_innov_s|PR|2020-11-08 00:00:00,0.9981916351843335,1040.823996531185
z_innov_s|PR|2020-11-15 00:00:00,1.0109793628544672,1040.823996531185
z_innov_s|PR|2020-11-22 00:00:00,1.0117510276317223,1040.823996531185
z_innov_s|PR|2020-11-29 00:00:00,1.0139425943589997,1040.823996531185
z_innov_s|PR|2020-12-06 00:00:00,1.0015862590596838,880.7190368360914
z_innov_s|PR|2020-12-13 00:00:00,1.020839919660294,1040.823996531185
z_innov_s|PR|2020-12-20 00:00:00,1.0002135482035464,1040.823996531185
z_innov_s|PR|2020-12-27 00:00:00,1.000093016423164,1040.823996531185
z_innov_s|RJ|2019-01-13 00:00:00,1.009319361011148,673.5282669428287
z_innov_s|RJ|2019-01-20 00:00:00,1.004318585639995,1040.823996531185
z_innov_s|RJ|2019-01-27 00:00:00,1.0013565291798294,1040.823996531185
z_innov_s|RJ|2019-02-03 00:00:00,0.9995529696641503,867.4058990097404
z_innov_s|RJ|2019-02-10 00:00:00,0.9976777046786844,1040.823996531185
z_innov_s|RJ|2019-02-17 00:00:00,1.0095584661170574,893.5964708414474
z_innov_s|RJ|2019-02-24 00:00:00,1.000950898739119,1040.823996531185
z_innov_s|RJ|2019-03-03 00:00:00,1.0076666485312364,1040.823996531185
z_innov_s|RJ|2019-03-10 00:00:00,1.0132112364901509,851.9347568962422
z_innov_s|RJ|2019-03-17 00:00:00,0.996784204683318,1040.823996531185
z_innov_s|RJ|2019-03-24 00:00:00,1.0112608208762002,1040.823996531185
z_innov_s|RJ|2019-03-31 00:00:00,1.019944765671891,1040.823996531185
z_innov_s|RJ|2019-04-07 00:00:00,1.006551606748679,1040.823996531185
z_innov_s|RJ|2019-04-14 00:00:00,1.0068191545845575,883.045849884462
z_innov_s|RJ|2019-04-21 00:00:00,1.007020241098182,1040.823996531185
z_innov_s|RJ|2019-04-28 00:00:00,1.0092313988924813,937.3323984707238
z_innov_s|RJ|2019-05-05 00:00:00,1.0025160320335322,748.3499107092246
z_innov_s|RJ|2019-05-12 00:00:00,1.008517901062815,1040.823996531185
z_innov_s|RJ|2019-05-19 00:00:00,1.0035463531013897,1040.823996531185
z_innov_s|RJ|2019-05-26 00:00:00,0.9997364288542094,861.846716757781
z_innov_s|RJ|2019-06-02 00:00:00,1.0061210850742064,943.1905176057576
z_innov_s|RJ|2019-06-09 00:00:00,0.9982045318012427,1040.823996531185
z_innov_s|RJ|2019-06-16 00:00:00,1.0129994719761017,1040.823996531185
z_innov_s|RJ|2019-06-23 00:00:00,1.0094851787853343,945.4425302204935
z_innov_s|RJ|2019-06-30 00:00:00,1.0126184084474403,580.8555943591194
z_innov_s|RJ|2019-07-07 00:00:00,1.0072863984385592,1040.823996531185
z_innov_s|RJ|2019-07-14 00:00:00,1.010963806637516,1040.823996531185
z_innov_s|RJ|2019-07-21 00:00:00,1.006788921336655,727.2710382943708
z_innov_s|RJ|2019-07-28 00:00:00,1.0036516266095477,887.6073406691506
z_innov_s|RJ|2019-08-04 00:00:00,0.9970249924652183,1014.0619697756898
z_innov_s|RJ|2019-08-11 00:00:00,0.996362713300637,1014.3278536450441
z_innov_s|RJ|2019-08-18 00:00:00,0.9961520763781346,770.8392813834444
z_innov_s|RJ|2019-08-25 00:00:00,1.0002654605179735,814.9194305292939
z_innov_s|RJ|2019-09-01 00:00:00,0.9959343070006552,1040.823996531185
z_innov_s|RJ|2019-09-08 00:00:00,1.022925637972585,984.1191962781935
z_innov_s|RJ|2019-09-15 00:00:00,1.0153980825072981,1040.823996531185
z_innov_s|RJ|2019-09-22 00:00:00,1.0171564501349406,1040.823996531185
z_innov_s|RJ|2019-09-29 00:00:00,1.008258576759867,796.5572907638427
z_innov_s|RJ|2019-10-06 00:00:00,1.0243314282678089,913.9662530921166
z_innov_s|RJ|2019-10-13 00:00:00,1.0040284242430342,864.6994685598945
z_innov_s|RJ|2019-10-20 00:00:00,1.0137663673949664,919.2256327135412
z_innov_s|RJ|2019-10-27 00:00:00,1.004145079836625,690.5836179719571
z_innov_s|RJ|2019-11-03 00:00:00,0.9979671009438603,723.3116376472839
z_innov_s|RJ|2019-11-10 00:00:00,0.9985471097147702,807.761488036412
z_innov_s|RJ|2019-11-17 00:00:00,0.9988518370990568,1040.823996531185
z_innov_s|RJ|2019-11-24 00:00:00,1.0043909016422958,872.5304442885881
z_innov_s|RJ|2019-12-01 00:00:00,1.0152326310566042,1019.6711470113519
z_innov_s|RJ|2019-12-08 00:00:00,1.0000988626427443,1040.823996531185
z_innov_s|RJ|2019-12-15 00:00:00,1.0018757318624394,1018.6672647235317
z_innov_s|RJ|2019-12-22 00:00:00,1.00575755028276,1040.823996531185
z_innov_s|RJ|2019-12-29 00:00:00,0.9980156312050245,1040.823996531185
z_innov_s|RJ|2020-01-05 00:00:00,1.0055902134790968,594.0147583147333
z_innov_s|RJ|2020-01-12 00:00:00,0.998362274325739,653.2044876084041
z_innov_s|RJ|2020-01-19 00:00:00,1.027544300437764,961.9557324806418
z_innov_s|RJ|2020-01-26 00:00:00,1.0012991920204006,1040.823996531185
z_innov_s|RJ|2020-02-02 00:00:00,1.005743098146075,1040.823996531185
z_innov_s|RJ|2020-02-09 00:00:00,1.0008186938885164,1038.9484005996067
z_innov_s|RJ|2020-02-16 00:00:00,0.9981580582316533,1025.7161672716504
z_innov_s|RJ|2020-02-23 00:00:00,1.0081642669341087,766.1747768017062
z_innov_s|RJ|2020-03-01 00:00:00,0.9962506904719314,1040.823996531185
z_innov_s|RJ|2020-03-08 00:00:00,1.0027718556963332,1040.823996531185
z_innov_s|RJ|2020-03-15 00:00:00,1.0191060494286275,1040.823996531185
z_innov_s|RJ|2020-03-22 00:00:00,1.0012123421718215,705.7747404608027
z_innov_s|RJ|2020-03-29 00:00:00,0.9996186885757856,705.0139419115071
z_innov_s|RJ|2020-04-05 00:00:00,0.9973222716512292,1040.823996531185
z_innov_s|RJ|2020-04-12 00:00:00,1.004914058886413,712.2502363691868
z_innov_s|RJ|2020-04-19 00:00:00,1.0139145013690734,807.5802414183428
z_innov_s|RJ|2020-04-26 00:00:00,1.0351129086025903,1040.823996531185
z_innov_s|RJ|2020-05-03 00:00:00,0.9973903417743376,647.0724716028809
z_innov_s|RJ|2020-05-10 00:00:00,0.9961620126977944,1040.823996531185
z_innov_s|RJ|2020-05-17 00:00:00,1.0041294940678087,1040.823996531185
z_innov_s|RJ|2020-05-24 00:00:00,0.9991870468656446,1040.823996531185
z_innov_s|RJ|2020-05-31 00:00:00,1.0055286129813719,1040.823996531185
z_innov_s|RJ|2020-06-07 00:00:00,1.0093863298708687,1040.823996531185
z_innov_s|RJ|2020-06-14 00:00:00,1.0032625701268152,1040.823996531185
z_innov_s|RJ|2020-06-21 00:00:00,0.99915731467271,1040.823996531185
z_innov_s|RJ|2020-06-28 00:00:00,1.0079176720441738,1009.7058867632435
z_innov_s|RJ|2020-07-05 00:00:00,1.0017439960757337,1040.823996531185
z_innov_s|RJ|2020-07-12 00:00:00,0.9978883601020052,935.0982116584951
z_innov_s|RJ|2020-07-19 00:00:00,1.0025722272969642,982.7442605716996
z_innov_s|RJ|2020-07-26 00:00:00,1.0238378533659271,914.2680295912913
z_innov_s|RJ|2020-08-02 00:00:00,0.9986615092498412,863.7628776235847
z_innov_s|RJ|2020-08-09 00:00:00,1.0021523740056013,1040.823996531185
z_innov_s|RJ|2020-08-16 00:00:00,1.0029049936335437,1040.823996531185
z_innov_s|RJ|2020-08-23 00:00:00,1.006880915124652,773.5646329075081
z_innov_s|RJ|2020-08-30 00:00:00,0.9991855519744989,1040.823996531185
z_innov_s|RJ|2020-09-06 00:00:00,1.0046242026773835,1040.823996531185
z_innov_s|RJ|2020-09-13 00:00:00,1.0096608749119136,502.9432071649311
z_innov_s|RJ|2020-09-20 00:00:00,1.0116996528041349,1040.823996531185
z_innov_s|RJ|2020-09-27 00:00:00,1.0132681537992976,798.8948479915026
z_innov_s|RJ|2020-10-04 00:00:00,1.002487749597838,764.2521989448801
z_innov_s|RJ|2020-10-11 00:00:00,1.0088103052158588,1040.823996531185
z_innov_s|RJ|2020-10-18 00:00:00,1.0179578938914968,898.5629790969299
z_innov_s|RJ|2020-10-25 00:00:00,1.0027905646293584,882.1985356834273
z_innov_s|RJ|2020-11-01 00:00:00,0.9994512813965534,813.3735443181919
z_innov_s|RJ|2020-11-08 00:00:00,1.0042103762978625,816.9544319557607
z_innov_s|RJ|2020-11-15 00:00:00,1.0012784207628806,1040.823996531185
z_innov_s|RJ|2020-11-22 00:00:00,0.9967938835671093,1040.823996531185
z_innov_s|RJ|2020-11-29 00:00:00,0.9981185484835063,704.9805979289036
z_innov_s|RJ|2020-12-06 00:00:00,1.0015760941609129,1040.823996531185
z_innov_s|RJ|2020-12-13 00:00:00,1.0019322796221075,757.1569302885517
z_innov_s|RJ|2020-12-20 00:00:00,1.0122828695574835,1040.823996531185
z_innov_s|RJ|2020-12-27 00:00:00,0.9984992090066342,1040.823996531185
z_innov_s|RN|2019-01-13 00:00:00,0.9977615320915,670.0457604463505
z_innov_s|RN|2019-01-20 00:00:00,0.9981726213372459,489.87183912177903
z_innov_s|RN|2019-01-27 00:00:00,1.009731497106445,931.600026472579
z_innov_s|RN|2019-02-03 00:00:00,1.0005120082046672,1040.823996531185
z_innov_s|RN|2019-02-10 00:00:00,1.0119679915682067,1040.823996531185
z_innov_s|RN|2019-02-17 00:00:00,1.0021907550433244,897.6674632670229
z_innov_s|RN|2019-02-24 00:00:00,1.000649900186242,907.1130130425735
z_innov_s|RN|2019-03-03 00:00:00,0.9975796025571518,1040.823996531185
z_innov_s|RN|2019-03-10 00:00:00,1.0007989909493895,1040.823996531185
z_innov_s|RN|2019-03-17 00:00:00,1.0137159299552,1040.823996531185
z_innov_s|RN|2019-03-24 00:00:00,1.0070683895823167,1007.2419367996803
z_innov_s|RN|2019-03-31 00:00:00,1.0008173577223403,1040.823996531185
z_innov_s|RN|2019-04-07 00:00:00,1.0015293312419375,1040.823996531185
z_innov_s|RN|2019-04-14 00:00:00,1.0389485094157003,1040.823996531185
z_innov_s|RN|2019-04-21 00:00:00,1.017302243034526,873.2024163901922
z_innov_s|RN|2019-04-28 00:00:00,1.000404783120649,744.632183821541
z_innov_s|RN|2019-05-05 00:00:00,1.016759658376045,1040.823996531185
z_innov_s|RN|2019-05-12 00:00:00,0.9996692930067239,828.2503455698019
z_innov_s|RN|2019-05-19 00:00:00,1.0000554825181434,1040.823996531185
z_innov_s|RN|2019-05-26 00:00:00,1.000832255438416,671.29683715895
z_innov_s|RN|2019-06-02 00:00:00,1.0154190298538375,1002.191894458794
z_innov_s|RN|2019-06-09 00:00:00,1.0013117580373307,1040.823996531185
z_innov_s|RN|2019-06-16 00:00:00,0.995734928254319,1040.823996531185
z_innov_s|RN|2019-06-23 00:00:00,0.9978091125213417,940.7168008121516
z_innov_s|RN|2019-06-30 00:00:00,1.0049409780727687,1040.823996531185
z_innov_s|RN|2019-07-07 00:00:00,0.9990813216547741,772.0237634446999
z_innov_s|RN|2019-07-14 00:00:00,1.0053581976172314,1040.823996531185
z_innov_s|RN|2019-07-21 00:00:00,1.002216185674656,1040.823996531185
z_innov_s|RN|2019-07-28 00:00:00,1.0143602609661626,1040.823996531185
z_innov_s|RN|2019-08-04 00:00:00,0.9985434582294772,918.5705499141083
z_innov_s|RN|2019-08-11 00:00:00,1.004099112526325,1040.823996531185
z_innov_s|RN|2019-08-18 00:00:00,1.045869493314702,1040.823996531185
z_innov_s|RN|2019-08-25 00:00:00,1.004599486493777,1040.823996531185
z_innov_s|RN|2019-09-01 00:00:00,1.0158251785498642,1040.823996531185
z_innov_s|RN|2019-09-08 00:00:00,1.0219428343025063,1040.823996531185
z_innov_s|RN|2019-09-15 00:00:00,1.0012520449898141,742.4504387207405
z_innov_s|RN|2019-09-22 00:00:00,1.0002505928372505,1040.823996531185
z_innov_s|RN|2019-09-29 00:00:00,0.996949732759293,1040.823996531185
z_innov_s|RN|2019-10-06 00:00:00,0.9999240467832754,1040.823996531185
z_innov_s|RN|2019-10-13 00:00:00,1.0043759044242084,1032.218205304534
z_innov_s|RN|2019-10-20 00:00:00,1.0033869119342782,889.0824370758237
z_innov_s|RN|2019-10-27 00:00:00,1.0027545443562327,1040.823996531185
z_innov_s|RN|2019-11-03 00:00:00,1.0148317346205593,688.4561749724039
z_innov_s|RN|2019-11-10 00:00:00,1.009079980247879,1040.823996531185
z_innov_s|RN|2019-11-17 00:00:00,1.0173973556329328,840.1588841198526
z_innov_s|RN|2019-11-24 00:00:00,1.0117139677115898,957.4817741084844
z_innov_s|RN|2019-12-01 00:00:00,0.9968552546130415,653.6771125646297
z_innov_s|RN|2019-12-08 00:00:00,0.998244053414055,1028.566862737336
z_innov_s|RN|2019-12-15 00:00:00,0.9957008693166938,889.4700933209011
z_innov_s|RN|2019-12-22 00:00:00,1.003168401955999,1040.823996531185
z_innov_s|RN|2019-12-29 00:00:00,1.001144136548871,782.8644322966351
z_innov_s|RN|2020-01-05 00:00:00,0.9987909923250362,1040.823996531185
z_innov_s|RN|2020-01-12 00:00:00,1.0022948382321348,1040.823996531185
z_innov_s|RN|2020-01-19 00:00:00,1.0240717589682844,909.2413709983741
z_innov_s|RN|2020-01-26 00:00:00,1.0025794574749796,880.3980692590584
z_innov_s|RN|2020-02-02 00:00:00,1.0275561998979217,1040.823996531185
z_innov_s|RN|2020-02-09 00:00:00,1.0360382375846982,1040.823996531185
z_innov_s|RN|2020-02-16 00:00:00,0.9986965430471023,1040.823996531185
z_innov_s|RN|2020-02-23 00:00:00,1.0197764189095415,1040.823996531185
z_innov_s|RN|2020-03-01 00:00:00,1.0028377881494617,1040.823996531185
z_innov_s|RN|2020-03-08 00:00:00,1.0009287977057497,1040.823996531185
z_innov_s|RN|2020-03-15 00:00:00,1.0067970413817804,1015.7993896315206
z_innov_s|RN|2020-03-22 00:00:00,0.9976034390172369,1010.4025451930189
z_innov_s|RN|2020-03-29 00:00:00,1.010481499375171,1040.823996531185
z_innov_s|RN|2020-04-05 00:00:00,0.9974329479957441,975.1664278358872
z_innov_s|RN|2020-04-12 00:00:00,1.015047550504059,735.3408194591203
z_innov_s|RN|2020-04-19 00:00:00,1.004166932810732,1040.823996531185
z_innov_s|RN|2020-04-26 00:00:00,0.9990547952144042,1040.823996531185
z_innov_s|RN|2020-05-03 00:00:00,1.0043416697129313,720.8455512629107
z_innov_s|RN|2020-05-10 00:00:00,1.0010854362888089,838.4686181062526
z_innov_s|RN|2020-05-17 00:00:00,1.001462064776212,752.1284203917734
z_innov_s|RN|2020-05-24 00:00:00,1.0284453418569302,799.1800108074299
z_innov_s|RN|2020-05-31 00:00:00,1.0100189671172413,731.6622449624521
z_innov_s|RN|2020-06-07 00:00:00,1.0199866666220085,636.1734830305038
z_innov_s|RN|2020-06-14 00:00:00,1.0079821628204872,1040.823996531185
z_innov_s|RN|2020-06-21 00:00:00,1.0036223540114615,988.8311883517449
z_innov_s|RN|2020-06-28 00:00:00,1.0082108863036452,742.751794967042
z_innov_s|RN|2020-07-05 00:00:00,1.0142399544123413,965.355057846133
z_innov_s|RN|2020-07-12 00:00:00,1.0174744286272688,1040.823996531185
z_innov_s|RN|2020-07-19 00:00:00,1.011857656281563,775.8895668314047
z_innov_s|RN|2020-07-26 00:00:00,1.0178364639887572,574.43763352165
z_innov_s|RN|2020-08-02 00:00:00,1.0034427940674895,1038.1444452334056
z_innov_s|RN|2020-08-09 00:00:00,1.0016943472919497,916.6850348331428
z_innov_s|RN|2020-08-16 00:00:00,1.0216961312444364,1040.823996531185
z_innov_s|RN|2020-08-23 00:00:00,1.002390500010725,1017.481277975945
z_innov_s|RN|2020-08-30 00:00:00,0.9999340780097421,753.4153653556765
z_innov_s|RN|2020-09-06 00:00:00,0.9985000679521675,856.1684970744528
z_innov_s|RN|2020-09-13 00:00:00,1.0133238847513302,1040.823996531185
z_innov_s|RN|2020-09-20 00:00:00,1.0129536951951,1040.823996531185
z_innov_s|RN|2020-09-27 00:00:00,1.0045300088102105,1040.823996531185
z_innov_s|RN|2020-10-04 00:00:00,0.9984249292706932,973.9455918348324
z_innov_s|RN|2020-10-11 00:00:00,1.0076860147775342,846.9446797399455
z_innov_s|RN|2020-10-18 00:00:00,0.9964310407906101,894.0878651693562
z_innov_s|RN|2020-10-25 00:00:00,1.013828249813362,746.1571149548266
z_innov_s|RN|2020-11-01 00:00:00,0.9988146265884905,972.8250089332147
z_innov_s|RN|2020-11-08 00:00:00,1.0020915355588145,625.8769926798515
z_innov_s|RN|2020-11-15 00:00:00,0.999575477425049,1040.823996531185
z_innov_s|RN|2020-11-22 00:00:00,0.9967903879476705,1040.823996531185
z_innov_s|RN|2020-11-29 00:00:00,1.0066623687239786,1025.9909849258531
z_innov_s|RN|2020-12-06 00:00:00,1.001547091153265,945.0433735769228
z_innov_s|RN|2020-12-13 00:00:00,1.0095946519492918,703.2937330347933
z_innov_s|RN|2020-12-20 00:00:00,1.0124732208052294,1040.823996531185
z_innov_s|RN|2020-12-27 00:00:00,1.0261092551494229,916.622317760907
z_innov_s|RO|2019-01-13 00:00:00,1.0034737472297928,722.0143112930372
z_innov_s|RO|2019-01-20 00:00:00,1.0029541681583998,990.3822603217843
z_innov_s|RO|2019-01-27 00:00:00,1.007135125467129,970.9369251749307
z_innov_s|RO|2019-02-03 00:00:00,1.0056245833443824,946.2942235665967
z_innov_s|RO|2019-02-10 00:00:00,1.0012357874754132,826.4982803566492
z_innov_s|RO|2019-02-17 00:00:00,1.0015532914756744,926.6348137830636
z_innov_s|RO|2019-02-24 00:00:00,1.031615865180567,788.4373242973934
z_innov_s|RO|2019-03-03 00:00:00,1.0081684919868774,1040.823996531185
z_innov_s|RO|2019-03-10 00:00:00,1.0067039366036914,1040.823996531185
z_innov_s|RO|2019-03-17 00:00:00,1.0040719247651577,1040.823996531185
z_innov_s|RO|2019-03-24 00:00:00,0.9974880757144655,1040.823996531185
z_innov_s|RO|2019-03-31 00:00:00,0.9973945248574398,790.5292997211675
z_innov_s|RO|2019-04-07 00:00:00,0.9966427969792333,1040.823996531185
z_innov_s|RO|2019-04-14 00:00:00,1.008586994183056,985.368578625321
z_innov_s|RO|2019-04-21 00:00:00,1.0367428459836838,944.2643505713426
z_innov_s|RO|2019-04-28 00:00:00,0.9988641156461511,479.8161604410166
z_innov_s|RO|2019-05-05 00:00:00,0.9974862515220517,984.2389158029024
z_innov_s|RO|2019-05-12 00:00:00,1.0082753562153657,438.68412424460683
z_innov_s|RO|2019-05-19 00:00:00,1.008279371771499,1040.823996531185
z_innov_s|RO|2019-05-26 00:00:00,1.0000532705186955,1040.823996531185
z_innov_s|RO|2019-06-02 00:00:00,1.0068797141856123,778.0869029954308
z_innov_s|RO|2019-06-09 00:00:00,1.0036953290359794,1040.823996531185
z_innov_s|RO|2019-06-16 00:00:00,1.0006127298492156,964.1491813516694
z_innov_s|RO|2019-06-23 00:00:00,0.9978973093346566,996.7022092533365
z_innov_s|RO|2019-06-30 00:00:00,1.0087789735176342,1040.823996531185
z_innov_s|RO|2019-07-07 00:00:00,1.0019647674669765,1040.823996531185
z_innov_s|RO|2019-07-14 00:00:00,0.9978589414301943,1034.6536460310767
z_innov_s|RO|2019-07-21 00:00:00,0.9983711199956282,898.1870344882399
z_innov_s|RO|2019-07-28 00:00:00,1.014476618718108,1040.823996531185
z_innov_s|RO|2019-08-04 00:00:00,1.0028434696654565,991.2895652099483
z_innov_s|RO|2019-08-11 00:00:00,1.0056178917995022,1040.823996531185
z_innov_s|RO|2019-08-18 00:00:00,1.0184180133006673,1040.823996531185
z_innov_s|RO|2019-08-25 00:00:00,1.0206492618577712,1040.823996531185
z_innov_s|RO|2019-09-01 00:00:00,1.0159284518498193,1040.823996531185
z_innov_s|RO|2019-09-08 00:00:00,1.002533936277789,1040.823996531185
z_innov_s|RO|2019-09-15 00:00:00,1.005419627523686,1040.823996531185
z_innov_s|RO|2019-09-22 00:00:00,1.023637393494343,970.9598314037477
z_innov_s|RO|2019-09-29 00:00:00,1.0031621615282849,1040.823996531185
z_innov_s|RO|2019-10-06 00:00:00,0.9970422276766095,844.1006735001615
z_innov_s|RO|2019-10-13 00:00:00,1.0032474332076524,1040.823996531185
z_innov_s|RO|2019-10-20 00:00:00,0.9976900934680437,1008.1276696029886
z_innov_s|RO|2019-10-27 00:00:00,1.0027506894961233,1040.823996531185
z_innov_s|RO|2019-11-03 00:00:00,1.0143636147738195,1040.823996531185
z_innov_s|RO|2019-11-10 00:00:00,1.0032940295104256,1020.2628546517508
z_innov_s|RO|2019-11-17 00:00:00,0.9985013477567696,974.6674968019604
z_innov_s|RO|2019-11-24 00:00:00,1.0131090262410007,873.0768592319322
z_innov_s|RO|2019-12-01 00:00:00,1.0121260773705483,1040.823996531185
z_innov_s|RO|2019-12-08 00:00:00,0.9969057641402963,1040.823996531185
z_innov_s|RO|2019-12-15 00:00:00,1.0059586384197279,1030.96608951248
z_innov_s|RO|2019-12-22 00:00:00,1.0049078544549974,1040.823996531185
z_innov_s|RO|2019-12-29 00:00:00,1.0133405662313895,1040.823996531185
z_innov_s|RO|2020-01-05 00:00:00,1.011287731030497,1040.823996531185
z_innov_s|RO|2020-01-12 00:00:00,0.9977232122974031,1040.823996531185
z_innov_s|RO|2020-01-19 00:00:00,1.0145849541316194,900.8387834813276
z_innov_s|RO|2020-01-26 00:00:00,1.0073150105160331,1040.823996531185
z_innov_s|RO|2020-02-02 00:00:00,0.996693909660378,795.1577428967751
z_innov_s|RO|2020-02-09 00:00:00,0.9983995232361186,600.0355311299446
z_innov_s|RO|2020-02-16 00:00:00,1.0026462961056677,680.888188120518
z_innov_s|RO|2020-02-23 00:00:00,0.9980355160825528,1040.823996531185
z_innov_s|RO|2020-03-01 00:00:00,0.9992240160525236,823.6434719092102
z_innov_s|RO|2020-03-08 00:00:00,1.001329878100223,695.9360990448495
z_innov_s|RO|2020-03-15 00:00:00,1.0219745021487054,681.8361320238596
z_innov_s|RO|2020-03-22 00:00:00,1.0128448147034335,1040.823996531185
z_innov_s|RO|2020-03-29 00:00:00,1.0039127747559957,556.502132974322
z_innov_s|RO|2020-04-05 00:00:00,0.9985065484926543,959.1541132738033
z_innov_s|RO|2020-04-12 00:00:00,1.0165332416094097,963.2774999269894
z_innov_s|RO|2020-04-19 00:00:00,1.0082003607168657,1040.823996531185
z_innov_s|RO|2020-04-26 00:00:00,1.0037238263567743,1040.823996531185
z_innov_s|RO|2020-05-03 00:00:00,1.0455076953305864,707.1792424035599
z_innov_s|RO|2020-05-10 00:00:00,1.0032254347903877,686.0335162115136
z_innov_s|RO|2020-05-17 00:00:00,0.9965997657479881,926.4221912816577
z_innov_s|RO|2020-05-24 00:00:00,1.006286275055269,1040.823996531185
z_innov_s|RO|2020-05-31 00:00:00,1.014340918937679,747.0517519798358
z_innov_s|RO|2020-06-07 00:00:00,1.0149721820645727,1040.823996531185
z_innov_s|RO|2020-06-14 00:00:00,0.9961988297283884,770.7188873313411
z_innov_s|RO|2020-06-21 00:00:00,1.0026049166750364,1040.823996531185
z_innov_s|RO|2020-06-28 00:00:00,1.010831630388521,1040.823996531185
z_innov_s|RO|2020-07-05 00:00:00,1.0002280363795195,830.6670287717078
z_innov_s|RO|2020-07-12 00:00:00,1.0031805615475888,1040.823996531185
z_innov_s|RO|2020-07-19 00:00:00,0.9978986901105564,870.0861380724251
z_innov_s|RO|2020-07-26 00:00:00,1.007119292110408,1040.823996531185
z_innov_s|RO|2020-08-02 00:00:00,0.9987165366060948,1040.823996531185
z_innov_s|RO|2020-08-09 00:00:00,0.9986624647146647,1040.823996531185
z_innov_s|RO|2020-08-16 00:00:00,0.9988295038844441,843.6736313744183
z_innov_s|RO|2020-08-23 00:00:00,0.9971087020915236,967.5942698738683
z_innov_s|RO|2020-08-30 00:00:00,1.0003884435336763,1040.823996531185
z_innov_s|RO|2020-09-06 00:00:00,1.001803488779839,718.3260688343021
z_innov_s|RO|2020-09-13 00:00:00,0.9979970686262513,779.0414643156919
z_innov_s|RO|2020-09-20 00:00:00,1.0066798750280295,729.6562784828387
z_innov_s|RO|2020-09-27 00:00:00,0.9976905954847444,976.044775380728
z_innov_s|RO|2020-10-04 00:00:00,1.0098845548676803,1040.823996531185
z_innov_s|RO|2020-10-11 00:00:00,0.9989035940399372,647.3101072851035
z_innov_s|RO|2020-10-18 00:00:00,0.9997437656062189,1040.823996531185
z_innov_s|RO|2020-10-25 00:00:00,1.0005949463018922,1040.823996531185
z_innov_s|RO|2020-11-01 00:00:00,1.0046528738950027,915.5158481358756
z_innov_s|RO|2020-11-08 00:00:00,1.0118391595362424,612.4893893785218
z_innov_s|RO|2020-11-15 00:00:00,1.0284134533986307,1040.823996531185
z_innov_s|RO|2020-11-22 00:00:00,1.0027489202651105,792.7792288006306
z_innov_s|RO|2020-11-29 00:00:00,1.0484921571981296,813.6925249553284
z_innov_s|RO|2020-12-06 00:00:00,1.001112617031327,713.9150415930401
z_innov_s|RO|2020-12-13 00:00:00,1.041410810702681,935.603079603717
z_innov_s|RO|2020-12-20 00:00:00,1.0101960833706238,565.3929166727888
z_innov_s|RO|2020-12-27 00:00:00,1.0281668408934885,531.0237568630708
z_innov_s|RR|2019-01-13 00:00:00,1.001169357760565,822.3438313468934
z_innov_s|RR|2019-01-20 00:00:00,1.0163811848833995,1040.823996531185
z_innov_s|RR|2019-01-27 00:00:00,1.0150789441030212,1040.823996531185
z_innov_s|RR|2019-02-03 00:00:00,1.0070093576876358,1040.823996531185
z_innov_s|RR|2019-02-10 00:00:00,1.006955982056357,819.493319895765
z_innov_s|RR|2019-02-17 00:00:00,1.0019111154701192,1040.823996531185
z_innov_s|RR|2019-02-24 00:00:00,1.0098672176163117,1040.823996531185
z_innov_s|RR|2019-03-03 00:00:00,1.0178659313004288,545.5929892317233
z_innov_s|RR|2019-03-10 00:00:00,1.0259306116971558,925.4820781422357
z_innov_s|RR|2019-03-17 00:00:00,0.9975742315208133,1040.823996531185
z_innov_s|RR|2019-03-24 00:00:00,1.0033402537120397,1007.4598147235384
z_innov_s|RR|2019-03-31 00:00:00,1.0030805151858762,1040.823996531185
z_innov_s|RR|2019-04-07 00:00:00,1.0216861149014411,920.1654151835976
z_innov_s|RR|2019-04-14 00:00:00,1.0111883422661205,722.509546610619
z_innov_s|RR|2019-04-21 00:00:00,1.019690786859197,698.9211761316468
z_innov_s|RR|2019-04-28 00:00:00,1.0069925392201677,1040.823996531185
z_innov_s|RR|2019-05-05 00:00:00,1.0042935884811612,917.9146488733801
z_innov_s|RR|2019-05-12 00:00:00,1.0045707193510145,825.8075624363069
z_innov_s|RR|2019-05-19 00:00:00,1.008178728194961,534.0946271650976
z_innov_s|RR|2019-05-26 00:00:00,1.0021606412628852,1040.823996531185
z_innov_s|RR|2019-06-02 00:00:00,1.0010169667453674,1040.823996531185
z_innov_s|RR|2019-06-09 00:00:00,1.014124331002895,1040.823996531185
z_innov_s|RR|2019-06-16 00:00:00,1.0028848485632962,807.7707444764593
z_innov_s|RR|2019-06-23 00:00:00,0.9976165982966023,1040.823996531185
z_innov_s|RR|2019-06-30 00:00:00,1.016414390359088,1040.823996531185
z_innov_s|RR|2019-07-07 00:00:00,0.9957291372741669,1040.823996531185
z_innov_s|RR|2019-07-14 00:00:00,1.000685220414255,463.0013426121732
z_innov_s|RR|2019-07-21 00:00:00,1.0006697580862962,1040.823996531185
z_innov_s|RR|2019-07-28 00:00:00,1.0139879140884767,814.2584893186988
z_innov_s|RR|2019-08-04 00:00:00,0.9972628159245255,979.3669621103526
z_innov_s|RR|2019-08-11 00:00:00,1.0165439445727695,809.4526020488128
z_innov_s|RR|2019-08-18 00:00:00,1.0080780489631225,942.6852599411357
z_innov_s|RR|2019-08-25 00:00:00,1.0098661380826026,787.7743068285885
z_innov_s|RR|2019-09-01 00:00:00,1.0073633839518101,1040.823996531185
z_innov_s|RR|2019-09-08 00:00:00,1.0000288182391552,1040.823996531185
z_innov_s|RR|2019-09-15 00:00:00,1.0302531700920838,821.1030950049206
z_innov_s|RR|2019-09-22 00:00:00,1.000478888499143,1040.823996531185
z_innov_s|RR|2019-09-29 00:00:00,1.0049024434859888,1040.823996531185
z_innov_s|RR|2019-10-06 00:00:00,1.022591412010262,1040.823996531185
z_innov_s|RR|2019-10-13 00:00:00,1.0021527409101083,897.165481005096
z_innov_s|RR|2019-10-20 00:00:00,1.014429170659817,835.9422453950142
z_innov_s|RR|2019-10-27 00:00:00,1.0046230420582059,940.3154660809558
z_innov_s|RR|2019-11-03 00:00:00,1.0226848912493132,1040.823996531185
z_innov_s|RR|2019-11-10 00:00:00,1.0027749356079363,958.4401117047139
z_innov_s|RR|2019-11-17 00:00:00,1.0149618981290396,1040.823996531185
z_innov_s|RR|2019-11-24 00:00:00,1.002988248452485,804.391034070178
z_innov_s|RR|2019-12-01 00:00:00,1.0021053148824401,904.5187393660196
z_innov_s|RR|2019-12-08 00:00:00,1.0147665336851794,1040.823996531185
z_innov_s|RR|2019-12-15 00:00:00,1.0073153173256413,1040.823996531185
z_innov_s|RR|2019-12-22 00:00:00,0.9986436890121332,1040.823996531185
z_innov_s|RR|2019-12-29 00:00:00,1.010527948447399,1040.823996531185
z_innov_s|RR|2020-01-05 00:00:00,0.998595919149466,1040.823996531185
z_innov_s|RR|2020-01-12 00:00:00,1.0082516010737554,643.450072130582
z_innov_s|RR|2020-01-19 00:00:00,1.0027404519663097,738.2184120912999
z_innov_s|RR|2020-01-26 00:00:00,0.998732919611122,1040.823996531185
z_innov_s|RR|2020-02-02 00:00:00,1.0073130637961867,984.1647396554166
z_innov_s|RR|2020-02-09 00:00:00,1.0037157806780477,800.2585702068627
z_innov_s|RR|2020-02-16 00:00:00,1.0017400342639853,1040.823996531185
z_innov_s|RR|2020-02-23 00:00:00,0.998608909313449,975.4367660855503
z_innov_s|RR|2020-03-01 00:00:00,1.0106372244225357,890.1493306218199
z_innov_s|RR|2020-03-08 00:00:00,1.0467456343810289,1040.823996531185
z_innov_s|RR|2020-03-15 00:00:00,1.0014039404316257,1040.823996531185
z_innov_s|RR|2020-03-22 00:00:00,1.0103407524980776,1040.823996531185
z_innov_s|RR|2020-03-29 00:00:00,1.0051533464340798,833.2163813510169
z_innov_s|RR|2020-04-05 00:00:00,1.0101981696621782,906.8635564148444
z_innov_s|RR|2020-04-12 00:00:00,0.9974970861126767,1040.823996531185
z_innov_s|RR|2020-04-19 00:00:00,1.01085958033308,1016.2891778027861
z_innov_s|RR|2020-04-26 00:00:00,1.006646711138749,977.6919719483932
z_innov_s|RR|2020-05-03 00:00:00,1.0244103685400572,940.5932428382636
z_innov_s|RR|2020-05-10 00:00:00,1.0015604212398106,891.6014376132235
z_innov_s|RR|2020-05-17 00:00:00,1.0247726456643405,908.1028138617436
z_innov_s|RR|2020-05-24 00:00:00,0.9971612812609418,1040.823996531185
z_innov_s|RR|2020-05-31 00:00:00,1.0030542795634203,922.1040036576462
z_innov_s|RR|2020-06-07 00:00:00,1.0090753442827187,1040.823996531185
z_innov_s|RR|2020-06-14 00:00:00,1.010098947353515,616.7472043796745
z_innov_s|RR|2020-06-21 00:00:00,1.0016755218430813,1040.823996531185
z_innov_s|RR|2020-06-28 00:00:00,1.0063110666506114,821.4918014177982
z_innov_s|RR|2020-07-05 00:00:00,0.9981085853638002,642.4630085662893
z_innov_s|RR|2020-07-12 00:00:00,1.0061094944176812,1040.823996531185
z_innov_s|RR|2020-07-19 00:00:00,1.0015369300635113,411.5532550808026
z_innov_s|RR|2020-07-26 00:00:00,0.997114341292166,1040.823996531185
z_innov_s|RR|2020-08-02 00:00:00,1.010975466438057,755.044109646066
z_innov_s|RR|2020-08-09 00:00:00,0.9984965465418598,1040.823996531185
z_innov_s|RR|2020-08-16 00:00:00,1.0050782333683967,875.7628285341914
z_innov_s|RR|2020-08-23 00:00:00,1.0045654994178181,723.186612850708
z_innov_s|RR|2020-08-30 00:00:00,1.0129299133701635,444.14683228062563
z_innov_s|RR|2020-09-06 00:00:00,1.0059778388223186,803.637949079891
z_innov_s|RR|2020-09-13 00:00:00,1.0466975955837186,1040.823996531185
z_innov_s|RR|2020-09-20 00:00:00,0.9984822421863171,1040.823996531185
z_innov_s|RR|2020-09-27 00:00:00,1.002382036120233,1005.3961735198759
z_innov_s|RR|2020-10-04 00:00:00,1.0232457222380882,851.0219620150272
z_innov_s|RR|2020-10-11 00:00:00,0.9992703047048263,866.6480329667029
z_innov_s|RR|2020-10-18 00:00:00,1.002839940183225,741.6063243271016
z_innov_s|RR|2020-10-25 00:00:00,1.0175726174113753,1040.823996531185
z_innov_s|RR|2020-11-01 00:00:00,1.0555337584927442,1010.6138591088979
z_innov_s|RR|2020-11-08 00:00:00,1.0046738653751237,1040.823996531185
z_innov_s|RR|2020-11-15 00:00:00,1.0047818868021232,1040.823996531185
z_innov_s|RR|2020-11-22 00:00:00,1.00732683572685,1040.823996531185
z_innov_s|RR|2020-11-29 00:00:00,1.0014029972352756,1040.823996531185
z_innov_s|RR|2020-12-06 00:00:00,1.00114831324408,545.7770882560785
z_innov_s|RR|2020-12-13 00:00:00,1.000643444283009,796.7042817718412
z_innov_s|RR|2020-12-20 00:00:00,0.9996880931691282,667.2917950503264
z_innov_s|RR|2020-12-27 00:00:00,1.0000915654083706,1040.823996531185
z_innov_s|SC|2019-01-13 00:00:00,1.020803406214568,1040.823996531185
z_innov_s|SC|2019-01-20 00:00:00,0.9967380886538345,1040.823996531185
z_innov_s|SC|2019-01-27 00:00:00,1.0256082502125727,619.4020986436904
z_innov_s|SC|2019-02-03 00:00:00,0.9971147820624491,1040.823996531185
z_innov_s|SC|2019-02-10 00:00:00,1.008899409351967,880.8588720369054
z_innov_s|SC|2019-02-17 00:00:00,0.9972954052908679,775.3141626604403
z_innov_s|SC|2019-02-24 00:00:00,1.0058776283847404,1040.823996531185
z_innov_s|SC|2019-03-03 00:00:00,1.0037837428820249,1040.823996531185
z_innov_s|SC|2019-03-10 00:00:00,1.0035386396484431,1040.823996531185
z_innov_s|SC|2019-03-17 00:00:00,1.0147662987199648,1040.823996531185
z_innov_s|SC|2019-03-24 00:00:00,1.0116488623426108,714.8963673401879
z_innov_s|SC|2019-03-31 00:00:00,0.9976758466108451,921.375676634309
z_innov_s|SC|2019-04-07 00:00:00,1.0288885575651192,1040.823996531185
z_innov_s|SC|2019-04-14 00:00:00,1.003791890364797,1040.823996531185
z_innov_s|SC|2019-04-21 00:00:00,1.00014539702975,736.6420811889864
z_innov_s|SC|2019-04-28 00:00:00,1.0060412386724988,1040.823996531185
z_innov_s|SC|2019-05-05 00:00:00,1.039019594777376,957.8374389162599
z_innov_s|SC|2019-05-12 00:00:00,1.0053230584181883,713.7744954798563
z_innov_s|SC|2019-05-19 00:00:00,1.0002834226184747,1040.823996531185
z_innov_s|SC|2019-05-26 00:00:00,1.005522756219499,666.4105631986927
z_innov_s|SC|2019-06-02 00:00:00,1.0068294050763782,1040.823996531185
z_innov_s|SC|2019-06-09 00:00:00,1.003612146797192,721.4174155065747
z_innov_s|SC|2019-06-16 00:00:00,1.0043323841185356,612.746565382089
z_innov_s|SC|2019-06-23 00:00:00,0.9956593424017396,668.9359190244
z_innov_s|SC|2019-06-30 00:00:00,1.0128140018399285,1040.823996531185
z_innov_s|SC|2019-07-07 00:00:00,1.0039377960722966,610.5177507667197
z_innov_s|SC|2019-07-14 00:00:00,0.9991965224854534,752.0178869149715
z_innov_s|SC|2019-07-21 00:00:00,1.0065324727977314,1040.823996531185
z_innov_s|SC|2019-07-28 00:00:00,1.007402308010817,1040.823996531185
z_innov_s|SC|2019-08-04 00:00:00,1.005803521042202,700.8110174037035
z_innov_s|SC|2019-08-11 00:00:00,1.000219349113291,1040.823996531185
z_innov_s|SC|2019-08-18 00:00:00,1.0022148270025049,902.2850521178725
z_innov_s|SC|2019-08-25 00:00:00,0.9968063888549084,1040.823996531185
z_innov_s|SC|2019-09-01 00:00:00,0.9980697365735961,1040.823996531185
z_innov_s|SC|2019-09-08 00:00:00,1.0097074207999366,1040.823996531185
z_innov_s|SC|2019-09-15 00:00:00,0.9965902719624561,1040.823996531185
z_innov_s|SC|2019-09-22 00:00:00,1.0324351603388369,1040.823996531185
z_innov_s|SC|2019-09-29 00:00:00,1.0086350698831614,1040.823996531185
z_innov_s|SC|2019-10-06 00:00:00,1.0031554524849575,768.9038154171368
z_innov_s|SC|2019-10-13 00:00:00,0.997717364843095,748.066032073489
z_innov_s|SC|2019-10-20 00:00:00,1.0039243520353913,810.7491109517174
z_innov_s|SC|2019-10-27 00:00:00,1.0143203809817427,1040.823996531185
z_innov_s|SC|2019-11-03 00:00:00,1.0471012886639701,1040.823996531185
z_innov_s|SC|2019-11-10 00:00:00,1.0078907594536863,875.7563144024543
z_innov_s|SC|2019-11-17 00:00:00,1.0105097741018758,895.7047866237593
z_innov_s|SC|2019-11-24 00:00:00,1.0081386366864051,915.0993085799598
z_innov_s|SC|2019-12-01 00:00:00,1.000419322833824,882.6554728124364
z_innov_s|SC|2019-12-08 00:00:00,1.0157271908697516,919.2435588847306
z_innov_s|SC|2019-12-15 00:00:00,1.0392028768087425,1040.823996531185
z_innov_s|SC|2019-12-22 00:00:00,1.0162958435500566,1040.823996531185
z_innov_s|SC|2019-12-29 00:00:00,1.0028858821768871,764.4262462049395
z_innov_s|SC|2020-01-05 00:00:00,1.007747210229419,1040.823996531185
z_innov_s|SC|2020-01-12 00:00:00,1.0002805768942156,1018.293152152276
z_innov_s|SC|2020-01-19 00:00:00,1.0040995718125396,1040.823996531185
z_innov_s|SC|2020-01-26 00:00:00,0.9993394356739264,768.0448272977005
z_innov_s|SC|2020-02-02 00:00:00,0.9991551933320207,638.753491959034
z_innov_s|SC|2020-02-09 00:00:00,1.002205639871078,1040.823996531185
z_innov_s|SC|2020-02-16 00:00:00,0.9980959648965424,606.0717943799973
z_innov_s|SC|2020-02-23 00:00:00,1.0218052218135898,840.9648087004034
z_innov_s|SC|2020-03-01 00:00:00,1.0006626502229594,864.465338247969
z_innov_s|SC|2020-03-08 00:00:00,0.9997301717500076,801.9071896779794
z_innov_s|SC|2020-03-15 00:00:00,0.9976362880275876,1040.823996531185
z_innov_s|SC|2020-03-22 00:00:00,0.997125841750069,1040.823996531185
z_innov_s|SC|2020-03-29 00:00:00,0.9988392319275964,929.5484924539322
z_innov_s|SC|2020-04-05 00:00:00,1.0038985622860779,1040.823996531185
z_innov_s|SC|2020-04-12 00:00:00,0.9995747043077793,923.3062167762517
z_innov_s|SC|2020-04-19 00:00:00,1.0120500732452395,620.7465029239842
z_innov_s|SC|2020-04-26 00:00:00,1.0027116145817074,1040.823996531185
z_innov_s|SC|2020-05-03 00:00:00,0.9986713478866558,1040.823996531185
z_innov_s|SC|2020-05-10 00:00:00,1.0055623528805402,576.0707476852133
z_innov_s|SC|2020-05-17 00:00:00,0.9976704161044657,1040.823996531185
z_innov_s|SC|2020-05-24 00:00:00,1.0131470706908128,716.7108939732274
z_innov_s|SC|2020-05-31 00:00:00,0.9997165641747787,1040.823996531185
z_innov_s|SC|2020-06-07 00:00:00,1.0200851878633146,1040.823996531185
z_innov_s|SC|2020-06-14 00:00:00,1.0193689336439247,1036.100469561267
z_innov_s|SC|2020-06-21 00:00:00,1.021585147986126,874.8712065943034
z_innov_s|SC|2020-06-28 00:00:00,0.998328386191587,1040.823996531185
z_innov_s|SC|2020-07-05 00:00:00,0.9987474766990794,1040.823996531185
z_innov_s|SC|2020-07-12 00:00:00,1.0261789452048136,1040.823996531185
z_innov_s|SC|2020-07-19 00:00:00,0.997046957189885,1040.823996531185
z_innov_s|SC|2020-07-26 00:00:00,1.0143907466219912,1040.823996531185
z_innov_s|SC|2020-08-02 00:00:00,1.006328552803045,1040.823996531185
z_innov_s|SC|2020-08-09 00:00:00,1.0006568240244744,1040.823996531185
z_innov_s|SC|2020-08-16 00:00:00,1.0009290038107346,760.2998313781262
z_innov_s|SC|2020-08-23 00:00:00,1.0002546408198816,942.8803185561168
z_innov_s|SC|2020-08-30 00:00:00,1.0335828597958738,1040.823996531185
z_innov_s|SC|2020-09-06 00:00:00,1.0062144843448646,767.0117521217699
z_innov_s|SC|2020-09-13 00:00:00,0.9987847060167443,1040.823996531185
z_innov_s|SC|2020-09-20 00:00:00,1.0002912490836797,857.178926872328
z_innov_s|SC|2020-09-27 00:00:00,1.0030585624297315,726.3395354121385
z_innov_s|SC|2020-10-04 00:00:00,1.0273144565951837,1040.823996531185
z_innov_s|SC|2020-10-11 00:00:00,1.0089430017580556,1040.823996531185
z_innov_s|SC|2020-10-18 00:00:00,1.0093858543097665,1040.823996531185
z_innov_s|SC|2020-10-25 00:00:00,1.0018902692320895,1012.9371940522308
z_innov_s|SC|2020-11-01 00:00:00,1.0020556320708387,1025.6615549180397
z_innov_s|SC|2020-11-08 00:00:00,1.0150443412928556,839.766767704911
z_innov_s|SC|2020-11-15 00:00:00,1.000331775359511,819.6146358936942
z_innov_s|SC|2020-11-22 00:00:00,1.0167352228384052,1040.823996531185
z_innov_s|SC|2020-11-29 00:00:00,1.0015889453945392,1040.823996531185
z_innov_s|SC|2020-12-06 00:00:00,0.9981363314775348,931.39031752009
z_innov_s|SC|2020-12-13 00:00:00,1.0014668905978994,622.3648697628394
z_innov_s|SC|2020-12-20 00:00:00,1.0038604411310181,1040.823996531185
z_innov_s|SC|2020-12-27 00:00:00,1.0034072791519433,782.5533356198611
z_innov_s|SE|2019-01-13 00:00:00,1.0011259796832064,558.9278247491296
z_innov_s|SE|2019-01-20 00:00:00,1.0014381942197548,579.1460102150199
z_innov_s|SE|2019-01-27 00:00:00,0.996711203063865,1040.823996531185
z_innov_s|SE|2019-02-03 00:00:00,1.0071590804203936,1040.823996531185
z_innov_s|SE|2019-02-10 00:00:00,1.0275871886722865,686.3921034958056
z_innov_s|SE|2019-02-17 00:00:00,1.022685760172512,1040.823996531185
z_innov_s|SE|2019-02-24 00:00:00,1.008055552024717,997.6705593597259
z_innov_s|SE|2019-03-03 00:00:00,1.0411441566252257,1040.823996531185
z_innov_s|SE|2019-03-10 00:00:00,1.0196222517522577,1040.823996531185
z_innov_s|SE|2019-03-17 00:00:00,1.0001259646193368,1040.823996531185
z_innov_s|SE|2019-03-24 00:00:00,1.003557161455977,883.4721569961243
z_innov_s|SE|2019-03-31 00:00:00,1.0082898460986316,1040.823996531185
z_innov_s|SE|2019-04-07 00:00:00,1.0011244825434047,725.1522047892704
z_innov_s|SE|2019-04-14 00:00:00,0.9976486786168791,933.9555567173152
z_innov_s|SE|2019-04-21 00:00:00,1.0136606706884237,465.84756154776954
z_innov_s|SE|2019-04-28 00:00:00,0.9990028247993036,704.7093149478987
z_innov_s|SE|2019-05-05 00:00:00,1.0120015336128239,1040.823996531185
z_innov_s|SE|2019-05-12 00:00:00,1.0011523706319037,859.851316900348
z_innov_s|SE|2019-05-19 00:00:00,1.0243910343573361,833.5254119407268
z_innov_s|SE|2019-05-26 00:00:00,0.9984906496810481,1040.823996531185
z_innov_s|SE|2019-06-02 00:00:00,0.9997856187354451,910.8972241775317
z_innov_s|SE|2019-06-09 00:00:00,1.0070578073495697,765.1940264950094
z_innov_s|SE|2019-06-16 00:00:00,1.0099584255699046,656.2116317286224
z_innov_s|SE|2019-06-23 00:00:00,1.0005533356082952,1040.823996531185
z_innov_s|SE|2019-06-30 00:00:00,0.9981302798521803,1040.823996531185
z_innov_s|SE|2019-07-07 00:00:00,1.0056610974475488,1040.823996531185
z_innov_s|SE|2019-07-14 00:00:00,1.0070755912617382,1040.823996531185
z_innov_s|SE|2019-07-21 00:00:00,1.0232265349583682,848.2599239408486
z_innov_s|SE|2019-07-28 00:00:00,1.0012968946976841,516.748128980876
z_innov_s|SE|2019-08-04 00:00:00,1.005012617817289,1040.823996531185
z_innov_s|SE|2019-08-11 00:00:00,1.0021743996666683,1040.823996531185
z_innov_s|SE|2019-08-18 00:00:00,1.0036697080253378,1040.823996531185
z_innov_s|SE|2019-08-25 00:00:00,1.0096872000101786,1035.4744075270924
z_innov_s|SE|2019-09-01 00:00:00,1.002375568925877,872.0754066332518
z_innov_s|SE|2019-09-08 00:00:00,1.009204035247434,634.9515678513271
z_innov_s|SE|2019-09-15 00:00:00,0.9997794364274284,1040.823996531185
z_innov_s|SE|2019-09-22 00:00:00,0.9984866376368309,851.5926184848764
z_innov_s|SE|2019-09-29 00:00:00,1.0072434356533901,963.2968529130142
z_innov_s|SE|2019-10-06 00:00:00,0.9995934611952084,1040.823996531185
z_innov_s|SE|2019-10-13 00:00:00,1.0041050501523145,768.8486190570941
z_innov_s|SE|2019-10-20 00:00:00,1.0169407758846716,1040.823996531185
z_innov_s|SE|2019-10-27 00:00:00,1.0034544000786376,698.1962401635789
z_innov_s|SE|2019-11-03 00:00:00,1.0058848320865392,1040.823996531185
z_innov_s|SE|2019-11-10 00:00:00,0.9990195965060464,1040.823996531185
z_innov_s|SE|2019-11-17 00:00:00,1.00284092212114,1040.823996531185
z_innov_s|SE|2019-11-24 00:00:00,1.0252784371838402,875.0011978299734
z_innov_s|SE|2019-12-01 00:00:00,1.0027630999950343,705.084068517798
z_innov_s|SE|2019-12-08 00:00:00,1.0005252051420266,869.6560590513905
z_innov_s|SE|2019-12-15 00:00:00,0.9988146569866733,1040.823996531185
z_innov_s|SE|2019-12-22 00:00:00,1.008379615539161,600.6071898732082
z_innov_s|SE|2019-12-29 00:00:00,1.0112719427860797,1040.823996531185
z_innov_s|SE|2020-01-05 00:00:00,1.0161562756745546,782.7183515222746
z_innov_s|SE|2020-01-12 00:00:00,1.0045807367742732,771.7949927043825
z_innov_s|SE|2020-01-19 00:00:00,0.9999883128097308,1040.823996531185
z_innov_s|SE|2020-01-26 00:00:00,0.9989326352849318,1040.823996531185
z_innov_s|SE|2020-02-02 00:00:00,0.9995829665254161,1040.823996531185
z_innov_s|SE|2020-02-09 00:00:00,1.002348476108039,980.7343657239925
z_innov_s|SE|2020-02-16 00:00:00,1.0016380903131867,966.881363305649
z_innov_s|SE|2020-02-23 00:00:00,1.0062801899650555,781.429183683256
z_innov_s|SE|2020-03-01 00:00:00,1.0030741770665135,1036.0947608010185
z_innov_s|SE|2020-03-08 00:00:00,1.013668625902496,1040.823996531185
z_innov_s|SE|2020-03-15 00:00:00,1.0071710137458418,946.772641730855
z_innov_s|SE|2020-03-22 00:00:00,1.002384635108124,1040.823996531185
z_innov_s|SE|2020-03-29 00:00:00,1.0159876798506047,803.5562030149729
z_innov_s|SE|2020-04-05 00:00:00,1.0265457843532313,636.5968642059116
z_innov_s|SE|2020-04-12 00:00:00,1.0087498343488641,1040.823996531185
z_innov_s|SE|2020-04-19 00:00:00,1.0204583486192058,1040.823996531185
z_innov_s|SE|2020-04-26 00:00:00,1.0026506690072277,1040.823996531185
z_innov_s|SE|2020-05-03 00:00:00,1.0162425248851474,1040.823996531185
z_innov_s|SE|2020-05-10 00:00:00,1.0092369547692157,1040.823996531185
z_innov_s|SE|2020-05-17 00:00:00,1.0173693408137774,926.862663517102
z_innov_s|SE|2020-05-24 00:00:00,0.9995478082526483,700.0308850994167
z_innov_s|SE|2020-05-31 00:00:00,1.0000705352496426,1040.823996531185
z_innov_s|SE|2020-06-07 00:00:00,1.030925406003801,868.2592890209971
z_innov_s|SE|2020-06-14 00:00:00,1.000133517042925,1013.0540958930682
z_innov_s|SE|2020-06-21 00:00:00,0.9974688137931736,1040.823996531185
z_innov_s|SE|2020-06-28 00:00:00,1.022152686964254,1040.823996531185
z_innov_s|SE|2020-07-05 00:00:00,0.998754708631929,944.3844602841643
z_innov_s|SE|2020-07-12 00:00:00,1.0195549713503218,1040.823996531185
z_innov_s|SE|2020-07-19 00:00:00,1.014839412747686,1040.823996531185
z_innov_s|SE|2020-07-26 00:00:00,1.0144099905438753,563.5951458405452
z_innov_s|SE|2020-08-02 00:00:00,1.013425996603986,1040.823996531185
z_innov_s|SE|2020-08-09 00:00:00,0.9984132646438448,1040.823996531185
z_innov_s|SE|2020-08-16 00:00:00,1.0224191692153106,1040.823996531185
z_innov_s|SE|2020-08-23 00:00:00,1.0194912140474495,1040.823996531185
z_innov_s|SE|2020-08-30 00:00:00,0.9981680517139928,968.0488037886738
z_innov_s|SE|2020-09-06 00:00:00,1.0013015414368212,1040.823996531185
z_innov_s|SE|2020-09-13 00:00:00,1.031881504454081,1008.4449108818311
z_innov_s|SE|2020-09-20 00:00:00,1.0138227329982519,541.5892371006628
z_innov_s|SE|2020-09-27 00:00:00,1.0051552863338333,844.6118537664817
z_innov_s|SE|2020-10-04 00:00:00,1.0142436933459489,1032.9810644363035
z_innov_s|SE|2020-10-11 00:00:00,0.9987079943859023,906.5285492836944
z_innov_s|SE|2020-10-18 00:00:00,1.0067143719879417,1040.823996531185
z_innov_s|SE|2020-10-25 00:00:00,1.0267998101859412,1040.823996531185
z_innov_s|SE|2020-11-01 00:00:00,0.9996379572164968,785.0997388295283
z_innov_s|SE|2020-11-08 00:00:00,1.0035502934764184,858.5560070572167
z_innov_s|SE|2020-11-15 00:00:00,1.0025891543578727,1040.823996531185
z_innov_s|SE|2020-11-22 00:00:00,1.0195142807233857,947.8155868197096
z_innov_s|SE|2020-11-29 00:00:00,0.9963958471413645,929.2513104777325
z_innov_s|SE|2020-12-06 00:00:00,1.0029756342273182,864.739254346125
z_innov_s|SE|2020-12-13 00:00:00,1.0087720263061188,940.1224246234299
z_innov_s|SE|2020-12-20 00:00:00,0.998311884833651,847.1109773496621
z_innov_s|SE|2020-12-27 00:00:00,1.010769826550272,920.8904803969483
z_innov_s|SP|2019-01-13 00:00:00,1.0118114201300563,637.2769343450803
z_innov_s|SP|2019-01-20 00:00:00,1.003144029665217,627.630154499072
z_innov_s|SP|2019-01-27 00:00:00,0.9961199272013767,1040.823996531185
z_innov_s|SP|2019-02-03 00:00:00,0.9986724623138278,936.8774750284844
z_innov_s|SP|2019-02-10 00:00:00,0.999758349332754,1040.823996531185
z_innov_s|SP|2019-02-17 00:00:00,1.0002746612176772,1040.823996531185
z_innov_s|SP|2019-02-24 00:00:00,0.9984011898096616,888.2645982556686
z_innov_s|SP|2019-03-03 00:00:00,1.0003080858647455,966.1207517777056
z_innov_s|SP|2019-03-10 00:00:00,1.0089044985978515,916.7133216119091
z_innov_s|SP|2019-03-17 00:00:00,1.003418377037868,1040.823996531185
z_innov_s|SP|2019-03-24 00:00:00,1.002565276184672,929.3244133253769
z_innov_s|SP|2019-03-31 00:00:00,1.0103930705845585,1040.823996531185
z_innov_s|SP|2019-04-07 00:00:00,1.0165020686355446,1040.823996531185
z_innov_s|SP|2019-04-14 00:00:00,1.0188861281306614,1040.823996531185
z_innov_s|SP|2019-04-21 00:00:00,0.9994507472035226,1040.823996531185
z_innov_s|SP|2019-04-28 00:00:00,1.0082652850631917,672.9334884206062
z_innov_s|SP|2019-05-05 00:00:00,1.0010850945433696,1040.823996531185
z_innov_s|SP|2019-05-12 00:00:00,1.0107027924067582,513.842186947593
z_innov_s|SP|2019-05-19 00:00:00,1.006745333549687,803.9588511644207
z_innov_s|SP|2019-05-26 00:00:00,1.0000785373087828,1040.823996531185
z_innov_s|SP|2019-06-02 00:00:00,1.004368685801558,1040.823996531185
z_innov_s|SP|2019-06-09 00:00:00,1.014547687197329,976.8805335488282
z_innov_s|SP|2019-06-16 00:00:00,1.0009177573591737,694.1665012836421
z_innov_s|SP|2019-06-23 00:00:00,1.0265070619056897,1026.8942158934922
z_innov_s|SP|2019-06-30 00:00:00,1.0006805943960315,1040.823996531185
z_innov_s|SP|2019-07-07 00:00:00,1.057750410603994,1040.823996531185
z_innov_s|SP|2019-07-14 00:00:00,0.9986359206024433,908.2677192045842
z_innov_s|SP|2019-07-21 00:00:00,1.0008969860589685,1040.823996531185
z_innov_s|SP|2019-07-28 00:00:00,0.9973749716845705,975.9789889106385
z_innov_s|SP|2019-08-04 00:00:00,0.9982759164075287,926.3607565292683
z_innov_s|SP|2019-08-11 00:00:00,0.9955756036511457,1040.823996531185
z_innov_s|SP|2019-08-18 00:00:00,1.0117984633895296,1015.7272761479127
z_innov_s|SP|2019-08-25 00:00:00,1.0188122209578534,805.5937726682337
z_innov_s|SP|2019-09-01 00:00:00,1.0010855015443842,1003.2562794866852
z_innov_s|SP|2019-09-08 00:00:00,1.006999440978886,662.0100929243544
z_innov_s|SP|2019-09-15 00:00:00,1.0039246036527023,675.2051844271233
z_innov_s|SP|2019-09-22 00:00:00,1.008135051414082,885.9425626484611
z_innov_s|SP|2019-09-29 00:00:00,1.0118436982409234,1040.823996531185
z_innov_s|SP|2019-10-06 00:00:00,0.997623702053177,555.8526282508241
z_innov_s|SP|2019-10-13 00:00:00,1.0009092789002738,932.5179637330198
z_innov_s|SP|2019-10-20 00:00:00,0.9973473398458786,891.4801702111062
z_innov_s|SP|2019-10-27 00:00:00,1.0159167185498914,794.4472816421295
z_innov_s|SP|2019-11-03 00:00:00,0.9986853207191616,712.4327107453353
z_innov_s|SP|2019-11-10 00:00:00,1.0030983248027945,569.4630756650166
z_innov_s|SP|2019-11-17 00:00:00,0.9976793470184404,1040.823996531185
z_innov_s|SP|2019-11-24 00:00:00,1.0327270270091808,749.1447656051313
z_innov_s|SP|2019-12-01 00:00:00,1.0032252805186082,1040.823996531185
z_innov_s|SP|2019-12-08 00:00:00,1.0111398085875798,931.8598965490422
z_innov_s|SP|2019-12-15 00:00:00,1.0050642092525937,922.2835979654225
z_innov_s|SP|2019-12-22 00:00:00,0.9977842426556315,805.880582599358
z_innov_s|SP|2019-12-29 00:00:00,0.9980770993556326,712.7751024939547
z_innov_s|SP|2020-01-05 00:00:00,0.9970279202667635,1040.823996531185
z_innov_s|SP|2020-01-12 00:00:00,1.0080818627535533,751.110847861948
z_innov_s|SP|2020-01-19 00:00:00,1.0593419295979873,1019.6556714847247
z_innov_s|SP|2020-01-26 00:00:00,1.0011982028002149,897.1337144635612
z_innov_s|SP|2020-02-02 00:00:00,0.9983146155880098,1040.823996531185
z_innov_s|SP|2020-02-09 00:00:00,1.0102331629439234,1040.823996531185
z_innov_s|SP|2020-02-16 00:00:00,1.005897342266397,926.833900701546
z_innov_s|SP|2020-02-23 00:00:00,1.0050816818572437,982.705193039546
z_innov_s|SP|2020-03-01 00:00:00,1.002829888593704,1040.823996531185
z_innov_s|SP|2020-03-08 00:00:00,1.001724351628945,1040.823996531185
z_innov_s|SP|2020-03-15 00:00:00,1.000843655186445,1040.823996531185
z_innov_s|SP|2020-03-22 00:00:00,1.0044194987477266,866.7373297818012
z_innov_s|SP|2020-03-29 00:00:00,1.0173885223840318,981.708159864422
z_innov_s|SP|2020-04-05 00:00:00,1.0212213035060227,815.1383961330872
z_innov_s|SP|2020-04-12 00:00:00,1.0057271053032022,1040.823996531185
z_innov_s|SP|2020-04-19 00:00:00,1.0194209708884805,1040.823996531185
z_innov_s|SP|2020-04-26 00:00:00,1.0200641835217417,915.7407862944383
z_innov_s|SP|2020-05-03 00:00:00,1.004748779261151,857.643296067172
z_innov_s|SP|2020-05-10 00:00:00,1.000443494033692,1040.823996531185
z_innov_s|SP|2020-05-17 00:00:00,1.005795401592765,896.1077688078027
z_innov_s|SP|2020-05-24 00:00:00,0.9956702396826743,1040.823996531185
z_innov_s|SP|2020-05-31 00:00:00,1.0001714364500414,796.2624888954882
z_innov_s|SP|2020-06-07 00:00:00,1.001100185852362,1040.823996531185
z_innov_s|SP|2020-06-14 00:00:00,0.9993815382810252,1040.823996531185
z_innov_s|SP|2020-06-21 00:00:00,0.9972634015189326,1040.823996531185
z_innov_s|SP|2020-06-28 00:00:00,0.999605969536521,1040.823996531185
z_innov_s|SP|2020-07-05 00:00:00,1.0074756108260794,874.6510918840811
z_innov_s|SP|2020-07-12 00:00:00,1.0002284863385849,900.1701859924514
z_innov_s|SP|2020-07-19 00:00:00,0.9988354472082801,686.1568584668491
z_innov_s|SP|2020-07-26 00:00:00,1.0208383460921755,1040.823996531185
z_innov_s|SP|2020-08-02 00:00:00,0.9963185225788632,968.8920587392363
z_innov_s|SP|2020-08-09 00:00:00,1.0139159248888119,866.3075204923914
z_innov_s|SP|2020-08-16 00:00:00,1.0037926797862164,1006.5555224326836
z_innov_s|SP|2020-08-23 00:00:00,1.004160971349785,691.5075628055403
z_innov_s|SP|2020-08-30 00:00:00,1.0177361405305354,1040.823996531185
z_innov_s|SP|2020-09-06 00:00:00,1.0162695222423304,612.2628931985481
z_innov_s|SP|2020-09-13 00:00:00,1.001298801592594,1040.823996531185
z_innov_s|SP|2020-09-20 00:00:00,1.0000688894152003,838.6539527258485
z_innov_s|SP|2020-09-27 00:00:00,1.0000698473612404,799.2106879854155
z_innov_s|SP|2020-10-04 00:00:00,1.00120850231748,953.1279739977953
z_innov_s|SP|2020-10-11 00:00:00,1.0051244943222504,1040.823996531185
z_innov_s|SP|2020-10-18 00:00:00,1.0010709092083656,712.5780303391277
z_innov_s|SP|2020-10-25 00:00:00,0.9990197977564828,547.2821847492173
z_innov_s|SP|2020-11-01 00:00:00,1.0012097099987218,1040.823996531185
z_innov_s|SP|2020-11-08 00:00:00,0.9984487326468763,925.2461499022959
z_innov_s|SP|2020-11-15 00:00:00,0.9994638138175713,1031.7044650806893
z_innov_s|SP|2020-11-22 00:00:00,1.0094132335101287,896.2833719166242
z_innov_s|SP|2020-11-29 00:00:00,0.9986987082554856,1040.823996531185
z_innov_s|SP|2020-12-06 00:00:00,1.026948688014972,1040.823996531185
z_innov_s|SP|2020-12-13 00:00:00,1.0005764578554985,876.1195624639238
z_innov_s|SP|2020-12-20 00:00:00,1.0221252482194616,718.1207584916714
z_innov_s|SP|2020-12-27 00:00:00,0.9963801690016567,1040.823996531185
z_innov_s|TO|2019-01-13 00:00:00,1.0007703112796815,962.5860957506111
z_innov_s|TO|2019-01-20 00:00:00,1.0031748349916543,1040.823996531185
z_innov_s|TO|2019-01-27 00:00:00,1.00215695586178,987.3104391283586
z_innov_s|TO|2019-02-03 00:00:00,1.0041976449508248,1040.823996531185
z_innov_s|TO|2019-02-10 00:00:00,1.0052002365807076,917.3893792460929
z_innov_s|TO|2019-02-17 00:00:00,0.9998038333366466,1004.9274080609347
z_innov_s|TO|2019-02-24 00:00:00,1.0119111315287832,1040.823996531185
z_innov_s|TO|2019-03-03 00:00:00,1.0027553415257116,571.7071528956711
z_innov_s|TO|2019-03-10 00:00:00,0.9983477635797786,839.219614840584
z_innov_s|TO|2019-03-17 00:00:00,0.9989445733953257,784.0233645265154
z_innov_s|TO|2019-03-24 00:00:00,0.9982846817409856,1040.823996531185
z_innov_s|TO|2019-03-31 00:00:00,1.0003270008424454,1040.823996531185
z_innov_s|TO|2019-04-07 00:00:00,1.0188397130098894,748.1862902543535
z_innov_s|TO|2019-04-14 00:00:00,1.0041843415611809,654.050067494291
z_innov_s|TO|2019-04-21 00:00:00,1.0065034062033988,1040.823996531185
z_innov_s|TO|2019-04-28 00:00:00,1.00431977529292,714.0697084787724
z_innov_s|TO|2019-05-05 00:00:00,1.0040719225151475,1040.823996531185
z_innov_s|TO|2019-05-12 00:00:00,1.0097509630987944,1040.823996531185
z_innov_s|TO|2019-05-19 00:00:00,0.9986571926664501,955.3740327292303
z_innov_s|TO|2019-05-26 00:00:00,1.0040016093547472,718.2801719369031
z_innov_s|TO|2019-06-02 00:00:00,1.0009816177781303,421.68760726273865
z_innov_s|TO|2019-06-09 00:00:00,1.0047000300417537,1040.823996531185
z_innov_s|TO|2019-06-16 00:00:00,1.023187486724192,1040.823996531185
z_innov_s|TO|2019-06-23 00:00:00,1.008551016761785,1040.823996531185
z_innov_s|TO|2019-06-30 00:00:00,0.9987330586259655,1040.823996531185
z_innov_s|TO|2019-07-07 00:00:00,1.0064818591095483,914.1203376599906
z_innov_s|TO|2019-07-14 00:00:00,1.017657657058589,1040.823996531185
z_innov_s|TO|2019-07-21 00:00:00,1.0149406834006105,746.0148542990124
z_innov_s|TO|2019-07-28 00:00:00,1.0038389507280983,1004.3618206578851
z_innov_s|TO|2019-08-04 00:00:00,1.0277931507208407,843.2888250883075
z_innov_s|TO|2019-08-11 00:00:00,1.0110765960687962,417.8066240980194
z_innov_s|TO|2019-08-18 00:00:00,1.00450271361487,1031.8153906676423
z_innov_s|TO|2019-08-25 00:00:00,0.998800757726282,1040.823996531185
z_innov_s|TO|2019-09-01 00:00:00,1.0104817476717285,653.084330188812
z_innov_s|TO|2019-09-08 00:00:00,0.9983985025380162,871.3535592365639
z_innov_s|TO|2019-09-15 00:00:00,0.998671128143818,1040.823996531185
z_innov_s|TO|2019-09-22 00:00:00,1.0104888451648208,830.9513161616012
z_innov_s|TO|2019-09-29 00:00:00,1.0033973826215115,914.1738671913525
z_innov_s|TO|2019-10-06 00:00:00,1.0307710880381162,1040.823996531185
z_innov_s|TO|2019-10-13 00:00:00,1.0061490792662182,1040.823996531185
z_innov_s|TO|2019-10-20 00:00:00,0.9990285324970327,1040.823996531185
z_innov_s|TO|2019-10-27 00:00:00,1.0198187616331975,1040.823996531185
z_innov_s|TO|2019-11-03 00:00:00,1.0046710522910798,792.8317154831824
z_innov_s|TO|2019-11-10 00:00:00,1.0110197896698396,1040.823996531185
z_innov_s|TO|2019-11-17 00:00:00,1.007509956109253,975.5776841246541
z_innov_s|TO|2019-11-24 00:00:00,1.0120635253076176,606.013391493955
z_innov_s|TO|2019-12-01 00:00:00,1.001997415405239,820.3825894790598
z_innov_s|TO|2019-12-08 00:00:00,1.0023451271943697,804.7442750349751
z_innov_s|TO|2019-12-15 00:00:00,1.0028322769571296,1040.823996531185
z_innov_s|TO|2019-12-22 00:00:00,0.996618869751462,1040.823996531185
z_innov_s|TO|2019-12-29 00:00:00,0.9990069621276176,653.73117416066
z_innov_s|TO|2020-01-05 00:00:00,0.9969500780349854,958.110647031958
z_innov_s|TO|2020-01-12 00:00:00,0.9978613943151097,1040.823996531185
z_innov_s|TO|2020-01-19 00:00:00,0.9985605352552185,704.7796470518163
z_innov_s|TO|2020-01-26 00:00:00,0.996174886482648,912.1677594476873
z_innov_s|TO|2020-02-02 00:00:00,1.0000296043459718,1040.823996531185
z_innov_s|TO|2020-02-09 00:00:00,1.0008885283288131,1040.823996531185
z_innov_s|TO|2020-02-16 00:00:00,1.0030812253750887,902.8389931979274
z_innov_s|TO|2020-02-23 00:00:00,1.0316868365385148,985.449139207337
z_innov_s|TO|2020-03-01 00:00:00,1.016780778729579,880.4616165178253
z_innov_s|TO|2020-03-08 00:00:00,0.9974363610886808,801.451231166068
z_innov_s|TO|2020-03-15 00:00:00,1.0022753718209207,841.9850690694525
z_innov_s|TO|2020-03-22 00:00:00,1.00514317684141,593.7940713650594
z_innov_s|TO|2020-03-29 00:00:00,1.0042762230389783,597.7686487910248
z_innov_s|TO|2020-04-05 00:00:00,1.0007177150559734,626.7400379732285
z_innov_s|TO|2020-04-12 00:00:00,0.9999469138512432,987.4672753795667
z_innov_s|TO|2020-04-19 00:00:00,1.0156688346346026,865.1861855680742
z_innov_s|TO|2020-04-26 00:00:00,1.0014025107206108,1030.6525829501672
z_innov_s|TO|2020-05-03 00:00:00,1.0027583819978814,1040.823996531185
z_innov_s|TO|2020-05-10 00:00:00,1.013118088294964,907.7977756867443
z_innov_s|TO|2020-05-17 00:00:00,0.9953946410054797,812.7753438399516
z_innov_s|TO|2020-05-24 00:00:00,0.9964790912976647,1040.823996531185
z_innov_s|TO|2020-05-31 00:00:00,1.001003112962032,969.0679114494603
z_innov_s|TO|2020-06-07 00:00:00,1.0210764429066455,596.0435557468666
z_innov_s|TO|2020-06-14 00:00:00,1.0277061090901938,1040.823996531185
z_innov_s|TO|2020-06-21 00:00:00,1.0071279999707143,826.7747628896077
z_innov_s|TO|2020-06-28 00:00:00,1.00074564494372,1040.823996531185
z_innov_s|TO|2020-07-05 00:00:00,1.0234528011835393,834.3971468490131
z_innov_s|TO|2020-07-12 00:00:00,1.0413330777739496,981.936026175565
z_innov_s|TO|2020-07-19 00:00:00,0.999825564428555,1040.823996531185
z_innov_s|TO|2020-07-26 00:00:00,1.0038222053803736,1040.823996531185
z_innov_s|TO|2020-08-02 00:00:00,1.0293035429834079,1040.823996531185
z_innov_s|TO|2020-08-09 00:00:00,1.0000583372467442,456.74541512938714
z_innov_s|TO|2020-08-16 00:00:00,1.0222541786921626,518.5888047118414
z_innov_s|TO|2020-08-23 00:00:00,1.006606340488728,1040.823996531185
z_innov_s|TO|2020-08-30 00:00:00,1.0013878453775928,1040.823996531185
z_innov_s|TO|2020-09-06 00:00:00,0.9993250216623449,917.0157545628088
z_innov_s|TO|2020-09-13 00:00:00,1.012850251529113,1040.823996531185
z_innov_s|TO|2020-09-20 00:00:00,0.9982283432520712,820.2713210819761
z_innov_s|TO|2020-09-27 00:00:00,1.0018564370189733,1040.823996531185
z_innov_s|TO|2020-10-04 00:00:00,1.0003985277648928,822.5250949581884
z_innov_s|TO|2020-10-11 00:00:00,0.9981980958962203,1040.823996531185
z_innov_s|TO|2020-10-18 00:00:00,1.0074112304256764,1040.823996531185
z_innov_s|TO|2020-10-25 00:00:00,1.021343214373007,1013.7506596087376
z_innov_s|TO|2020-11-01 00:00:00,0.9989707356930364,923.7414364284899
z_innov_s|TO|2020-11-08 00:00:00,1.0133110246747894,1040.823996531185
z_innov_s|TO|2020-11-15 00:00:00,1.0331135614667213,970.4527707052315
z_innov_s|TO|2020-11-22 00:00:00,1.0047910766866266,798.1637301112798
z_innov_s|TO|2020-11-29 00:00:00,1.011546025929207,1002.763225281614
z_innov_s|TO|2020-12-06 00:00:00,1.0044284389899616,886.5868516820708
z_innov_s|TO|2020-12-13 00:00:00,1.0072439298349327,1040.823996531185
z_innov_s|TO|2020-12-20 00:00:00,0.9970890088090857,1040.823996531185
z_innov_s|TO|2020-12-27 00:00:00,1.0033463765806054,663.9353539249046
z_state|AL|2019-01-06 00:00:00,1.0066532792693366,776.2866380039794
z_state|AL|2019-01-13 00:00:00,1.000085032193389,909.4080250390888
z_state|AL|2019-01-20 00:00:00,1.0034587715286927,1040.823996531185
z_state|AL|2019-01-27 00:00:00,1.0022346084029914,1040.823996531185
z_state|AL|2019-02-03 00:00:00,1.0032123237887929,1040.823996531185
z_state|AL|2019-02-10 00:00:00,1.0002218623978667,1040.823996531185
z_state|AL|2019-02-17 00:00:00,1.004807665423573,1040.823996531185
z_state|AL|2019-02-24 00:00:00,1.0051356198400663,1040.823996531185
z_state|AL|2019-03-03 00:00:00,1.0013478252442145,1040.823996531185
z_state|AL|2019-03-10 00:00:00,0.9971004565393092,877.7913669938738
z_state|AL|2019-03-17 00:00:00,0.9964320722851335,1037.3589277030396
z_state|AL|2019-03-24 00:00:00,0.9989853077333338,962.1343545281544
z_state|AL|2019-03-31 00:00:00,0.9974197721205722,921.7778872614481
z_state|AL|2019-04-07 00:00:00,0.9954236637664339,892.6672372484895
z_state|AL|2019-04-14 00:00:00,0.9965472217204575,1026.8139453601239
z_state|AL|2019-04-21 00:00:00,0.9981252974661667,877.2781721118655
z_state|AL|2019-04-28 00:00:00,0.9969501901568151,783.1865479339683
z_state|AL|2019-05-05 00:00:00,1.007525644958334,729.9531051148105
z_state|AL|2019-05-12 00:00:00,1.0020664464644367,742.5011795724816
z_state|AL|2019-05-19 00:00:00,0.9988047983774253,811.5065497498024
z_state|AL|2019-05-26 00:00:00,0.9982086639973767,824.7564847200674
z_state|AL|2019-06-02 00:00:00,1.0037858345576227,718.7161116902245
z_state|AL|2019-06-09 00:00:00,1.0028096338610024,693.4561274134393
z_state|AL|2019-06-16 00:00:00,0.9994368984579777,705.549469036255
z_state|AL|2019-06-23 00:00:00,1.0010271680227707,942.6816738679281
z_state|AL|2019-06-30 00:00:00,1.0085014243637092,1040.823996531185
z_state|AL|2019-07-07 00:00:00,1.006334301138426,1040.823996531185
z_state|AL|2019-07-14 00:00:00,1.0156760597064975,954.8523741638186
z_state|AL|2019-07-21 00:00:00,1.0185498414786958,851.1161822679538
z_state|AL|2019-07-28 00:00:00,1.008070923697162,879.8944577331592
z_state|AL|2019-08-04 00:00:00,1.0003652915075418,817.7533943524678
z_state|AL|2019-08-11 00:00:00,0.9977090035899041,792.7833468879495
z_state|AL|2019-08-18 00:00:00,0.9959135322468718,818.7139596093351
z_state|AL|2019-08-25 00:00:00,1.0006224922302351,836.2774068960698
z_state|AL|2019-09-01 00:00:00,1.0034680966274423,815.2108478923922
z_state|AL|2019-09-08 00:00:00,1.0040436367651675,833.6750564071473
z_state|AL|2019-09-15 00:00:00,0.9987033927721083,773.937366985815
z_state|AL|2019-09-22 00:00:00,0.9972999944810452,745.5863767594818
z_state|AL|2019-09-29 00:00:00,1.005290479480506,749.5696971826777
z_state|AL|2019-10-06 00:00:00,1.0137684421254214,884.5379116596512
z_state|AL|2019-10-13 00:00:00,1.0074840913946952,992.7800822838184
z_state|AL|2019-10-20 00:00:00,1.0076106819976915,747.2786803375736
z_state|AL|2019-10-27 00:00:00,1.014187878874803,705.8018568141857
z_state|AL|2019-11-03 00:00:00,1.0167513400569153,857.1504177865957
z_state|AL|2019-11-10 00:00:00,1.016297703407505,927.9066816214242
z_state|AL|2019-11-17 00:00:00,1.0052128874195583,683.9923137705142
z_state|AL|2019-11-24 00:00:00,1.010150058918506,666.1970653286135
z_state|AL|2019-12-01 00:00:00,1.0001740850539362,648.9055406919513
z_state|AL|2019-12-08 00:00:00,0.9976086776890458,982.2414805657116
z_state|AL|2019-12-15 00:00:00,0.997792016348129,885.9067148249014
z_state|AL|2019-12-22 00:00:00,0.9969990208783696,988.8011951640119
z_state|AL|2019-12-29 00:00:00,1.0074362497404774,960.9614812369339
z_state|AL|2020-01-05 00:00:00,1.006220868830605,1009.8528906959713
z_state|AL|2020-01-12 00:00:00,0.9976069004378139,979.4207773123145
z_state|AL|2020-01-19 00:00:00,0.9986551993302617,804.0113757938827
z_state|AL|2020-01-26 00:00:00,0.9998978585673106,742.4668440550731
z_state|AL|2020-02-02 00:00:00,1.0024072473943069,786.5680551652955
z_state|AL|2020-02-09 00:00:00,0.9992204677420681,825.8800681488749
z_state|AL|2020-02-16 00:00:00,1.004152159170219,752.600005913013
z_state|AL|2020-02-23 00:00:00,1.0105625026774785,719.679213489661
z_state|AL|2020-03-01 00:00:00,1.0035233859447645,681.1874636961977
z_state|AL|2020-03-08 00:00:00,0.9964554884244244,651.9431273714596
z_state|AL|2020-03-15 00:00:00,1.003080778584392,698.2374856602065
z_state|AL|2020-03-22 00:00:00,1.0076198239306717,717.4463308314678
z_state|AL|2020-03-29 00:00:00,1.008016029364901,646.0798502662052
z_state|AL|2020-04-05 00:00:00,1.0095060720349527,730.5243501763503
z_state|AL|2020-04-12 00:00:00,1.0092213922417848,921.2531791954244
z_state|AL|2020-04-19 00:00:00,1.0035653149177244,1040.823996531185
z_state|AL|2020-04-26 00:00:00,0.9959102710111397,1040.823996531185
z_state|AL|2020-05-03 00:00:00,0.9981258628713525,863.9922297781037
z_state|AL|2020-05-10 00:00:00,0.9982756371856237,720.0711774941781
z_state|AL|2020-05-17 00:00:00,0.9989098529592616,675.8263168691303
z_state|AL|2020-05-24 00:00:00,0.9990669683533676,649.9858584684513
z_state|AL|2020-05-31 00:00:00,0.9978714274304031,819.556824543113
z_state|AL|2020-06-07 00:00:00,1.0039855344045214,724.0058928887122
z_state|AL|2020-06-14 00:00:00,1.0067943894884397,703.8113513614112
z_state|AL|2020-06-21 00:00:00,1.0120356860938937,649.1218480835365
z_state|AL|2020-06-28 00:00:00,1.0015616718047482,599.9775008704452
z_state|AL|2020-07-05 00:00:00,0.9996326475405043,594.12450512564
z_state|AL|2020-07-12 00:00:00,1.0015492049542196,743.6388855301785
z_state|AL|2020-07-19 00:00:00,0.9999553122172737,820.2850418594961
z_state|AL|2020-07-26 00:00:00,1.0026208752418866,735.1095838644804
z_state|AL|2020-08-02 00:00:00,1.008589347292426,749.1396624655284
z_state|AL|2020-08-09 00:00:00,0.9996827985453298,665.2201169638149
z_state|AL|2020-08-16 00:00:00,1.0042614037387305,795.5353907161762
z_state|AL|2020-08-23 00:00:00,1.0039787648252805,648.4914563300565
z_state|AL|2020-08-30 00:00:00,1.0052684073511224,751.392226650428
z_state|AL|2020-09-06 00:00:00,1.0017927774525226,672.4854395081395
z_state|AL|2020-09-13 00:00:00,1.003137682942665,776.0278066866601
z_state|AL|2020-09-20 00:00:00,1.025194953514222,814.5226017363644
z_state|AL|2020-09-27 00:00:00,1.0085730061629137,733.174736646386
z_state|AL|2020-10-04 00:00:00,1.0092046352979727,1003.4307995988893
z_state|AL|2020-10-11 00:00:00,1.0018114037794643,778.2524442116518
z_state|AL|2020-10-18 00:00:00,0.9990306026549817,760.9334711304766
z_state|AL|2020-10-25 00:00:00,1.004157701391498,772.7873780969585
z_state|AL|2020-11-01 00:00:00,1.003891210574439,886.5770634173651
z_state|AL|2020-11-08 00:00:00,0.9961060221173714,785.6558152830336
z_state|AL|2020-11-15 00:00:00,0.9954566923713242,835.3950182662255
z_state|AL|2020-11-22 00:00:00,1.0101759560505559,867.5978323133405
z_state|AL|2020-11-29 00:00:00,1.0073240995935222,649.2952657295788
z_state|AL|2020-12-06 00:00:00,1.0046578886121438,854.5986522069859
z_state|AL|2020-12-13 00:00:00,1.017329088240715,840.6510279835869
z_state|AL|2020-12-20 00:00:00,1.0215629275306255,858.0969214860879
z_state|AL|2020-12-27 00:00:00,1.006620565859492,894.7517236585652
z_state|AM|2019-01-06 00:00:00,1.0009795752791013,523.8844912912887
z_state|AM|2019-01-13 00:00:00,1.0002187909687434,744.3669924345949
z_state|AM|2019-01-20 00:00:00,1.0117722676168446,636.1850059841481
z_state|AM|2019-01-27 00:00:00,1.0180337763778788,711.1471690335843
z_state|AM|2019-02-03 00:00:00,1.0100609642429519,495.01665796426107
z_state|AM|2019-02-10 00:00:00,1.0112960985113857,653.1922566404971
z_state|AM|2019-02-17 00:00:00,1.0250176880736703,752.9655311058182
z_state|AM|2019-02-24 00:00:00,1.0043946382077666,768.6045037369837
z_state|AM|2019-03-03 00:00:00,1.0133314038500538,609.8392864960316
z_state|AM|2019-03-10 00:00:00,1.0204105842183258,604.7350529671295
z_state|AM|2019-03-17 00:00:00,1.022644143948612,579.0071951611824
z_state|AM|2019-03-24 00:00:00,1.0101795602426313,735.5510248949585
z_state|AM|2019-03-31 00:00:00,0.9975104520650383,742.3634212198581
z_state|AM|2019-04-07 00:00:00,1.0010030845044775,678.2290145012356
z_state|AM|2019-04-14 00:00:00,1.0049705390936532,650.9153156008812
z_state|AM|2019-04-21 00:00:00,1.0022435706102388,593.724111179057
z_state|AM|2019-04-28 00:00:00,1.004316635467329,593.64060680774
z_state|AM|2019-05-05 00:00:00,1.0079290756602903,673.8932707376215
z_state|AM|2019-05-12 00:00:00,1.0142902891902774,799.2144488455256
z_state|AM|2019-05-19 00:00:00,1.0058197024952427,930.6917311105576
z_state|AM|2019-05-26 00:00:00,1.0094733352472467,1040.823996531185
z_state|AM|2019-06-02 00:00:00,1.0134920824053495,975.2477266777623
z_state|AM|2019-06-09 00:00:00,1.0048223290813878,765.148162750415
z_state|AM|2019-06-16 00:00:00,1.003469167491237,961.4128205937456
z_state|AM|2019-06-23 00:00:00,1.0270688537135917,1040.823996531185
z_state|AM|2019-06-30 00:00:00,0.9993510886813561,938.1592806032892
z_state|AM|2019-07-07 00:00:00,0.9989966963714858,801.1664681873374
z_state|AM|2019-07-14 00:00:00,1.0017443634248524,903.0225992277125
z_state|AM|2019-07-21 00:00:00,1.011053978582726,831.9126644689638
z_state|AM|2019-07-28 00:00:00,1.003344392037109,735.9233340855363
z_state|AM|2019-08-04 00:00:00,1.010825407462014,897.4146302106147
z_state|AM|2019-08-11 00:00:00,0.9998670407192835,727.6977612010776
z_state|AM|2019-08-18 00:00:00,1.0011143030105976,708.7614891069427
z_state|AM|2019-08-25 00:00:00,1.0010199477150692,743.5818501588998
z_state|AM|2019-09-01 00:00:00,1.00081679923644,649.4376671967872
z_state|AM|2019-09-08 00:00:00,0.999269539595877,592.3005328149162
z_state|AM|2019-09-15 00:00:00,1.0020116551605938,535.9686933651449
z_state|AM|2019-09-22 00:00:00,1.0034209748444896,542.1415319104358
z_state|AM|2019-09-29 00:00:00,1.0008346790684988,586.9043175638479
z_state|AM|2019-10-06 00:00:00,1.0021650579888453,650.8197776605247
z_state|AM|2019-10-13 00:00:00,0.9991714012524808,628.8269399505231
z_state|AM|2019-10-20 00:00:00,0.9981518766406329,756.3368282398568
z_state|AM|2019-10-27 00:00:00,0.9974995800358917,704.4566736418199
z_state|AM|2019-11-03 00:00:00,1.0031800896649903,872.2536566514539
z_state|AM|2019-11-10 00:00:00,0.9999205250142679,851.9181224156521
z_state|AM|2019-11-17 00:00:00,0.9999055992482668,700.8623373539448
z_state|AM|2019-11-24 00:00:00,1.0010255501877807,933.5366354187678
z_state|AM|2019-12-01 00:00:00,1.0079053674496512,826.6262707241676
z_state|AM|2019-12-08 00:00:00,1.0115097807264617,744.5531541780495
z_state|AM|2019-12-15 00:00:00,0.995890438391242,703.2328766028199
z_state|AM|2019-12-22 00:00:00,0.9960449602719721,712.5763702211872
z_state|AM|2019-12-29 00:00:00,0.9969577509955375,627.3779072119947
z_state|AM|2020-01-05 00:00:00,0.997690347671702,713.2361531546745
z_state|AM|2020-01-12 00:00:00,1.0068918829183298,647.1178839713762
z_state|AM|2020-01-19 00:00:00,1.004575822861996,714.1915184657227
z_state|AM|2020-01-26 00:00:00,1.0144223839505024,548.3506112964498
z_state|AM|2020-02-02 00:00:00,1.0048053319801669,591.6486727121185
z_state|AM|2020-02-09 00:00:00,1.0043417878757184,551.0554205435647
z_state|AM|2020-02-16 00:00:00,1.0087616560892758,734.0631680423617
z_state|AM|2020-02-23 00:00:00,1.0096648148977232,807.1310046630864
z_state|AM|2020-03-01 00:00:00,1.0048084794677752,844.8465481430478
z_state|AM|2020-03-08 00:00:00,1.0047108709208303,912.6882596791594
z_state|AM|2020-03-15 00:00:00,1.001230814219029,771.3779628587179
z_state|AM|2020-03-22 00:00:00,1.0025218220124104,816.6626903043893
z_state|AM|2020-03-29 00:00:00,1.002135321092913,654.380130600204
z_state|AM|2020-04-05 00:00:00,1.0029486066124786,629.0233652993169
z_state|AM|2020-04-12 00:00:00,1.002529972306848,576.1342103440883
z_state|AM|2020-04-19 00:00:00,0.9983854916321154,782.6829509200298
z_state|AM|2020-04-26 00:00:00,0.9969204697155437,620.0390427903101
z_state|AM|2020-05-03 00:00:00,0.9987022500612018,726.2075665957843
z_state|AM|2020-05-10 00:00:00,1.0040419544379255,692.9096813811983
z_state|AM|2020-05-17 00:00:00,1.0158037165852973,741.5072416803995
z_state|AM|2020-05-24 00:00:00,1.0102860564026266,783.3902355184305
z_state|AM|2020-05-31 00:00:00,1.010864862370349,673.7419602744012
z_state|AM|2020-06-07 00:00:00,0.9974490245905661,701.1862680796825
z_state|AM|2020-06-14 00:00:00,1.003177479395217,715.1062414130807
z_state|AM|2020-06-21 00:00:00,1.023822125140581,695.4294115996635
z_state|AM|2020-06-28 00:00:00,1.005183425822633,571.2020579014342
z_state|AM|2020-07-05 00:00:00,1.0090620370655299,656.9525718481847
z_state|AM|2020-07-12 00:00:00,1.0082663498609987,674.5207451677037
z_state|AM|2020-07-19 00:00:00,1.0128004186594433,779.3350740466113
z_state|AM|2020-07-26 00:00:00,1.0147069922680922,776.1675268642115
z_state|AM|2020-08-02 00:00:00,1.0080648889222734,879.6980280486478
z_state|AM|2020-08-09 00:00:00,1.014661309355535,908.8407184351842
z_state|AM|2020-08-16 00:00:00,1.0058179303925903,982.2800468318655
z_state|AM|2020-08-23 00:00:00,1.0152530784634006,1040.823996531185
z_state|AM|2020-08-30 00:00:00,0.9998890179101076,942.1818506513475
z_state|AM|2020-09-06 00:00:00,1.0002489224541689,932.7860098462355
z_state|AM|2020-09-13 00:00:00,0.998708629470624,993.2582696620577
z_state|AM|2020-09-20 00:00:00,0.99987490574296,1005.8786120934856
z_state|AM|2020-09-27 00:00:00,1.002076814124631,891.7672003142656
z_state|AM|2020-10-04 00:00:00,1.0078683390817484,990.9146762897757
z_state|AM|2020-10-11 00:00:00,1.0109777199064103,911.3836256879524
z_state|AM|2020-10-18 00:00:00,1.0131402673445626,818.1879503445466
z_state|AM|2020-10-25 00:00:00,1.0103527399708732,894.0040260551643
z_state|AM|2020-11-01 00:00:00,1.00620436390548,861.7250625555594
z_state|AM|2020-11-08 00:00:00,0.998207239457037,841.3770571178186
z_state|AM|2020-11-15 00:00:00,1.0057578898421526,684.9284625391697
z_state|AM|2020-11-22 00:00:00,1.00290707929393,835.7681721905202
z_state|AM|2020-11-29 00:00:00,1.0061064871259844,813.283809540629
z_state|AM|2020-12-06 00:00:00,1.0153544238963845,803.1434194458698
z_state|AM|2020-12-13 00:00:00,1.0044297566834104,836.7805407832811
z_state|AM|2020-12-20 00:00:00,1.008991732245289,806.3117405970557
z_state|AM|2020-12-27 00:00:00,1.001419212877121,704.6255545471513
z_state|BA|2019-01-06 00:00:00,1.0050837068027558,198.79240497759238
z_state|BA|2019-01-13 00:00:00,1.0062638494573672,167.54756694638849
z_state|BA|2019-01-20 00:00:00,1.0086260439898478,168.4130346316224
z_state|BA|2019-01-27 00:00:00,1.0114695115055252,176.3776556558324
z_state|BA|2019-02-03 00:00:00,1.0135744753241205,107.4301187827433
z_state|BA|2019-02-10 00:00:00,1.0056070037186653,130.19807584989843
z_state|BA|2019-02-17 00:00:00,1.0048458036057193,146.74871734974107
z_state|BA|2019-02-24 00:00:00,1.000524617775508,159.7212005415404
z_state|BA|2019-03-03 00:00:00,0.9982885661684265,163.6559960734279
z_state|BA|2019-03-10 00:00:00,0.9993252086258335,163.85182252404266
z_state|BA|2019-03-17 00:00:00,1.0047003840800859,158.69391776965168
z_state|BA|2019-03-24 00:00:00,1.0128248052972095,165.7000915773704
z_state|BA|2019-03-31 00:00:00,1.0015489887280329,203.37045197464047
z_state|BA|2019-04-07 00:00:00,1.0013352411582483,160.16611806115924
z_state|BA|2019-04-14 00:00:00,1.0023527801276821,184.92326463619005
z_state|BA|2019-04-21 00:00:00,1.003230706196598,200.8891738436383
z_state|BA|2019-04-28 00:00:00,1.0000015816524155,174.2404241102633
z_state|BA|2019-05-05 00:00:00,1.0028010833124679,190.1794748471893
z_state|BA|2019-05-12 00:00:00,1.0019612826131372,214.10703359641914
z_state|BA|2019-05-19 00:00:00,1.0009471668623175,203.9872130244654
z_state|BA|2019-05-26 00:00:00,1.0022283550544928,177.06913174249928
z_state|BA|2019-06-02 00:00:00,1.0055513483694007,179.14470814034095
z_state|BA|2019-06-09 00:00:00,1.003973025080059,142.246772089534
z_state|BA|2019-06-16 00:00:00,1.0066061903453272,152.11009079869848
z_state|BA|2019-06-23 00:00:00,1.005267353673747,164.68242572091918
z_state|BA|2019-06-30 00:00:00,1.0149820227939845,166.06354055846145
z_state|BA|2019-07-07 00:00:00,1.0030647899296603,154.25099359805844
z_state|BA|2019-07-14 00:00:00,0.9982765156435439,161.6633334610499
z_state|BA|2019-07-21 00:00:00,1.003276083414947,141.61040660494606
z_state|BA|2019-07-28 00:00:00,1.0061725913759945,137.84908915451032
z_state|BA|2019-08-04 00:00:00,1.0108763653660966,181.8580496795838
z_state|BA|2019-08-11 00:00:00,0.9995854071558574,185.57010416024022
z_state|BA|2019-08-18 00:00:00,0.9987315609240421,186.19576887319528
z_state|BA|2019-08-25 00:00:00,1.0000580651400712,206.68624727570776
z_state|BA|2019-09-01 00:00:00,1.0022207478000331,188.77624766374166
z_state|BA|2019-09-08 00:00:00,1.0016281109634877,187.14663371083057
z_state|BA|2019-09-15 00:00:00,1.0026017585588305,179.13702775055484
z_state|BA|2019-09-22 00:00:00,1.0028450572260517,162.7349506339053
z_state|BA|2019-09-29 00:00:00,1.0009244521399592,186.00934575506548
z_state|BA|2019-10-06 00:00:00,0.9998991041256073,184.55589598836767
z_state|BA|2019-10-13 00:00:00,1.0034995740015593,161.7635399875406
z_state|BA|2019-10-20 00:00:00,1.0057090032353757,192.32383351487115
z_state|BA|2019-10-27 00:00:00,1.0054627827886449,162.93739135988213
z_state|BA|2019-11-03 00:00:00,1.007217480724482,153.15309235397862
z_state|BA|2019-11-10 00:00:00,1.0007800912616314,211.26146608713242
z_state|BA|2019-11-17 00:00:00,0.9998686836190257,169.84544324559542
z_state|BA|2019-11-24 00:00:00,1.000951525711762,185.0462043349987
z_state|BA|2019-12-01 00:00:00,1.0036168280041327,143.4013222444165
z_state|BA|2019-12-08 00:00:00,1.0045803755896958,147.42121219246118
z_state|BA|2019-12-15 00:00:00,1.003195332415263,150.5782349223989
z_state|BA|2019-12-22 00:00:00,1.0010415001870185,143.3580441737935
z_state|BA|2019-12-29 00:00:00,1.002533022885196,160.7651813400604
z_state|BA|2020-01-05 00:00:00,1.0061154184990444,160.02228317849955
z_state|BA|2020-01-12 00:00:00,1.006738910084772,146.0890347529511
z_state|BA|2020-01-19 00:00:00,1.0046735200769485,155.51857605190264
z_state|BA|2020-01-26 00:00:00,1.0032255836434232,167.16926891347694
z_state|BA|2020-02-02 00:00:00,1.0009768034573752,174.65738783315788
z_state|BA|2020-02-09 00:00:00,1.00251702679298,169.34562094190417
z_state|BA|2020-02-16 00:00:00,1.0029706742310827,167.2856830028934
z_state|BA|2020-02-23 00:00:00,1.0017088567923793,177.3064071033282
z_state|BA|2020-03-01 00:00:00,1.0035210928612708,174.95174355253786
z_state|BA|2020-03-08 00:00:00,1.0036844472689794,162.3693796774624
z_state|BA|2020-03-15 00:00:00,1.0022421674521664,182.2979148718648
z_state|BA|2020-03-22 00:00:00,0.9996456806722419,186.4085362091255
z_state|BA|2020-03-29 00:00:00,1.0011247169638458,195.2414430890751
z_state|BA|2020-04-05 00:00:00,1.0043829178869832,137.13504198356028
z_state|BA|2020-04-12 00:00:00,1.0047548788499436,141.01745192659763
z_state|BA|2020-04-19 00:00:00,1.0114695652611738,147.84999236966397
z_state|BA|2020-04-26 00:00:00,1.0050754561817024,166.57675335840207
z_state|BA|2020-05-03 00:00:00,1.0012947162289694,151.24360850037874
z_state|BA|2020-05-10 00:00:00,1.0081641383249056,140.38557299025382
z_state|BA|2020-05-17 00:00:00,1.0041751194757067,169.47085509625467
z_state|BA|2020-05-24 00:00:00,1.008217879874667,145.96939273223705
z_state|BA|2020-05-31 00:00:00,1.0075276672966005,134.25935138663164
z_state|BA|2020-06-07 00:00:00,1.0070803320024204,143.7840992043881
z_state|BA|2020-06-14 00:00:00,1.0037194822810172,165.08133684273048
z_state|BA|2020-06-21 00:00:00,1.0044792680249617,179.57546447458796
z_state|BA|2020-06-28 00:00:00,1.0022599127269773,179.97141354300405
z_state|BA|2020-07-05 00:00:00,1.0106597066504124,161.28694540039234
z_state|BA|2020-07-12 00:00:00,1.0027287730885692,175.60788746461375
z_state|BA|2020-07-19 00:00:00,1.007003150436374,177.5901495055589
z_state|BA|2020-07-26 00:00:00,1.0099079711764822,166.55249613939245
z_state|BA|2020-08-02 00:00:00,1.0018874328955227,181.12574652269072
z_state|BA|2020-08-09 00:00:00,1.0033311701818115,172.95958532930402
z_state|BA|2020-08-16 00:00:00,1.003335862072808,177.0177243682396
z_state|BA|2020-08-23 00:00:00,0.9987161529678099,177.06314011065209
z_state|BA|2020-08-30 00:00:00,0.9983838250566727,182.84331576010914
z_state|BA|2020-09-06 00:00:00,1.0014345414298274,139.39231261053055
z_state|BA|2020-09-13 00:00:00,1.0041347521237582,153.74904431417713
z_state|BA|2020-09-20 00:00:00,1.0030633778466962,164.75036368958294
z_state|BA|2020-09-27 00:00:00,1.004919084115152,206.46327542290513
z_state|BA|2020-10-04 00:00:00,1.0053142376562518,205.94775752004276
z_state|BA|2020-10-11 00:00:00,1.004516403648525,191.6256368149992
z_state|BA|2020-10-18 00:00:00,1.001585741549503,209.54246882851828
z_state|BA|2020-10-25 00:00:00,1.0007819191676508,207.14155187279002
z_state|BA|2020-11-01 00:00:00,1.0004742649556497,206.27484870338083
z_state|BA|2020-11-08 00:00:00,0.99738584477147,206.35994440161525
z_state|BA|2020-11-15 00:00:00,1.0003024705972137,234.23289303437932
z_state|BA|2020-11-22 00:00:00,0.9990492047955086,236.39844061944942
z_state|BA|2020-11-29 00:00:00,1.0020671254752265,204.18456769124307
z_state|BA|2020-12-06 00:00:00,1.0047673442801999,189.237937418936
z_state|BA|2020-12-13 00:00:00,1.0037767517317182,202.62278043017832
z_state|BA|2020-12-20 00:00:00,0.998835663257412,195.60083034930432
z_state|BA|2020-12-27 00:00:00,0.9991226610760913,237.65077522349765
z_state|CE|2019-01-06 00:00:00,1.0247200050987708,107.54989426545721
z_state|CE|2019-01-13 00:00:00,1.0236896214500641,196.24257056979036
z_state|CE|2019-01-20 00:00:00,1.0201108125421974,185.83441388586695
z_state|CE|2019-01-27 00:00:00,1.0217801994217892,137.25517732767446
z_state|CE|2019-02-03 00:00:00,1.0116195298295412,174.05121063683623
z_state|CE|2019-02-10 00:00:00,1.0128993295733093,199.66533543304286
z_state|CE|2019-02-17 00:00:00,1.0207117827562213,183.08643353777364
z_state|CE|2019-02-24 00:00:00,1.016913944910439,183.63248316386677
z_state|CE|2019-03-03 00:00:00,1.0157739256754652,222.12736197046132
z_state|CE|2019-03-10 00:00:00,1.0092233978815,209.29230214125016
z_state|CE|2019-03-17 00:00:00,1.0158284074549224,160.50218573515008
z_state|CE|2019-03-24 00:00:00,1.0216126867463076,148.83851247447026
z_state|CE|2019-03-31 00:00:00,1.0186355220619934,156.4096216229654
z_state|CE|2019-04-07 00:00:00,1.0265561895071222,135.58695311814165
z_state|CE|2019-04-14 00:00:00,1.0203752969681976,161.01320867169684
z_state|CE|2019-04-21 00:00:00,1.0147826900069497,191.86938754472288
z_state|CE|2019-04-28 00:00:00,1.0194892501560269,175.33319529934593
z_state|CE|2019-05-05 00:00:00,1.0142132613609054,197.16824198911314
z_state|CE|2019-05-12 00:00:00,1.0170609394959504,142.94601195748066
z_state|CE|2019-05-19 00:00:00,1.017052950520703,155.24019251720344
z_state|CE|2019-05-26 00:00:00,1.0212164679439206,177.82598206173088
z_state|CE|2019-06-02 00:00:00,1.0279220318816003,120.92813732794166
z_state|CE|2019-06-09 00:00:00,1.017415477342096,134.75787310854864
z_state|CE|2019-06-16 00:00:00,1.0196506975549184,135.19074924635854
z_state|CE|2019-06-23 00:00:00,1.0154633533351058,149.2217409241063
z_state|CE|2019-06-30 00:00:00,1.018983425998182,156.85193780818872
z_state|CE|2019-07-07 00:00:00,1.0048612540502295,199.59655528314792
z_state|CE|2019-07-14 00:00:00,1.0103318283328933,196.66450597774175
z_state|CE|2019-07-21 00:00:00,1.011158471226746,211.26108913379665
z_state|CE|2019-07-28 00:00:00,1.0096933224254632,212.52954537245495
z_state|CE|2019-08-04 00:00:00,1.012609776912339,226.5051640276471
z_state|CE|2019-08-11 00:00:00,1.0143746403589893,173.78352934565856
z_state|CE|2019-08-18 00:00:00,1.016838916619921,162.36579162690074
z_state|CE|2019-08-25 00:00:00,1.0296214066346916,186.50210828640772
z_state|CE|2019-09-01 00:00:00,1.0110916995160324,173.7413340932483
z_state|CE|2019-09-08 00:00:00,1.0155478185742692,163.91422692129632
z_state|CE|2019-09-15 00:00:00,1.0177539630063734,189.60446498999903
z_state|CE|2019-09-22 00:00:00,1.0140944380545405,243.43858813851796
z_state|CE|2019-09-29 00:00:00,1.015105852698819,233.5244519757622
z_state|CE|2019-10-06 00:00:00,1.0139119834766475,256.04642386597595
z_state|CE|2019-10-13 00:00:00,1.0161791721825448,225.73886306007435
z_state|CE|2019-10-20 00:00:00,1.018747390582187,231.71687118427218
z_state|CE|2019-10-27 00:00:00,1.0123371674247221,226.21416844853954
z_state|CE|2019-11-03 00:00:00,1.009629130592404,222.8083109820443
z_state|CE|2019-11-10 00:00:00,1.0160340524004303,203.9720331422486
z_state|CE|2019-11-17 00:00:00,1.010901158704553,199.7010066996186
z_state|CE|2019-11-24 00:00:00,1.017837217655606,185.8909933412494
z_state|CE|2019-12-01 00:00:00,1.0197240060845785,183.93641471517435
z_state|CE|2019-12-08 00:00:00,1.0147357434469193,179.96889269753163
z_state|CE|2019-12-15 00:00:00,1.0172841854164558,191.4280551098404
z_state|CE|2019-12-22 00:00:00,1.0143138983495985,227.90307005577944
z_state|CE|2019-12-29 00:00:00,1.0187147487116825,204.8950573438485
z_state|CE|2020-01-05 00:00:00,1.016421073589753,187.18391317303815
z_state|CE|2020-01-12 00:00:00,1.0131260276412706,208.50940361604017
z_state|CE|2020-01-19 00:00:00,1.0173171118075899,185.28922079339836
z_state|CE|2020-01-26 00:00:00,1.0140674064716724,182.37358783340952
z_state|CE|2020-02-02 00:00:00,1.0132612232599152,183.14764170484705
z_state|CE|2020-02-09 00:00:00,1.0111418618815522,180.48973900034963
z_state|CE|2020-02-16 00:00:00,1.0125971511909344,177.0460839909512
z_state|CE|2020-02-23 00:00:00,1.0099857404594588,187.13590051719808
z_state|CE|2020-03-01 00:00:00,1.0112392896721774,167.70961185726244
z_state|CE|2020-03-08 00:00:00,1.020952557426626,173.0285765491259
z_state|CE|2020-03-15 00:00:00,1.0247442117386152,143.38919617389118
z_state|CE|2020-03-22 00:00:00,1.0211251795700003,145.37780317639297
z_state|CE|2020-03-29 00:00:00,1.0198181996989693,154.6050370500427
z_state|CE|2020-04-05 00:00:00,1.0161040719634749,189.94200674261236
z_state|CE|2020-04-12 00:00:00,1.0228669121551004,183.89077465368123
z_state|CE|2020-04-19 00:00:00,1.0140881365923509,211.5740522047121
z_state|CE|2020-04-26 00:00:00,1.0122077553545736,221.11338452353442
z_state|CE|2020-05-03 00:00:00,1.0113148821020694,233.03629045372892
z_state|CE|2020-05-10 00:00:00,1.0155723139944883,221.93798100588575
z_state|CE|2020-05-17 00:00:00,1.014479478707527,207.96917344896465
z_state|CE|2020-05-24 00:00:00,1.0203520213835113,192.79045114420535
z_state|CE|2020-05-31 00:00:00,1.0125977128599075,201.0684736265753
z_state|CE|2020-06-07 00:00:00,1.0163787121643195,201.71925691673675
z_state|CE|2020-06-14 00:00:00,1.0238240332072834,170.1729928100833
z_state|CE|2020-06-21 00:00:00,1.0148254733981983,209.95913898160026
z_state|CE|2020-06-28 00:00:00,1.009382896814702,203.7822534661404
z_state|CE|2020-07-05 00:00:00,1.0071986327274747,225.91317972672655
z_state|CE|2020-07-12 00:00:00,1.0076196034871927,264.757749896681
z_state|CE|2020-07-19 00:00:00,1.0126666883757804,231.29813416326138
z_state|CE|2020-07-26 00:00:00,1.0152752839606924,193.42729731545745
z_state|CE|2020-08-02 00:00:00,1.013700266573944,196.3441976775567
z_state|CE|2020-08-09 00:00:00,1.0102152745039892,187.44066737149643
z_state|CE|2020-08-16 00:00:00,1.0090495095397198,194.96488165491536
z_state|CE|2020-08-23 00:00:00,1.0074283598919644,204.68972639000182
z_state|CE|2020-08-30 00:00:00,1.0154129743481226,192.5037453953222
z_state|CE|2020-09-06 00:00:00,1.015328831982805,218.9544480589905
z_state|CE|2020-09-13 00:00:00,1.0142268942793242,226.34921388234386
z_state|CE|2020-09-20 00:00:00,1.0157784269940038,208.48001113761535
z_state|CE|2020-09-27 00:00:00,1.020461575880637,192.17297165378827
z_state|CE|2020-10-04 00:00:00,1.0209804920480727,175.42987310867267
z_state|CE|2020-10-11 00:00:00,1.018733351506463,183.94649390091374
z_state|CE|2020-10-18 00:00:00,1.0216004471187903,205.7088596371599
z_state|CE|2020-10-25 00:00:00,1.0157222152481933,188.09441879556573
z_state|CE|2020-11-01 00:00:00,1.0154297439498206,142.2793329379742
z_state|CE|2020-11-08 00:00:00,1.0062768739449723,171.3966396295198
z_state|CE|2020-11-15 00:00:00,1.0136366834829476,178.5733740240053
z_state|CE|2020-11-22 00:00:00,1.0151681184812438,203.07089470645556
z_state|CE|2020-11-29 00:00:00,1.0108806130137578,228.89798113829798
z_state|CE|2020-12-06 00:00:00,1.0111224585200185,202.65522933021086
z_state|CE|2020-12-13 00:00:00,1.0162574025606732,209.9051307204734
z_state|CE|2020-12-20 00:00:00,1.0147519804498886,241.50879790113186
z_state|CE|2020-12-27 00:00:00,1.0099550579465146,302.7185078934563
z_state|DF|2019-01-06 00:00:00,0.9997335080119928,1040.823996531185
z_state|DF|2019-01-13 00:00:00,1.0082772334942833,936.148699976436
z_state|DF|2019-01-20 00:00:00,1.0075057529885552,768.467790222938
z_state|DF|2019-01-27 00:00:00,1.0111813024564327,647.413807429654
z_state|DF|2019-02-03 00:00:00,1.012557749498648,672.4996211197813
z_state|DF|2019-02-10 00:00:00,1.005074070282324,571.0552772260913
z_state|DF|2019-02-17 00:00:00,1.0083310059997186,768.9535806462783
z_state|DF|2019-02-24 00:00:00,1.0041967784659667,708.4294818443469
z_state|DF|2019-03-03 00:00:00,1.0000181234653454,755.8044348238973
z_state|DF|2019-03-10 00:00:00,1.0036937468984484,723.725132107058
z_state|DF|2019-03-17 00:00:00,0.9974599690155123,804.690981435891
z_state|DF|2019-03-24 00:00:00,1.009149893988983,838.8684709118991
z_state|DF|2019-03-31 00:00:00,1.0098006352217193,674.2304985066145
z_state|DF|2019-04-07 00:00:00,1.0079087701088982,585.7193872160458
z_state|DF|2019-04-14 00:00:00,1.007025074310965,624.6338827111389
z_state|DF|2019-04-21 00:00:00,0.9972589482649938,587.2859911123695
z_state|DF|2019-04-28 00:00:00,0.9986767996980315,509.86658705836305
z_state|DF|2019-05-05 00:00:00,0.9993335332653109,597.3912025821946
z_state|DF|2019-05-12 00:00:00,1.0023932404741782,467.7008071515646
z_state|DF|2019-05-19 00:00:00,0.9996531471816031,468.4915709806419
z_state|DF|2019-05-26 00:00:00,0.999136415136146,488.3240694223439
z_state|DF|2019-06-02 00:00:00,0.9999031950399223,473.1365878080102
z_state|DF|2019-06-09 00:00:00,1.0011519188923734,584.9930041444345
z_state|DF|2019-06-16 00:00:00,0.9996695474343831,742.259732520416
z_state|DF|2019-06-23 00:00:00,1.0007534027194374,646.5217301454159
z_state|DF|2019-06-30 00:00:00,0.9991061103872321,609.7878832828807
z_state|DF|2019-07-07 00:00:00,1.0027186594794102,529.4462740833252
z_state|DF|2019-07-14 00:00:00,0.9995185443717465,579.2995406381341
z_state|DF|2019-07-21 00:00:00,1.0014626570705485,466.05038517443126
z_state|DF|2019-07-28 00:00:00,0.9984038871224548,485.85199139539174
z_state|DF|2019-08-04 00:00:00,0.9972171687688669,564.8954198538635
z_state|DF|2019-08-11 00:00:00,0.9962016714323941,629.7836795616397
z_state|DF|2019-08-18 00:00:00,0.9975617530800843,681.5057755883829
z_state|DF|2019-08-25 00:00:00,0.9990555439887109,711.1359836706438
z_state|DF|2019-09-01 00:00:00,0.998202084955408,759.3088121781935
z_state|DF|2019-09-08 00:00:00,0.998864505201714,631.7989122799981
z_state|DF|2019-09-15 00:00:00,1.0005302869808634,616.7204022715472
z_state|DF|2019-09-22 00:00:00,1.001451713556847,619.6342068408995
z_state|DF|2019-09-29 00:00:00,1.0043631714811736,592.2616074331997
z_state|DF|2019-10-06 00:00:00,1.0035941958422385,663.4548530421021
z_state|DF|2019-10-13 00:00:00,1.0076592590738127,793.1096371040122
z_state|DF|2019-10-20 00:00:00,1.017007320883449,836.9642578396817
z_state|DF|2019-10-27 00:00:00,1.0341366206471474,862.9760448801222
z_state|DF|2019-11-03 00:00:00,1.0170060839683568,850.7681898063462
z_state|DF|2019-11-10 00:00:00,1.0138707671945597,865.1628389465877
z_state|DF|2019-11-17 00:00:00,1.0124604167469717,870.2572303155698
z_state|DF|2019-11-24 00:00:00,1.016817095420618,697.3199188551682
z_state|DF|2019-12-01 00:00:00,1.014170003267643,731.3444862430755
z_state|DF|2019-12-08 00:00:00,1.008963176458291,763.5442244454235
z_state|DF|2019-12-15 00:00:00,0.9997018485657814,935.3019485233078
z_state|DF|2019-12-22 00:00:00,0.9991246615451973,808.3541194588043
z_state|DF|2019-12-29 00:00:00,0.997751592484175,853.6920846834205
z_state|DF|2020-01-05 00:00:00,0.9991105002869838,853.6252918145901
z_state|DF|2020-01-12 00:00:00,0.9994183313812701,752.8350154159322
z_state|DF|2020-01-19 00:00:00,0.9984282895305479,795.4683858321387
z_state|DF|2020-01-26 00:00:00,0.9998848075855136,648.3484616339863
z_state|DF|2020-02-02 00:00:00,0.9999871540601729,821.5213399111241
z_state|DF|2020-02-09 00:00:00,1.0074124923069774,763.5041542866891
z_state|DF|2020-02-16 00:00:00,1.0014318310550157,735.0130077563464
z_state|DF|2020-02-23 00:00:00,1.006868960230515,776.0685472517761
z_state|DF|2020-03-01 00:00:00,1.0032317896682112,703.3364112877779
z_state|DF|2020-03-08 00:00:00,1.0059098094975023,735.7091818576727
z_state|DF|2020-03-15 00:00:00,1.0242533763360928,729.7830480077928
z_state|DF|2020-03-22 00:00:00,1.04166533346246,790.1317210748133
z_state|DF|2020-03-29 00:00:00,1.0185747622227204,739.5955246174578
z_state|DF|2020-04-05 00:00:00,1.001622052342993,819.8070235501888
z_state|DF|2020-04-12 00:00:00,1.0006021712452553,817.7413076736038
z_state|DF|2020-04-19 00:00:00,1.0014173042752224,755.0170096896309
z_state|DF|2020-04-26 00:00:00,0.9994886166278693,745.194711581535
z_state|DF|2020-05-03 00:00:00,1.0000375085726845,642.8637581766699
z_state|DF|2020-05-10 00:00:00,1.0018989058596066,646.3655631779952
z_state|DF|2020-05-17 00:00:00,1.0010543047717455,643.0720070525625
z_state|DF|2020-05-24 00:00:00,1.003757069618712,567.6830888374394
z_state|DF|2020-05-31 00:00:00,1.0001601960100297,585.7664946191737
z_state|DF|2020-06-07 00:00:00,1.0120974744476217,592.9597598012892
z_state|DF|2020-06-14 00:00:00,1.001467274572004,632.3191840889356
z_state|DF|2020-06-21 00:00:00,0.9988647132661835,704.0191833664907
z_state|DF|2020-06-28 00:00:00,0.9984118753079856,630.1372893970121
z_state|DF|2020-07-05 00:00:00,1.0018111292081255,670.0779186382506
z_state|DF|2020-07-12 00:00:00,1.010860812231874,709.3778660810502
z_state|DF|2020-07-19 00:00:00,1.0005206038321581,867.5531472296274
z_state|DF|2020-07-26 00:00:00,1.0080481620518413,758.4634719635893
z_state|DF|2020-08-02 00:00:00,1.0159553734261184,782.6179251105425
z_state|DF|2020-08-09 00:00:00,0.9998632658210407,782.8357267542351
z_state|DF|2020-08-16 00:00:00,1.0073994298180156,722.1692720775712
z_state|DF|2020-08-23 00:00:00,1.0098102424595836,718.3385649137504
z_state|DF|2020-08-30 00:00:00,1.0076427757091746,739.3054606008649
z_state|DF|2020-09-06 00:00:00,1.0042525560825695,761.9746264852712
z_state|DF|2020-09-13 00:00:00,0.9993919705876492,740.0910515642553
z_state|DF|2020-09-20 00:00:00,1.0033488364478662,905.9972184584831
z_state|DF|2020-09-27 00:00:00,1.000396233991729,1040.823996531185
z_state|DF|2020-10-04 00:00:00,0.9995953584489699,953.4563106387546
z_state|DF|2020-10-11 00:00:00,1.003558643393856,770.4784157826696
z_state|DF|2020-10-18 00:00:00,1.0058684821934352,738.8303216295103
z_state|DF|2020-10-25 00:00:00,1.0098407877864026,758.9798297477874
z_state|DF|2020-11-01 00:00:00,1.0016487675371537,766.3153875592354
z_state|DF|2020-11-08 00:00:00,1.0058815557795777,718.8055395828285
z_state|DF|2020-11-15 00:00:00,0.9999974776582164,784.4989511906425
z_state|DF|2020-11-22 00:00:00,0.9991704453399187,1009.0649323223605
z_state|DF|2020-11-29 00:00:00,1.0011918659111616,708.9431378760236
z_state|DF|2020-12-06 00:00:00,1.0068600393256555,788.0922185384148
z_state|DF|2020-12-13 00:00:00,1.0089757779829924,749.008173100235
z_state|DF|2020-12-20 00:00:00,1.0131076737847131,740.9228060440552
z_state|DF|2020-12-27 00:00:00,1.011844632575361,661.3929597900952
z_state|ES|2019-01-06 00:00:00,1.0020529006441583,1040.823996531185
z_state|ES|2019-01-13 00:00:00,1.0028599012134585,771.8180326735246
z_state|ES|2019-01-20 00:00:00,0.9988284970968117,829.1912743398825
z_state|ES|2019-01-27 00:00:00,0.999700290528589,649.8706380969357
z_state|ES|2019-02-03 00:00:00,1.0051770071178603,583.4932652059567
z_state|ES|2019-02-10 00:00:00,1.0003490109898556,636.8878777684025
z_state|ES|2019-02-17 00:00:00,1.0003657987162045,536.8822736027877
z_state|ES|2019-02-24 00:00:00,1.0027990677900358,653.8410383925681
z_state|ES|2019-03-03 00:00:00,1.0106846398456817,693.0779761259321
z_state|ES|2019-03-10 00:00:00,1.0040679569139042,819.9635552052105
z_state|ES|2019-03-17 00:00:00,1.018049336439336,839.8085647479701
z_state|ES|2019-03-24 00:00:00,1.0109720008783238,774.9997892702388
z_state|ES|2019-03-31 00:00:00,1.0026587938761797,733.0475972154035
z_state|ES|2019-04-07 00:00:00,1.0018476126226274,722.0651788913636
z_state|ES|2019-04-14 00:00:00,1.0104921449584698,702.1750748169076
z_state|ES|2019-04-21 00:00:00,1.0123825212078112,777.3799877111467
z_state|ES|2019-04-28 00:00:00,1.0046468452324364,847.9582123706055
z_state|ES|2019-05-05 00:00:00,1.0009257313935778,949.9342184165203
z_state|ES|2019-05-12 00:00:00,1.003660072018407,860.9792059812307
z_state|ES|2019-05-19 00:00:00,1.010352715485678,741.0028265655292
z_state|ES|2019-05-26 00:00:00,1.0095725441794874,729.4106308427574
z_state|ES|2019-06-02 00:00:00,1.003102322898862,637.6725167780143
z_state|ES|2019-06-09 00:00:00,1.0019243613007518,727.3558261771885
z_state|ES|2019-06-16 00:00:00,1.0050771847311306,596.9629688486502
z_state|ES|2019-06-23 00:00:00,1.0079938392001586,458.38040889827954
z_state|ES|2019-06-30 00:00:00,1.0078320099382407,578.4504211610008
z_state|ES|2019-07-07 00:00:00,1.0051453010649292,534.5492198239342
z_state|ES|2019-07-14 00:00:00,1.006923693478484,606.8226927283586
z_state|ES|2019-07-21 00:00:00,1.0066503165789973,723.5698125321267
z_state|ES|2019-07-28 00:00:00,1.0066377032650788,752.4075106140097
z_state|ES|2019-08-04 00:00:00,1.007332975065492,625.9877884213096
z_state|ES|2019-08-11 00:00:00,1.0036760720264037,761.8261579578036
z_state|ES|2019-08-18 00:00:00,1.0009023579354563,756.2435761260728
z_state|ES|2019-08-25 00:00:00,1.0031603127110647,774.3469436284302
z_state|ES|2019-09-01 00:00:00,1.0047361099006364,870.337226066428
z_state|ES|2019-09-08 00:00:00,1.0050358934444648,810.0338791936063
z_state|ES|2019-09-15 00:00:00,1.0086449014121202,906.9255729552449
z_state|ES|2019-09-22 00:00:00,1.00939092580276,973.6202735708735
z_state|ES|2019-09-29 00:00:00,1.0027015860508721,1000.3068821471942
z_state|ES|2019-10-06 00:00:00,1.0048656134472005,834.9852313199985
z_state|ES|2019-10-13 00:00:00,1.0004403501620434,795.1615779704879
z_state|ES|2019-10-20 00:00:00,1.0073925658470215,831.653768838917
z_state|ES|2019-10-27 00:00:00,1.0015905767920557,785.2207137564064
z_state|ES|2019-11-03 00:00:00,1.0000903975818372,813.0631901988188
z_state|ES|2019-11-10 00:00:00,0.9996877982501299,763.0481752839702
z_state|ES|2019-11-17 00:00:00,0.9997330107126059,988.5081910516116
z_state|ES|2019-11-24 00:00:00,1.000153876024205,774.4347521470874
z_state|ES|2019-12-01 00:00:00,1.001120350159916,649.0584093720538
z_state|ES|2019-12-08 00:00:00,1.0023010401175538,539.9316489418117
z_state|ES|2019-12-15 00:00:00,1.0065712014323887,406.63458530736904
z_state|ES|2019-12-22 00:00:00,1.0040248816477477,533.609486202386
z_state|ES|2019-12-29 00:00:00,1.0022263977374661,605.0772776922574
z_state|ES|2020-01-05 00:00:00,1.0027853790809478,737.2020292550962
z_state|ES|2020-01-12 00:00:00,1.003346069382542,828.7232947058119
z_state|ES|2020-01-19 00:00:00,1.011608575741463,775.965364943476
z_state|ES|2020-01-26 00:00:00,1.009031520811219,814.1974360145772
z_state|ES|2020-02-02 00:00:00,1.0225195342631748,826.1082620788071
z_state|ES|2020-02-09 00:00:00,0.9998809585336408,825.33662780927
z_state|ES|2020-02-16 00:00:00,1.0123463852037817,878.1358210153634
z_state|ES|2020-02-23 00:00:00,1.0015359045872068,766.1182312422642
z_state|ES|2020-03-01 00:00:00,1.0008294722515179,915.4336608905107
z_state|ES|2020-03-08 00:00:00,1.001453105401046,1040.823996531185
z_state|ES|2020-03-15 00:00:00,0.9982020610041954,956.4015297981308
z_state|ES|2020-03-22 00:00:00,0.9994505331915466,1027.8528995296435
z_state|ES|2020-03-29 00:00:00,0.9977544425700636,1008.1152053647235
z_state|ES|2020-04-05 00:00:00,0.9964004640250819,1040.823996531185
z_state|ES|2020-04-12 00:00:00,0.9967696052368931,962.7229338359282
z_state|ES|2020-04-19 00:00:00,0.999230784986225,983.0985385810492
z_state|ES|2020-04-26 00:00:00,0.996086074859734,819.4205638034583
z_state|ES|2020-05-03 00:00:00,0.9968501421773684,789.5501005450432
z_state|ES|2020-05-10 00:00:00,0.9973818008429707,715.6962706222523
z_state|ES|2020-05-17 00:00:00,0.996809993232737,694.3559805145104
z_state|ES|2020-05-24 00:00:00,0.9988150971219033,774.8407646037507
z_state|ES|2020-05-31 00:00:00,1.002032108276373,740.7887812064325
z_state|ES|2020-06-07 00:00:00,1.0006941923596038,768.1368614044171
z_state|ES|2020-06-14 00:00:00,0.99816686803804,672.2184403149832
z_state|ES|2020-06-21 00:00:00,1.0040818038678436,797.2198887321132
z_state|ES|2020-06-28 00:00:00,1.0007529215559297,727.8625327052449
z_state|ES|2020-07-05 00:00:00,1.0070914528160329,690.858452990623
z_state|ES|2020-07-12 00:00:00,0.9985555138052032,811.8143150396345
z_state|ES|2020-07-19 00:00:00,0.9962020476035625,785.6306781266679
z_state|ES|2020-07-26 00:00:00,0.996792023650732,751.9581850908427
z_state|ES|2020-08-02 00:00:00,0.9976040132696469,829.101332810396
z_state|ES|2020-08-09 00:00:00,0.9957357528721484,805.8392720102514
z_state|ES|2020-08-16 00:00:00,0.9957085090945097,704.1676412057952
z_state|ES|2020-08-23 00:00:00,0.9989244841430487,697.2479998134343
z_state|ES|2020-08-30 00:00:00,0.9985103371382064,680.8835753369177
z_state|ES|2020-09-06 00:00:00,0.9973288926057976,743.6063634215635
z_state|ES|2020-09-13 00:00:00,0.9996903316790824,737.6341200860227
z_state|ES|2020-09-20 00:00:00,0.9972479762520072,817.429158000681
z_state|ES|2020-09-27 00:00:00,1.0026424481272798,640.1223242673773
z_state|ES|2020-10-04 00:00:00,1.005264224363226,625.8131629555215
z_state|ES|2020-10-11 00:00:00,1.021280299376241,620.7870352334754
z_state|ES|2020-10-18 00:00:00,1.0172479599001814,713.9645737645924
z_state|ES|2020-10-25 00:00:00,1.0139670322337317,705.7747605139757
z_state|ES|2020-11-01 00:00:00,1.01304665090467,653.9416759474173
z_state|ES|2020-11-08 00:00:00,1.0061169508973544,561.8673391815975
z_state|ES|2020-11-15 00:00:00,1.0049096403050977,560.9704539118891
z_state|ES|2020-11-22 00:00:00,1.0000989586840254,524.5585367152015
z_state|ES|2020-11-29 00:00:00,1.0026634498871958,543.4319584416916
z_state|ES|2020-12-06 00:00:00,0.9994968010940231,567.021839434914
z_state|ES|2020-12-13 00:00:00,0.9983390612209945,560.9620751365027
z_state|ES|2020-12-20 00:00:00,0.9967609005369725,550.7693811643118
z_state|ES|2020-12-27 00:00:00,0.999316024821332,557.8000804273665
z_state|GO|2019-01-06 00:00:00,1.0044073921563874,689.348273332131
z_state|GO|2019-01-13 00:00:00,1.0028618182375315,944.414501817776
z_state|GO|2019-01-20 00:00:00,0.9979128171267069,916.2340615884224
z_state|GO|2019-01-27 00:00:00,1.0014479693377005,1040.823996531185
z_state|GO|2019-02-03 00:00:00,0.9969689207414341,908.3411313895366
z_state|GO|2019-02-10 00:00:00,0.9981630584140732,725.1261724721876
z_state|GO|2019-02-17 00:00:00,0.9997714281979765,607.7622343732896
z_state|GO|2019-02-24 00:00:00,1.0009902051485733,704.7029297594408
z_state|GO|2019-03-03 00:00:00,0.9974630894746737,651.0944478930305
z_state|GO|2019-03-10 00:00:00,0.9965825152891099,715.6230207914031
z_state|GO|2019-03-17 00:00:00,1.0009508286967475,770.7822013820755
z_state|GO|2019-03-24 00:00:00,1.003339909687219,875.6246410724061
z_state|GO|2019-03-31 00:00:00,1.0008105991263392,877.7317430631056
z_state|GO|2019-04-07 00:00:00,1.0151566515501274,1027.2598467235418
z_state|GO|2019-04-14 00:00:00,1.0030653280036501,1014.6635204541213
z_state|GO|2019-04-21 00:00:00,1.003532641309631,898.0595348519629
z_state|GO|2019-04-28 00:00:00,1.000828379316284,786.5146558677931
z_state|GO|2019-05-05 00:00:00,1.0083369087679033,860.8497307736092
z_state|GO|2019-05-12 00:00:00,1.0070802902472675,795.1533954163289
z_state|GO|2019-05-19 00:00:00,1.0126722248905256,733.953621168415
z_state|GO|2019-05-26 00:00:00,1.041888495156965,1028.005289971263
z_state|GO|2019-06-02 00:00:00,1.0364300463343037,946.9956856478084
z_state|GO|2019-06-09 00:00:00,1.0110237923917957,852.7972109102544
z_state|GO|2019-06-16 00:00:00,1.0039954693818633,955.5088532217746
z_state|GO|2019-06-23 00:00:00,1.003798135147947,1036.5944319851112
z_state|GO|2019-06-30 00:00:00,1.005405827015174,880.5661706581841
z_state|GO|2019-07-07 00:00:00,1.0057140293474,861.8485110627603
z_state|GO|2019-07-14 00:00:00,1.018989803607035,914.56397640509
z_state|GO|2019-07-21 00:00:00,1.0174860155884324,787.741540752054
z_state|GO|2019-07-28 00:00:00,1.00172043452009,838.9200689677151
z_state|GO|2019-08-04 00:00:00,1.0068703049485306,806.4977331828135
z_state|GO|2019-08-11 00:00:00,1.0068640006176122,790.573873507959
z_state|GO|2019-08-18 00:00:00,1.0018409972355307,751.2843551588093
z_state|GO|2019-08-25 00:00:00,1.0039872673414787,657.588393331729
z_state|GO|2019-09-01 00:00:00,1.0139502659193937,769.4118993359594
z_state|GO|2019-09-08 00:00:00,1.0072984900771298,856.3923265450408
z_state|GO|2019-09-15 00:00:00,0.9990551804699311,884.1472196968517
z_state|GO|2019-09-22 00:00:00,1.0018374398332257,878.7216789688998
z_state|GO|2019-09-29 00:00:00,1.0064637147038022,913.299842635487
z_state|GO|2019-10-06 00:00:00,1.0034915756697749,809.7813424427076
z_state|GO|2019-10-13 00:00:00,1.0027849837499205,1040.823996531185
z_state|GO|2019-10-20 00:00:00,1.0022953354939321,1040.823996531185
z_state|GO|2019-10-27 00:00:00,1.000200666703789,987.3168127111114
z_state|GO|2019-11-03 00:00:00,1.0074015773264973,960.4291114135833
z_state|GO|2019-11-10 00:00:00,1.0037059246766165,876.8650232170738
z_state|GO|2019-11-17 00:00:00,1.005007796931378,1009.7614450091733
z_state|GO|2019-11-24 00:00:00,1.0091051533856414,940.1044833454853
z_state|GO|2019-12-01 00:00:00,1.0169904416296693,810.4506993477994
z_state|GO|2019-12-08 00:00:00,1.002175056598617,660.6118870756706
z_state|GO|2019-12-15 00:00:00,0.9983693995968096,626.1624534617331
z_state|GO|2019-12-22 00:00:00,0.9972269707723885,676.3153735063663
z_state|GO|2019-12-29 00:00:00,0.99780417878065,700.2984831401509
z_state|GO|2020-01-05 00:00:00,1.000294606625667,687.6665001482434
z_state|GO|2020-01-12 00:00:00,1.0000053882501623,695.5365589199238
z_state|GO|2020-01-19 00:00:00,0.9987222343621062,684.2627278655807
z_state|GO|2020-01-26 00:00:00,1.0027493593200767,701.4660656995917
z_state|GO|2020-02-02 00:00:00,0.9977956678480191,747.5679824188034
z_state|GO|2020-02-09 00:00:00,1.0020561630584226,814.8646888480504
z_state|GO|2020-02-16 00:00:00,0.999523268994551,713.8556437983624
z_state|GO|2020-02-23 00:00:00,1.0006916352540705,707.6703718013545
z_state|GO|2020-03-01 00:00:00,1.0024505727358994,698.4085574629705
z_state|GO|2020-03-08 00:00:00,1.000777991163048,710.0339902920739
z_state|GO|2020-03-15 00:00:00,0.9997263901097494,650.1831200796407
z_state|GO|2020-03-22 00:00:00,0.9993122610866952,653.437388269305
z_state|GO|2020-03-29 00:00:00,1.0000603587499424,601.2152676296704
z_state|GO|2020-04-05 00:00:00,1.0028355525335564,574.5809255567428
z_state|GO|2020-04-12 00:00:00,1.002923930525591,595.56526672538
z_state|GO|2020-04-19 00:00:00,1.0018309510271346,557.280067070804
z_state|GO|2020-04-26 00:00:00,1.0018406848359218,666.5226989972903
z_state|GO|2020-05-03 00:00:00,1.0071123590267999,708.9669816197936
z_state|GO|2020-05-10 00:00:00,1.0067802925358555,708.5600280613456
z_state|GO|2020-05-17 00:00:00,1.002958986974261,684.6715726220846
z_state|GO|2020-05-24 00:00:00,1.0025754593534189,768.4088834343249
z_state|GO|2020-05-31 00:00:00,1.0014804252633056,655.8973926070362
z_state|GO|2020-06-07 00:00:00,1.0017591441982285,765.2536917998201
z_state|GO|2020-06-14 00:00:00,1.0027693599851164,796.146712617971
z_state|GO|2020-06-21 00:00:00,1.0014954925308408,646.2375493660635
z_state|GO|2020-06-28 00:00:00,1.0013894148123323,705.4343053202427
z_state|GO|2020-07-05 00:00:00,1.0091144140849275,654.1788764951889
z_state|GO|2020-07-12 00:00:00,1.006286494496417,679.5234562758667
z_state|GO|2020-07-19 00:00:00,1.0122617666033742,698.8591154193962
z_state|GO|2020-07-26 00:00:00,1.0020102450489838,594.8212462652021
z_state|GO|2020-08-02 00:00:00,1.0045713288044893,615.6405539192924
z_state|GO|2020-08-09 00:00:00,1.0083215005923465,604.6599880425222
z_state|GO|2020-08-16 00:00:00,1.020416010588315,590.8458066014379
z_state|GO|2020-08-23 00:00:00,1.010135235241355,720.0148370901043
z_state|GO|2020-08-30 00:00:00,1.0125020290360838,750.4908470109581
z_state|GO|2020-09-06 00:00:00,1.021835777097239,765.7908501045349
z_state|GO|2020-09-13 00:00:00,1.028472475625938,662.1758523016838
z_state|GO|2020-09-20 00:00:00,1.0236329896134613,684.8505409464566
z_state|GO|2020-09-27 00:00:00,1.0116782180000519,593.0433394749896
z_state|GO|2020-10-04 00:00:00,1.0110394963853555,644.0783276271209
z_state|GO|2020-10-11 00:00:00,1.0051999058540888,627.0320094877072
z_state|GO|2020-10-18 00:00:00,1.003478900266247,635.5716241174147
z_state|GO|2020-10-25 00:00:00,1.0062596835738276,614.8796987619825
z_state|GO|2020-11-01 00:00:00,1.0037163799785949,662.5050330139259
z_state|GO|2020-11-08 00:00:00,1.0013540959685487,689.0258771680593
z_state|GO|2020-11-15 00:00:00,1.003201465791855,582.2350304907476
z_state|GO|2020-11-22 00:00:00,1.006211338549352,603.2546594594356
z_state|GO|2020-11-29 00:00:00,1.0100926656290643,662.9349780375695
z_state|GO|2020-12-06 00:00:00,1.007275385679953,654.3563202956445
z_state|GO|2020-12-13 00:00:00,1.0018191654194664,635.1769988991093
z_state|GO|2020-12-20 00:00:00,0.9996638924340042,624.613770153706
z_state|GO|2020-12-27 00:00:00,0.9988416535141307,656.1115614440344
z_state|MA|2019-01-06 00:00:00,1.0042464080961317,838.0055436458903
z_state|MA|2019-01-13 00:00:00,0.9977787257640071,665.7891022301613
z_state|MA|2019-01-20 00:00:00,1.0010465307712386,777.1633648152599
z_state|MA|2019-01-27 00:00:00,1.0028265559980452,718.8232995934451
z_state|MA|2019-02-03 00:00:00,1.0013554115771,783.2134258259308
z_state|MA|2019-02-10 00:00:00,0.9976006773118348,684.5632663957508
z_state|MA|2019-02-17 00:00:00,0.9975164060030209,612.024883229438
z_state|MA|2019-02-24 00:00:00,1.0020128868636209,529.0386408636665
z_state|MA|2019-03-03 00:00:00,0.9984486211138008,614.5998074569764
z_state|MA|2019-03-10 00:00:00,0.997162280815022,610.5726501352655
z_state|MA|2019-03-17 00:00:00,0.9964782937649218,621.226060128947
z_state|MA|2019-03-24 00:00:00,0.9981573113620215,731.6446980764761
z_state|MA|2019-03-31 00:00:00,0.9989860346600018,735.9146280545021
z_state|MA|2019-04-07 00:00:00,0.9988426393421476,895.6191763344801
z_state|MA|2019-04-14 00:00:00,0.9968287194999015,702.9144255451406
z_state|MA|2019-04-21 00:00:00,0.9990468283881251,788.2183916444592
z_state|MA|2019-04-28 00:00:00,0.9982183411502605,822.3647619602482
z_state|MA|2019-05-05 00:00:00,0.9969068264880663,688.831170554824
z_state|MA|2019-05-12 00:00:00,0.9962248010888431,738.9019042088731
z_state|MA|2019-05-19 00:00:00,0.999552295173462,695.0873886880981
z_state|MA|2019-05-26 00:00:00,0.9963570734680273,752.0146085533216
z_state|MA|2019-06-02 00:00:00,0.9971081598212628,646.4082542213581
z_state|MA|2019-06-09 00:00:00,1.0126907742488196,883.8439547793985
z_state|MA|2019-06-16 00:00:00,0.9994263803757238,799.6793684561638
z_state|MA|2019-06-23 00:00:00,1.0012601009607585,763.2720496207468
z_state|MA|2019-06-30 00:00:00,1.0019420577056914,869.3947866669746
z_state|MA|2019-07-07 00:00:00,1.005027920790588,802.9210452605082
z_state|MA|2019-07-14 00:00:00,0.9989467929820135,810.7644201677687
z_state|MA|2019-07-21 00:00:00,1.0006744198857886,897.1286471104088
z_state|MA|2019-07-28 00:00:00,0.999737890360269,726.4487183868098
z_state|MA|2019-08-04 00:00:00,0.9998942433384261,720.4552995356836
z_state|MA|2019-08-11 00:00:00,1.0001469695514544,685.250579779842
z_state|MA|2019-08-18 00:00:00,1.001551955872021,614.284749132829
z_state|MA|2019-08-25 00:00:00,1.001616804460267,658.680749595916
z_state|MA|2019-09-01 00:00:00,1.0020155892489513,677.8918112189591
z_state|MA|2019-09-08 00:00:00,1.001349386140471,684.5648688445787
z_state|MA|2019-09-15 00:00:00,0.9992848236639328,817.6108109959106
z_state|MA|2019-09-22 00:00:00,1.0003419638142679,704.3510509818499
z_state|MA|2019-09-29 00:00:00,1.0011113865517047,717.8722562525487
z_state|MA|2019-10-06 00:00:00,1.001909551786782,835.1259140460401
z_state|MA|2019-10-13 00:00:00,0.9979389493214547,766.5169829854322
z_state|MA|2019-10-20 00:00:00,0.9991494004268822,670.118658445438
z_state|MA|2019-10-27 00:00:00,1.0001288632462146,814.272201394778
z_state|MA|2019-11-03 00:00:00,0.9991515132189823,956.6513067916128
z_state|MA|2019-11-10 00:00:00,0.9981566442728699,729.9513733308195
z_state|MA|2019-11-17 00:00:00,1.0013531129929005,778.7734315638953
z_state|MA|2019-11-24 00:00:00,0.9975293625235044,666.417760221092
z_state|MA|2019-12-01 00:00:00,0.9964245357969286,785.0735571705948
z_state|MA|2019-12-08 00:00:00,0.9958899369359944,833.2724519043145
z_state|MA|2019-12-15 00:00:00,1.0010723460323536,761.6911939298626
z_state|MA|2019-12-22 00:00:00,0.9984363626540326,722.8431271831118
z_state|MA|2019-12-29 00:00:00,1.005410448064662,753.8727598602164
z_state|MA|2020-01-05 00:00:00,1.0001268474389184,793.0995887999142
z_state|MA|2020-01-12 00:00:00,0.9976680460777853,697.225929709234
z_state|MA|2020-01-19 00:00:00,1.0025646928841034,719.3427897992653
z_state|MA|2020-01-26 00:00:00,0.9989563511717011,692.1258161671713
z_state|MA|2020-02-02 00:00:00,0.9987750614094563,762.6976216172583
z_state|MA|2020-02-09 00:00:00,1.0006002700274734,708.6218329906985
z_state|MA|2020-02-16 00:00:00,0.9998314615184627,717.5397153414915
z_state|MA|2020-02-23 00:00:00,0.9989706029312156,878.2350413012653
z_state|MA|2020-03-01 00:00:00,0.9989139014181243,694.5795556949226
z_state|MA|2020-03-08 00:00:00,1.005320493402841,822.7941777017955
z_state|MA|2020-03-15 00:00:00,1.0011912412201809,682.9255748436209
z_state|MA|2020-03-22 00:00:00,0.9987462910541957,678.9697235569686
z_state|MA|2020-03-29 00:00:00,0.9975548996205601,848.7281265154837
z_state|MA|2020-04-05 00:00:00,1.0022885757106856,764.0947088102275
z_state|MA|2020-04-12 00:00:00,0.9986004599895396,718.7330151843789
z_state|MA|2020-04-19 00:00:00,1.0104302526794229,802.8911995810586
z_state|MA|2020-04-26 00:00:00,0.998572206913784,854.488233015087
z_state|MA|2020-05-03 00:00:00,0.9982579623794128,828.1240580110604
z_state|MA|2020-05-10 00:00:00,1.0001983648795705,728.7036815153758
z_state|MA|2020-05-17 00:00:00,1.0080678933881615,838.5358144022177
z_state|MA|2020-05-24 00:00:00,1.002979317810575,805.17657621825
z_state|MA|2020-05-31 00:00:00,1.0102678730872097,703.6053907664805
z_state|MA|2020-06-07 00:00:00,1.006264176778731,565.1141560045472
z_state|MA|2020-06-14 00:00:00,1.0019616689893833,633.1311370656667
z_state|MA|2020-06-21 00:00:00,0.998657751852602,693.146301196285
z_state|MA|2020-06-28 00:00:00,1.0003939024827704,780.4403903208178
z_state|MA|2020-07-05 00:00:00,1.0073215463367273,867.5937921445502
z_state|MA|2020-07-12 00:00:00,1.001990920001293,716.0165902430188
z_state|MA|2020-07-19 00:00:00,0.9971529016532418,646.1843964921806
z_state|MA|2020-07-26 00:00:00,1.0083135685914932,649.2898646911513
z_state|MA|2020-08-02 00:00:00,1.0072773492391338,777.7463843337891
z_state|MA|2020-08-09 00:00:00,1.0190625051778113,791.469740196202
z_state|MA|2020-08-16 00:00:00,1.0056826686078941,612.3783249116011
z_state|MA|2020-08-23 00:00:00,1.0041255920482772,607.2595197542987
z_state|MA|2020-08-30 00:00:00,0.9997940691754285,657.6771956570166
z_state|MA|2020-09-06 00:00:00,1.0018423839354205,697.3974008208843
z_state|MA|2020-09-13 00:00:00,1.0063149524154802,651.1470522641289
z_state|MA|2020-09-20 00:00:00,1.007243492471796,594.7273863188672
z_state|MA|2020-09-27 00:00:00,1.0202874258761452,625.7319926359954
z_state|MA|2020-10-04 00:00:00,1.0110801616573513,817.6923509496479
z_state|MA|2020-10-11 00:00:00,1.0079133858944571,861.6873670221348
z_state|MA|2020-10-18 00:00:00,1.0101479088142067,851.8109487813723
z_state|MA|2020-10-25 00:00:00,1.002239388423747,894.691204048563
z_state|MA|2020-11-01 00:00:00,1.0099686006313995,794.6937140570132
z_state|MA|2020-11-08 00:00:00,1.0030723459472688,850.8393810845793
z_state|MA|2020-11-15 00:00:00,1.0018824157715402,756.8686211529154
z_state|MA|2020-11-22 00:00:00,1.0086657325673491,818.0719601460786
z_state|MA|2020-11-29 00:00:00,1.0020403191750642,800.1144909401654
z_state|MA|2020-12-06 00:00:00,1.0014512204706565,732.0318001518433
z_state|MA|2020-12-13 00:00:00,1.0012386560182767,712.4018327846171
z_state|MA|2020-12-20 00:00:00,1.0018186670624945,621.0744652970499
z_state|MA|2020-12-27 00:00:00,1.002635086551254,588.3570690900555
z_state|MG|2019-01-06 00:00:00,1.0066354999064373,335.2949349958784
z_state|MG|2019-01-13 00:00:00,1.0168719934691448,215.65148970402376
z_state|MG|2019-01-20 00:00:00,1.0277269285804114,138.4965823361701
z_state|MG|2019-01-27 00:00:00,1.0197825235595626,187.0775576537093
z_state|MG|2019-02-03 00:00:00,1.0175400520238596,223.8848599046402
z_state|MG|2019-02-10 00:00:00,1.0162327831452973,212.83418080625054
z_state|MG|2019-02-17 00:00:00,1.0171627562625392,234.04437948379896
z_state|MG|2019-02-24 00:00:00,1.017226964708925,212.6005335609735
z_state|MG|2019-03-03 00:00:00,1.0179665093563588,250.2353773133373
z_state|MG|2019-03-10 00:00:00,1.0152676897566228,218.3772264698171
z_state|MG|2019-03-17 00:00:00,1.0187665772876215,176.82787749056658
z_state|MG|2019-03-24 00:00:00,1.0127577197786002,209.9627826184479
z_state|MG|2019-03-31 00:00:00,1.0113466450854949,209.19590290751924
z_state|MG|2019-04-07 00:00:00,1.0102213175254724,186.93703145276598
z_state|MG|2019-04-14 00:00:00,1.0142459583770933,179.55075603865188
z_state|MG|2019-04-21 00:00:00,1.0148822774566841,180.19977300487548
z_state|MG|2019-04-28 00:00:00,1.0281928373203828,171.8886595594628
z_state|MG|2019-05-05 00:00:00,1.0282704391233803,149.00170845145803
z_state|MG|2019-05-12 00:00:00,1.0344464472505692,124.15231117993285
z_state|MG|2019-05-19 00:00:00,1.0219665106582303,177.85713870456925
z_state|MG|2019-05-26 00:00:00,1.0109930861844696,206.4788652260911
z_state|MG|2019-06-02 00:00:00,1.0157371097551382,200.64221919023115
z_state|MG|2019-06-09 00:00:00,1.0216030145473274,183.18862850742005
z_state|MG|2019-06-16 00:00:00,1.0258122783769261,174.00540811554754
z_state|MG|2019-06-23 00:00:00,1.0191092647006987,268.38689742827626
z_state|MG|2019-06-30 00:00:00,1.0150180992074924,190.57934396356848
z_state|MG|2019-07-07 00:00:00,1.0151318938234313,200.53098777938663
z_state|MG|2019-07-14 00:00:00,1.0254782176241883,170.94038015232655
z_state|MG|2019-07-21 00:00:00,1.0157779065928467,181.93821889627733
z_state|MG|2019-07-28 00:00:00,1.0126572825878326,206.58493762765704
z_state|MG|2019-08-04 00:00:00,1.0096311549562302,235.5170146984279
z_state|MG|2019-08-11 00:00:00,1.0101777785832489,223.5820495349606
z_state|MG|2019-08-18 00:00:00,1.017548344619208,225.5750847021933
z_state|MG|2019-08-25 00:00:00,1.0243576005173372,185.63332434429455
z_state|MG|2019-09-01 00:00:00,1.0166205603456833,221.37093652738625
z_state|MG|2019-09-08 00:00:00,1.0061891849671536,232.89119763633667
z_state|MG|2019-09-15 00:00:00,1.0036099862679553,230.2178199206404
z_state|MG|2019-09-22 00:00:00,1.0035179401401162,241.04107482137184
z_state|MG|2019-09-29 00:00:00,1.0109430361843672,226.63010415146124
z_state|MG|2019-10-06 00:00:00,1.0115990820622394,258.6603198983484
z_state|MG|2019-10-13 00:00:00,1.0243771529421384,206.52664098132087
z_state|MG|2019-10-20 00:00:00,1.025978550810306,147.52470485751257
z_state|MG|2019-10-27 00:00:00,1.0213454856502395,172.85656108633535
z_state|MG|2019-11-03 00:00:00,1.012873757712207,210.82468881379162
z_state|MG|2019-11-10 00:00:00,1.0051191870485243,222.14135000918108
z_state|MG|2019-11-17 00:00:00,1.0062509692473072,246.84142380891237
z_state|MG|2019-11-24 00:00:00,1.0084399300624904,242.41099431730228
z_state|MG|2019-12-01 00:00:00,1.0138490830056803,237.63679408567558
z_state|MG|2019-12-08 00:00:00,1.0045385760248944,239.30735468964983
z_state|MG|2019-12-15 00:00:00,1.0132709447641584,226.48877694569688
z_state|MG|2019-12-22 00:00:00,1.017530347515457,200.2027113364602
z_state|MG|2019-12-29 00:00:00,1.0131607678195356,223.24384654917685
z_state|MG|2020-01-05 00:00:00,1.012648469240037,240.7738074465818
z_state|MG|2020-01-12 00:00:00,1.0140910424455936,216.55549774169197
z_state|MG|2020-01-19 00:00:00,1.0212315058508312,218.93763920104695
z_state|MG|2020-01-26 00:00:00,1.0234635609509948,183.67418729463714
z_state|MG|2020-02-02 00:00:00,1.0198471386726995,189.8311288570239
z_state|MG|2020-02-09 00:00:00,1.0265204326790331,159.3142323231291
z_state|MG|2020-02-16 00:00:00,1.0281926557262016,121.58058453725982
z_state|MG|2020-02-23 00:00:00,1.0232880280405796,172.5702875012673
z_state|MG|2020-03-01 00:00:00,1.0290176447958497,163.12015644252176
z_state|MG|2020-03-08 00:00:00,1.0167118413856115,197.06045833208896
z_state|MG|2020-03-15 00:00:00,1.0136056143258312,199.13338769909035
z_state|MG|2020-03-22 00:00:00,1.011391040214797,211.4155825876071
z_state|MG|2020-03-29 00:00:00,1.0120170869231018,252.99025545134523
z_state|MG|2020-04-05 00:00:00,1.0110899903069799,276.3843968663411
z_state|MG|2020-04-12 00:00:00,1.011836114796607,263.054613177805
z_state|MG|2020-04-19 00:00:00,1.0187780337499934,227.19070012859325
z_state|MG|2020-04-26 00:00:00,1.0120920012997243,229.2783680780708
z_state|MG|2020-05-03 00:00:00,1.011464625404669,254.81498269557522
z_state|MG|2020-05-10 00:00:00,1.0118635708306045,209.99142072077606
z_state|MG|2020-05-17 00:00:00,1.0190589758515147,206.40526847169517
z_state|MG|2020-05-24 00:00:00,1.0159804784552544,184.32499379054482
z_state|MG|2020-05-31 00:00:00,1.0142947529822202,179.60302144352144
z_state|MG|2020-06-07 00:00:00,1.0294443692631485,162.23335116046954
z_state|MG|2020-06-14 00:00:00,1.0226395121785956,193.1326172288509
z_state|MG|2020-06-21 00:00:00,1.019833730638314,208.7206505452615
z_state|MG|2020-06-28 00:00:00,1.0162691683595602,218.23684908679743
z_state|MG|2020-07-05 00:00:00,1.0162039047228772,218.85453859743905
z_state|MG|2020-07-12 00:00:00,1.01818685428747,214.80983986760043
z_state|MG|2020-07-19 00:00:00,1.0307590589681574,163.0625939422186
z_state|MG|2020-07-26 00:00:00,1.017207642267934,205.71933267413974
z_state|MG|2020-08-02 00:00:00,1.0141367259338785,230.206193582521
z_state|MG|2020-08-09 00:00:00,1.0144678781302765,198.27098492353238
z_state|MG|2020-08-16 00:00:00,1.00844350734341,254.50131588414132
z_state|MG|2020-08-23 00:00:00,1.0146589395823078,219.5823031675432
z_state|MG|2020-08-30 00:00:00,1.0193243872579643,187.02294329989692
z_state|MG|2020-09-06 00:00:00,1.017440130126594,187.64622912548234
z_state|MG|2020-09-13 00:00:00,1.0268740186553436,159.46796207827995
z_state|MG|2020-09-20 00:00:00,1.0176998242890256,225.2713374908158
z_state|MG|2020-09-27 00:00:00,1.0169000197632394,200.95297553478954
z_state|MG|2020-10-04 00:00:00,1.0138546987744586,185.5170643984671
z_state|MG|2020-10-11 00:00:00,1.0247752827142718,155.43701781435374
z_state|MG|2020-10-18 00:00:00,1.035280081418607,103.35531088940881
z_state|MG|2020-10-25 00:00:00,1.0283701337482838,155.16021096696468
z_state|MG|2020-11-01 00:00:00,1.032280220752239,134.90079446795403
z_state|MG|2020-11-08 00:00:00,1.0317281479777036,143.2289440059467
z_state|MG|2020-11-15 00:00:00,1.0240913404158607,156.43811524899132
z_state|MG|2020-11-22 00:00:00,1.0221650346533895,185.8436375564261
z_state|MG|2020-11-29 00:00:00,1.0201182721410822,207.2226882234771
z_state|MG|2020-12-06 00:00:00,1.0139460403495053,236.05967993610716
z_state|MG|2020-12-13 00:00:00,1.0129533543648817,236.2521876247665
z_state|MG|2020-12-20 00:00:00,1.008005576711622,291.15917732817917
z_state|MG|2020-12-27 00:00:00,1.003922101173884,316.30367159048853
z_state|MS|2019-01-06 00:00:00,1.005508306197355,529.37809893169
z_state|MS|2019-01-13 00:00:00,1.0144229769095685,613.8246269550593
z_state|MS|2019-01-20 00:00:00,1.008700165507085,588.2156523945106
z_state|MS|2019-01-27 00:00:00,1.0143164685292065,564.8832375892722
z_state|MS|2019-02-03 00:00:00,1.0254723855131331,513.9250315987343
z_state|MS|2019-02-10 00:00:00,1.0051739332034901,516.2658300631293
z_state|MS|2019-02-17 00:00:00,1.0024660772766092,513.2931841936635
z_state|MS|2019-02-24 00:00:00,0.9990081414020606,525.5668707370954
z_state|MS|2019-03-03 00:00:00,1.0037018767029715,540.0023170482374
z_state|MS|2019-03-10 00:00:00,1.006964894875968,568.7521239164867
z_state|MS|2019-03-17 00:00:00,1.0040094862387177,603.280057573212
z_state|MS|2019-03-24 00:00:00,0.999344058660145,628.4542382108688
z_state|MS|2019-03-31 00:00:00,1.0044287967074914,579.2254547075818
z_state|MS|2019-04-07 00:00:00,1.0039213050112685,560.3640520215856
z_state|MS|2019-04-14 00:00:00,1.0047000551602476,557.9315697367833
z_state|MS|2019-04-21 00:00:00,1.0091605009703724,577.2087478346742
z_state|MS|2019-04-28 00:00:00,1.0028639796377896,626.0641314726314
z_state|MS|2019-05-05 00:00:00,1.0100075647675328,524.1846729578006
z_state|MS|2019-05-12 00:00:00,1.0029967573343168,608.8554044874384
z_state|MS|2019-05-19 00:00:00,0.9979512829341821,640.7662329507577
z_state|MS|2019-05-26 00:00:00,0.99775291800559,600.4971180794794
z_state|MS|2019-06-02 00:00:00,0.9993546770290852,644.7195403434007
z_state|MS|2019-06-09 00:00:00,0.9994635644771958,643.0531166062494
z_state|MS|2019-06-16 00:00:00,0.9971862201466511,647.6615431148012
z_state|MS|2019-06-23 00:00:00,0.9975560783892682,637.0698681246372
z_state|MS|2019-06-30 00:00:00,1.0052929085769862,642.682166902552
z_state|MS|2019-07-07 00:00:00,0.9956756433900856,543.6576180917042
z_state|MS|2019-07-14 00:00:00,0.9953475325075287,574.5967685274853
z_state|MS|2019-07-21 00:00:00,1.0000069893345365,563.0102286770892
z_state|MS|2019-07-28 00:00:00,1.0002761101224666,583.1651438204236
z_state|MS|2019-08-04 00:00:00,1.0011892735791497,651.4200190968875
z_state|MS|2019-08-11 00:00:00,1.0025411670831743,596.0708387178177
z_state|MS|2019-08-18 00:00:00,1.0009360398890008,588.6752789954368
z_state|MS|2019-08-25 00:00:00,1.003670933919479,580.4620058764964
z_state|MS|2019-09-01 00:00:00,0.9979051213252255,546.1648184470253
z_state|MS|2019-09-08 00:00:00,1.0047728046901667,497.91166265743976
z_state|MS|2019-09-15 00:00:00,1.0006254011406055,561.8650146332395
z_state|MS|2019-09-22 00:00:00,1.0003425588833699,564.9564220578269
z_state|MS|2019-09-29 00:00:00,1.000482386384128,542.451455119524
z_state|MS|2019-10-06 00:00:00,1.0016965526445225,493.4341798284189
z_state|MS|2019-10-13 00:00:00,1.0001012967778882,476.5797105790082
z_state|MS|2019-10-20 00:00:00,1.0030240368705967,520.3049706808507
z_state|MS|2019-10-27 00:00:00,0.9965681148235124,574.858030817122
z_state|MS|2019-11-03 00:00:00,1.0013076063185953,561.8228090514808
z_state|MS|2019-11-10 00:00:00,0.9988177760634315,556.8274799899187
z_state|MS|2019-11-17 00:00:00,1.0042476418698885,591.4623624572017
z_state|MS|2019-11-24 00:00:00,0.9972500444054697,564.7123032119629
z_state|MS|2019-12-01 00:00:00,0.9981351940244547,546.8878040271045
z_state|MS|2019-12-08 00:00:00,0.9955809436215659,456.2217898246068
z_state|MS|2019-12-15 00:00:00,0.9970992988101846,554.9161118851874
z_state|MS|2019-12-22 00:00:00,1.0027649763947077,518.578214939339
z_state|MS|2019-12-29 00:00:00,1.001208613951866,593.6308308095079
z_state|MS|2020-01-05 00:00:00,0.9975191285110975,564.9129899087452
z_state|MS|2020-01-12 00:00:00,0.9968887522215065,573.7737099218558
z_state|MS|2020-01-19 00:00:00,0.9983632982594544,555.6163982745425
z_state|MS|2020-01-26 00:00:00,1.0055624855944056,523.0278641478606
z_state|MS|2020-02-02 00:00:00,1.0076550896488539,568.0443383536532
z_state|MS|2020-02-09 00:00:00,1.0054868366207672,571.7074226030663
z_state|MS|2020-02-16 00:00:00,1.0072095636400247,564.6004841137513
z_state|MS|2020-02-23 00:00:00,1.0103551837458047,558.7714944320816
z_state|MS|2020-03-01 00:00:00,1.0067947265953383,582.7132805898048
z_state|MS|2020-03-08 00:00:00,1.0031236554611207,505.67030530464825
z_state|MS|2020-03-15 00:00:00,0.9991156196015264,513.3561299335668
z_state|MS|2020-03-22 00:00:00,0.997049800147991,597.6748739438204
z_state|MS|2020-03-29 00:00:00,0.9978141170486792,573.8302340013004
z_state|MS|2020-04-05 00:00:00,1.0126210973078646,494.8046143773143
z_state|MS|2020-04-12 00:00:00,0.9965427939285983,482.30939298587924
z_state|MS|2020-04-19 00:00:00,1.0036121800531468,558.2917178545836
z_state|MS|2020-04-26 00:00:00,1.0041768771275408,606.0743859429747
z_state|MS|2020-05-03 00:00:00,1.003122121947511,552.5845077820622
z_state|MS|2020-05-10 00:00:00,0.9989581465812312,567.6113185103802
z_state|MS|2020-05-17 00:00:00,0.9977385781074224,654.4210811420963
z_state|MS|2020-05-24 00:00:00,0.9992136403854823,707.126196019644
z_state|MS|2020-05-31 00:00:00,0.9968747335886096,641.898739275953
z_state|MS|2020-06-07 00:00:00,0.9991558938021669,600.7889579405377
z_state|MS|2020-06-14 00:00:00,0.9998635854905789,558.1952381463688
z_state|MS|2020-06-21 00:00:00,0.9996833204106055,652.9440899929401
z_state|MS|2020-06-28 00:00:00,0.997390781283384,535.6239838928076
z_state|MS|2020-07-05 00:00:00,0.9985789555889634,540.7847532966367
z_state|MS|2020-07-12 00:00:00,0.9991333361793134,514.9412103566578
z_state|MS|2020-07-19 00:00:00,1.0034350037329542,500.5699282277377
z_state|MS|2020-07-26 00:00:00,1.0059999282224057,537.0181502500983
z_state|MS|2020-08-02 00:00:00,0.9985269975501342,518.4393811242397
z_state|MS|2020-08-09 00:00:00,1.0030025433401841,570.5881872727522
z_state|MS|2020-08-16 00:00:00,1.0035798290556956,579.5437067650081
z_state|MS|2020-08-23 00:00:00,1.0033588323704516,579.8550113628907
z_state|MS|2020-08-30 00:00:00,1.0005417906523817,505.0375870671936
z_state|MS|2020-09-06 00:00:00,1.0033106078583476,555.5076080039207
z_state|MS|2020-09-13 00:00:00,0.9979419590141568,548.5845282478687
z_state|MS|2020-09-20 00:00:00,1.0017953262073778,605.8787808392522
z_state|MS|2020-09-27 00:00:00,1.0001663403362506,638.2993679404078
z_state|MS|2020-10-04 00:00:00,0.9959251863589648,688.2373644841325
z_state|MS|2020-10-11 00:00:00,0.9978743947631648,659.9722341178987
z_state|MS|2020-10-18 00:00:00,0.9963828899742724,676.561325458802
z_state|MS|2020-10-25 00:00:00,0.9967167779072392,584.4687183753704
z_state|MS|2020-11-01 00:00:00,1.0076166681813326,521.6711232291123
z_state|MS|2020-11-08 00:00:00,1.0043550603845004,512.3385839469172
z_state|MS|2020-11-15 00:00:00,0.9989454035844096,570.4181922212605
z_state|MS|2020-11-22 00:00:00,1.0045831652682091,547.2475150767972
z_state|MS|2020-11-29 00:00:00,1.004213855846561,592.1544010271547
z_state|MS|2020-12-06 00:00:00,1.0038602798484815,554.9555631224185
z_state|MS|2020-12-13 00:00:00,1.0022464892148277,579.5414363717797
z_state|MS|2020-12-20 00:00:00,1.0052756844286652,608.5534853118517
z_state|MS|2020-12-27 00:00:00,1.0118632006308534,688.3029088958858
z_state|MT|2019-01-06 00:00:00,0.9985104467879674,802.8300611950375
z_state|MT|2019-01-13 00:00:00,1.0115966255670614,686.4385060634473
z_state|MT|2019-01-20 00:00:00,1.0094185907006483,558.3226828317942
z_state|MT|2019-01-27 00:00:00,1.0051999211799219,566.6990013303641
z_state|MT|2019-02-03 00:00:00,1.0157630285215462,548.1994193258195
z_state|MT|2019-02-10 00:00:00,1.0139882319803273,536.5234581918577
z_state|MT|2019-02-17 00:00:00,1.0097544074837213,605.0327008010872
z_state|MT|2019-02-24 00:00:00,1.000630571519094,846.2785844246191
z_state|MT|2019-03-03 00:00:00,1.0003589032971878,817.742293519922
z_state|MT|2019-03-10 00:00:00,1.0048452619251607,762.663486154978
z_state|MT|2019-03-17 00:00:00,1.001565185908312,779.1618704178778
z_state|MT|2019-03-24 00:00:00,1.021876569667546,718.1696477578859
z_state|MT|2019-03-31 00:00:00,1.0106120938990415,776.3400694502039
z_state|MT|2019-04-07 00:00:00,1.0023505556063574,677.5425912615948
z_state|MT|2019-04-14 00:00:00,1.001738601027586,706.0415331512792
z_state|MT|2019-04-21 00:00:00,1.0114423614269754,642.5672232687012
z_state|MT|2019-04-28 00:00:00,1.0032719985133944,666.5513789809698
z_state|MT|2019-05-05 00:00:00,1.001969080210942,671.789901896722
z_state|MT|2019-05-12 00:00:00,1.0010492927180463,694.6045789986277
z_state|MT|2019-05-19 00:00:00,1.0015235759415038,620.4951132334202
z_state|MT|2019-05-26 00:00:00,1.0094454000274906,931.3569427493383
z_state|MT|2019-06-02 00:00:00,1.0139658946669867,745.1135890586672
z_state|MT|2019-06-09 00:00:00,1.0020270032948209,886.5791132153138
z_state|MT|2019-06-16 00:00:00,1.0052398722271432,714.7889160505714
z_state|MT|2019-06-23 00:00:00,1.0104461232223498,644.1736366516916
z_state|MT|2019-06-30 00:00:00,1.0087031552593535,620.4731487635439
z_state|MT|2019-07-07 00:00:00,1.014250220499435,618.940651503553
z_state|MT|2019-07-14 00:00:00,1.0008565294303404,696.6981075837951
z_state|MT|2019-07-21 00:00:00,0.999532489425719,666.4028618050736
z_state|MT|2019-07-28 00:00:00,0.999853743134513,645.2046610374844
z_state|MT|2019-08-04 00:00:00,1.0100200460716575,622.9200419183327
z_state|MT|2019-08-11 00:00:00,0.9995796451280173,660.2736372599195
z_state|MT|2019-08-18 00:00:00,0.9991976997216507,646.1172537479617
z_state|MT|2019-08-25 00:00:00,1.0017725585117607,653.6074068053422
z_state|MT|2019-09-01 00:00:00,1.000130556207101,671.0062033138195
z_state|MT|2019-09-08 00:00:00,0.9989958426172947,631.641450537271
z_state|MT|2019-09-15 00:00:00,1.003850645880413,670.0796107566405
z_state|MT|2019-09-22 00:00:00,0.9970197176722652,633.3793113783696
z_state|MT|2019-09-29 00:00:00,1.0039675546210995,580.625568071798
z_state|MT|2019-10-06 00:00:00,0.9998118245096103,633.9802894507742
z_state|MT|2019-10-13 00:00:00,0.9997662503221614,587.3878947533993
z_state|MT|2019-10-20 00:00:00,1.0082190261054016,525.8484804439918
z_state|MT|2019-10-27 00:00:00,1.001283678616126,558.7393465209701
z_state|MT|2019-11-03 00:00:00,1.0000169839291526,617.9459072303562
z_state|MT|2019-11-10 00:00:00,1.001201287021762,642.1766215352443
z_state|MT|2019-11-17 00:00:00,1.0042142794277134,497.20167253590563
z_state|MT|2019-11-24 00:00:00,1.002755933656274,647.9442381691247
z_state|MT|2019-12-01 00:00:00,1.0032400794932594,645.0912166884225
z_state|MT|2019-12-08 00:00:00,1.0007075740991473,621.5504402769027
z_state|MT|2019-12-15 00:00:00,0.9997779382449052,708.9305971250791
z_state|MT|2019-12-22 00:00:00,1.001174343964391,622.7021805651937
z_state|MT|2019-12-29 00:00:00,1.0005410711409435,622.4233422704156
z_state|MT|2020-01-05 00:00:00,1.0014721285882051,674.3620024097822
z_state|MT|2020-01-12 00:00:00,1.0033262717252345,684.3280615752433
z_state|MT|2020-01-19 00:00:00,0.9994442144319369,621.5812841120262
z_state|MT|2020-01-26 00:00:00,1.0056396454470087,745.4755654403198
z_state|MT|2020-02-02 00:00:00,1.0073790106015696,792.0011245035199
z_state|MT|2020-02-09 00:00:00,1.000782976938362,931.802611631356
z_state|MT|2020-02-16 00:00:00,0.9968881248737373,1040.823996531185
z_state|MT|2020-02-23 00:00:00,0.9958864256301884,879.2044319737923
z_state|MT|2020-03-01 00:00:00,1.0002387224297289,761.0392759962972
z_state|MT|2020-03-08 00:00:00,1.0013746611196555,660.4416900673698
z_state|MT|2020-03-15 00:00:00,0.9994079641053795,756.9949289730049
z_state|MT|2020-03-22 00:00:00,1.0005245303626877,725.283429025125
z_state|MT|2020-03-29 00:00:00,1.0038214025190273,914.226446236941
z_state|MT|2020-04-05 00:00:00,1.0021015077444793,837.3662374623913
z_state|MT|2020-04-12 00:00:00,1.0023077383685244,752.1437908388359
z_state|MT|2020-04-19 00:00:00,1.0039143149780716,672.8911486265828
z_state|MT|2020-04-26 00:00:00,1.0039156014631754,675.8165395380246
z_state|MT|2020-05-03 00:00:00,1.0020406400771005,752.8945338064881
z_state|MT|2020-05-10 00:00:00,1.0012250032859649,726.1440273142567
z_state|MT|2020-05-17 00:00:00,1.0015698679305327,686.0034599786302
z_state|MT|2020-05-24 00:00:00,0.9984608633538593,731.5197444327107
z_state|MT|2020-05-31 00:00:00,1.00206421546323,771.8752485717727
z_state|MT|2020-06-07 00:00:00,1.0057948229203164,800.0462901248394
z_state|MT|2020-06-14 00:00:00,1.0021255858851887,694.449677281644
z_state|MT|2020-06-21 00:00:00,1.0025315646341262,715.1721366117433
z_state|MT|2020-06-28 00:00:00,0.9980534610919368,734.7354337007571
z_state|MT|2020-07-05 00:00:00,0.9976712413074621,697.3513283185572
z_state|MT|2020-07-12 00:00:00,1.0036030142662011,738.4152538022724
z_state|MT|2020-07-19 00:00:00,1.0040218058517811,555.5561265617732
z_state|MT|2020-07-26 00:00:00,1.0010688070699514,685.9440116558303
z_state|MT|2020-08-02 00:00:00,0.9974187701945187,657.9579310747091
z_state|MT|2020-08-09 00:00:00,1.0012832065502533,627.8393559464433
z_state|MT|2020-08-16 00:00:00,1.000187030054513,603.9960050573786
z_state|MT|2020-08-23 00:00:00,1.0025256691302367,576.7497211659725
z_state|MT|2020-08-30 00:00:00,0.9982020699214691,650.0928443613936
z_state|MT|2020-09-06 00:00:00,0.9980821080518303,682.6367285156729
z_state|MT|2020-09-13 00:00:00,1.0048156303774174,669.4885782111738
z_state|MT|2020-09-20 00:00:00,1.0093305205408754,722.448990369639
z_state|MT|2020-09-27 00:00:00,1.0074218255249698,750.8914750985862
z_state|MT|2020-10-04 00:00:00,1.007837856653991,795.90284472198
z_state|MT|2020-10-11 00:00:00,0.9993363399702152,780.3842296344568
z_state|MT|2020-10-18 00:00:00,1.003561380328368,726.6332205189206
z_state|MT|2020-10-25 00:00:00,0.9994629756065961,725.0463148325196
z_state|MT|2020-11-01 00:00:00,0.996979173545779,768.6781346116143
z_state|MT|2020-11-08 00:00:00,1.0021075693717776,763.6953682493872
z_state|MT|2020-11-15 00:00:00,1.0059330023069513,816.2096121167183
z_state|MT|2020-11-22 00:00:00,1.0064101561848064,730.3887635671449
z_state|MT|2020-11-29 00:00:00,1.007983877581402,693.2629365132219
z_state|MT|2020-12-06 00:00:00,1.0048835706819366,698.1021667327517
z_state|MT|2020-12-13 00:00:00,1.0005572559017626,665.6331008521482
z_state|MT|2020-12-20 00:00:00,1.0038583539003767,792.6378352132821
z_state|MT|2020-12-27 00:00:00,0.9987290178421002,713.5481072348487
z_state|PA|2019-01-06 00:00:00,1.001424688497562,486.19606527579043
z_state|PA|2019-01-13 00:00:00,1.0028938892834398,358.8839605146835
z_state|PA|2019-01-20 00:00:00,1.0025920048532517,383.4232433483832
z_state|PA|2019-01-27 00:00:00,1.0047009083823533,368.89919150831224
z_state|PA|2019-02-03 00:00:00,0.9974551918060959,364.14906127283933
z_state|PA|2019-02-10 00:00:00,0.997671481694441,384.38562976204554
z_state|PA|2019-02-17 00:00:00,1.0026104687621602,388.982754877992
z_state|PA|2019-02-24 00:00:00,0.99935934763452,346.9806203240188
z_state|PA|2019-03-03 00:00:00,0.9975316446313105,386.51474656213674
z_state|PA|2019-03-10 00:00:00,1.010986580880161,338.05049848383464
z_state|PA|2019-03-17 00:00:00,1.000752772359321,386.76979227374744
z_state|PA|2019-03-24 00:00:00,0.9988314349240571,385.43243814820164
z_state|PA|2019-03-31 00:00:00,1.0034429584319333,391.2000321215816
z_state|PA|2019-04-07 00:00:00,1.0037352721721353,410.49799833882963
z_state|PA|2019-04-14 00:00:00,1.0112708224147722,416.22405067563045
z_state|PA|2019-04-21 00:00:00,1.011153805970469,384.15833400787193
z_state|PA|2019-04-28 00:00:00,0.9979010964087768,404.1232179893095
z_state|PA|2019-05-05 00:00:00,1.0049302638496966,445.87630864971044
z_state|PA|2019-05-12 00:00:00,1.0076031208773926,410.46093544659226
z_state|PA|2019-05-19 00:00:00,1.0089032007473255,448.00843794861225
z_state|PA|2019-05-26 00:00:00,1.0065834465240104,345.7394077189228
z_state|PA|2019-06-02 00:00:00,1.0035427704638185,341.06290369721097
z_state|PA|2019-06-09 00:00:00,1.001384243092186,352.8093476299921
z_state|PA|2019-06-16 00:00:00,1.002895225098916,368.5896092102303
z_state|PA|2019-06-23 00:00:00,0.9991101671415182,404.82977829100275
z_state|PA|2019-06-30 00:00:00,1.0016099241526455,431.7876773358657
z_state|PA|2019-07-07 00:00:00,0.9996936097416869,452.0323324726753
z_state|PA|2019-07-14 00:00:00,1.000518368721465,484.3493963353322
z_state|PA|2019-07-21 00:00:00,1.0020634100157852,485.8489305279413
z_state|PA|2019-07-28 00:00:00,1.0130664132603802,416.2774673068949
z_state|PA|2019-08-04 00:00:00,1.0082336277075956,431.8423476834272
z_state|PA|2019-08-11 00:00:00,0.9993386382348287,481.3928500100939
z_state|PA|2019-08-18 00:00:00,0.9989390404213104,434.73224905540604
z_state|PA|2019-08-25 00:00:00,0.9984790412263057,440.0603116435984
z_state|PA|2019-09-01 00:00:00,1.0003037645618826,423.9892619903112
z_state|PA|2019-09-08 00:00:00,1.0196022167001266,408.5157390268584
z_state|PA|2019-09-15 00:00:00,0.998866569002906,486.3699408642518
z_state|PA|2019-09-22 00:00:00,0.999668988986409,421.2661436902196
z_state|PA|2019-09-29 00:00:00,0.9985142262833242,430.0738129714661
z_state|PA|2019-10-06 00:00:00,0.9979210288182198,422.8719447174831
z_state|PA|2019-10-13 00:00:00,0.9969994403808169,453.3602450143532
z_state|PA|2019-10-20 00:00:00,0.9999788491283412,392.7917229816589
z_state|PA|2019-10-27 00:00:00,0.9994851207028854,356.03978636888564
z_state|PA|2019-11-03 00:00:00,0.9977259032847008,352.24380440361676
z_state|PA|2019-11-10 00:00:00,1.0054390566136258,395.75143092380625
z_state|PA|2019-11-17 00:00:00,0.9999941310656147,349.62665452476386
z_state|PA|2019-11-24 00:00:00,1.0011277689374365,327.8771140518179
z_state|PA|2019-12-01 00:00:00,0.9991453893173973,326.9097958178305
z_state|PA|2019-12-08 00:00:00,0.999905328304003,308.85071215236974
z_state|PA|2019-12-15 00:00:00,1.0014468144267141,322.2303354945943
z_state|PA|2019-12-22 00:00:00,1.00469995251927,348.68749402851955
z_state|PA|2019-12-29 00:00:00,1.0156031432636803,396.4450502629177
z_state|PA|2020-01-05 00:00:00,1.0228564268295581,317.0338581544734
z_state|PA|2020-01-12 00:00:00,1.0153475414225177,370.17768720704373
z_state|PA|2020-01-19 00:00:00,1.0056002477297001,356.85917538224373
z_state|PA|2020-01-26 00:00:00,1.0050806821816998,348.85487828283675
z_state|PA|2020-02-02 00:00:00,1.0090903848609731,363.43627174004973
z_state|PA|2020-02-09 00:00:00,1.0215184214124335,394.9075758194423
z_state|PA|2020-02-16 00:00:00,1.0018299304199296,400.0730532205018
z_state|PA|2020-02-23 00:00:00,0.9995451635820426,408.20845629971683
z_state|PA|2020-03-01 00:00:00,1.0027335043828733,409.1275758373001
z_state|PA|2020-03-08 00:00:00,1.0012207762077605,444.3522596903206
z_state|PA|2020-03-15 00:00:00,1.0040678310384017,478.03726973544246
z_state|PA|2020-03-22 00:00:00,0.9982372172911969,394.6714136300283
z_state|PA|2020-03-29 00:00:00,0.997631111728302,370.5570222568437
z_state|PA|2020-04-05 00:00:00,0.9970352904762163,387.31012025926344
z_state|PA|2020-04-12 00:00:00,0.9995992085652962,344.9786269953622
z_state|PA|2020-04-19 00:00:00,1.001377033732786,370.6184570294089
z_state|PA|2020-04-26 00:00:00,1.0043071917388413,449.84292200227924
z_state|PA|2020-05-03 00:00:00,1.0023350000761513,404.1846740279868
z_state|PA|2020-05-10 00:00:00,1.005181015365481,460.86387375118704
z_state|PA|2020-05-17 00:00:00,1.0045507277702663,440.23397606030926
z_state|PA|2020-05-24 00:00:00,1.002128375794819,429.95393923403645
z_state|PA|2020-05-31 00:00:00,1.0016128917786538,382.34865476738975
z_state|PA|2020-06-07 00:00:00,1.0020317450278502,401.6857653696884
z_state|PA|2020-06-14 00:00:00,1.0010079000521972,421.68200365396604
z_state|PA|2020-06-21 00:00:00,1.0080730667470112,433.35435440167817
z_state|PA|2020-06-28 00:00:00,1.010295999330242,417.95104192255036
z_state|PA|2020-07-05 00:00:00,1.0055373242167278,422.5436150146139
z_state|PA|2020-07-12 00:00:00,1.0003867864733629,393.821407091758
z_state|PA|2020-07-19 00:00:00,1.004091463158822,377.07010954079294
z_state|PA|2020-07-26 00:00:00,1.0009380139347945,377.0687688529916
z_state|PA|2020-08-02 00:00:00,0.9991381668315596,358.61423768512026
z_state|PA|2020-08-09 00:00:00,1.0029177225851287,375.2689348395563
z_state|PA|2020-08-16 00:00:00,1.0083371494888158,323.69215484265715
z_state|PA|2020-08-23 00:00:00,1.0023078528343081,352.3939713565558
z_state|PA|2020-08-30 00:00:00,1.0009549052885238,365.2502972305984
z_state|PA|2020-09-06 00:00:00,0.9988859210832115,358.17792802159215
z_state|PA|2020-09-13 00:00:00,1.007271531074811,376.1464441608766
z_state|PA|2020-09-20 00:00:00,1.004400222215511,394.7417013384817
z_state|PA|2020-09-27 00:00:00,0.9961421645292996,396.5666995599607
z_state|PA|2020-10-04 00:00:00,0.9971059195279833,419.78669066627396
z_state|PA|2020-10-11 00:00:00,1.0021212890766522,445.5965696647692
z_state|PA|2020-10-18 00:00:00,1.0065816272408419,454.07051624960513
z_state|PA|2020-10-25 00:00:00,1.0059492247408524,430.393461047448
z_state|PA|2020-11-01 00:00:00,1.001621471287778,419.82808854371547
z_state|PA|2020-11-08 00:00:00,1.0017254492079433,403.44408596333204
z_state|PA|2020-11-15 00:00:00,1.0064238920171142,374.8343422229354
z_state|PA|2020-11-22 00:00:00,1.005183434368754,394.45747711176665
z_state|PA|2020-11-29 00:00:00,1.0002422102697972,357.43190720712346
z_state|PA|2020-12-06 00:00:00,1.0002839978537275,385.81036940347985
z_state|PA|2020-12-13 00:00:00,1.0071349585026748,341.04453727398374
z_state|PA|2020-12-20 00:00:00,1.0094257472615769,353.8376679378531
z_state|PA|2020-12-27 00:00:00,1.0093949690351867,353.3064984184993
z_state|PB|2019-01-06 00:00:00,0.997941875631247,727.5872410164541
z_state|PB|2019-01-13 00:00:00,1.0001637114346416,558.2462460421193
z_state|PB|2019-01-20 00:00:00,1.020080474239892,499.27075105979566
z_state|PB|2019-01-27 00:00:00,1.0023670071886355,496.64935186404404
z_state|PB|2019-02-03 00:00:00,1.006605335974654,467.79957938329915
z_state|PB|2019-02-10 00:00:00,1.0074219505823103,457.3467326898548
z_state|PB|2019-02-17 00:00:00,1.0035616636758153,479.67948810976026
z_state|PB|2019-02-24 00:00:00,1.0138423098465066,553.3412935164115
z_state|PB|2019-03-03 00:00:00,1.0032550668736515,529.0943014630088
z_state|PB|2019-03-10 00:00:00,1.0047458325561194,616.401186186381
z_state|PB|2019-03-17 00:00:00,1.0092881269777092,723.4844688601374
z_state|PB|2019-03-24 00:00:00,1.005133064847279,723.0416981992182
z_state|PB|2019-03-31 00:00:00,1.0075125331333592,682.9073832284009
z_state|PB|2019-04-07 00:00:00,1.0151142810498686,598.0453413614825
z_state|PB|2019-04-14 00:00:00,1.0253626278570562,518.4451821632972
z_state|PB|2019-04-21 00:00:00,1.010192131505423,538.5614811698341
z_state|PB|2019-04-28 00:00:00,1.0074408730557323,498.87905706078465
z_state|PB|2019-05-05 00:00:00,1.0095162283727122,575.3147531317135
z_state|PB|2019-05-12 00:00:00,1.0186145544662615,589.1201499738179
z_state|PB|2019-05-19 00:00:00,1.0054036833865612,566.166163680539
z_state|PB|2019-05-26 00:00:00,0.9980199638242373,567.1076989168776
z_state|PB|2019-06-02 00:00:00,0.9978527304281594,583.0864528871068
z_state|PB|2019-06-09 00:00:00,0.9989907272509174,614.0501323349787
z_state|PB|2019-06-16 00:00:00,1.0004042279230287,601.9690760372954
z_state|PB|2019-06-23 00:00:00,1.0070381180539758,611.0560316453924
z_state|PB|2019-06-30 00:00:00,1.0023730957208152,554.7319987963759
z_state|PB|2019-07-07 00:00:00,1.0052968876215143,563.762813140458
z_state|PB|2019-07-14 00:00:00,1.0122973325954305,491.1165074850577
z_state|PB|2019-07-21 00:00:00,1.0132175232195002,539.2377124999715
z_state|PB|2019-07-28 00:00:00,1.0137752572102159,522.459202210016
z_state|PB|2019-08-04 00:00:00,1.0073564156071926,553.1001632708413
z_state|PB|2019-08-11 00:00:00,1.0065028362729518,587.112909195729
z_state|PB|2019-08-18 00:00:00,1.004629693445963,603.5207141835745
z_state|PB|2019-08-25 00:00:00,1.0065433679854443,625.3508438997952
z_state|PB|2019-09-01 00:00:00,1.0078671441803522,564.403989938512
z_state|PB|2019-09-08 00:00:00,1.0079546144886817,507.9880401644161
z_state|PB|2019-09-15 00:00:00,1.0064009155895883,499.0349035481085
z_state|PB|2019-09-22 00:00:00,1.0067744039519073,463.21045581477676
z_state|PB|2019-09-29 00:00:00,1.011364301434783,526.6978480121123
z_state|PB|2019-10-06 00:00:00,1.0080173079355597,505.95500841446824
z_state|PB|2019-10-13 00:00:00,1.004514120466453,543.5557739177129
z_state|PB|2019-10-20 00:00:00,1.0077910638454555,536.4006346724748
z_state|PB|2019-10-27 00:00:00,1.0170153293746087,514.8392209296386
z_state|PB|2019-11-03 00:00:00,1.0054211096624137,493.19854073232875
z_state|PB|2019-11-10 00:00:00,0.9994234716955915,465.9685953580897
z_state|PB|2019-11-17 00:00:00,0.9997257427167991,464.22614197106896
z_state|PB|2019-11-24 00:00:00,1.0029001854982087,453.0990124204712
z_state|PB|2019-12-01 00:00:00,1.0035726918147079,488.74660513030244
z_state|PB|2019-12-08 00:00:00,0.999316843895107,489.27628910137065
z_state|PB|2019-12-15 00:00:00,1.0057468352444505,391.2612453480489
z_state|PB|2019-12-22 00:00:00,1.0006935515757673,482.03404252535177
z_state|PB|2019-12-29 00:00:00,1.0099773003975006,527.1830466122713
z_state|PB|2020-01-05 00:00:00,1.0155438875830374,531.0704050213305
z_state|PB|2020-01-12 00:00:00,1.01135994853954,484.1445094785467
z_state|PB|2020-01-19 00:00:00,1.0051144362532713,594.4137314803585
z_state|PB|2020-01-26 00:00:00,1.0012173808023963,690.0838310664739
z_state|PB|2020-02-02 00:00:00,1.0029137622369193,642.4768046372911
z_state|PB|2020-02-09 00:00:00,0.9987667023769956,540.8190090691157
z_state|PB|2020-02-16 00:00:00,0.9988740514988123,538.8502853061905
z_state|PB|2020-02-23 00:00:00,0.998195583015019,604.5194493404158
z_state|PB|2020-03-01 00:00:00,1.002132985415133,574.2634641526819
z_state|PB|2020-03-08 00:00:00,1.0137379905841035,571.6616513393326
z_state|PB|2020-03-15 00:00:00,1.0191373271121864,600.5067057748207
z_state|PB|2020-03-22 00:00:00,1.027313930148948,648.541626642665
z_state|PB|2020-03-29 00:00:00,1.0074876098000194,626.5433686268284
z_state|PB|2020-04-05 00:00:00,1.011061250120328,601.6639048102929
z_state|PB|2020-04-12 00:00:00,1.0034223356591563,610.7623662303856
z_state|PB|2020-04-19 00:00:00,1.0143171836924914,576.640365962586
z_state|PB|2020-04-26 00:00:00,1.0138366832243508,587.785503587612
z_state|PB|2020-05-03 00:00:00,1.0018124765517114,653.6316270633989
z_state|PB|2020-05-10 00:00:00,0.9995669512592882,592.9047324401695
z_state|PB|2020-05-17 00:00:00,1.0050504220393397,513.4361283290303
z_state|PB|2020-05-24 00:00:00,1.0125144300867577,478.1534673491019
z_state|PB|2020-05-31 00:00:00,1.0139185267778135,605.6151856241034
z_state|PB|2020-06-07 00:00:00,1.0027339402964102,576.9048835457556
z_state|PB|2020-06-14 00:00:00,1.012856435851158,597.2092657523241
z_state|PB|2020-06-21 00:00:00,1.0129011727031665,510.53734163149284
z_state|PB|2020-06-28 00:00:00,1.0158367663792822,564.0481623369999
z_state|PB|2020-07-05 00:00:00,1.014198206770481,560.1573695261343
z_state|PB|2020-07-12 00:00:00,1.0043191011417858,568.2077584508543
z_state|PB|2020-07-19 00:00:00,1.0011170584556477,519.4560278847098
z_state|PB|2020-07-26 00:00:00,1.0079939646556046,552.4300736344501
z_state|PB|2020-08-02 00:00:00,1.030177592398492,669.2651050249731
z_state|PB|2020-08-09 00:00:00,1.0135474212539595,656.6641006264725
z_state|PB|2020-08-16 00:00:00,1.0082547051846387,602.4339553077373
z_state|PB|2020-08-23 00:00:00,1.0095649612645485,636.4669683445034
z_state|PB|2020-08-30 00:00:00,1.010808636636395,683.1262444442259
z_state|PB|2020-09-06 00:00:00,0.9984685409522843,665.3847776638851
z_state|PB|2020-09-13 00:00:00,1.0053829120088438,647.1853629463765
z_state|PB|2020-09-20 00:00:00,1.0001596876382075,601.8186759483509
z_state|PB|2020-09-27 00:00:00,1.006147236177767,641.372372240012
z_state|PB|2020-10-04 00:00:00,1.0072809285388957,673.991477984935
z_state|PB|2020-10-11 00:00:00,1.0015043340464804,668.2852294089072
z_state|PB|2020-10-18 00:00:00,0.9983773907223671,628.6253503277683
z_state|PB|2020-10-25 00:00:00,0.9991887443460004,601.1608002151548
z_state|PB|2020-11-01 00:00:00,0.9993722631327222,651.7209444605613
z_state|PB|2020-11-08 00:00:00,0.9977855772832503,597.474148951119
z_state|PB|2020-11-15 00:00:00,1.0062216376458302,650.3713511634306
z_state|PB|2020-11-22 00:00:00,0.9977004156660686,666.7793190288314
z_state|PB|2020-11-29 00:00:00,0.9981401418934922,573.5630474818498
z_state|PB|2020-12-06 00:00:00,0.9971402626780984,481.2554425147475
z_state|PB|2020-12-13 00:00:00,1.001493096331921,462.93664081591356
z_state|PB|2020-12-20 00:00:00,1.0185917556218347,447.121424491615
z_state|PB|2020-12-27 00:00:00,1.0254646798891605,475.3445063558496
z_state|PE|2019-01-06 00:00:00,1.003928683343054,327.75123213524563
z_state|PE|2019-01-13 00:00:00,1.0038388817969426,307.63963185219166
z_state|PE|2019-01-20 00:00:00,1.0120051453132735,215.49118077593224
z_state|PE|2019-01-27 00:00:00,1.007955581136191,225.18520110106317
z_state|PE|2019-02-03 00:00:00,1.009319414900512,219.40213091262413
z_state|PE|2019-02-10 00:00:00,1.0029662065608973,236.01529798873915
z_state|PE|2019-02-17 00:00:00,1.0006852980914376,218.5499838030049
z_state|PE|2019-02-24 00:00:00,1.004130802331035,212.3701328500725
z_state|PE|2019-03-03 00:00:00,1.0019111025526264,204.3503158704812
z_state|PE|2019-03-10 00:00:00,1.0053792321651895,199.3726526521806
z_state|PE|2019-03-17 00:00:00,1.0040444946754388,208.57275479228554
z_state|PE|2019-03-24 00:00:00,1.0001608999194214,188.64945738398524
z_state|PE|2019-03-31 00:00:00,0.9999727555578068,198.87371042286512
z_state|PE|2019-04-07 00:00:00,1.0007426563505126,195.59021397538172
z_state|PE|2019-04-14 00:00:00,1.0077565743263217,213.19708878399356
z_state|PE|2019-04-21 00:00:00,1.0042726618460203,228.11254865604414
z_state|PE|2019-04-28 00:00:00,1.0087432264727818,202.55300653754324
z_state|PE|2019-05-05 00:00:00,1.0038141942981944,224.39137883016215
z_state|PE|2019-05-12 00:00:00,1.0076157840772522,190.7379575446385
z_state|PE|2019-05-19 00:00:00,1.006676816325033,213.08614054719584
z_state|PE|2019-05-26 00:00:00,1.0052711427702057,217.10132844451118
z_state|PE|2019-06-02 00:00:00,1.0041075927199856,221.4225143781812
z_state|PE|2019-06-09 00:00:00,0.9994104261386243,225.32961837703823
z_state|PE|2019-06-16 00:00:00,0.9990203640829725,254.16651786645818
z_state|PE|2019-06-23 00:00:00,0.9986244832634179,236.9555451519686
z_state|PE|2019-06-30 00:00:00,0.9998048149497085,250.14149237900216
z_state|PE|2019-07-07 00:00:00,1.000088506684995,240.3392972481388
z_state|PE|2019-07-14 00:00:00,0.9993235832338065,227.40570477323305
z_state|PE|2019-07-21 00:00:00,1.0124625332213202,246.82878902118495
z_state|PE|2019-07-28 00:00:00,1.0051554546023587,253.6779793865251
z_state|PE|2019-08-04 00:00:00,1.001691993654599,210.73952322420575
z_state|PE|2019-08-11 00:00:00,1.0028739286099442,217.81448505499054
z_state|PE|2019-08-18 00:00:00,1.008564283935028,205.62854233065772
z_state|PE|2019-08-25 00:00:00,1.0038486026864595,219.0590621940484
z_state|PE|2019-09-01 00:00:00,1.004432113512937,182.59584750378667
z_state|PE|2019-09-08 00:00:00,1.0055930067075363,200.26959152154618
z_state|PE|2019-09-15 00:00:00,1.0068796986525579,185.5451589021394
z_state|PE|2019-09-22 00:00:00,1.0135965809561973,190.88364059624928
z_state|PE|2019-09-29 00:00:00,1.0070048361908501,219.8221821993717
z_state|PE|2019-10-06 00:00:00,1.0092472778255914,222.2442156080172
z_state|PE|2019-10-13 00:00:00,1.0041192294120744,227.76186410959056
z_state|PE|2019-10-20 00:00:00,1.0059260500151224,224.45628972538265
z_state|PE|2019-10-27 00:00:00,1.0035746756438129,225.29686942404408
z_state|PE|2019-11-03 00:00:00,1.0082612175238672,223.17622216074773
z_state|PE|2019-11-10 00:00:00,1.0036598290558119,229.6694994103202
z_state|PE|2019-11-17 00:00:00,1.00334356469671,211.34340724438357
z_state|PE|2019-11-24 00:00:00,1.0026197171570659,200.4498865018041
z_state|PE|2019-12-01 00:00:00,1.0013275960601185,234.55635235613732
z_state|PE|2019-12-08 00:00:00,1.0071990216516555,225.87079248643153
z_state|PE|2019-12-15 00:00:00,1.0045286240361957,239.9290559963316
z_state|PE|2019-12-22 00:00:00,1.0049870209938419,208.92569688892252
z_state|PE|2019-12-29 00:00:00,1.0027816961061247,228.30073676935643
z_state|PE|2020-01-05 00:00:00,1.0015189804811921,219.23959974934306
z_state|PE|2020-01-12 00:00:00,1.0012366666977681,241.94014479057122
z_state|PE|2020-01-19 00:00:00,1.0108483846082987,243.15503640077333
z_state|PE|2020-01-26 00:00:00,1.0102148910570292,217.68688871528764
z_state|PE|2020-02-02 00:00:00,1.0030787136719848,212.69292707157504
z_state|PE|2020-02-09 00:00:00,1.0015202783495658,213.95197563518022
z_state|PE|2020-02-16 00:00:00,0.9969387054034696,239.93230157916827
z_state|PE|2020-02-23 00:00:00,1.0017334256904349,224.03167724152465
z_state|PE|2020-03-01 00:00:00,1.002692971699322,208.5374063230282
z_state|PE|2020-03-08 00:00:00,1.0050603474639346,214.39601224681348
z_state|PE|2020-03-15 00:00:00,1.0072224953874023,225.05484416340687
z_state|PE|2020-03-22 00:00:00,1.006071955186366,238.72411807481973
z_state|PE|2020-03-29 00:00:00,1.009020279675383,206.07115391476594
z_state|PE|2020-04-05 00:00:00,1.0111461918169509,228.98995883682272
z_state|PE|2020-04-12 00:00:00,1.0159966046147824,233.44104336844492
z_state|PE|2020-04-19 00:00:00,1.0161304861472331,190.38781872148664
z_state|PE|2020-04-26 00:00:00,1.0088420005759595,214.08164829305343
z_state|PE|2020-05-03 00:00:00,1.0044457834494898,202.12627108436817
z_state|PE|2020-05-10 00:00:00,1.0040772349116003,200.28408043520506
z_state|PE|2020-05-17 00:00:00,1.0016432716925607,223.48312154714773
z_state|PE|2020-05-24 00:00:00,1.0043101380976687,219.1679066550893
z_state|PE|2020-05-31 00:00:00,1.0011298825178794,231.95060455262168
z_state|PE|2020-06-07 00:00:00,0.9998145656369191,244.00124916193667
z_state|PE|2020-06-14 00:00:00,1.001693168958372,260.9798866786109
z_state|PE|2020-06-21 00:00:00,1.0016066559919201,254.09203732556546
z_state|PE|2020-06-28 00:00:00,1.0014867554631552,252.99137688317268
z_state|PE|2020-07-05 00:00:00,1.0079742740657283,219.4544824047196
z_state|PE|2020-07-12 00:00:00,1.0014539931523836,220.59371207889782
z_state|PE|2020-07-19 00:00:00,0.9981074851058889,235.86578034713315
z_state|PE|2020-07-26 00:00:00,1.0020202644049077,269.8443657803838
z_state|PE|2020-08-02 00:00:00,0.9985611808949697,220.39609759685408
z_state|PE|2020-08-09 00:00:00,1.000987493733782,226.85788612480627
z_state|PE|2020-08-16 00:00:00,1.0049783041987088,226.08221733482281
z_state|PE|2020-08-23 00:00:00,1.0025676948977051,267.2678095769856
z_state|PE|2020-08-30 00:00:00,1.0021633826380307,276.76171690156275
z_state|PE|2020-09-06 00:00:00,1.003819113526295,255.35512022324806
z_state|PE|2020-09-13 00:00:00,1.0036139097442203,259.91207552944553
z_state|PE|2020-09-20 00:00:00,1.0050223813760324,244.79854161211946
z_state|PE|2020-09-27 00:00:00,1.0016405032266475,250.15987753801824
z_state|PE|2020-10-04 00:00:00,1.0135078503500918,249.67572179213343
z_state|PE|2020-10-11 00:00:00,0.998943795085601,232.88786768749094
z_state|PE|2020-10-18 00:00:00,1.004620407389303,226.84351963770365
z_state|PE|2020-10-25 00:00:00,1.0075809251424155,237.0976900484282
z_state|PE|2020-11-01 00:00:00,1.00778187309029,220.34725447040393
z_state|PE|2020-11-08 00:00:00,1.0034991760116412,222.97774567138768
z_state|PE|2020-11-15 00:00:00,1.0087242763060262,229.2337560981325
z_state|PE|2020-11-22 00:00:00,1.0153828881016393,246.3786827440258
z_state|PE|2020-11-29 00:00:00,1.0063129381461609,249.162584523014
z_state|PE|2020-12-06 00:00:00,1.0001569504652437,245.62868647091946
z_state|PE|2020-12-13 00:00:00,1.0024046331066296,215.17648200130776
z_state|PE|2020-12-20 00:00:00,1.0082473439167141,211.94559828846894
z_state|PE|2020-12-27 00:00:00,1.002275237042647,262.62471751722967
z_state|PI|2019-01-06 00:00:00,0.997646279829394,853.9004143848855
z_state|PI|2019-01-13 00:00:00,0.9999125965509268,566.7122127145669
z_state|PI|2019-01-20 00:00:00,1.0027497313845586,522.3398617297332
z_state|PI|2019-01-27 00:00:00,1.0067296397433616,474.481701251661
z_state|PI|2019-02-03 00:00:00,0.9967430554890713,711.997416302658
z_state|PI|2019-02-10 00:00:00,0.9989746668887003,727.5268229381136
z_state|PI|2019-02-17 00:00:00,0.9965204197625941,1040.823996531185
z_state|PI|2019-02-24 00:00:00,1.0015419319103567,1040.823996531185
z_state|PI|2019-03-03 00:00:00,0.9979813690728329,1040.823996531185
z_state|PI|2019-03-10 00:00:00,0.9977793345160036,897.806681560365
z_state|PI|2019-03-17 00:00:00,1.0073669230615854,693.7814221104692
z_state|PI|2019-03-24 00:00:00,1.0065177804597865,703.3119349807905
z_state|PI|2019-03-31 00:00:00,1.0010572256564028,585.573084111983
z_state|PI|2019-04-07 00:00:00,1.0030718635397113,637.0665443206298
z_state|PI|2019-04-14 00:00:00,1.0142760920588556,546.6700170285959
z_state|PI|2019-04-21 00:00:00,1.0138059570481426,467.5665619005509
z_state|PI|2019-04-28 00:00:00,1.0079688645422502,593.5048103285026
z_state|PI|2019-05-05 00:00:00,0.9985978689059521,606.5900870349448
z_state|PI|2019-05-12 00:00:00,1.0073454329033766,557.8605896799447
z_state|PI|2019-05-19 00:00:00,1.0179658561836105,612.0819099971834
z_state|PI|2019-05-26 00:00:00,1.02176632484531,490.8812289550319
z_state|PI|2019-06-02 00:00:00,1.000801264950919,433.0701701116157
z_state|PI|2019-06-09 00:00:00,1.0080258239317157,447.75438352442853
z_state|PI|2019-06-16 00:00:00,1.0059699293368194,500.2931519482019
z_state|PI|2019-06-23 00:00:00,1.004694066236354,509.03485765059486
z_state|PI|2019-06-30 00:00:00,1.007807451216414,569.2921555513202
z_state|PI|2019-07-07 00:00:00,1.01149545233695,515.3121920035014
z_state|PI|2019-07-14 00:00:00,1.0124184092103812,460.0309376073653
z_state|PI|2019-07-21 00:00:00,1.015912462032863,499.3066727068023
z_state|PI|2019-07-28 00:00:00,1.0090931848054707,504.848119076856
z_state|PI|2019-08-04 00:00:00,1.0043583494524588,649.9950253452705
z_state|PI|2019-08-11 00:00:00,0.9975760399056517,668.5547382213467
z_state|PI|2019-08-18 00:00:00,0.9989922785162336,651.4768200986115
z_state|PI|2019-08-25 00:00:00,0.9992839170081936,629.7488793823984
z_state|PI|2019-09-01 00:00:00,0.9997461453596074,542.2839109325597
z_state|PI|2019-09-08 00:00:00,1.0026081814048509,547.7405969690224
z_state|PI|2019-09-15 00:00:00,0.998926607253407,660.9556571707444
z_state|PI|2019-09-22 00:00:00,1.002459439376657,630.6988100358077
z_state|PI|2019-09-29 00:00:00,0.9969142951926768,724.373744963174
z_state|PI|2019-10-06 00:00:00,1.000564700907087,686.0143392631209
z_state|PI|2019-10-13 00:00:00,1.000826228699529,640.4501235110931
z_state|PI|2019-10-20 00:00:00,1.0005404925426558,768.2731407773722
z_state|PI|2019-10-27 00:00:00,1.0106206730472274,705.1654690485976
z_state|PI|2019-11-03 00:00:00,0.9978969135035892,656.7541430423466
z_state|PI|2019-11-10 00:00:00,1.0042240686215478,576.3167004238237
z_state|PI|2019-11-17 00:00:00,0.998709805669954,564.8746750419295
z_state|PI|2019-11-24 00:00:00,0.9991840736072878,706.9644523561574
z_state|PI|2019-12-01 00:00:00,0.9991643310224768,930.5836312002646
z_state|PI|2019-12-08 00:00:00,0.9996406876113763,860.2993680236654
z_state|PI|2019-12-15 00:00:00,0.9991628724073809,683.4323534360523
z_state|PI|2019-12-22 00:00:00,0.9976463526460073,844.3371125421816
z_state|PI|2019-12-29 00:00:00,0.9979836589413011,898.178743487136
z_state|PI|2020-01-05 00:00:00,1.002176636496414,819.5220563713158
z_state|PI|2020-01-12 00:00:00,1.0086963685609394,723.8835228922256
z_state|PI|2020-01-19 00:00:00,1.0021116515830655,785.800848848312
z_state|PI|2020-01-26 00:00:00,1.0064438808142508,727.1978042222106
z_state|PI|2020-02-02 00:00:00,1.0024986569753678,711.2109472019879
z_state|PI|2020-02-09 00:00:00,1.0138694076503123,625.2014111322339
z_state|PI|2020-02-16 00:00:00,0.9991045326963395,689.2939969324657
z_state|PI|2020-02-23 00:00:00,1.0005786857341064,932.4452353405411
z_state|PI|2020-03-01 00:00:00,1.0052728407792415,878.5837591865401
z_state|PI|2020-03-08 00:00:00,1.0032642912810048,967.5451635323275
z_state|PI|2020-03-15 00:00:00,1.020667301767002,759.1693608557653
z_state|PI|2020-03-22 00:00:00,1.008498710059812,693.4881470936965
z_state|PI|2020-03-29 00:00:00,1.0078996694141336,742.9872306210367
z_state|PI|2020-04-05 00:00:00,1.0139656576388294,879.9396896467624
z_state|PI|2020-04-12 00:00:00,1.0082601704731504,780.8732754335792
z_state|PI|2020-04-19 00:00:00,1.003183276119351,710.3276008802779
z_state|PI|2020-04-26 00:00:00,1.000065597764738,604.1952594015893
z_state|PI|2020-05-03 00:00:00,1.0065428770564577,514.7160541207182
z_state|PI|2020-05-10 00:00:00,1.0104411844347356,502.4224017617698
z_state|PI|2020-05-17 00:00:00,1.0055941972645037,565.4613608919648
z_state|PI|2020-05-24 00:00:00,0.9962386618439764,647.3391833159154
z_state|PI|2020-05-31 00:00:00,0.9989646754371677,676.4044718097748
z_state|PI|2020-06-07 00:00:00,1.0041422690416784,573.7771227112772
z_state|PI|2020-06-14 00:00:00,1.0028192494992556,538.3633730092904
z_state|PI|2020-06-21 00:00:00,0.9960554035587768,631.9928989423117
z_state|PI|2020-06-28 00:00:00,0.9988911646362324,541.3850397158462
z_state|PI|2020-07-05 00:00:00,1.0079765649882781,751.8866201202959
z_state|PI|2020-07-12 00:00:00,1.00572019598081,622.4859340843708
z_state|PI|2020-07-19 00:00:00,0.9967236101690604,620.3357873342179
z_state|PI|2020-07-26 00:00:00,1.0042346311526111,576.6417585714788
z_state|PI|2020-08-02 00:00:00,0.9981048457713528,626.7072057618268
z_state|PI|2020-08-09 00:00:00,1.0015476659735671,645.1290124364086
z_state|PI|2020-08-16 00:00:00,0.9996131558281017,643.3845281103928
z_state|PI|2020-08-23 00:00:00,0.9974535378759611,730.7604786732279
z_state|PI|2020-08-30 00:00:00,0.9956944941895981,712.1134449825047
z_state|PI|2020-09-06 00:00:00,0.9971726459185797,516.1498832241521
z_state|PI|2020-09-13 00:00:00,0.9964859626594234,745.205408869989
z_state|PI|2020-09-20 00:00:00,0.9987144049093184,592.3403595129844
z_state|PI|2020-09-27 00:00:00,0.9987204169238236,641.1395373629391
z_state|PI|2020-10-04 00:00:00,1.0014386653379073,560.0108795980766
z_state|PI|2020-10-11 00:00:00,0.9988299015342832,593.2567300558161
z_state|PI|2020-10-18 00:00:00,0.9977798048728835,626.8691282451168
z_state|PI|2020-10-25 00:00:00,0.9958261683227692,601.5662421198741
z_state|PI|2020-11-01 00:00:00,0.9994594394678606,757.7984876923058
z_state|PI|2020-11-08 00:00:00,0.9987180055964199,586.1488559813245
z_state|PI|2020-11-15 00:00:00,1.0057222012965639,660.4340472442234
z_state|PI|2020-11-22 00:00:00,1.0005873050189553,636.1670626688692
z_state|PI|2020-11-29 00:00:00,0.9964256698324393,556.6491112923316
z_state|PI|2020-12-06 00:00:00,0.9958434942276987,623.0290337456511
z_state|PI|2020-12-13 00:00:00,0.995791085668069,594.1175710734253
z_state|PI|2020-12-20 00:00:00,0.9999604231229552,607.4681401168248
z_state|PI|2020-12-27 00:00:00,1.0013763396806445,854.7225445276254
z_state|PR|2019-01-06 00:00:00,1.0048920765711469,966.0522839608191
z_state|PR|2019-01-13 00:00:00,1.0067162501292475,785.9057049951396
z_state|PR|2019-01-20 00:00:00,0.9987012219108864,792.8282681208696
z_state|PR|2019-01-27 00:00:00,1.0037991053357482,1040.823996531185
z_state|PR|2019-02-03 00:00:00,1.0044617595657086,811.7037119309788
z_state|PR|2019-02-10 00:00:00,0.9970407525599638,1013.602346559082
z_state|PR|2019-02-17 00:00:00,0.9970566826962223,901.1896677311822
z_state|PR|2019-02-24 00:00:00,0.99826045394018,1040.823996531185
z_state|PR|2019-03-03 00:00:00,0.9999917260377166,1040.823996531185
z_state|PR|2019-03-10 00:00:00,1.005444804960889,1040.823996531185
z_state|PR|2019-03-17 00:00:00,1.0058907423808632,1040.823996531185
z_state|PR|2019-03-24 00:00:00,0.9981808022607414,800.7256505785049
z_state|PR|2019-03-31 00:00:00,0.9988341688230274,738.7339521076229
z_state|PR|2019-04-07 00:00:00,1.0012221442865714,734.920053359859
z_state|PR|2019-04-14 00:00:00,1.0097340200320417,776.4726859213997
z_state|PR|2019-04-21 00:00:00,1.002207190236909,583.1144615720009
z_state|PR|2019-04-28 00:00:00,1.0037674772216219,552.8948332828355
z_state|PR|2019-05-05 00:00:00,1.0025440674799773,778.9482588344463
z_state|PR|2019-05-12 00:00:00,1.0020205035215137,736.8204177713684
z_state|PR|2019-05-19 00:00:00,1.0031647793575327,779.3644293867982
z_state|PR|2019-05-26 00:00:00,1.0008907593652774,761.1910749746504
z_state|PR|2019-06-02 00:00:00,1.0047286419890835,721.8055095717128
z_state|PR|2019-06-09 00:00:00,1.0157699605611783,784.2873445737969
z_state|PR|2019-06-16 00:00:00,1.0003968907551724,725.8466728942735
z_state|PR|2019-06-23 00:00:00,1.0087007107061299,735.9593359872858
z_state|PR|2019-06-30 00:00:00,0.9997709275767374,751.0945971205264
z_state|PR|2019-07-07 00:00:00,0.9998039481751171,694.722664905567
z_state|PR|2019-07-14 00:00:00,1.0022406173939977,579.4397522071022
z_state|PR|2019-07-21 00:00:00,1.0012501911628875,881.787068963484
z_state|PR|2019-07-28 00:00:00,1.0000294150997138,1040.823996531185
z_state|PR|2019-08-04 00:00:00,0.9993283745780084,1026.545765022841
z_state|PR|2019-08-11 00:00:00,0.9993836933199697,1023.2562985605717
z_state|PR|2019-08-18 00:00:00,1.000416252815775,810.9726331316989
z_state|PR|2019-08-25 00:00:00,1.0001320369357187,856.1986319193688
z_state|PR|2019-09-01 00:00:00,1.0010774468165387,834.6885422508168
z_state|PR|2019-09-08 00:00:00,1.000167772899912,876.0693548566499
z_state|PR|2019-09-15 00:00:00,1.002127299144554,888.2661409239172
z_state|PR|2019-09-22 00:00:00,1.001044255178278,797.446760938588
z_state|PR|2019-09-29 00:00:00,0.9990841123006646,950.7791775541019
z_state|PR|2019-10-06 00:00:00,0.9994032845428931,887.3434202599973
z_state|PR|2019-10-13 00:00:00,0.9994969190994041,819.7572971773361
z_state|PR|2019-10-20 00:00:00,0.9992262981965541,997.3711910684838
z_state|PR|2019-10-27 00:00:00,0.998470216149353,1004.4418429508885
z_state|PR|2019-11-03 00:00:00,1.0043055658142883,1015.3151074561663
z_state|PR|2019-11-10 00:00:00,0.9999044365480145,1035.8244238620737
z_state|PR|2019-11-17 00:00:00,1.0060600039256082,797.326941503508
z_state|PR|2019-11-24 00:00:00,1.000016629073253,937.65428726591
z_state|PR|2019-12-01 00:00:00,1.0006484087583185,810.9796543024796
z_state|PR|2019-12-08 00:00:00,1.0002977209062478,999.245585548821
z_state|PR|2019-12-15 00:00:00,0.9998588878036193,1001.1938895496504
z_state|PR|2019-12-22 00:00:00,0.9995738087436181,755.0253421278843
z_state|PR|2019-12-29 00:00:00,0.9979768711208203,733.815452232029
z_state|PR|2020-01-05 00:00:00,0.9989540725284802,619.139968428502
z_state|PR|2020-01-12 00:00:00,1.001582220158855,672.3015279936595
z_state|PR|2020-01-19 00:00:00,0.9996734488897725,749.1039446356099
z_state|PR|2020-01-26 00:00:00,0.9996876015681669,760.2225552842399
z_state|PR|2020-02-02 00:00:00,1.0041820378009267,687.1993433865599
z_state|PR|2020-02-09 00:00:00,1.007138205265846,695.366682655973
z_state|PR|2020-02-16 00:00:00,1.0125428272487,741.11666130854
z_state|PR|2020-02-23 00:00:00,1.0008395312949614,584.9359000275704
z_state|PR|2020-03-01 00:00:00,1.0050898085040558,751.194607319821
z_state|PR|2020-03-08 00:00:00,1.0001930818583318,764.2262017638227
z_state|PR|2020-03-15 00:00:00,0.9989173728206296,812.4626777377757
z_state|PR|2020-03-22 00:00:00,1.0005682308142692,752.2427203494154
z_state|PR|2020-03-29 00:00:00,1.0013269850370785,627.3795143650018
z_state|PR|2020-04-05 00:00:00,1.0029217903967782,547.6518633228211
z_state|PR|2020-04-12 00:00:00,1.0032372095916504,595.4045562775434
z_state|PR|2020-04-19 00:00:00,1.0023540897069194,533.5792094738213
z_state|PR|2020-04-26 00:00:00,1.0008472142750569,591.7555584564155
z_state|PR|2020-05-03 00:00:00,1.0035379734983656,718.5781540224968
z_state|PR|2020-05-10 00:00:00,1.0049766299171485,697.0300830702779
z_state|PR|2020-05-17 00:00:00,0.999167572677765,714.4925245857596
z_state|PR|2020-05-24 00:00:00,1.002237577945892,648.9678793549184
z_state|PR|2020-05-31 00:00:00,0.9995338775523881,630.1882368819181
z_state|PR|2020-06-07 00:00:00,0.9989884022101517,646.6749658205964
z_state|PR|2020-06-14 00:00:00,0.9982816881142434,674.7552246523095
z_state|PR|2020-06-21 00:00:00,0.9995079745922969,677.6113145037771
z_state|PR|2020-06-28 00:00:00,0.997922439195914,624.6820118721372
z_state|PR|2020-07-05 00:00:00,0.9964775507493295,796.9338905776273
z_state|PR|2020-07-12 00:00:00,0.9960831479184499,890.6748087022484
z_state|PR|2020-07-19 00:00:00,0.9966721903185303,786.3862952812514
z_state|PR|2020-07-26 00:00:00,1.0014554327796739,702.8770217560007
z_state|PR|2020-08-02 00:00:00,0.9983087048776604,643.2784478203179
z_state|PR|2020-08-09 00:00:00,0.9999320983134142,690.3575130460146
z_state|PR|2020-08-16 00:00:00,1.003174524507472,651.7017121831648
z_state|PR|2020-08-23 00:00:00,1.0034551762367607,693.6388628844073
z_state|PR|2020-08-30 00:00:00,1.0025745350892121,742.1197295983404
z_state|PR|2020-09-06 00:00:00,1.0072670104156742,749.2600753550602
z_state|PR|2020-09-13 00:00:00,1.003332794338962,947.7327665130242
z_state|PR|2020-09-20 00:00:00,1.002190283146788,952.7584232658342
z_state|PR|2020-09-27 00:00:00,0.9987460090106625,843.2518619429457
z_state|PR|2020-10-04 00:00:00,1.0008628972287106,896.1196443466695
z_state|PR|2020-10-11 00:00:00,1.0024517600149583,750.2059686531837
z_state|PR|2020-10-18 00:00:00,1.0031025682243477,789.0749101131191
z_state|PR|2020-10-25 00:00:00,1.0029489289882203,718.6726692133249
z_state|PR|2020-11-01 00:00:00,1.001685765463617,736.7424199930164
z_state|PR|2020-11-08 00:00:00,1.002744050165376,829.9406133699555
z_state|PR|2020-11-15 00:00:00,1.00361189935303,833.2495624955938
z_state|PR|2020-11-22 00:00:00,1.0020660335637068,809.3221948085749
z_state|PR|2020-11-29 00:00:00,1.0046318032294466,712.6787111684322
z_state|PR|2020-12-06 00:00:00,1.0010058417146057,811.2798227097151
z_state|PR|2020-12-13 00:00:00,1.0010205494190862,814.1116589609005
z_state|PR|2020-12-20 00:00:00,1.0012279975581446,761.9027243308452
z_state|PR|2020-12-27 00:00:00,1.004173121102253,887.5739728671383
z_state|RJ|2019-01-06 00:00:00,1.0176926987861807,189.79840928754484
z_state|RJ|2019-01-13 00:00:00,1.0191251054700572,167.06777300340156
z_state|RJ|2019-01-20 00:00:00,1.0113449052734884,196.57037733564036
z_state|RJ|2019-01-27 00:00:00,1.0163185573049642,188.1226674703612
z_state|RJ|2019-02-03 00:00:00,1.0108296212321162,158.59190809949845
z_state|RJ|2019-02-10 00:00:00,1.010447118967607,145.04208791866617
z_state|RJ|2019-02-17 00:00:00,1.0136553936501627,146.21831298790636
z_state|RJ|2019-02-24 00:00:00,1.0119394823495869,157.94680458031695
z_state|RJ|2019-03-03 00:00:00,1.0172801822804451,171.47997827785844
z_state|RJ|2019-03-10 00:00:00,1.0175337977918126,136.27683084057426
z_state|RJ|2019-03-17 00:00:00,1.0179252735074142,154.70369574901434
z_state|RJ|2019-03-24 00:00:00,1.0152512280037194,180.34193868747184
z_state|RJ|2019-03-31 00:00:00,1.0123903569046975,185.32625117945778
z_state|RJ|2019-04-07 00:00:00,1.0135821012048867,169.90304964999817
z_state|RJ|2019-04-14 00:00:00,1.0087548755433224,169.13399135112135
z_state|RJ|2019-04-21 00:00:00,1.0115734780796648,177.86060941787068
z_state|RJ|2019-04-28 00:00:00,1.0216963082209183,106.14013608824621
z_state|RJ|2019-05-05 00:00:00,1.0215435922489935,138.07835227975357
z_state|RJ|2019-05-12 00:00:00,1.0200425759378995,132.62437945271347
z_state|RJ|2019-05-19 00:00:00,1.009829100893961,172.74572610721847
z_state|RJ|2019-05-26 00:00:00,1.010720776521416,163.90481165141856
z_state|RJ|2019-06-02 00:00:00,1.0149507156571185,164.06435159863432
z_state|RJ|2019-06-09 00:00:00,1.0207485011556165,138.0911857963899
z_state|RJ|2019-06-16 00:00:00,1.0185420652491337,165.40199783599758
z_state|RJ|2019-06-23 00:00:00,1.0148771550423232,173.58267432537048
z_state|RJ|2019-06-30 00:00:00,1.0160140674739973,169.73308397341404
z_state|RJ|2019-07-07 00:00:00,1.0168683307490285,178.59394330687672
z_state|RJ|2019-07-14 00:00:00,1.0193716292752957,174.22433696864383
z_state|RJ|2019-07-21 00:00:00,1.0196979782846525,155.33868360057488
z_state|RJ|2019-07-28 00:00:00,1.01381929819546,181.4255743546231
z_state|RJ|2019-08-04 00:00:00,1.01199181386795,187.4357165286022
z_state|RJ|2019-08-11 00:00:00,1.0141191125175995,175.68801744234074
z_state|RJ|2019-08-18 00:00:00,1.011612767205053,187.49548317507399
z_state|RJ|2019-08-25 00:00:00,1.0191199945385174,172.804776548293
z_state|RJ|2019-09-01 00:00:00,1.0179723273556875,168.89710414343438
z_state|RJ|2019-09-08 00:00:00,1.022532672355694,156.43919281632265
z_state|RJ|2019-09-15 00:00:00,1.028708779336436,133.5306488484472
z_state|RJ|2019-09-22 00:00:00,1.0285740221043465,127.43665255195916
z_state|RJ|2019-09-29 00:00:00,1.0180916400562514,175.71230007844463
z_state|RJ|2019-10-06 00:00:00,1.0152736982926573,178.21208793481728
z_state|RJ|2019-10-13 00:00:00,1.0132646300970913,163.7266382223538
z_state|RJ|2019-10-20 00:00:00,1.0084796818493291,201.2367339300967
z_state|RJ|2019-10-27 00:00:00,1.007918868924228,210.47529870572254
z_state|RJ|2019-11-03 00:00:00,1.0093981718739315,170.89874364712216
z_state|RJ|2019-11-10 00:00:00,1.0097902567711645,165.57751131067909
z_state|RJ|2019-11-17 00:00:00,1.0087127333664374,182.3062619418529
z_state|RJ|2019-11-24 00:00:00,1.019881370060921,177.70395771289805
z_state|RJ|2019-12-01 00:00:00,1.0205883087686674,146.87271666821817
z_state|RJ|2019-12-08 00:00:00,1.0224046020388335,150.6061859541117
z_state|RJ|2019-12-15 00:00:00,1.0162970288142328,146.80168507257895
z_state|RJ|2019-12-22 00:00:00,1.0193996158379381,146.6198559865587
z_state|RJ|2019-12-29 00:00:00,1.0207340531931481,133.17812090193615
z_state|RJ|2020-01-05 00:00:00,1.0235204103354454,85.9149955780226
z_state|RJ|2020-01-12 00:00:00,1.0240200620887312,94.81103312339727
z_state|RJ|2020-01-19 00:00:00,1.0088880349051808,150.76060543533765
z_state|RJ|2020-01-26 00:00:00,1.0134159395025208,135.86213257249278
z_state|RJ|2020-02-02 00:00:00,1.0115141015361875,153.96844969466324
z_state|RJ|2020-02-09 00:00:00,1.0066562964166257,178.86854697965651
z_state|RJ|2020-02-16 00:00:00,1.0080446360251059,218.6411425747792
z_state|RJ|2020-02-23 00:00:00,1.0162400476556304,149.38022392221004
z_state|RJ|2020-03-01 00:00:00,1.0164873308175932,187.62163887581144
z_state|RJ|2020-03-08 00:00:00,1.0140190800290563,169.63457768712436
z_state|RJ|2020-03-15 00:00:00,1.0097572877230927,171.21972961635151
z_state|RJ|2020-03-22 00:00:00,1.0072583075123085,195.15544051915865
z_state|RJ|2020-03-29 00:00:00,1.0048804422908058,214.05059104856898
z_state|RJ|2020-04-05 00:00:00,1.0077566260218096,222.39303167196843
z_state|RJ|2020-04-12 00:00:00,1.0081952798155644,238.70162558737513
z_state|RJ|2020-04-19 00:00:00,1.0205421748673684,177.908111985668
z_state|RJ|2020-04-26 00:00:00,1.023603398591053,137.12755056870282
z_state|RJ|2020-05-03 00:00:00,1.021361909312933,154.07640768716143
z_state|RJ|2020-05-10 00:00:00,1.0162695566968742,159.80323246806384
z_state|RJ|2020-05-17 00:00:00,1.0186541428563076,147.19789198133532
z_state|RJ|2020-05-24 00:00:00,1.0199517495007915,153.94065388656117
z_state|RJ|2020-05-31 00:00:00,1.0176509657158734,151.8917621608142
z_state|RJ|2020-06-07 00:00:00,1.0138057329762207,200.42031679886787
z_state|RJ|2020-06-14 00:00:00,1.0160437393568746,200.73268547846243
z_state|RJ|2020-06-21 00:00:00,1.0173945664511233,191.4475724188257
z_state|RJ|2020-06-28 00:00:00,1.022167518272166,144.8508495917121
z_state|RJ|2020-07-05 00:00:00,1.0243384733889616,107.29907110581834
z_state|RJ|2020-07-12 00:00:00,1.018078511321465,175.92506858875862
z_state|RJ|2020-07-19 00:00:00,1.0177642050438882,164.78307407536747
z_state|RJ|2020-07-26 00:00:00,1.0221000392327126,187.17448989628892
z_state|RJ|2020-08-02 00:00:00,1.01474318324695,234.9786785422839
z_state|RJ|2020-08-09 00:00:00,1.0202123282454458,211.3108676720847
z_state|RJ|2020-08-16 00:00:00,1.0173039870318992,174.430726671725
z_state|RJ|2020-08-23 00:00:00,1.022276197092975,168.7776098175582
z_state|RJ|2020-08-30 00:00:00,1.0286752355424893,111.24517975779779
z_state|RJ|2020-09-06 00:00:00,1.0205725396066982,162.91685017067817
z_state|RJ|2020-09-13 00:00:00,1.0113888531072488,227.5088835866297
z_state|RJ|2020-09-20 00:00:00,1.0077395566147471,228.962311599795
z_state|RJ|2020-09-27 00:00:00,1.0095351033824453,208.54197243588288
z_state|RJ|2020-10-04 00:00:00,1.0102554937950985,213.68880521851267
z_state|RJ|2020-10-11 00:00:00,1.006787703491399,244.16067061779876
z_state|RJ|2020-10-18 00:00:00,1.008113331757951,207.81104322239952
z_state|RJ|2020-10-25 00:00:00,1.0122929526145592,216.21351015285148
z_state|RJ|2020-11-01 00:00:00,1.0192905660593408,210.62113208685918
z_state|RJ|2020-11-08 00:00:00,1.0300328962807317,193.0071988948947
z_state|RJ|2020-11-15 00:00:00,1.0157597445508901,192.7353928886522
z_state|RJ|2020-11-22 00:00:00,1.0164939410949956,188.7187701076399
z_state|RJ|2020-11-29 00:00:00,1.0076709288365993,199.69235799530836
z_state|RJ|2020-12-06 00:00:00,1.011014842031941,182.13218227490415
z_state|RJ|2020-12-13 00:00:00,1.0083369658101458,188.77053573590732
z_state|RJ|2020-12-20 00:00:00,1.0074028033973694,230.80391665071244
z_state|RJ|2020-12-27 00:00:00,1.0065875504549837,227.76728116260608
z_state|RN|2019-01-06 00:00:00,1.0022216048749364,560.13939477992
z_state|RN|2019-01-13 00:00:00,1.0019400654722195,536.6613944658768
z_state|RN|2019-01-20 00:00:00,1.003110777428451,291.695723211561
z_state|RN|2019-01-27 00:00:00,1.0038570010328365,293.27460508668264
z_state|RN|2019-02-03 00:00:00,1.000759857705628,303.4338377401517
z_state|RN|2019-02-10 00:00:00,0.9994424411227488,301.90086342402947
z_state|RN|2019-02-17 00:00:00,1.0005091473551893,355.9489736140579
z_state|RN|2019-02-24 00:00:00,1.0018092969671577,367.6732602399608
z_state|RN|2019-03-03 00:00:00,1.002524044160597,334.32527049677714
z_state|RN|2019-03-10 00:00:00,1.0039403335294852,303.92030760300315
z_state|RN|2019-03-17 00:00:00,1.0086436097677765,265.83552475762264
z_state|RN|2019-03-24 00:00:00,1.0079032254842795,229.1565866168491
z_state|RN|2019-03-31 00:00:00,1.005208497801749,348.92972295073673
z_state|RN|2019-04-07 00:00:00,1.0050097550608035,281.8706323452175
z_state|RN|2019-04-14 00:00:00,1.0089411850760155,263.5844985200185
z_state|RN|2019-04-21 00:00:00,1.0114572204286945,227.64254619962537
z_state|RN|2019-04-28 00:00:00,1.0099754854700966,267.11078551919746
z_state|RN|2019-05-05 00:00:00,1.010089244507278,236.99156147248837
z_state|RN|2019-05-12 00:00:00,1.0116798500104516,286.8459988428789
z_state|RN|2019-05-19 00:00:00,1.014895805490895,284.7135982113471
z_state|RN|2019-05-26 00:00:00,1.0057001938956198,331.6125408893076
z_state|RN|2019-06-02 00:00:00,1.0090586373676327,351.02635819020986
z_state|RN|2019-06-09 00:00:00,1.0033130443043008,381.6245943532909
z_state|RN|2019-06-16 00:00:00,1.0058577283195478,375.92962490153343
z_state|RN|2019-06-23 00:00:00,1.0093145764054894,347.5709102669692
z_state|RN|2019-06-30 00:00:00,1.0061112947445516,366.0609614421061
z_state|RN|2019-07-07 00:00:00,1.008021631983482,384.2955456744622
z_state|RN|2019-07-14 00:00:00,1.0106927406693484,327.1060384588918
z_state|RN|2019-07-21 00:00:00,1.0093656832398334,356.1955910422644
z_state|RN|2019-07-28 00:00:00,1.0116566549394712,339.9786282521699
z_state|RN|2019-08-04 00:00:00,1.0044577516126705,297.32074807613697
z_state|RN|2019-08-11 00:00:00,1.0045511432101102,270.04209812443395
z_state|RN|2019-08-18 00:00:00,1.0039244044574605,351.36393696456196
z_state|RN|2019-08-25 00:00:00,1.0045427206805246,374.74678007443623
z_state|RN|2019-09-01 00:00:00,1.001815174558675,375.7785642593826
z_state|RN|2019-09-08 00:00:00,1.0014749561292542,365.8260897839754
z_state|RN|2019-09-15 00:00:00,1.0044765882786901,279.1606381757492
z_state|RN|2019-09-22 00:00:00,1.003331798242218,356.6045316389956
z_state|RN|2019-09-29 00:00:00,1.00843882225043,233.0158034085832
z_state|RN|2019-10-06 00:00:00,1.0055769246825557,280.0933051450089
z_state|RN|2019-10-13 00:00:00,1.0060658824769515,302.66060241825403
z_state|RN|2019-10-20 00:00:00,1.0072713055971487,275.8599076293714
z_state|RN|2019-10-27 00:00:00,1.0110152601743394,221.56200856689415
z_state|RN|2019-11-03 00:00:00,1.00922007527185,270.8196988014156
z_state|RN|2019-11-10 00:00:00,1.0053497262502695,284.35294294959664
z_state|RN|2019-11-17 00:00:00,1.0043892328691517,262.6968528472071
z_state|RN|2019-11-24 00:00:00,1.0039797388209428,238.83065385265226
z_state|RN|2019-12-01 00:00:00,1.0043450837028036,214.58857565091571
z_state|RN|2019-12-08 00:00:00,1.0066126333151841,267.28142461541256
z_state|RN|2019-12-15 00:00:00,1.0054031702276989,287.3262028009251
z_state|RN|2019-12-22 00:00:00,1.0023676774158041,321.1535987333594
z_state|RN|2019-12-29 00:00:00,1.002119584642865,304.0546173368579
z_state|RN|2020-01-05 00:00:00,1.0007558695962413,298.74312403899285
z_state|RN|2020-01-12 00:00:00,1.0001416255193045,299.22666525079967
z_state|RN|2020-01-19 00:00:00,1.00134695352358,309.2915804984451
z_state|RN|2020-01-26 00:00:00,1.000243594075857,283.0666262395863
z_state|RN|2020-02-02 00:00:00,0.9991074047659011,282.82725905183656
z_state|RN|2020-02-09 00:00:00,1.002197109800724,263.8640613577426
z_state|RN|2020-02-16 00:00:00,1.0080177432603303,256.3951658219965
z_state|RN|2020-02-23 00:00:00,1.0124827870457302,274.46477992822804
z_state|RN|2020-03-01 00:00:00,1.0114420107120385,267.21496597785307
z_state|RN|2020-03-08 00:00:00,1.0160661110018765,270.0860926174282
z_state|RN|2020-03-15 00:00:00,1.0167401687631228,260.25313376730554
z_state|RN|2020-03-22 00:00:00,1.014830894698158,319.8765000473712
z_state|RN|2020-03-29 00:00:00,1.0139102520913303,304.98583568004983
z_state|RN|2020-04-05 00:00:00,1.009074517682224,345.7141571534805
z_state|RN|2020-04-12 00:00:00,1.0100956375323753,365.5976482330706
z_state|RN|2020-04-19 00:00:00,1.0123992974586713,328.612899434473
z_state|RN|2020-04-26 00:00:00,1.0113351549147072,315.295418110405
z_state|RN|2020-05-03 00:00:00,1.0107086220006347,285.6810829938418
z_state|RN|2020-05-10 00:00:00,1.007460291970451,272.34989342154046
z_state|RN|2020-05-17 00:00:00,1.0051411913692032,301.6903912168887
z_state|RN|2020-05-24 00:00:00,1.0067415018172885,319.15529567672473
z_state|RN|2020-05-31 00:00:00,1.0058135818247538,292.45888495600354
z_state|RN|2020-06-07 00:00:00,1.0072428713702315,273.0500421041535
z_state|RN|2020-06-14 00:00:00,1.0069675775957196,287.99640391528993
z_state|RN|2020-06-21 00:00:00,1.005852305182597,308.4052602527586
z_state|RN|2020-06-28 00:00:00,1.0050332367082686,335.5014307082655
z_state|RN|2020-07-05 00:00:00,1.0031791321159196,368.99799350357375
z_state|RN|2020-07-12 00:00:00,1.0044725076569914,358.5773779680735
z_state|RN|2020-07-19 00:00:00,1.0046118625391427,347.4587848392774
z_state|RN|2020-07-26 00:00:00,1.0041589360296193,330.7346622361646
z_state|RN|2020-08-02 00:00:00,1.007709632722113,344.050587628564
z_state|RN|2020-08-09 00:00:00,1.0060789213880061,362.31845480767055
z_state|RN|2020-08-16 00:00:00,1.0128018161278154,337.9286176562788
z_state|RN|2020-08-23 00:00:00,1.012425126563516,323.85916408060507
z_state|RN|2020-08-30 00:00:00,1.0166902924510783,317.42624541548804
z_state|RN|2020-09-06 00:00:00,1.0092536559117855,325.35132656525974
z_state|RN|2020-09-13 00:00:00,1.006418898502452,297.0805104205624
z_state|RN|2020-09-20 00:00:00,1.0061216540792273,326.942603611718
z_state|RN|2020-09-27 00:00:00,1.0025322253995579,339.24484031492125
z_state|RN|2020-10-04 00:00:00,1.0052017525903452,370.2572849573524
z_state|RN|2020-10-11 00:00:00,0.9984147743120493,346.8772125998926
z_state|RN|2020-10-18 00:00:00,0.9991949941973601,325.84728639290057
z_state|RN|2020-10-25 00:00:00,1.0022108356264303,318.7516306817613
z_state|RN|2020-11-01 00:00:00,0.998613421779394,335.95070648541594
z_state|RN|2020-11-08 00:00:00,0.9980797923064781,353.30904901469097
z_state|RN|2020-11-15 00:00:00,1.000479669683002,395.81695572448564
z_state|RN|2020-11-22 00:00:00,1.0004407881100776,389.8062453629384
z_state|RN|2020-11-29 00:00:00,1.0000307701185034,367.3826934690613
z_state|RN|2020-12-06 00:00:00,1.0038749278463406,355.3455641654025
z_state|RN|2020-12-13 00:00:00,1.0014308706955175,338.35648946869196
z_state|RN|2020-12-20 00:00:00,1.0030019261998278,353.27321655321566
z_state|RN|2020-12-27 00:00:00,1.0072557263090864,366.18490352205805
z_state|RO|2019-01-06 00:00:00,1.0043752110825763,673.1718100189624
z_state|RO|2019-01-13 00:00:00,1.0067797674690795,383.6052854278091
z_state|RO|2019-01-20 00:00:00,1.002363057264989,424.86707079737636
z_state|RO|2019-01-27 00:00:00,0.9998790626186357,414.8213891378984
z_state|RO|2019-02-03 00:00:00,1.0016167852665872,351.62991248112286
z_state|RO|2019-02-10 00:00:00,1.0022319989139834,368.1381435046506
z_state|RO|2019-02-17 00:00:00,1.0037718761110024,403.0188275268573
z_state|RO|2019-02-24 00:00:00,1.0060714172135568,423.2751164186113
z_state|RO|2019-03-03 00:00:00,1.0058812849588221,431.6980535870106
z_state|RO|2019-03-10 00:00:00,1.0055851876700181,407.0001184172849
z_state|RO|2019-03-17 00:00:00,1.0075121135913307,384.2237612371439
z_state|RO|2019-03-24 00:00:00,1.0101896013704106,337.81944265992934
z_state|RO|2019-03-31 00:00:00,1.0055549175070264,470.7167518604838
z_state|RO|2019-04-07 00:00:00,1.0078490030047629,431.7103645129698
z_state|RO|2019-04-14 00:00:00,1.006992879350749,452.5439434499432
z_state|RO|2019-04-21 00:00:00,1.0041263456854723,406.2642353295881
z_state|RO|2019-04-28 00:00:00,1.0035875217965609,359.5581187750514
z_state|RO|2019-05-05 00:00:00,1.0050173104331497,352.09432355891494
z_state|RO|2019-05-12 00:00:00,1.00561180807364,344.923007321843
z_state|RO|2019-05-19 00:00:00,1.0038071592554165,372.66191050924806
z_state|RO|2019-05-26 00:00:00,1.0048541135926259,356.9574807524126
z_state|RO|2019-06-02 00:00:00,1.0007362444730166,403.7260967095325
z_state|RO|2019-06-09 00:00:00,0.9997189135181176,388.39367626610283
z_state|RO|2019-06-16 00:00:00,1.0052945730960927,398.7517043922576
z_state|RO|2019-06-23 00:00:00,1.0036355255684057,410.5304443109994
z_state|RO|2019-06-30 00:00:00,1.0013204933311273,394.1625376155071
z_state|RO|2019-07-07 00:00:00,1.0016816141499711,466.0186170135297
z_state|RO|2019-07-14 00:00:00,1.0003800991192755,439.3611204925195
z_state|RO|2019-07-21 00:00:00,1.0013564953419503,441.86851964145666
z_state|RO|2019-07-28 00:00:00,1.0031380370362528,419.7210550094243
z_state|RO|2019-08-04 00:00:00,1.0000721755253852,455.9732273663783
z_state|RO|2019-08-11 00:00:00,1.0057848212583265,444.79043465528855
z_state|RO|2019-08-18 00:00:00,1.0035615635811341,386.49523662770343
z_state|RO|2019-08-25 00:00:00,1.0080601624121976,390.9658053828259
z_state|RO|2019-09-01 00:00:00,1.00536363795379,380.8468032619329
z_state|RO|2019-09-08 00:00:00,0.9978934037629554,379.59557626364966
z_state|RO|2019-09-15 00:00:00,1.0009276657421264,368.5314953722013
z_state|RO|2019-09-22 00:00:00,1.0038818737929978,359.72504943688295
z_state|RO|2019-09-29 00:00:00,0.997922954537306,436.44580440647434
z_state|RO|2019-10-06 00:00:00,0.9996762116324996,415.20290360424235
z_state|RO|2019-10-13 00:00:00,0.9994676748047708,423.96809617535143
z_state|RO|2019-10-20 00:00:00,1.0015423193421853,384.15528363963807
z_state|RO|2019-10-27 00:00:00,0.9977363688753937,430.7586462559478
z_state|RO|2019-11-03 00:00:00,0.9982342549037097,482.35943720454577
z_state|RO|2019-11-10 00:00:00,0.9976971706402872,439.8991079914765
z_state|RO|2019-11-17 00:00:00,0.9987181576888918,415.6904101509338
z_state|RO|2019-11-24 00:00:00,1.0007629526348323,428.26231948162314
z_state|RO|2019-12-01 00:00:00,1.0014725631355508,410.59527158385316
z_state|RO|2019-12-08 00:00:00,1.0024181417908675,433.63254350176794
z_state|RO|2019-12-15 00:00:00,1.0017512137506954,436.99286997457244
z_state|RO|2019-12-22 00:00:00,1.0010944119944325,478.5940265781772
z_state|RO|2019-12-29 00:00:00,1.0033565430743698,473.91920527047216
z_state|RO|2020-01-05 00:00:00,1.0051035483652344,442.1439993569396
z_state|RO|2020-01-12 00:00:00,1.003970309795031,401.62236909004855
z_state|RO|2020-01-19 00:00:00,1.003786210316023,364.2112721267744
z_state|RO|2020-01-26 00:00:00,1.0045601924054424,380.80575220370474
z_state|RO|2020-02-02 00:00:00,1.0034917519593172,394.6507853441511
z_state|RO|2020-02-09 00:00:00,1.0024739742515456,378.76190364896723
z_state|RO|2020-02-16 00:00:00,1.0055230851442067,403.65160749906244
z_state|RO|2020-02-23 00:00:00,1.000576474709257,473.34452141278246
z_state|RO|2020-03-01 00:00:00,1.0016281022502764,471.07975865233794
z_state|RO|2020-03-08 00:00:00,1.003312088929551,418.0865837845977
z_state|RO|2020-03-15 00:00:00,1.0017262618103322,431.9972116126025
z_state|RO|2020-03-22 00:00:00,1.0024351456487839,408.4082440134866
z_state|RO|2020-03-29 00:00:00,0.999252282552436,443.1933619713228
z_state|RO|2020-04-05 00:00:00,0.9987495516634154,449.50447768027925
z_state|RO|2020-04-12 00:00:00,0.9991980858232252,394.90311359141555
z_state|RO|2020-04-19 00:00:00,0.9989410394862268,441.9345186832158
z_state|RO|2020-04-26 00:00:00,0.9988207970367583,431.7088013249407
z_state|RO|2020-05-03 00:00:00,0.9993115598034832,433.74458065155363
z_state|RO|2020-05-10 00:00:00,0.9992877337808316,464.28458421597054
z_state|RO|2020-05-17 00:00:00,1.0004681087510892,468.60775734408696
z_state|RO|2020-05-24 00:00:00,0.9969618210469757,462.9464233992448
z_state|RO|2020-05-31 00:00:00,0.9979236139556854,439.66412224978944
z_state|RO|2020-06-07 00:00:00,0.9990726795998417,499.78667114559045
z_state|RO|2020-06-14 00:00:00,0.999905224075121,480.52285074314966
z_state|RO|2020-06-21 00:00:00,1.0033790643437044,474.16060199667373
z_state|RO|2020-06-28 00:00:00,1.0039591797955922,476.7117006412893
z_state|RO|2020-07-05 00:00:00,1.0023923144513325,508.7711927173238
z_state|RO|2020-07-12 00:00:00,1.0010881765594832,514.2442080976501
z_state|RO|2020-07-19 00:00:00,1.0018817379361276,510.3881304537466
z_state|RO|2020-07-26 00:00:00,1.001421006992728,460.63060156378083
z_state|RO|2020-08-02 00:00:00,1.0021974287611812,438.51423538276083
z_state|RO|2020-08-09 00:00:00,1.002424411281661,440.01962378033363
z_state|RO|2020-08-16 00:00:00,1.0027084716925958,425.91107789247104
z_state|RO|2020-08-23 00:00:00,1.0029640666549915,471.5187911400284
z_state|RO|2020-08-30 00:00:00,1.0030162354045296,480.70237021568647
z_state|RO|2020-09-06 00:00:00,1.0081621842369617,354.49744944003004
z_state|RO|2020-09-13 00:00:00,1.0074774173669487,391.27008242774764
z_state|RO|2020-09-20 00:00:00,1.0063306408580668,386.0971961760171
z_state|RO|2020-09-27 00:00:00,1.0040719575567822,370.6373968299676
z_state|RO|2020-10-04 00:00:00,1.004331539824335,464.6474326793067
z_state|RO|2020-10-11 00:00:00,1.0118605163347567,498.1284533245675
z_state|RO|2020-10-18 00:00:00,1.0110812469357218,482.3484792102608
z_state|RO|2020-10-25 00:00:00,1.006700534613451,461.2980978422095
z_state|RO|2020-11-01 00:00:00,1.0061118015660426,442.388564231482
z_state|RO|2020-11-08 00:00:00,0.9998952109572379,443.7503955028717
z_state|RO|2020-11-15 00:00:00,1.0090748812086765,427.4200379029146
z_state|RO|2020-11-22 00:00:00,1.0044245676489008,417.11539848503696
z_state|RO|2020-11-29 00:00:00,0.9990613303142071,389.98115657880766
z_state|RO|2020-12-06 00:00:00,0.9974644847896689,399.01765116785697
z_state|RO|2020-12-13 00:00:00,0.9997688135046148,386.8350402280613
z_state|RO|2020-12-20 00:00:00,0.9998087910873926,416.4798235568815
z_state|RO|2020-12-27 00:00:00,1.0093883016007994,498.33244811568613
z_state|RR|2019-01-06 00:00:00,1.0074714475215911,1040.823996531185
z_state|RR|2019-01-13 00:00:00,0.998977967216235,1040.823996531185
z_state|RR|2019-01-20 00:00:00,0.9957960238210045,1022.0192626642581
z_state|RR|2019-01-27 00:00:00,1.0151320658489429,1040.823996531185
z_state|RR|2019-02-03 00:00:00,1.0163455437996767,1040.823996531185
z_state|RR|2019-02-10 00:00:00,1.0152729421952396,977.2666645583105
z_state|RR|2019-02-17 00:00:00,1.00428414622497,909.260823165527
z_state|RR|2019-02-24 00:00:00,1.0091297755131667,1040.823996531185
z_state|RR|2019-03-03 00:00:00,1.0062591712403577,1040.823996531185
z_state|RR|2019-03-10 00:00:00,1.004261434109883,1040.823996531185
z_state|RR|2019-03-17 00:00:00,1.000070614354582,1040.823996531185
z_state|RR|2019-03-24 00:00:00,1.0075306830610948,1040.823996531185
z_state|RR|2019-03-31 00:00:00,1.002689287216931,917.4460109256189
z_state|RR|2019-04-07 00:00:00,1.003760451864066,1040.823996531185
z_state|RR|2019-04-14 00:00:00,0.9989468550369265,1040.823996531185
z_state|RR|2019-04-21 00:00:00,1.0005302834951886,921.5014564575104
z_state|RR|2019-04-28 00:00:00,1.0035708493244464,929.276865242889
z_state|RR|2019-05-05 00:00:00,0.9976217449941677,906.5624741634695
z_state|RR|2019-05-12 00:00:00,0.9971912039939835,762.9361335839908
z_state|RR|2019-05-19 00:00:00,0.9972742007019693,742.2707018267281
z_state|RR|2019-05-26 00:00:00,0.9995428125410468,693.1181806914992
z_state|RR|2019-06-02 00:00:00,0.9988720890232936,598.8456667030558
z_state|RR|2019-06-09 00:00:00,0.9997050203167226,632.7540610318728
z_state|RR|2019-06-16 00:00:00,0.9969430273894859,726.8395386155605
z_state|RR|2019-06-23 00:00:00,0.9975695796241516,750.5208914714303
z_state|RR|2019-06-30 00:00:00,1.0012828521550894,809.9824109190291
z_state|RR|2019-07-07 00:00:00,1.0005354901845203,744.0106166475031
z_state|RR|2019-07-14 00:00:00,0.9975524536807394,772.8725261601676
z_state|RR|2019-07-21 00:00:00,1.001333889473575,929.2873694968628
z_state|RR|2019-07-28 00:00:00,1.0105132355706201,885.5424320927593
z_state|RR|2019-08-04 00:00:00,1.0083459548490141,796.3604125666267
z_state|RR|2019-08-11 00:00:00,0.9987685184575803,799.1594665472176
z_state|RR|2019-08-18 00:00:00,1.0014851652554988,860.3395690182388
z_state|RR|2019-08-25 00:00:00,1.0030956282409749,714.5775872598631
z_state|RR|2019-09-01 00:00:00,1.008561594342665,926.8567619849566
z_state|RR|2019-09-08 00:00:00,1.0000763461091553,1040.823996531185
z_state|RR|2019-09-15 00:00:00,1.0044392879897166,1040.823996531185
z_state|RR|2019-09-22 00:00:00,0.9980523617265425,1028.9587974147003
z_state|RR|2019-09-29 00:00:00,1.0024219735302875,1000.2035966019064
z_state|RR|2019-10-06 00:00:00,0.9990946041916738,1040.823996531185
z_state|RR|2019-10-13 00:00:00,0.9985108380267607,1040.823996531185
z_state|RR|2019-10-20 00:00:00,1.0006797700937207,1040.823996531185
z_state|RR|2019-10-27 00:00:00,0.9999068679351634,1031.0470235576176
z_state|RR|2019-11-03 00:00:00,0.9982477103106558,946.2399939088717
z_state|RR|2019-11-10 00:00:00,0.9980941165122639,957.1589695953212
z_state|RR|2019-11-17 00:00:00,0.998143730600116,975.1382068563295
z_state|RR|2019-11-24 00:00:00,1.000539317210896,775.3755793767995
z_state|RR|2019-12-01 00:00:00,1.0195444231377526,856.4101034508463
z_state|RR|2019-12-08 00:00:00,1.0143168949178554,765.5113643851336
z_state|RR|2019-12-15 00:00:00,1.010908690986523,727.7787018363495
z_state|RR|2019-12-22 00:00:00,1.0120480860351477,728.6971903944399
z_state|RR|2019-12-29 00:00:00,1.0076469390777998,688.1053003422871
z_state|RR|2020-01-05 00:00:00,1.0055216398850861,638.3683989005654
z_state|RR|2020-01-12 00:00:00,1.0108986129845083,787.5186235719724
z_state|RR|2020-01-19 00:00:00,1.0162196330491762,753.7686977375979
z_state|RR|2020-01-26 00:00:00,1.0041234965528598,778.1365676890748
z_state|RR|2020-02-02 00:00:00,0.9992722823497775,752.9107374118242
z_state|RR|2020-02-09 00:00:00,1.0011809712373618,859.0284589748379
z_state|RR|2020-02-16 00:00:00,1.0093807384003795,709.2915663129569
z_state|RR|2020-02-23 00:00:00,1.0017328610376321,725.6307914272868
z_state|RR|2020-03-01 00:00:00,1.0059446166530237,880.8644779778946
z_state|RR|2020-03-08 00:00:00,1.0024821433756907,814.4962353897846
z_state|RR|2020-03-15 00:00:00,0.9971796836967581,973.4750738104012
z_state|RR|2020-03-22 00:00:00,1.0018150849108038,1040.823996531185
z_state|RR|2020-03-29 00:00:00,0.9978951666076433,987.2833368505592
z_state|RR|2020-04-05 00:00:00,0.996324590416732,1020.7066093726257
z_state|RR|2020-04-12 00:00:00,0.9967204726468659,1040.823996531185
z_state|RR|2020-04-19 00:00:00,0.9979684047260844,798.143167715949
z_state|RR|2020-04-26 00:00:00,0.997938620548054,790.8214678446413
z_state|RR|2020-05-03 00:00:00,0.9996735911892262,766.6619618342613
z_state|RR|2020-05-10 00:00:00,1.0013425531911944,683.98174720781
z_state|RR|2020-05-17 00:00:00,0.9985977806537366,752.038190372196
z_state|RR|2020-05-24 00:00:00,1.001918803723818,843.6447075876181
z_state|RR|2020-05-31 00:00:00,0.9974498710664778,812.1992193412015
z_state|RR|2020-06-07 00:00:00,0.9994687788317829,914.5354061295677
z_state|RR|2020-06-14 00:00:00,1.0037427780163986,832.1483781285165
z_state|RR|2020-06-21 00:00:00,0.9979792494241095,827.5802935922649
z_state|RR|2020-06-28 00:00:00,0.9958962389585163,855.5195659755584
z_state|RR|2020-07-05 00:00:00,0.9997815375933471,686.2529270120099
z_state|RR|2020-07-12 00:00:00,1.01266502327046,603.3604253367162
z_state|RR|2020-07-19 00:00:00,1.0037698302307752,772.2796383444961
z_state|RR|2020-07-26 00:00:00,0.9999822836407732,671.9816355601446
z_state|RR|2020-08-02 00:00:00,1.0046807386382426,689.758134629067
z_state|RR|2020-08-09 00:00:00,1.0029362546800502,762.3272373180782
z_state|RR|2020-08-16 00:00:00,1.0001209326168587,811.952794208885
z_state|RR|2020-08-23 00:00:00,1.0016710134274864,842.2577802970818
z_state|RR|2020-08-30 00:00:00,1.0037274518846104,799.6018947767618
z_state|RR|2020-09-06 00:00:00,1.0029064621550647,654.65175186757
z_state|RR|2020-09-13 00:00:00,1.000089753774252,656.2894677709779
z_state|RR|2020-09-20 00:00:00,1.0004746702098037,610.6394757775726
z_state|RR|2020-09-27 00:00:00,1.0026895673943852,635.2849861354216
z_state|RR|2020-10-04 00:00:00,0.9985460298323283,655.4873412070502
z_state|RR|2020-10-11 00:00:00,1.0005630497802476,683.864151308957
z_state|RR|2020-10-18 00:00:00,1.0007903073155262,701.0636096345801
z_state|RR|2020-10-25 00:00:00,0.9963900083119531,799.4433068281681
z_state|RR|2020-11-01 00:00:00,0.9980492252941994,699.4808670848083
z_state|RR|2020-11-08 00:00:00,0.9986099257066722,738.6296860394979
z_state|RR|2020-11-15 00:00:00,1.000951867024787,611.6436519758785
z_state|RR|2020-11-22 00:00:00,1.0113976931109618,734.4799949967554
z_state|RR|2020-11-29 00:00:00,1.0121457336662674,805.8865409710793
z_state|RR|2020-12-06 00:00:00,1.003477210197976,660.8828318468057
z_state|RR|2020-12-13 00:00:00,1.0001847569322166,694.1020429426234
z_state|RR|2020-12-20 00:00:00,0.9978683976739507,656.7716957891006
z_state|RR|2020-12-27 00:00:00,1.0006237070286654,582.2709578979553
z_state|SC|2019-01-06 00:00:00,1.0002455794970864,1040.823996531185
z_state|SC|2019-01-13 00:00:00,1.0079823130284793,1040.823996531185
z_state|SC|2019-01-20 00:00:00,1.0143051459091335,949.8881778719613
z_state|SC|2019-01-27 00:00:00,1.0209146153198985,1040.823996531185
z_state|SC|2019-02-03 00:00:00,0.9978579666347901,816.4123704454985
z_state|SC|2019-02-10 00:00:00,0.9977364431230642,748.9674992905383
z_state|SC|2019-02-17 00:00:00,0.9967112503624368,764.4609541523191
z_state|SC|2019-02-24 00:00:00,1.0040471899702652,954.451933201542
z_state|SC|2019-03-03 00:00:00,1.0015636587013708,854.0033577446818
z_state|SC|2019-03-10 00:00:00,0.9997138795229472,949.3641292800888
z_state|SC|2019-03-17 00:00:00,1.0053491692846424,927.0234234693002
z_state|SC|2019-03-24 00:00:00,1.0134290895855955,879.4840116488465
z_state|SC|2019-03-31 00:00:00,1.0021825941718456,776.7561013878907
z_state|SC|2019-04-07 00:00:00,1.0071522506963098,840.35367053997
z_state|SC|2019-04-14 00:00:00,0.9988972602849435,881.0984801749426
z_state|SC|2019-04-21 00:00:00,0.9989826587781785,978.6784193402915
z_state|SC|2019-04-28 00:00:00,1.0005289306383185,726.2157651513958
z_state|SC|2019-05-05 00:00:00,1.0043908801865256,779.2447962640567
z_state|SC|2019-05-12 00:00:00,1.0013346519737252,673.1453236050304
z_state|SC|2019-05-19 00:00:00,1.0035139436640699,666.8058977203493
z_state|SC|2019-05-26 00:00:00,0.9988258563147796,747.6845998755064
z_state|SC|2019-06-02 00:00:00,0.9990673465691623,682.5065992973597
z_state|SC|2019-06-09 00:00:00,0.9973937896603734,649.063051246325
z_state|SC|2019-06-16 00:00:00,0.9986873287304118,727.2238759300424
z_state|SC|2019-06-23 00:00:00,0.998312321985591,599.6359354248175
z_state|SC|2019-06-30 00:00:00,0.9976169641229137,669.1680131552612
z_state|SC|2019-07-07 00:00:00,0.9980161051126213,679.5755308345894
z_state|SC|2019-07-14 00:00:00,1.0005386486906032,648.3649111093913
z_state|SC|2019-07-21 00:00:00,1.0016363658125682,647.5748230517981
z_state|SC|2019-07-28 00:00:00,0.9999547313137263,699.5564689929812
z_state|SC|2019-08-04 00:00:00,1.0008429903453941,729.6027051755343
z_state|SC|2019-08-11 00:00:00,1.0028877984174107,691.4652692123819
z_state|SC|2019-08-18 00:00:00,0.9979013940731699,774.5773935648624
z_state|SC|2019-08-25 00:00:00,1.004851540550421,753.0584609432367
z_state|SC|2019-09-01 00:00:00,0.9996332166288089,888.1892098782879
z_state|SC|2019-09-08 00:00:00,0.9953023350732965,1014.1121784508408
z_state|SC|2019-09-15 00:00:00,1.0049128670910183,705.1390274511015
z_state|SC|2019-09-22 00:00:00,0.9969942818822051,735.3662197622425
z_state|SC|2019-09-29 00:00:00,1.002511597657079,808.9160860527486
z_state|SC|2019-10-06 00:00:00,1.0028888430036056,883.804059255475
z_state|SC|2019-10-13 00:00:00,1.000457785385096,905.6666165775229
z_state|SC|2019-10-20 00:00:00,1.0003568727419876,641.7054165568001
z_state|SC|2019-10-27 00:00:00,0.997009712597821,641.4027660056579
z_state|SC|2019-11-03 00:00:00,1.0044748526526366,679.041367266982
z_state|SC|2019-11-10 00:00:00,1.0008459147409772,787.7941394152201
z_state|SC|2019-11-17 00:00:00,1.0011594616827773,736.1612022657279
z_state|SC|2019-11-24 00:00:00,0.9961101612597457,872.6801337702472
z_state|SC|2019-12-01 00:00:00,1.009429484853819,851.7602804758048
z_state|SC|2019-12-08 00:00:00,1.0069938901910487,712.2993093345418
z_state|SC|2019-12-15 00:00:00,1.014167241702791,711.7696600809124
z_state|SC|2019-12-22 00:00:00,1.0008820143400983,590.4429451344658
z_state|SC|2019-12-29 00:00:00,1.002339041378717,635.1946605986657
z_state|SC|2020-01-05 00:00:00,0.9983729890729487,704.7815424678788
z_state|SC|2020-01-12 00:00:00,1.0005523689845335,713.2799416665994
z_state|SC|2020-01-19 00:00:00,0.9977059284494458,681.2354392622376
z_state|SC|2020-01-26 00:00:00,0.9985706010723094,670.1917903285707
z_state|SC|2020-02-02 00:00:00,1.003034604479345,543.270154569283
z_state|SC|2020-02-09 00:00:00,1.0033062851224124,542.664162952718
z_state|SC|2020-02-16 00:00:00,1.00619848445164,512.3199071796113
z_state|SC|2020-02-23 00:00:00,1.0042063830665742,567.7552281592392
z_state|SC|2020-03-01 00:00:00,1.001559679382994,574.7489840701095
z_state|SC|2020-03-08 00:00:00,1.0025174923578926,588.0946695972448
z_state|SC|2020-03-15 00:00:00,1.0024275152120405,682.2154603647474
z_state|SC|2020-03-22 00:00:00,1.0033987958149395,589.0834256628567
z_state|SC|2020-03-29 00:00:00,1.0082179075043944,617.1045887122532
z_state|SC|2020-04-05 00:00:00,1.0011491090608022,735.0655834171345
z_state|SC|2020-04-12 00:00:00,1.0040826224019266,660.0228929180203
z_state|SC|2020-04-19 00:00:00,1.0008557436073835,667.1513524274224
z_state|SC|2020-04-26 00:00:00,1.0048138108922429,678.0969608125758
z_state|SC|2020-05-03 00:00:00,1.0039737131965794,683.9816990633946
z_state|SC|2020-05-10 00:00:00,0.9980709942266093,654.9870532434302
z_state|SC|2020-05-17 00:00:00,0.9985978687181503,617.550973881083
z_state|SC|2020-05-24 00:00:00,0.9987489506590387,654.0959200834118
z_state|SC|2020-05-31 00:00:00,0.9985606369266423,642.0189148541186
z_state|SC|2020-06-07 00:00:00,0.9990128244759195,804.8933480744022
z_state|SC|2020-06-14 00:00:00,1.0005788151093622,663.3892528747066
z_state|SC|2020-06-21 00:00:00,1.0016497415593593,661.4526390524945
z_state|SC|2020-06-28 00:00:00,1.0018030926187595,671.6031847726068
z_state|SC|2020-07-05 00:00:00,1.0028939571794098,583.9756216285741
z_state|SC|2020-07-12 00:00:00,1.0034703010888688,627.6137955427596
z_state|SC|2020-07-19 00:00:00,1.005212561810703,692.6174800513415
z_state|SC|2020-07-26 00:00:00,1.0001157578789925,742.4305595201707
z_state|SC|2020-08-02 00:00:00,1.0078756934444866,723.3019454680712
z_state|SC|2020-08-09 00:00:00,1.0039754785643724,778.3780331665073
z_state|SC|2020-08-16 00:00:00,1.0120269382092308,713.7069584223597
z_state|SC|2020-08-23 00:00:00,1.000245584927844,720.8996373204741
z_state|SC|2020-08-30 00:00:00,1.0052206747097263,689.8643883053661
z_state|SC|2020-09-06 00:00:00,1.0019015929565314,662.3444803167492
z_state|SC|2020-09-13 00:00:00,0.9999652990069254,643.6540411693028
z_state|SC|2020-09-20 00:00:00,1.0008714488637356,674.3097106869203
z_state|SC|2020-09-27 00:00:00,1.003479356059141,779.9821390924794
z_state|SC|2020-10-04 00:00:00,0.9994512359992718,866.3972240238562
z_state|SC|2020-10-11 00:00:00,1.0069693560926036,769.7257591953263
z_state|SC|2020-10-18 00:00:00,1.0012534803769533,914.3839790063761
z_state|SC|2020-10-25 00:00:00,1.003116011902038,938.029343491937
z_state|SC|2020-11-01 00:00:00,0.9999362078372315,888.6700205062398
z_state|SC|2020-11-08 00:00:00,1.0034061438980073,745.5477851042475
z_state|SC|2020-11-15 00:00:00,1.0278859994346148,608.3893872531271
z_state|SC|2020-11-22 00:00:00,1.0016918611615702,553.3638082056865
z_state|SC|2020-11-29 00:00:00,1.0008538752100504,538.4920710568039
z_state|SC|2020-12-06 00:00:00,1.0039594575089883,476.5539978279681
z_state|SC|2020-12-13 00:00:00,1.0031270092926003,479.61304741287637
z_state|SC|2020-12-20 00:00:00,1.0024252862385086,598.2756644526261
z_state|SC|2020-12-27 00:00:00,1.001454207983964,584.8492856912147
z_state|SE|2019-01-06 00:00:00,0.996723590676468,648.6878177557976
z_state|SE|2019-01-13 00:00:00,0.9971108419025462,499.00754410688046
z_state|SE|2019-01-20 00:00:00,1.0003604735150615,466.4487762316149
z_state|SE|2019-01-27 00:00:00,0.9974730860395289,411.71403751199125
z_state|SE|2019-02-03 00:00:00,0.9998927765707201,326.3506804828997
z_state|SE|2019-02-10 00:00:00,1.000254568159017,346.7856624485985
z_state|SE|2019-02-17 00:00:00,1.0016968786822593,386.42370075352466
z_state|SE|2019-02-24 00:00:00,0.9971855228720575,374.7906453536351
z_state|SE|2019-03-03 00:00:00,0.9973423280566127,360.7002135469874
z_state|SE|2019-03-10 00:00:00,0.9965808591818412,394.2797368284239
z_state|SE|2019-03-17 00:00:00,0.9970215809687211,346.5505397046855
z_state|SE|2019-03-24 00:00:00,0.9975543473791701,332.67371357906313
z_state|SE|2019-03-31 00:00:00,0.9986788934011539,354.9707833238273
z_state|SE|2019-04-07 00:00:00,1.000702732851532,316.9283635274638
z_state|SE|2019-04-14 00:00:00,1.011066410724929,289.2492331213226
z_state|SE|2019-04-21 00:00:00,1.0001401614347862,288.94887832849366
z_state|SE|2019-04-28 00:00:00,1.0015078328455826,254.18765135820544
z_state|SE|2019-05-05 00:00:00,1.0026765806017903,265.92245894718894
z_state|SE|2019-05-12 00:00:00,0.9981397684634489,278.24787540124294
z_state|SE|2019-05-19 00:00:00,0.9982862130960451,303.76812641361755
z_state|SE|2019-05-26 00:00:00,0.9979809195306629,302.1418329187145
z_state|SE|2019-06-02 00:00:00,0.9984963316834266,306.6853642645839
z_state|SE|2019-06-09 00:00:00,1.00235240089031,308.2879257803828
z_state|SE|2019-06-16 00:00:00,0.9977813084007987,289.7191860949733
z_state|SE|2019-06-23 00:00:00,1.0006307852315448,290.97006499692935
z_state|SE|2019-06-30 00:00:00,1.0018003992244968,309.8100997344631
z_state|SE|2019-07-07 00:00:00,1.0026171670653852,319.1929375838217
z_state|SE|2019-07-14 00:00:00,1.00061100162346,309.6794126384929
z_state|SE|2019-07-21 00:00:00,1.0021596812501248,276.7815451661123
z_state|SE|2019-07-28 00:00:00,1.0034417169311498,268.04818764996816
z_state|SE|2019-08-04 00:00:00,1.0043591238840963,250.4687405159933
z_state|SE|2019-08-11 00:00:00,1.0036358301077875,247.62794507990276
z_state|SE|2019-08-18 00:00:00,1.0028137407713233,276.69943365247195
z_state|SE|2019-08-25 00:00:00,0.9995960554452609,293.68997350059635
z_state|SE|2019-09-01 00:00:00,1.0007103709058203,293.3721789969351
z_state|SE|2019-09-08 00:00:00,0.9984287438806533,274.9216556822156
z_state|SE|2019-09-15 00:00:00,1.0000095672141482,282.35890551335797
z_state|SE|2019-09-22 00:00:00,1.0011250363931001,290.811801023365
z_state|SE|2019-09-29 00:00:00,1.0009462083370015,262.6055790899082
z_state|SE|2019-10-06 00:00:00,1.0031475894344217,279.4841062924244
z_state|SE|2019-10-13 00:00:00,1.0000403159430853,307.40270083972825
z_state|SE|2019-10-20 00:00:00,1.0006798596250377,308.90246625644846
z_state|SE|2019-10-27 00:00:00,0.9995886428966445,272.9239902094749
z_state|SE|2019-11-03 00:00:00,1.000598137592134,290.9767597224622
z_state|SE|2019-11-10 00:00:00,1.0167020112403247,265.43715300772527
z_state|SE|2019-11-17 00:00:00,1.015445245478213,274.55001840989877
z_state|SE|2019-11-24 00:00:00,1.006130279967237,286.53504575401513
z_state|SE|2019-12-01 00:00:00,1.0020046984051691,276.6048912097959
z_state|SE|2019-12-08 00:00:00,0.9982167607397223,271.3329164619056
z_state|SE|2019-12-15 00:00:00,1.0009914523181767,272.60012933121953
z_state|SE|2019-12-22 00:00:00,1.001250639968453,302.9618775275398
z_state|SE|2019-12-29 00:00:00,1.0101143435353326,308.14066101117146
z_state|SE|2020-01-05 00:00:00,1.0040505634089734,339.5393407465275
z_state|SE|2020-01-12 00:00:00,1.0051960145674521,322.9624298117655
z_state|SE|2020-01-19 00:00:00,1.0051744398837246,349.12459252195407
z_state|SE|2020-01-26 00:00:00,1.001482930435018,364.0004758843029
z_state|SE|2020-02-02 00:00:00,1.0025984634114158,339.4099406251417
z_state|SE|2020-02-09 00:00:00,0.9989275996265,324.8530945727265
z_state|SE|2020-02-16 00:00:00,1.0022967574592658,312.6589828280347
z_state|SE|2020-02-23 00:00:00,1.0021001355753927,290.13589910355387
z_state|SE|2020-03-01 00:00:00,1.0083635598043517,277.3199985842638
z_state|SE|2020-03-08 00:00:00,0.9979157099006434,264.0796258281446
z_state|SE|2020-03-15 00:00:00,1.0015088853431067,296.7538023953279
z_state|SE|2020-03-22 00:00:00,1.0001732678734365,317.6234531937034
z_state|SE|2020-03-29 00:00:00,1.0053831279307517,272.18313847536587
z_state|SE|2020-04-05 00:00:00,1.0060433115929464,316.20326370621484
z_state|SE|2020-04-12 00:00:00,0.999937009081674,341.4495498413315
z_state|SE|2020-04-19 00:00:00,1.0010724717733426,308.53294709009407
z_state|SE|2020-04-26 00:00:00,0.9985257863239818,307.3138269200121
z_state|SE|2020-05-03 00:00:00,1.0148556006814788,307.2001568418196
z_state|SE|2020-05-10 00:00:00,1.0106586008572644,271.0770577165742
z_state|SE|2020-05-17 00:00:00,1.006058803218494,267.2735965403149
z_state|SE|2020-05-24 00:00:00,1.0046250070277483,268.0341724687948
z_state|SE|2020-05-31 00:00:00,1.0130882503294505,297.25405073211556
z_state|SE|2020-06-07 00:00:00,1.0084265314721605,291.752379225978
z_state|SE|2020-06-14 00:00:00,1.0103330908386834,292.2713535069264
z_state|SE|2020-06-21 00:00:00,1.006970881014325,271.6987375359145
z_state|SE|2020-06-28 00:00:00,1.0018674331317519,257.4688888410967
z_state|SE|2020-07-05 00:00:00,1.0020274590322875,283.7961202839726
z_state|SE|2020-07-12 00:00:00,0.9985962694802186,301.01477202875446
z_state|SE|2020-07-19 00:00:00,1.0011404360868654,301.39895722133826
z_state|SE|2020-07-26 00:00:00,1.0020121915239955,286.0719215221152
z_state|SE|2020-08-02 00:00:00,1.0084514211562425,262.9157861355716
z_state|SE|2020-08-09 00:00:00,1.0098929183192848,274.9073501850464
z_state|SE|2020-08-16 00:00:00,1.0033413619881812,274.2673254962923
z_state|SE|2020-08-23 00:00:00,1.006487128931182,257.82510737293853
z_state|SE|2020-08-30 00:00:00,1.008361262437147,293.39199077817585
z_state|SE|2020-09-06 00:00:00,1.0004889587847592,262.95392911476176
z_state|SE|2020-09-13 00:00:00,1.0028934248999637,296.70254714076714
z_state|SE|2020-09-20 00:00:00,0.99959396696788,320.7545605145377
z_state|SE|2020-09-27 00:00:00,1.0004771001706523,352.34812366317675
z_state|SE|2020-10-04 00:00:00,0.9993964629002509,311.1605175156273
z_state|SE|2020-10-11 00:00:00,0.9987762502357829,319.6930891646297
z_state|SE|2020-10-18 00:00:00,1.001881417411164,300.08581658440556
z_state|SE|2020-10-25 00:00:00,1.0124423905067632,298.742397802383
z_state|SE|2020-11-01 00:00:00,1.0016669518877659,294.6399313458982
z_state|SE|2020-11-08 00:00:00,1.0086380554502323,278.97935577757863
z_state|SE|2020-11-15 00:00:00,1.0037189826751733,318.49838183072836
z_state|SE|2020-11-22 00:00:00,1.000989734348394,296.9400595358111
z_state|SE|2020-11-29 00:00:00,1.0024320770158979,287.32170014065724
z_state|SE|2020-12-06 00:00:00,1.0013717090708718,302.9465325058894
z_state|SE|2020-12-13 00:00:00,1.0027728481510216,266.442899544576
z_state|SE|2020-12-20 00:00:00,1.0025096383613763,331.070139625931
z_state|SE|2020-12-27 00:00:00,0.9998455596906094,381.0475214410739
z_state|SP|2019-01-06 00:00:00,1.0105499499554174,324.34603420103554
z_state|SP|2019-01-13 00:00:00,1.0179254695996478,255.56015353510597
z_state|SP|2019-01-20 00:00:00,1.0135478088506231,178.43566144430298
z_state|SP|2019-01-27 00:00:00,1.0094228788349717,218.30844341772115
z_state|SP|2019-02-03 00:00:00,1.012820354619722,249.7011234864376
z_state|SP|2019-02-10 00:00:00,1.01276092791764,282.81100812491024
z_state|SP|2019-02-17 00:00:00,1.0139781812772566,251.16667239833436
z_state|SP|2019-02-24 00:00:00,1.0102470330869797,266.4904564092999
z_state|SP|2019-03-03 00:00:00,1.013780384092621,250.64149359842304
z_state|SP|2019-03-10 00:00:00,1.0091750706630909,240.3401458605183
z_state|SP|2019-03-17 00:00:00,1.0064824458111024,267.648529600655
z_state|SP|2019-03-24 00:00:00,1.0067628990378592,302.28877964387374
z_state|SP|2019-03-31 00:00:00,1.010516173753093,325.4273174868421
z_state|SP|2019-04-07 00:00:00,1.0104619216106692,284.82880137173083
z_state|SP|2019-04-14 00:00:00,1.009626650615109,328.9281650103712
z_state|SP|2019-04-21 00:00:00,1.0100439200682316,383.3601289721954
z_state|SP|2019-04-28 00:00:00,1.0141098764981458,284.3928362463912
z_state|SP|2019-05-05 00:00:00,1.0150597555466763,269.926776731855
z_state|SP|2019-05-12 00:00:00,1.0130156872937732,248.3242790329846
z_state|SP|2019-05-19 00:00:00,1.0095071099512496,221.27648670501094
z_state|SP|2019-05-26 00:00:00,1.0072669339139657,267.24255333152564
z_state|SP|2019-06-02 00:00:00,1.0095010838724279,312.43544813317965
z_state|SP|2019-06-09 00:00:00,1.0083439248127686,284.46293663387297
z_state|SP|2019-06-16 00:00:00,1.0044464304024983,333.4922534117138
z_state|SP|2019-06-23 00:00:00,1.0077151493084573,303.9044315296694
z_state|SP|2019-06-30 00:00:00,1.0125608829134085,329.8109277180915
z_state|SP|2019-07-07 00:00:00,1.0155736188312672,292.7822346256622
z_state|SP|2019-07-14 00:00:00,1.0164934481915664,294.74428804360207
z_state|SP|2019-07-21 00:00:00,1.018287643239229,245.3441249208472
z_state|SP|2019-07-28 00:00:00,1.01400630112286,303.26303542871125
z_state|SP|2019-08-04 00:00:00,1.011653585501962,283.3980724750515
z_state|SP|2019-08-11 00:00:00,1.0100286318385159,322.7172763277521
z_state|SP|2019-08-18 00:00:00,1.0163651079474179,279.2132264752358
z_state|SP|2019-08-25 00:00:00,1.0156227704784935,300.9836354936523
z_state|SP|2019-09-01 00:00:00,1.0144500477533156,174.5364658988909
z_state|SP|2019-09-08 00:00:00,1.0106703045056127,255.16838112107624
z_state|SP|2019-09-15 00:00:00,1.0124231818526608,244.04095536845065
z_state|SP|2019-09-22 00:00:00,1.0079339045191222,267.8570295970897
z_state|SP|2019-09-29 00:00:00,1.0080667511989985,253.8289845454066
z_state|SP|2019-10-06 00:00:00,1.0049962815261608,266.32625263694354
z_state|SP|2019-10-13 00:00:00,1.0020614379416632,281.4092945841004
z_state|SP|2019-10-20 00:00:00,1.0024772523498573,287.1589924216478
z_state|SP|2019-10-27 00:00:00,1.0113734533413279,205.95690202667524
z_state|SP|2019-11-03 00:00:00,1.011752013208938,213.36889568593716
z_state|SP|2019-11-10 00:00:00,1.0139996299238225,210.7331916658951
z_state|SP|2019-11-17 00:00:00,1.0112774273589502,265.34417274886147
z_state|SP|2019-11-24 00:00:00,1.0021879169126466,305.2984675842264
z_state|SP|2019-12-01 00:00:00,1.0060928464176064,275.69347286100964
z_state|SP|2019-12-08 00:00:00,1.0062545257465976,284.38397452733193
z_state|SP|2019-12-15 00:00:00,1.014858661879256,218.84512467905597
z_state|SP|2019-12-22 00:00:00,1.0086449933640194,232.15543678230463
z_state|SP|2019-12-29 00:00:00,1.010285904761321,231.18516018992858
z_state|SP|2020-01-05 00:00:00,1.0057248399546148,225.18652790997828
z_state|SP|2020-01-12 00:00:00,1.0042939544897862,278.5652046546393
z_state|SP|2020-01-19 00:00:00,1.0085362800904016,239.4170608926007
z_state|SP|2020-01-26 00:00:00,1.009287248366775,266.136409263779
z_state|SP|2020-02-02 00:00:00,1.0112728292755773,275.503836433317
z_state|SP|2020-02-09 00:00:00,1.0043746947421377,266.2054763696749
z_state|SP|2020-02-16 00:00:00,0.9998502312233557,290.4319656950904
z_state|SP|2020-02-23 00:00:00,1.0068661624873865,253.55646112361967
z_state|SP|2020-03-01 00:00:00,1.0066521037440084,271.07781077707716
z_state|SP|2020-03-08 00:00:00,1.0106974899311376,330.1099769662016
z_state|SP|2020-03-15 00:00:00,1.0022273537017534,309.934803612268
z_state|SP|2020-03-22 00:00:00,1.0092658100691811,316.809965117747
z_state|SP|2020-03-29 00:00:00,1.018260552097262,256.83245074104406
z_state|SP|2020-04-05 00:00:00,1.0177460524986,289.3006728077948
z_state|SP|2020-04-12 00:00:00,1.0178929014442428,284.79679726193046
z_state|SP|2020-04-19 00:00:00,1.0164135724341548,275.25322575518464
z_state|SP|2020-04-26 00:00:00,1.0222066620133914,146.17797078316406
z_state|SP|2020-05-03 00:00:00,1.0186055325844192,198.7461560931367
z_state|SP|2020-05-10 00:00:00,1.0135231984258872,237.35928382712882
z_state|SP|2020-05-17 00:00:00,1.0114594723764605,267.6827585408437
z_state|SP|2020-05-24 00:00:00,1.0092021576698107,294.81312586183157
z_state|SP|2020-05-31 00:00:00,1.0066183133097275,265.66144467093875
z_state|SP|2020-06-07 00:00:00,1.013092745170614,227.56091535069177
z_state|SP|2020-06-14 00:00:00,1.0101682568192063,310.40194947761665
z_state|SP|2020-06-21 00:00:00,1.0087309250401635,310.6225997476711
z_state|SP|2020-06-28 00:00:00,1.0136513307744053,340.9035447564837
z_state|SP|2020-07-05 00:00:00,1.008490908262924,322.5409759466994
z_state|SP|2020-07-12 00:00:00,1.0033092534300774,320.03291685492894
z_state|SP|2020-07-19 00:00:00,1.006134966729004,293.07266684636033
z_state|SP|2020-07-26 00:00:00,1.0074383154569988,271.11799845917074
z_state|SP|2020-08-02 00:00:00,1.0091558642496947,246.0413184579641
z_state|SP|2020-08-09 00:00:00,1.0129341256155153,259.75999930198043
z_state|SP|2020-08-16 00:00:00,1.0164320927139512,247.8492866069369
z_state|SP|2020-08-23 00:00:00,1.0243412841386867,172.77851782685894
z_state|SP|2020-08-30 00:00:00,1.0164558391374576,216.30707408072107
z_state|SP|2020-09-06 00:00:00,1.0084325632644946,285.75165191862203
z_state|SP|2020-09-13 00:00:00,1.0092312878380587,254.32626066137493
z_state|SP|2020-09-20 00:00:00,1.0066547437433084,308.6768767312241
z_state|SP|2020-09-27 00:00:00,1.0103029815754492,276.69602660938307
z_state|SP|2020-10-04 00:00:00,1.0130151158962184,262.82907609922296
z_state|SP|2020-10-11 00:00:00,1.0196117891617222,249.95423515163677
z_state|SP|2020-10-18 00:00:00,1.0121355131546943,266.6572145904382
z_state|SP|2020-10-25 00:00:00,1.0110515172284475,248.9928149310766
z_state|SP|2020-11-01 00:00:00,1.01396543166432,262.99311597764364
z_state|SP|2020-11-08 00:00:00,1.0148316875662813,220.99103340588573
z_state|SP|2020-11-15 00:00:00,1.0145617326092546,214.48370673987404
z_state|SP|2020-11-22 00:00:00,1.0131772904080718,244.34293188300597
z_state|SP|2020-11-29 00:00:00,1.0089039729436367,268.27189351371067
z_state|SP|2020-12-06 00:00:00,1.0099747325525399,304.0638016347448
z_state|SP|2020-12-13 00:00:00,1.00929069577591,313.7605331912401
z_state|SP|2020-12-20 00:00:00,1.0081531923583664,249.2744161557987
z_state|SP|2020-12-27 00:00:00,1.003662176602461,297.167482463285
z_state|TO|2019-01-06 00:00:00,1.0006434301067666,365.9422303800896
z_state|TO|2019-01-13 00:00:00,1.000778200972605,378.2889180963088
z_state|TO|2019-01-20 00:00:00,0.99730570645869,406.6765723128585
z_state|TO|2019-01-27 00:00:00,0.9971743974117713,458.68985336658045
z_state|TO|2019-02-03 00:00:00,1.0040321689000495,414.29711361517974
z_state|TO|2019-02-10 00:00:00,0.9980814279545998,420.8740636257553
z_state|TO|2019-02-17 00:00:00,1.0004115597610153,411.6912690603983
z_state|TO|2019-02-24 00:00:00,1.000352960114222,475.2002231164311
z_state|TO|2019-03-03 00:00:00,1.010719318845618,438.0208393103418
z_state|TO|2019-03-10 00:00:00,1.0092623147027127,487.50870520747793
z_state|TO|2019-03-17 00:00:00,1.0096587180651884,490.4287323361384
z_state|TO|2019-03-24 00:00:00,1.0070881244951495,446.4947490988804
z_state|TO|2019-03-31 00:00:00,1.0083606089024997,437.79549146402525
z_state|TO|2019-04-07 00:00:00,1.002994658834376,455.75777311633783
z_state|TO|2019-04-14 00:00:00,0.9982141371648839,521.9362576471804
z_state|TO|2019-04-21 00:00:00,0.9992850118936253,529.2689869228288
z_state|TO|2019-04-28 00:00:00,1.0002596127160122,449.8360409193681
z_state|TO|2019-05-05 00:00:00,1.0100469270872958,446.9203565551226
z_state|TO|2019-05-12 00:00:00,1.021470891888089,418.72335717217
z_state|TO|2019-05-19 00:00:00,1.011357436799822,457.88567028930197
z_state|TO|2019-05-26 00:00:00,1.0049601814220128,439.7208709166315
z_state|TO|2019-06-02 00:00:00,1.002013192217385,487.6564258073295
z_state|TO|2019-06-09 00:00:00,0.9993545210899359,514.664395243845
z_state|TO|2019-06-16 00:00:00,0.9989205062528106,482.79106389609217
z_state|TO|2019-06-23 00:00:00,1.0044319893113944,372.0868053460247
z_state|TO|2019-06-30 00:00:00,1.002636027501618,446.4625816063431
z_state|TO|2019-07-07 00:00:00,1.0063670320870919,452.9514439422033
z_state|TO|2019-07-14 00:00:00,1.0036355220776747,407.80043062426563
z_state|TO|2019-07-21 00:00:00,1.0107865097370308,476.18783402430125
z_state|TO|2019-07-28 00:00:00,1.0029451148234434,538.2240096520493
z_state|TO|2019-08-04 00:00:00,1.0034710389760857,507.79409552975403
z_state|TO|2019-08-11 00:00:00,1.006697734128367,494.0360607039995
z_state|TO|2019-08-18 00:00:00,1.0046860498739527,505.61626554064935
z_state|TO|2019-08-25 00:00:00,1.001565277975045,558.4294551394769
z_state|TO|2019-09-01 00:00:00,1.0052883164784734,524.0009658832225
z_state|TO|2019-09-08 00:00:00,1.0062384635922612,511.300989489602
z_state|TO|2019-09-15 00:00:00,1.0119495751663832,501.28943383800527
z_state|TO|2019-09-22 00:00:00,1.0032833971182142,478.88050733739004
z_state|TO|2019-09-29 00:00:00,0.9957032710272341,473.6687390883779
z_state|TO|2019-10-06 00:00:00,0.9990829178713627,490.5139208837852
z_state|TO|2019-10-13 00:00:00,0.9965284200471513,499.61534814423186
z_state|TO|2019-10-20 00:00:00,0.9985468654195646,500.35754293239313
z_state|TO|2019-10-27 00:00:00,1.0003658263549449,467.1018960018234
z_state|TO|2019-11-03 00:00:00,1.0061438218721257,440.58921306913487
z_state|TO|2019-11-10 00:00:00,0.9981570513716554,468.86939408114154
z_state|TO|2019-11-17 00:00:00,1.0011665248031172,492.4609368170712
z_state|TO|2019-11-24 00:00:00,1.0008396902902323,428.22618556847897
z_state|TO|2019-12-01 00:00:00,1.0083128012578653,374.2644689087533
z_state|TO|2019-12-08 00:00:00,1.0024431168852017,481.15911580514734
z_state|TO|2019-12-15 00:00:00,1.012671181987203,477.7634697746137
z_state|TO|2019-12-22 00:00:00,1.0065720698513796,480.18342678149975
z_state|TO|2019-12-29 00:00:00,1.0074697947596256,486.4098314269284
z_state|TO|2020-01-05 00:00:00,1.0057292184482267,471.4394404027127
z_state|TO|2020-01-12 00:00:00,1.0064596168901534,446.1878914007787
z_state|TO|2020-01-19 00:00:00,1.0073329733077434,470.32233822126176
z_state|TO|2020-01-26 00:00:00,1.0079083133663596,450.0882410450237
z_state|TO|2020-02-02 00:00:00,1.015627486902509,484.1531336131327
z_state|TO|2020-02-09 00:00:00,1.0181180578719389,458.24015230843526
z_state|TO|2020-02-16 00:00:00,1.0047146135439315,484.3761485277317
z_state|TO|2020-02-23 00:00:00,1.0067744299848869,405.82603264392463
z_state|TO|2020-03-01 00:00:00,1.0113331818953808,407.60850511327203
z_state|TO|2020-03-08 00:00:00,1.000182157740012,360.7412657321543
z_state|TO|2020-03-15 00:00:00,1.0140883817864925,368.213632254133
z_state|TO|2020-03-22 00:00:00,1.010413664846842,408.48788568049656
z_state|TO|2020-03-29 00:00:00,0.9988628951091616,387.0178093162274
z_state|TO|2020-04-05 00:00:00,1.001532050674379,418.07283720637264
z_state|TO|2020-04-12 00:00:00,1.0006131598059511,433.20202929754635
z_state|TO|2020-04-19 00:00:00,1.012524663535654,465.38253001137303
z_state|TO|2020-04-26 00:00:00,1.0064091404707365,425.9517376728035
z_state|TO|2020-05-03 00:00:00,0.999511696489095,432.4773673342106
z_state|TO|2020-05-10 00:00:00,1.0085980967262054,498.18891395877534
z_state|TO|2020-05-17 00:00:00,1.0014573267308426,455.495516657621
z_state|TO|2020-05-24 00:00:00,1.0156782414265015,537.4832407538402
z_state|TO|2020-05-31 00:00:00,1.0036002808036306,505.9641094584923
z_state|TO|2020-06-07 00:00:00,1.0170294973235021,486.41490197424633
z_state|TO|2020-06-14 00:00:00,1.0068483284817162,479.4887274040672
z_state|TO|2020-06-21 00:00:00,0.9985856642353685,450.20502496315294
z_state|TO|2020-06-28 00:00:00,1.000426385554449,528.3775828219997
z_state|TO|2020-07-05 00:00:00,0.999949677392716,517.6341859393516
z_state|TO|2020-07-12 00:00:00,1.0022478215101827,579.9287017004245
z_state|TO|2020-07-19 00:00:00,1.0069575799331136,594.7326621612713
z_state|TO|2020-07-26 00:00:00,1.0039672978304792,511.4907066283204
z_state|TO|2020-08-02 00:00:00,1.0077290416459166,473.9513702664057
z_state|TO|2020-08-09 00:00:00,1.0106006197505386,474.024322582862
z_state|TO|2020-08-16 00:00:00,1.0037157613249275,443.78060281334615
z_state|TO|2020-08-23 00:00:00,1.003654280922143,449.2469071902563
z_state|TO|2020-08-30 00:00:00,0.9996838729969693,478.3945683563385
z_state|TO|2020-09-06 00:00:00,1.0030714240303777,511.0823258193427
z_state|TO|2020-09-13 00:00:00,1.0040321371325145,409.8419135574833
z_state|TO|2020-09-20 00:00:00,1.0043689055910785,493.49446165892726
z_state|TO|2020-09-27 00:00:00,1.000786041798783,557.14195288412
z_state|TO|2020-10-04 00:00:00,1.0039637629932292,512.0097272463751
z_state|TO|2020-10-11 00:00:00,1.0012454359510974,455.0993101741607
z_state|TO|2020-10-18 00:00:00,1.006262872990707,477.8734436111235
z_state|TO|2020-10-25 00:00:00,1.0035151593790146,492.10874548937824
z_state|TO|2020-11-01 00:00:00,1.0027844631762957,465.66378669914803
z_state|TO|2020-11-08 00:00:00,1.001814532815204,462.32340240408325
z_state|TO|2020-11-15 00:00:00,1.0000825341335007,458.9987485868672
z_state|TO|2020-11-22 00:00:00,1.001760288290249,424.18145602924807
z_state|TO|2020-11-29 00:00:00,1.013979106998794,390.9644270062765
z_state|TO|2020-12-06 00:00:00,1.005617317496243,411.9269492727884
z_state|TO|2020-12-13 00:00:00,1.021999655423475,425.52385853043876
z_state|TO|2020-12-20 00:00:00,1.0021620199197079,450.76680178310914
z_state|TO|2020-12-27 00:00:00,1.0000246565716013,421.0290133367757
